customer_id,Total_Revenue,Transactions,Last_Purchase,APV,Days_Since_Last_Purchase,Churned,CLV
CUST000001,5132.46,10,2025-12-22,513.246,61,False,56261.57787249424
CUST000002,0.0,14,2023-12-10,0.0,804,True,0.0
CUST000003,2819.62,31,2026-02-04,90.95548387096774,17,False,9970.46063434853
CUST000005,9803.99,154,2026-02-21,63.66227272727273,0,False,6978.60268679234
CUST000006,3424.04,31,2026-02-05,110.45290322580645,16,False,12107.750700603183
CUST000007,2938.4500000000003,11,2025-10-18,267.13181818181823,126,True,29282.75639918741
CUST000008,0.0,11,2023-10-29,0.0,846,True,0.0
CUST000009,1335.25,10,2026-02-06,133.525,15,False,14636.893780808414
CUST000010,10849.87,77,2026-02-20,140.9074025974026,1,False,15446.146300301736
CUST000011,5079.43,54,2026-02-18,94.06351851851852,3,False,10311.160675563831
CUST000012,255.94,9,2025-12-08,28.43777777777778,75,False,3117.3243414758826
CUST000013,8675.39,75,2026-01-14,115.67186666666666,38,False,12679.84891089933
CUST000014,12599.85,45,2026-01-17,279.99666666666667,35,False,30692.989844451746
CUST000015,5211.36,32,2025-05-01,162.855,296,True,17852.02274235951
CUST000016,20493.09,139,2026-02-09,147.4323021582734,12,False,16161.400086505886
CUST000017,1774.56,21,2026-01-11,84.50285714285714,41,False,9263.129332895169
CUST000018,471.84,8,2025-12-28,58.98,55,False,6465.3360433782445
CUST000019,313.36,11,2025-11-24,28.487272727272728,89,False,3122.7499345741344
CUST000020,4316.41,14,2026-02-07,308.315,14,False,33797.220790338484
CUST000021,985.12,33,2026-01-27,29.85212121212121,25,False,3272.363432418168
CUST000022,2332.06,3,2023-07-08,777.3533333333334,959,True,85212.79288640596
CUST000023,3128.54,30,2025-05-05,104.28466666666667,292,True,11431.594000876328
CUST000024,6426.32,55,2026-02-14,116.84218181818181,7,False,12808.13783479222
CUST000025,2603.75,32,2026-02-05,81.3671875,16,False,8919.399967651167
CUST000026,6700.23,93,2026-02-20,72.04548387096774,1,False,7897.562964286093
CUST000027,3433.54,20,2026-02-13,171.677,8,False,18819.082670719683
CUST000028,6071.15,77,2024-04-01,78.8461038961039,691,True,8643.040986765453
CUST000029,3261.95,51,2026-02-21,63.95980392156862,0,False,7011.217796227922
CUST000030,5347.3099999999995,18,2025-12-08,297.07277777777773,75,False,32564.858217584977
CUST000031,0.0,13,2025-12-31,0.0,52,False,0.0
CUST000032,2210.86,43,2026-01-30,51.41534883720931,22,False,5636.105595457359
CUST000033,6338.200000000001,19,2026-02-07,333.5894736842106,14,False,36567.786502239825
CUST000035,1195.3,3,2023-08-26,398.43333333333334,910,True,43675.913714536095
CUST000037,975.98,10,2026-02-07,97.598,14,False,10698.607445941505
CUST000039,6257.9400000000005,20,2025-10-26,312.89700000000005,118,True,34299.49562504108
CUST000040,5712.38,64,2026-02-10,89.2559375,11,False,9784.157846800033
CUST000041,3127.3599999999997,15,2025-03-04,208.49066666666664,354,True,22854.564630518125
CUST000042,2129.9900000000002,14,2025-11-02,152.1421428571429,111,True,16677.688706868226
CUST000043,3180.87,32,2026-01-27,99.4021875,25,False,10896.380902583798
CUST000044,421.1,12,2024-09-05,35.09166666666667,534,True,3846.7178250629863
CUST000045,866.53,16,2026-01-13,54.158125,39,False,5936.7663208593485
CUST000046,6634.16,32,2026-02-02,207.3175,19,False,22725.963126026945
CUST000047,10353.5,31,2026-01-30,333.98387096774195,22,False,36611.01998770314
CUST000048,890.55,6,2026-01-28,148.42499999999998,24,False,16270.21875616168
CUST000049,6546.3,38,2025-12-26,172.27105263157895,57,False,18884.202200909767
CUST000050,15107.58,72,2026-02-18,209.8275,3,False,23001.10713194216
CUST000051,5938.1,60,2026-02-18,98.96833333333333,3,False,10848.822188081936
CUST000052,3777.8599999999997,17,2024-11-15,222.2270588235294,463,True,24360.335931259786
CUST000053,401.53,5,2024-11-23,80.306,455,True,8803.073521524811
CUST000054,36.18,2,2024-10-09,18.09,500,True,1983.0099868550772
CUST000055,3046.1099999999997,51,2026-02-18,59.72764705882352,3,False,6547.29246042025
CUST000056,4341.14,47,2026-01-22,92.36468085106384,30,False,10124.93557547493
CUST000057,20817.48,47,2026-01-28,442.9251063829787,24,False,48553.06298431699
CUST000058,129534.31999999999,846,2026-02-21,153.11385342789598,0,False,16784.20677022566
CUST000059,3151.55,47,2026-01-12,67.05425531914894,40,False,7350.428853455086
CUST000060,9221.73,85,2026-02-13,108.49094117647059,8,False,11892.68213577932
CUST000061,5084.14,48,2026-02-11,105.91958333333334,10,False,11610.812136734581
CUST000063,760.38,14,2025-10-11,54.31285714285714,133,True,5953.727923102201
CUST000064,23073.93,72,2026-02-19,320.47125,2,False,35129.77828910614
CUST000065,1368.0,9,2026-01-28,152.0,24,False,16662.107131120603
CUST000066,1298.67,32,2026-02-02,40.5834375,19,False,4448.7209432509035
CUST000068,0.0,14,2024-03-09,0.0,714,True,0.0
CUST000069,32711.58,210,2026-02-13,155.7694285714286,8,False,17075.30859612225
CUST000070,784.0,8,2026-01-13,98.0,39,False,10742.674334538284
CUST000072,1045.58,6,2024-11-11,174.26333333333332,467,True,19102.59426990908
CUST000073,7601.469999999999,35,2025-12-31,217.1848571428571,52,False,23807.614190601376
CUST000074,1118.3,30,2024-12-02,37.276666666666664,446,True,4086.2356150728447
CUST000075,4366.48,19,2026-02-04,229.81473684210525,17,False,25192.0905629832
CUST000076,0.0,9,2026-01-21,0.0,31,False,0.0
CUST000077,396.42,10,2026-02-10,39.642,11,False,4345.521387446599
CUST000078,11129.31,59,2026-02-11,188.63237288135593,10,False,20677.71582464896
CUST000079,1060.14,20,2026-01-03,53.007000000000005,49,False,5810.581004600724
CUST000080,3692.64,35,2026-02-08,105.50399999999999,13,False,11565.256255011502
CUST000081,1289.97,23,2026-02-06,56.08565217391305,15,False,6148.060164740174
CUST000082,851.41,7,2025-01-08,121.63,409,True,13332.974278672362
CUST000083,16526.39,172,2026-02-10,96.08366279069767,11,False,10532.607124796521
CUST000084,2291.19,29,2024-11-30,79.00655172413794,448,True,8660.629137421103
CUST000085,0.0,5,2026-02-05,0.0,16,False,0.0
CUST000086,2517.01,22,2026-01-29,114.40954545454547,23,False,12541.474363068743
CUST000087,2363.75,14,2025-09-22,168.83928571428572,152,True,18508.01491127177
CUST000089,8725.92,16,2025-11-21,545.37,92,True,59782.982671705555
CUST000090,1254.1,16,2024-08-03,78.38125,567,True,8592.084109020701
CUST000091,7878.33,45,2026-02-21,175.074,0,False,19191.458841275056
CUST000093,0.0,5,2026-02-09,0.0,12,False,0.0
CUST000094,1763.4,1,2023-09-01,1763.4,904,True,193302.36654617154
CUST000095,0.0,7,2025-02-22,0.0,364,True,0.0
CUST000096,0.0,1,2024-01-06,0.0,777,True,0.0
CUST000097,11851.75,93,2026-02-18,127.43817204301075,3,False,13969.661020886999
CUST000098,3432.49,26,2025-03-15,132.01884615384614,343,True,14471.790512778378
CUST000099,323.75,8,2026-01-28,40.46875,24,False,4436.148999753533
CUST000100,10195.77,57,2026-02-14,178.87315789473686,7,False,19607.919208710242
CUST000101,27456.7,137,2026-02-20,200.4138686131387,1,False,21969.193088121356
CUST000102,10928.29,71,2026-02-06,153.91957746478874,15,False,16872.529534836358
CUST000103,0.0,1,2026-01-11,0.0,41,False,0.0
CUST000104,1079.92,20,2025-12-08,53.996,75,False,5918.994320078869
CUST000105,12797.38,79,2026-02-21,161.99215189873416,0,False,17757.43808774652
CUST000106,3714.19,8,2025-09-24,464.27375,150,True,50893.28263596779
CUST000107,7243.42,24,2024-12-18,301.80916666666667,430,True,33084.057027330484
CUST000108,6380.13,33,2026-01-14,193.33727272727273,38,False,21193.462833029607
CUST000109,0.0,6,2025-06-22,0.0,244,True,0.0
CUST000110,1386.03,20,2026-01-22,69.3015,30,False,7596.769850969438
CUST000111,0.0,2,2025-01-22,0.0,395,True,0.0
CUST000112,0.0,5,2024-08-03,0.0,567,True,0.0
CUST000113,5611.900000000001,22,2026-01-28,255.08636363636367,24,False,27962.34420129657
CUST000114,272.22,5,2025-10-20,54.444,124,True,5968.10368846533
CUST000116,593.29,13,2026-01-20,45.637692307692305,32,False,5002.763937157158
CUST000117,2000.3700000000001,19,2026-01-14,105.28263157894737,38,False,11540.99004220212
CUST000118,9415.07,43,2025-11-18,218.95511627906976,95,True,24001.66844966335
CUST000119,9866.39,110,2026-02-20,89.69445454545453,1,False,9832.227701998623
CUST000120,208.92,8,2026-01-18,26.115,34,False,2862.7034719027274
CUST000121,10876.93,71,2026-02-09,153.1961971830986,12,False,16793.233220691218
CUST000122,8599.34,29,2025-08-01,296.5289655172414,204,True,32505.2459929516
CUST000123,2238.66,10,2026-01-31,223.86599999999999,21,False,24539.99523036477
CUST000124,3351.58,38,2026-02-18,88.19947368421053,3,False,9668.349206807687
CUST000125,215.5,21,2026-01-21,10.261904761904763,31,False,1124.9010296856172
CUST000126,246.1,8,2025-11-27,30.7625,86,False,3372.158359349326
CUST000127,8540.82,41,2026-01-29,208.31268292682927,23,False,22835.05420853939
CUST000128,1651.4699999999998,18,2026-01-31,91.74833333333332,21,False,10057.372099353706
CUST000129,7914.93,17,2024-11-14,465.58411764705886,464,True,51036.923991997064
CUST000130,1672.72,42,2026-01-28,39.82666666666667,24,False,4365.764386022565
CUST000131,42656.75,128,2025-12-18,333.255859375,65,False,36531.2159932889
CUST000132,462.76,10,2026-02-11,46.275999999999996,10,False,5072.734668419323
CUST000133,29985.53,183,2026-02-18,163.85535519125682,3,False,17961.680803977237
CUST000134,0.0,4,2025-02-17,0.0,369,True,0.0
CUST000135,0.0,3,2024-12-04,0.0,444,True,0.0
CUST000136,7702.09,47,2026-02-20,163.87425531914894,1,False,17963.75261947546
CUST000137,4790.85,40,2026-01-03,119.77125000000001,49,False,13129.21972847519
CUST000138,0.0,2,2023-06-30,0.0,967,True,0.0
CUST000139,6261.15,27,2026-01-28,231.89444444444442,24,False,25420.0662924015
CUST000140,1217.9,16,2026-01-02,76.11875,50,False,8344.070836756491
CUST000141,5745.83,20,2026-02-07,287.2915,14,False,31492.64309776536
CUST000142,5873.61,58,2026-02-08,101.26913793103448,13,False,11101.034376862668
CUST000143,5140.29,45,2026-01-28,114.22866666666667,24,False,12521.646588454376
CUST000144,3889.3500000000004,22,2026-02-21,176.78863636363639,0,False,19379.415780629166
CUST000145,2894.82,55,2026-02-06,52.63309090909091,15,False,5769.593416903175
CUST000146,1458.8899999999999,36,2026-02-04,40.524722222222216,17,False,4442.284625826121
CUST000148,2424.49,56,2026-01-22,43.294464285714284,30,False,4745.901329691094
CUST000149,1174.55,10,2026-01-18,117.455,34,False,12875.31442819586
CUST000150,180.0,16,2026-02-02,11.25,19,False,1233.2151659546498
CUST000151,7584.6,47,2026-02-08,161.3744680851064,13,False,17689.728128037143
CUST000152,9080.880000000001,44,2026-01-08,206.38363636363638,44,False,22623.593810533865
CUST000153,7823.39,21,2026-02-09,372.542380952381,12,False,40837.77014678498
CUST000154,3393.1,28,2026-01-30,121.18214285714285,22,False,13283.880570161024
CUST000155,13476.0,78,2026-02-06,172.76923076923077,15,False,18938.812052883037
CUST000156,1085.21,15,2025-12-22,72.34733333333334,61,False,7930.651438492716
CUST000157,0.0,1,2023-04-29,0.0,1029,True,0.0
CUST000158,1067.56,4,2024-09-29,266.89,510,True,29256.248501478804
CUST000159,4744.27,27,2026-01-21,175.71370370370371,31,False,19261.58260208615
CUST000161,4342.82,58,2026-02-18,74.87620689655172,3,False,8207.864347909843
CUST000162,9462.050000000001,37,2025-04-21,255.7310810810811,306,True,28033.01756401489
CUST000163,21411.059999999998,111,2026-01-16,192.8924324324324,36,False,21144.69982876073
CUST000164,2143.59,35,2025-10-23,61.245428571428576,121,True,6713.670343082485
CUST000165,522.76,24,2025-01-05,21.781666666666666,412,True,2387.6872598313066
CUST000166,9304.8,21,2025-12-15,443.08571428571423,68,False,48570.66868222148
CUST000167,12131.02,50,2026-02-09,242.62040000000002,12,False,26595.836164442982
CUST000170,7583.96,49,2026-01-22,154.77469387755102,30,False,16966.266648514153
CUST000171,255.56,12,2026-01-31,21.296666666666667,21,False,2334.5219837879285
CUST000172,21585.87,156,2026-02-05,138.37096153846153,16,False,15168.103848618519
CUST000173,0.0,9,2026-02-16,0.0,5,False,0.0
CUST000174,44.89,1,2023-11-08,44.89,836,True,4920.80255997371
CUST000176,4619.47,65,2026-02-14,71.06876923076923,7,False,7790.496359210294
CUST000177,11072.62,42,2026-02-08,263.63380952380953,13,False,28899.307747836567
CUST000178,6120.3099999999995,71,2026-02-03,86.20154929577464,18,False,9449.338481807703
CUST000179,1011.58,25,2025-04-16,40.4632,311,True,4435.540613604995
CUST000180,919.98,21,2025-12-01,43.808571428571426,82,False,4802.257305290831
CUST000181,644.74,27,2026-02-08,23.87925925925926,13,False,2617.6235262472464
CUST000182,3113.59,14,2026-02-10,222.39928571428572,11,False,24379.21529247453
CUST000183,9484.57,74,2026-02-01,128.16986486486485,20,False,14049.86854841861
CUST000184,662.9,5,2024-05-09,132.57999999999998,653,True,14533.303706868219
CUST000185,193.82,11,2025-02-17,17.62,369,True,1931.4889976996387
CUST000186,5778.47,20,2025-11-19,288.9235,94,True,31671.541511173185
CUST000187,10458.55,37,2026-02-17,282.6635135135135,4,False,30985.327264612624
CUST000188,1576.33,15,2025-12-20,105.08866666666667,63,False,11519.727778069886
CUST000189,1701.6899999999998,12,2026-01-18,141.80749999999998,34,False,15544.814190765688
CUST000190,4810.53,36,2025-09-14,133.62583333333333,160,True,14647.947042666226
CUST000191,1491.73,35,2026-02-02,42.62085714285714,19,False,4672.0611035162665
CUST000192,844.11,8,2025-11-24,105.51375,89,False,11566.325041488662
CUST000193,0.0,2,2024-02-22,0.0,730,True,0.0
CUST000194,7848.200000000001,30,2026-01-12,261.6066666666667,40,False,28677.094119837882
CUST000195,468.72,1,2024-01-19,468.72,764,True,51380.676674334536
CUST000197,3758.3199999999997,19,2026-01-28,197.80631578947367,24,False,21683.355426950548
CUST000198,7210.22,18,2026-01-21,400.5677777777778,31,False,43909.889648738455
CUST000199,15548.740000000002,48,2026-02-21,323.93208333333337,0,False,35509.151813862416
CUST000200,16429.06,81,2026-02-16,202.82790123456792,5,False,22233.817233886315
CUST000201,0.0,2,2023-05-31,0.0,997,True,0.0
CUST000202,2598.82,29,2026-02-13,89.6144827586207,8,False,9823.461264632226
CUST000203,2044.4,35,2026-01-06,58.41142857142857,46,False,6403.009740387776
CUST000204,245.38,17,2026-02-06,14.434117647058823,15,False,1582.2553590690302
CUST000205,237.81,29,2026-02-10,8.200344827586207,11,False,898.9146317721849
CUST000206,0.0,3,2024-04-03,0.0,689,True,0.0
CUST000207,8415.65,46,2026-02-18,182.94891304347826,3,False,20054.699925345412
CUST000208,133.0,14,2026-02-21,9.5,0,False,1041.3816956950377
CUST000209,4426.58,53,2026-02-18,83.52037735849056,3,False,9155.430757755194
CUST000210,15981.61,99,2026-02-16,161.43040404040406,5,False,17695.859778561164
CUST000211,399.42,18,2026-01-11,22.19,41,False,2432.4484028918832
CUST000212,4978.29,54,2026-02-17,92.19055555555555,4,False,10105.84811279074
CUST000213,10248.17,69,2026-02-20,148.52420289855073,1,False,16281.093291183852
CUST000214,4380.21,23,2026-02-15,190.44391304347826,6,False,20876.295273685864
CUST000215,1404.66,29,2026-01-12,48.436551724137935,40,False,5309.5724598003335
CUST000217,11742.21,47,2026-02-09,249.83425531914892,12,False,27386.612678627615
CUST000218,1089.41,12,2025-12-08,90.78416666666668,75,False,9951.680992167818
CUST000219,12347.91,31,2026-02-13,398.31967741935483,8,False,43663.45485259665
CUST000220,2808.44,21,2024-12-13,133.7352380952381,435,True,14659.939897031438
CUST000221,3764.21,9,2023-06-07,418.24555555555554,990,True,45847.71219593237
CUST000222,5415.53,63,2026-01-20,85.96079365079365,32,False,9422.947058458392
CUST000223,11276.18,67,2025-01-04,168.30119402985076,413,True,18449.02977119006
CUST000224,6419.05,19,2025-12-25,337.84473684210525,58,False,37034.244729923725
CUST000225,992.04,10,2024-05-21,99.204,641,True,10874.655762076896
CUST000226,0.0,7,2024-07-25,0.0,576,True,0.0
CUST000227,26426.63,149,2026-02-19,177.35993288590603,2,False,19442.04080600873
CUST000228,165.47,8,2024-10-01,20.68375,508,True,2267.334594561288
CUST000229,2214.35,14,2026-01-27,158.16785714285714,25,False,17338.222239566217
CUST000230,307.39,13,2025-12-10,23.645384615384614,73,False,2591.9863922242725
CUST000231,1618.58,8,2024-12-02,202.3225,446,True,22178.41559234308
CUST000232,0.0,5,2023-07-22,0.0,945,True,0.0
CUST000233,1244.75,12,2025-08-29,103.72916666666667,176,True,11370.700576459634
CUST000234,2957.8599999999997,29,2026-02-02,101.99517241379309,19,False,11180.621642208798
CUST000235,6236.97,42,2026-02-20,148.49928571428572,1,False,16278.361891225763
CUST000236,12696.31,89,2026-02-20,142.65516853932584,1,False,15637.734875067847
CUST000237,16828.93,48,2026-02-19,350.60270833333334,2,False,38432.76241257257
CUST000238,1879.41,20,2026-02-21,93.9705,0,False,10300.964066874794
CUST000240,2801.66,44,2026-02-15,63.67409090909091,6,False,6979.8981855525335
CUST000241,6111.79,15,2026-01-22,407.4526666666667,30,False,44664.605150399824
CUST000242,639.1600000000001,13,2023-09-02,49.166153846153854,903,True,5389.550806643242
CUST000243,18297.21,74,2026-02-15,247.25959459459457,6,False,27104.380620609103
CUST000244,902.04,17,2026-02-01,53.06117647058824,20,False,5816.519781948928
CUST000245,0.0,7,2025-11-17,0.0,96,True,0.0
CUST000246,17874.07,93,2026-02-21,192.1943010752688,0,False,21068.171279651164
CUST000247,2565.72,31,2026-02-02,82.76516129032258,19,False,9072.644632525204
CUST000248,11463.35,83,2026-02-07,138.11265060240964,14,False,15139.788029607751
CUST000249,251.82,6,2026-01-24,41.97,28,False,4600.714712454814
CUST000250,0.0,3,2024-03-16,0.0,707,True,0.0
CUST000251,0.0,18,2025-12-05,0.0,78,False,0.0
CUST000252,13655.34,28,2026-01-31,487.6907142857143,21,False,53460.22979132435
CUST000253,1527.86,15,2026-02-06,101.85733333333333,15,False,11165.51184269909
CUST000256,3453.43,31,2026-02-04,111.40096774193547,17,False,12211.676704122629
CUST000257,4202.91,33,2025-11-30,127.36090909090909,83,False,13961.191523616048
CUST000258,5306.08,32,2024-12-08,165.815,440,True,18176.495354912913
CUST000259,5342.7699999999995,62,2026-01-17,86.17370967741935,35,False,9446.286727179247
CUST000260,1095.74,15,2026-01-26,73.04933333333334,26,False,8007.604064848286
CUST000261,340.94,6,2025-12-15,56.82333333333333,68,False,6228.924128601161
CUST000262,9198.550000000001,81,2026-02-18,113.56234567901235,3,False,12448.605064243782
CUST000264,0.0,6,2024-03-20,0.0,703,True,0.0
CUST000265,5642.23,25,2024-06-05,225.68919999999997,626,True,24739.852820637523
CUST000266,4958.950000000001,17,2025-11-04,291.70294117647063,109,True,31976.221423324507
CUST000267,29763.2,84,2026-02-05,354.32380952380953,16,False,38840.66627231898
CUST000268,4367.48,38,2026-02-10,114.93368421052631,11,False,12598.929995330092
CUST000269,15229.04,128,2026-02-16,118.976875,5,False,13042.141035368057
CUST000270,15238.24,92,2026-01-31,165.63304347826087,21,False,18156.549440054867
CUST000271,1341.0500000000002,23,2025-12-25,58.306521739130446,58,False,6391.509945134237
CUST000272,8483.9,55,2026-01-15,154.25272727272727,37,False,16909.049125563888
CUST000273,23177.309999999998,62,2026-02-06,373.8275806451613,15,False,40978.652613666476
CUST000274,22191.55,98,2026-02-07,226.44438775510204,14,False,24822.635842213982
CUST000275,1607.59,12,2024-09-11,133.96583333333334,528,True,14685.217545459524
CUST000276,15130.82,55,2026-02-06,275.10581818181817,15,False,30156.859308816056
CUST000277,12173.68,80,2026-02-02,152.171,19,False,16680.852001643114
CUST000278,156.04,9,2025-11-24,17.337777777777777,89,False,1900.552044400628
CUST000279,2341.29,17,2025-09-16,137.72294117647058,158,True,15097.068422995882
CUST000280,0.0,4,2025-12-29,0.0,54,False,0.0
CUST000281,0.0,25,2026-02-10,0.0,11,False,0.0
CUST000282,16404.74,54,2026-01-14,303.7914814814815,38,False,33301.35664451504
CUST000283,11108.87,111,2026-02-12,100.07990990990992,9,False,10970.672240735643
CUST000284,227.3,30,2026-02-04,7.576666666666667,17,False,830.5475769525688
CUST000285,14588.61,97,2026-02-08,150.3980412371134,13,False,16486.501811864986
CUST000286,0.0,14,2025-09-15,0.0,159,True,0.0
CUST000287,0.0,4,2025-11-29,0.0,84,False,0.0
CUST000288,8223.26,38,2026-01-27,216.40157894736842,25,False,23721.751919504644
CUST000289,2759.16,30,2026-02-21,91.972,0,False,10081.890243838317
CUST000290,2837.88,40,2026-02-17,70.947,4,False,7777.1481225764055
CUST000291,0.0,5,2025-09-17,0.0,157,True,0.0
CUST000292,1674.8799999999999,27,2026-02-19,62.032592592592586,2,False,6799.958574993001
CUST000294,4831.84,28,2026-01-28,172.56571428571428,24,False,18916.502753861318
CUST000295,2504.83,28,2026-02-07,89.45821428571428,14,False,9806.331251232335
CUST000297,1546.82,21,2026-02-12,73.65809523809523,9,False,8074.336012706758
CUST000298,0.0,5,2025-05-24,0.0,273,True,0.0
CUST000299,3398.96,28,2025-11-15,121.39142857142858,98,True,13306.822287216564
CUST000301,0.0,6,2024-06-08,0.0,623,True,0.0
CUST000302,3923.6400000000003,33,2025-03-26,118.89818181818183,332,True,13033.5147575658
CUST000303,2530.06,25,2026-01-18,101.2024,34,False,11093.718623200788
CUST000304,197.26,8,2025-01-01,24.6575,416,True,2702.933595957936
CUST000305,12738.519999999999,38,2026-01-13,335.22421052631574,39,False,36746.98492588684
CUST000306,912.2,3,2025-05-05,304.06666666666666,292,True,33331.52220396538
CUST000307,4612.12,15,2026-02-10,307.4746666666667,11,False,33705.10418490525
CUST000308,0.0,2,2023-10-15,0.0,860,True,0.0
CUST000309,10611.54,137,2026-02-19,77.45649635036497,2,False,8490.713422309429
CUST000310,6516.17,35,2026-01-02,186.1762857142857,50,False,20408.481696352283
CUST000311,690.5899999999999,8,2023-12-13,86.32374999999999,801,True,9462.734016184686
CUST000312,6207.56,43,2026-02-18,144.36186046511628,3,False,15824.820952089814
CUST000313,3407.3,31,2026-02-07,109.91290322580646,14,False,12048.556372637358
CUST000314,2168.96,12,2025-04-22,180.74666666666667,305,True,19813.291602585166
CUST000315,2353.59,37,2026-02-11,63.61054054054055,10,False,6972.931849703795
CUST000316,7125.08,48,2026-02-21,148.43916666666667,0,False,16271.77169377807
CUST000317,7498.09,20,2026-01-15,374.9045,37,False,41096.70357196845
CUST000318,5827.38,14,2025-07-28,416.24142857142857,208,True,45628.02154781466
CUST000319,3715.06,24,2026-02-02,154.79416666666665,19,False,16968.401238635117
CUST000320,0.0,7,2024-06-27,0.0,604,True,0.0
CUST000321,120.65,7,2026-02-03,17.235714285714288,18,False,1889.3639336181402
CUST000322,614.46,15,2024-05-12,40.964000000000006,650,True,4490.4378718370035
CUST000323,15479.91,106,2026-02-16,146.03688679245283,5,False,16008.435873889346
CUST000324,2380.2,32,2026-02-21,74.38125,0,False,8153.607605570161
CUST000325,6988.79,33,2026-01-27,211.78151515151515,25,False,23215.304564773596
CUST000326,2392.33,46,2026-02-03,52.007173913043474,18,False,5700.980942933889
CUST000327,29728.9,301,2026-02-21,98.7671096345515,0,False,10826.764222118625
CUST000328,11417.56,40,2024-09-09,285.43899999999996,530,True,31289.573667104825
CUST000329,0.0,1,2023-11-07,0.0,837,True,0.0
CUST000330,473.87,13,2026-02-06,36.45153846153846,15,False,3995.7857825020856
CUST000331,0.0,2,2024-01-16,0.0,767,True,0.0
CUST000332,5713.77,42,2026-02-13,136.04214285714286,8,False,14912.820780479791
CUST000333,7655.05,18,2025-12-13,425.28055555555557,70,False,46618.88274637602
CUST000334,3715.17,10,2025-05-13,371.517,284,True,40725.368783108774
CUST000335,0.0,13,2025-12-22,0.0,61,False,0.0
CUST000336,5139.85,7,2025-12-01,734.2642857142857,82,False,80489.40915215248
CUST000337,16196.23,132,2026-02-09,122.69871212121211,12,False,13450.125567198436
CUST000338,9281.53,38,2026-02-14,244.25078947368422,7,False,26774.55803336389
CUST000339,2748.57,22,2025-12-23,124.935,60,False,13695.265489648373
CUST000340,12291.33,91,2026-02-21,135.06956043956043,0,False,14806.207146035036
CUST000341,9462.35,46,2026-01-27,205.7032608695652,25,False,22549.011643615424
CUST000342,0.0,10,2026-01-29,0.0,23,False,0.0
CUST000343,19327.36,87,2026-01-29,222.15356321839081,23,False,24352.279407269747
CUST000344,11503.210000000001,49,2026-01-09,234.75938775510207,43,False,25734.1188737618
CUST000345,707.04,11,2026-02-04,64.27636363636363,17,False,7045.918795447076
CUST000347,0.0,7,2025-05-11,0.0,286,True,0.0
CUST000348,0.0,8,2026-02-02,0.0,19,False,0.0
CUST000350,8065.99,86,2026-02-21,93.79058139534884,0,False,10281.24154670651
CUST000351,0.0,10,2026-01-12,0.0,40,False,0.0
CUST000352,16728.84,45,2026-01-27,371.752,25,False,40751.129277686494
CUST000353,0.0,1,2023-11-26,0.0,818,True,0.0
CUST000354,2022.23,13,2025-11-19,155.55615384615385,94,True,17051.92960716904
CUST000355,1482.81,21,2025-11-28,70.61,85,False,7740.2064771606965
CUST000356,361.94,4,2024-08-07,90.485,563,True,9918.88660368058
CUST000357,838.69,28,2026-01-08,29.95321428571429,44,False,3283.4451667762078
CUST000358,609.5,7,2024-04-28,87.07142857142857,664,True,9544.69388761091
CUST000359,6036.8,26,2026-02-20,232.1846153846154,1,False,25451.874577213785
CUST000360,6651.85,22,2025-12-16,302.3568181818182,67,False,33144.09010769874
CUST000361,6839.99,20,2026-02-19,341.9995,2,False,37489.68623545843
CUST000362,0.0,5,2024-10-22,0.0,487,True,0.0
CUST000363,590.5,19,2025-09-24,31.07894736842105,150,True,3406.847043257173
CUST000364,12342.75,59,2026-02-12,209.19915254237287,9,False,22932.228232899066
CUST000365,11147.34,47,2026-02-21,237.17744680851064,0,False,25999.184393480675
CUST000366,1908.1599999999999,13,2025-09-12,146.78153846153845,162,True,16090.063938926665
CUST000367,5237.32,24,2026-01-19,218.22166666666666,33,False,23921.268344287437
CUST000368,8236.49,64,2026-02-21,128.69515625,0,False,14107.450530880298
CUST000369,0.0,5,2024-01-22,0.0,761,True,0.0
CUST000370,6180.48,51,2026-02-06,121.18588235294116,15,False,13284.290490421603
CUST000371,624.49,14,2025-12-31,44.60642857142857,52,False,4889.717707854092
CUST000372,11482.63,39,2025-11-26,294.42641025641024,87,False,32274.76572318141
CUST000373,2095.2799999999997,20,2026-02-20,104.76399999999998,1,False,11484.138101873148
CUST000374,0.0,9,2026-01-03,0.0,49,False,0.0
CUST000375,0.0,3,2024-11-14,0.0,464,True,0.0
CUST000376,0.0,4,2023-10-22,0.0,853,True,0.0
CUST000377,3178.17,26,2026-02-17,122.2373076923077,4,False,13399.546817032786
CUST000378,0.0,7,2026-01-11,0.0,41,False,0.0
CUST000379,5781.26,35,2025-12-13,165.17885714285714,70,False,18106.761930989152
CUST000380,0.0,7,2026-01-27,0.0,25,False,0.0
CUST000382,3108.9,11,2026-01-19,282.6272727272727,33,False,30981.354581304335
CUST000383,3013.18,17,2025-12-27,177.24588235294118,56,False,19429.538686280954
CUST000384,5287.59,25,2026-02-21,211.5036,0,False,23184.839748800525
CUST000386,1411.69,23,2026-02-17,61.377826086956524,4,False,6728.1836430010435
CUST000387,8098.48,57,2024-11-22,142.07859649122807,456,True,15574.531551158538
CUST000388,4413.62,28,2026-02-16,157.62928571428571,5,False,17279.184510351624
CUST000389,28147.11,72,2026-02-21,390.93208333333337,0,False,42853.633246659
CUST000390,1828.48,11,2025-12-01,166.22545454545454,82,False,18221.489023391987
CUST000391,3824.3399999999997,52,2026-02-15,73.54499999999999,6,False,8061.938611567531
CUST000392,10619.69,98,2026-02-20,108.3641836734694,1,False,11878.787089103798
CUST000393,0.0,1,2025-08-28,0.0,177,True,0.0
CUST000394,849.3599999999999,6,2024-04-07,141.55999999999997,685,True,15517.683457114686
CUST000395,4291.18,34,2025-10-02,126.21117647058824,142,True,13835.15883880072
CUST000396,0.0,19,2025-10-12,0.0,132,True,0.0
CUST000397,226.25,1,2023-06-17,226.25,980,True,24801.327226421294
CUST000399,964.83,15,2025-01-02,64.322,415,True,7050.921413736444
CUST000401,10206.74,61,2026-02-10,167.32360655737705,11,False,18341.867487003226
CUST000402,6329.66,15,2024-12-13,421.9773333333333,435,True,46256.786413845984
CUST000403,1561.8200000000002,40,2026-01-17,39.045500000000004,35,False,4280.133578869537
CUST000404,1155.8,26,2026-02-15,44.45384615384615,6,False,4872.991756616699
CUST000405,4052.36,32,2026-01-31,126.63625,21,False,13881.755027522182
CUST000406,7175.37,39,2026-01-18,183.98384615384614,34,False,20168.148388230235
CUST000407,8689.54,35,2026-02-17,248.27257142857147,4,False,27215.42225566875
CUST000408,638.06,9,2024-03-26,70.89555555555555,697,True,7771.508827545915
CUST000409,172.99,34,2026-01-27,5.087941176470588,25,False,557.7356642052155
CUST000410,27543.280000000002,166,2026-02-20,165.92337349397593,1,False,18188.375162589236
CUST000411,15021.52,55,2026-01-22,273.1185454545455,30,False,29939.016209601774
CUST000412,647.18,17,2025-12-25,38.069411764705876,58,False,4173.135639751792
CUST000413,3017.87,23,2024-10-23,131.21173913043478,486,True,14383.316146394433
CUST000414,551.77,21,2025-09-09,26.274761904761903,165,True,2880.216432248877
CUST000416,3063.76,22,2025-11-11,139.2618181818182,102,True,15265.758775132199
CUST000417,1918.75,14,2025-12-27,137.05357142857142,56,False,15023.692696352284
CUST000418,7545.0,38,2025-11-09,198.55263157894737,104,True,21765.16591141014
CUST000419,1520.25,15,2024-09-08,101.35,531,True,11109.898406178112
CUST000420,18555.4,100,2026-01-21,185.554,31,False,20340.26728031548
CUST000421,4200.21,29,2026-01-11,144.8348275862069,41,False,15876.667194465534
CUST000422,3079.09,24,2026-02-20,128.29541666666668,1,False,14063.631427182605
CUST000423,9381.61,55,2026-02-20,170.57472727272727,1,False,18698.252497893824
CUST000424,2029.5300000000002,5,2025-06-12,405.90600000000006,254,True,44495.06090239895
CUST000425,220.24,5,2024-06-20,44.048,611,True,4828.5032559973715
CUST000426,10804.34,50,2026-02-21,216.0868,0,False,23687.24612645416
CUST000427,1615.62,13,2026-02-02,124.27846153846153,19,False,13623.296317399325
CUST000428,20177.41,59,2026-02-17,341.99,4,False,37488.64485376274
CUST000429,1788.76,6,2024-02-22,298.12666666666667,730,True,32680.384596341326
CUST000430,6765.299999999999,22,2025-12-14,307.51363636363635,69,False,33709.37600902219
CUST000431,7304.85,18,2024-09-28,405.82500000000005,511,True,44486.18175320408
CUST000432,46652.49,191,2026-02-14,244.25387434554972,7,False,26774.896194321183
CUST000433,0.0,3,2023-11-19,0.0,825,True,0.0
CUST000434,3904.9,33,2026-02-10,118.33030303030303,11,False,12971.264381242594
CUST000435,3578.38,21,2026-02-17,170.39904761904762,4,False,18678.99464782561
CUST000436,2160.41,20,2026-02-12,108.0205,9,False,11841.112785244824
CUST000437,3499.7200000000003,48,2026-02-13,72.91083333333334,8,False,7992.421815916311
CUST000438,0.0,3,2024-02-07,0.0,745,True,0.0
CUST000439,1991.02,29,2025-11-10,68.65586206896552,103,True,7525.995585345678
CUST000440,1471.1200000000001,22,2026-01-11,66.86909090909091,41,False,7330.131292683655
CUST000441,1526.7,5,2024-05-31,305.34000000000003,631,True,33471.103890897146
CUST000442,10463.75,31,2025-12-25,337.5403225806452,58,False,37000.87510468235
CUST000443,9455.58,57,2026-02-11,165.88736842105263,10,False,18184.428317968763
CUST000444,0.0,11,2024-05-22,0.0,640,True,0.0
CUST000445,2397.76,21,2026-02-12,114.17904761904762,9,False,12516.207391828239
CUST000446,0.0,11,2026-01-14,0.0,38,False,0.0
CUST000447,362.65000000000003,13,2026-01-28,27.896153846153847,24,False,3057.9519995449837
CUST000448,1011.25,16,2025-07-04,63.203125,232,True,6928.271314286888
CUST000449,135.24,59,2026-02-20,2.2922033898305085,1,False,251.2693318925904
CUST000450,1513.06,6,2024-06-28,252.17666666666665,603,True,27643.38576295322
CUST000451,14920.19,57,2025-08-17,261.7577192982456,188,True,28693.65237727081
CUST000452,17334.5,104,2026-02-20,166.6778846153846,1,False,18271.084012171694
CUST000453,2323.09,31,2026-01-11,74.93838709677419,41,False,8214.680487104195
CUST000454,18006.46,116,2026-02-20,155.22810344827585,1,False,17015.969009314762
CUST000455,353.23,13,2025-05-21,27.171538461538464,276,True,2978.520294496828
CUST000456,2935.55,15,2025-12-06,195.70333333333335,77,False,21452.828328403986
CUST000457,0.0,2,2025-10-28,0.0,116,True,0.0
CUST000458,11442.73,28,2025-04-20,408.6689285714286,307,True,44797.930717219846
CUST000459,10899.93,46,2026-01-27,236.955,25,False,25974.799968780808
CUST000460,15128.18,29,2026-02-13,521.6613793103448,8,False,57184.06439629676
CUST000461,6667.04,36,2026-02-19,185.19555555555556,2,False,20300.974913645157
CUST000462,1816.96,13,2026-01-16,139.76615384615386,36,False,15321.043609798024
CUST000463,7603.29,87,2024-11-28,87.39413793103448,450,True,9580.0690055186
CUST000464,9346.22,23,2026-02-18,406.3573913043478,3,False,44544.54202260355
CUST000465,2017.21,33,2026-02-05,61.127575757575755,16,False,6700.751420647486
CUST000466,9775.56,44,2026-02-17,222.17181818181817,4,False,24354.280500403307
CUST000467,2551.15,34,2026-01-09,75.03382352941176,43,False,8225.142145425374
CUST000468,14406.16,42,2026-01-12,343.00380952380954,40,False,37599.77776755395
CUST000469,4619.71,15,2026-02-05,307.98066666666665,16,False,33760.57146259174
CUST000470,10304.98,41,2026-02-02,251.3409756097561,19,False,27551.77803980347
CUST000471,27588.16,188,2026-02-18,146.7455319148936,3,False,16086.116932758125
CUST000472,11948.28,97,2026-02-21,123.17814432989691,0,False,13502.680506824858
CUST000473,8561.539999999999,103,2026-02-17,83.12174757281552,4,False,9111.733309106685
CUST000474,3566.2200000000003,10,2025-02-22,356.622,364,True,39092.59190338482
CUST000475,0.0,7,2024-07-16,0.0,585,True,0.0
CUST000476,8879.830000000002,27,2026-01-14,328.88259259259263,38,False,36051.8223114373
CUST000477,8675.09,35,2026-01-28,247.8597142857143,24,False,27170.1652165626
CUST000478,7249.32,27,2024-11-06,268.49333333333334,472,True,29432.004499945233
CUST000479,0.0,6,2025-09-02,0.0,172,True,0.0
CUST000480,2187.67,12,2023-10-06,182.30583333333334,869,True,19984.206089659325
CUST000481,2257.38,18,2026-02-16,125.41000000000001,5,False,13747.334574433125
CUST000483,928.43,9,2025-08-06,103.15888888888888,199,True,11308.187224960748
CUST000484,492.58,6,2026-01-30,82.09666666666666,22,False,8999.36483623617
CUST000485,9661.460000000001,49,2025-05-09,197.1726530612245,288,True,21613.89387258814
CUST000486,0.0,4,2023-06-28,0.0,969,True,0.0
CUST000488,1247.8799999999999,15,2025-12-17,83.192,66,False,9119.434318764377
CUST000489,602.73,19,2025-09-10,31.722631578947368,164,True,3477.407143746649
CUST000490,14963.04,89,2026-02-13,168.12404494382022,8,False,18429.610843232025
CUST000491,0.0,5,2024-01-01,0.0,782,True,0.0
CUST000492,0.0,4,2025-07-31,0.0,205,True,0.0
CUST000493,1668.8899999999999,43,2026-02-10,38.81139534883721,11,False,4254.471231648694
CUST000494,4999.34,17,2025-12-07,294.07882352941175,76,False,32236.663570006374
CUST000496,9955.34,33,2025-12-30,301.6769696969697,53,False,33069.565711070616
CUST000497,5113.990000000001,15,2025-12-12,340.9326666666667,71,False,37372.74089801731
CUST000498,2218.72,7,2024-06-08,316.96,623,True,34744.87813342096
CUST000499,10539.96,62,2025-04-13,169.99935483870965,314,True,18635.180674631356
CUST000500,14698.07,71,2026-02-09,207.01507042253522,12,False,22692.811060110253
CUST000501,663.94,24,2026-02-10,27.66416666666667,11,False,3032.521767718261
CUST000502,1579.1100000000001,17,2025-09-23,92.88882352941177,151,True,10182.391637702733
CUST000503,37371.66,198,2025-10-16,188.74575757575758,128,True,20690.144955735468
CUST000504,8188.5,33,2026-02-18,248.13636363636363,3,False,27200.491276551245
CUST000505,1018.07,24,2026-01-31,42.419583333333335,21,False,4649.997644457225
CUST000506,1003.84,15,2026-02-07,66.92266666666667,14,False,7336.004220396539
CUST000507,4002.2000000000003,37,2025-05-03,108.16756756756757,294,True,11857.234203444326
CUST000508,1628.06,27,2026-02-09,60.29851851851851,12,False,6609.870890811941
CUST000509,2157.19,12,2026-01-29,179.76583333333335,23,False,19705.773509968236
CUST000511,1340.62,26,2025-07-17,51.56230769230769,219,True,5652.2150966910185
CUST000512,10896.47,23,2026-02-04,473.7595652173913,17,False,51933.10940819271
CUST000513,0.0,7,2025-12-03,0.0,80,False,0.0
CUST000514,3233.05,27,2026-01-28,119.7425925925926,24,False,13126.078328525702
CUST000515,6368.93,39,2026-01-18,163.30589743589744,34,False,17901.449725136295
CUST000516,7658.27,64,2026-02-04,119.66046875,17,False,13117.07598468822
CUST000517,609.41,6,2025-11-25,101.56833333333333,88,False,11133.831915324788
CUST000518,21631.73,98,2026-02-16,220.7319387755102,5,False,24196.442178536217
CUST000519,7731.3,77,2026-02-02,100.4064935064935,19,False,11006.47204911421
CUST000520,0.0,1,2023-12-29,0.0,785,True,0.0
CUST000521,0.0,9,2024-02-20,0.0,732,True,0.0
CUST000522,5162.85,29,2026-02-04,178.0293103448276,17,False,19515.41737792786
CUST000523,2297.15,12,2025-12-19,191.42916666666667,64,False,20984.297914612773
CUST000524,2594.31,18,2026-02-08,144.12833333333333,13,False,15799.221912038556
CUST000525,2579.42,9,2025-10-25,286.6022222222222,119,True,31417.085070288824
CUST000526,28685.55,110,2026-01-30,260.77772727272725,22,False,28586.226508081134
CUST000527,13901.42,81,2026-02-09,171.62246913580248,12,False,18813.105045053817
CUST000528,7008.96,71,2026-02-11,98.71774647887324,10,False,10821.353076143354
CUST000529,8566.16,55,2026-02-08,155.74836363636362,13,False,17072.999476354074
CUST000530,1963.96,20,2026-02-19,98.19800000000001,2,False,10764.378921459087
CUST000531,3255.16,20,2026-01-09,162.75799999999998,43,False,17841.389687150837
CUST000532,4651.79,30,2026-02-07,155.05966666666666,14,False,16997.505116551645
CUST000533,0.0,7,2024-12-27,0.0,421,True,0.0
CUST000534,4385.68,34,2024-08-22,128.99058823529413,548,True,14139.835526860103
CUST000535,600.14,30,2026-02-20,20.004666666666665,1,False,2192.8940731734033
CUST000536,2616.19,20,2026-02-05,130.8095,16,False,14339.223044528426
CUST000537,6779.1,57,2026-02-07,118.93157894736842,14,False,13037.175721673555
CUST000538,7655.98,62,2026-02-13,123.48354838709676,8,False,13536.158632610006
CUST000539,2763.59,15,2025-07-03,184.23933333333335,233,True,20196.154669514737
CUST000540,16126.81,72,2026-01-19,223.98347222222222,33,False,24552.872432677912
CUST000541,1053.68,8,2024-05-30,131.71,632,True,14437.935067367729
CUST000542,5475.85,63,2026-01-21,86.91825396825398,31,False,9527.903021506556
CUST000543,2453.5,51,2026-02-11,48.1078431372549,10,False,5273.539711842673
CUST000544,879.6,32,2026-01-25,27.4875,27,False,3013.155722149195
CUST000545,12053.64,45,2026-02-07,267.85866666666664,14,False,29362.43289473107
CUST000548,4154.48,38,2026-02-18,109.32842105263157,3,False,11984.485947731635
CUST000549,4946.5,27,2026-01-08,183.2037037037037,44,False,20082.629854797284
CUST000550,10150.36,84,2026-01-09,120.83761904761906,43,False,13246.11417132216
CUST000551,0.0,1,2023-06-25,0.0,972,True,0.0
CUST000552,2736.0,9,2026-02-21,304.0,0,False,33324.21426224121
CUST000553,4270.04,10,2024-12-25,427.004,423,True,46807.80521984884
CUST000554,3826.9,47,2026-01-13,81.42340425531916,39,False,8925.562399228085
CUST000555,0.0,10,2025-09-09,0.0,165,True,0.0
CUST000556,16915.02,103,2026-02-17,164.22349514563106,4,False,18002.03598397085
CUST000557,2158.82,3,2025-09-25,719.6066666666667,149,True,78882.65376492497
CUST000558,9581.34,57,2024-06-12,168.0936842105263,619,True,18426.282726187797
CUST000559,4466.75,34,2025-12-25,131.375,58,False,14401.212660203746
CUST000560,2782.8,26,2026-02-12,107.03076923076924,9,False,11732.619363482394
CUST000562,1950.59,35,2026-02-05,55.731142857142856,16,False,6109.199163325665
CUST000563,5429.41,24,2026-02-04,226.22541666666666,17,False,24798.632422910505
CUST000564,10954.31,47,2026-02-03,233.07042553191488,18,False,25548.976311241
CUST000565,2004.77,7,2024-03-01,286.3957142857143,722,True,31394.44785080513
CUST000566,15964.84,42,2026-02-09,380.1152380952381,12,False,41667.90012706759
CUST000567,3230.4900000000002,24,2026-01-31,134.60375000000002,21,False,14755.145412832733
CUST000568,3468.32,24,2025-12-17,144.51333333333335,66,False,15841.425275495676
CUST000569,4828.099999999999,41,2025-10-07,117.75853658536585,137,True,12908.587843350992
CUST000570,418.44,6,2025-12-22,69.74,61,False,7644.837837660202
CUST000571,0.0,7,2025-11-18,0.0,95,True,0.0
CUST000572,1782.3899999999999,37,2025-03-04,48.1727027027027,354,True,5280.649560710891
CUST000573,1999.74,32,2026-02-04,62.491875,17,False,6850.304711017087
CUST000574,7131.679999999999,21,2026-01-14,339.6038095238095,38,False,37227.072739620984
CUST000575,1923.32,15,2025-12-25,128.22133333333332,58,False,14055.510476941614
CUST000576,1584.23,33,2026-01-26,48.0069696969697,26,False,5262.482053495853
CUST000577,2026.8,23,2026-02-08,88.12173913043478,13,False,9659.828012973467
CUST000578,2805.28,12,2024-09-24,233.77333333333334,515,True,25626.028449994526
CUST000579,12968.26,29,2025-08-15,447.1813793103448,190,True,49019.631902047666
CUST000580,3051.34,18,2026-01-17,169.5188888888889,35,False,18582.512417205246
CUST000582,0.0,6,2025-08-27,0.0,178,True,0.0
CUST000584,1189.06,35,2025-07-04,33.973142857142854,232,True,3724.1062228064407
CUST000586,7497.42,41,2024-11-24,182.8639024390244,454,True,20045.381137196124
CUST000587,0.0,4,2023-12-17,0.0,797,True,0.0
CUST000588,23762.27,82,2026-02-05,289.7837804878049,16,False,31765.84470624304
CUST000589,223.77,10,2025-09-13,22.377000000000002,161,True,2452.947179428196
CUST000590,979.99,11,2025-11-02,89.09,111,True,9765.967923102202
CUST000591,607.28,19,2026-01-31,31.962105263157895,21,False,3503.6580396769114
CUST000592,0.0,6,2024-07-28,0.0,573,True,0.0
CUST000593,18626.79,36,2025-10-19,517.4108333333334,125,True,56718.123261857814
CUST000594,8438.96,18,2026-01-07,468.83111111111106,45,False,51392.85657720816
CUST000595,2311.92,39,2026-02-18,59.28,3,False,6498.2217811370365
CUST000596,995.02,14,2025-12-08,71.07285714285715,75,False,7790.944472559974
CUST000597,10700.58,24,2025-12-06,445.8575,77,False,48874.50940930003
CUST000598,321.96,9,2025-11-01,35.77333333333333,112,True,3921.4415291926825
CUST000599,3308.69,11,2025-12-06,300.79,77,False,32972.33686822215
CUST000600,2324.19,12,2025-09-03,193.6825,171,True,21231.306344889912
CUST000602,4950.35,60,2026-02-06,82.50583333333334,15,False,9044.217328568298
CUST000603,161.34,9,2025-06-06,17.926666666666666,260,True,1965.1055296308466
CUST000604,29513.53,229,2026-02-09,128.88004366812225,12,False,14127.71772803786
CUST000605,9856.15,43,2026-01-28,229.21279069767442,24,False,25126.105752814314
CUST000606,3746.27,29,2025-12-25,129.18172413793104,58,False,14160.787677428129
CUST000607,446.3,7,2025-06-24,63.75714285714286,242,True,6989.002267499179
CUST000608,3872.0899999999997,48,2026-02-19,80.66854166666666,2,False,8842.815022113593
CUST000609,3234.31,19,2025-12-07,170.22684210526316,76,False,18660.117629935834
CUST000610,5385.48,31,2025-11-23,173.72516129032257,90,False,19043.600320990532
CUST000611,17418.7,184,2025-09-05,94.66684782608696,169,True,10377.297106866794
CUST000612,1692.79,39,2026-02-03,43.404871794871795,18,False,4758.004104333611
CUST000614,820.4399999999999,13,2025-09-14,63.11076923076923,160,True,6918.147355595439
CUST000615,881.14,30,2026-01-07,29.371333333333332,45,False,3219.65988542009
CUST000616,16646.34,147,2026-02-20,113.2404081632653,1,False,12413.314555185201
CUST000617,1001.48,20,2026-01-07,50.074,45,False,5489.068108445613
CUST000618,42159.57,112,2026-02-07,376.4247321428571,14,False,41263.35009057673
CUST000619,4760.04,26,2025-04-26,183.07846153846154,301,True,20068.900918122297
CUST000620,3516.81,15,2025-08-31,234.454,174,True,25700.64253499836
CUST000621,4141.48,51,2026-02-15,81.20549019607843,6,False,8901.67485054094
CUST000622,5095.2699999999995,64,2026-02-17,79.61359374999999,4,False,8727.172553657985
CUST000623,11570.869999999999,60,2026-02-13,192.8478333333333,8,False,21139.81091450323
CUST000624,539.46,4,2025-05-12,134.865,285,True,14783.783409464344
CUST000625,106.58000000000001,16,2026-02-09,6.661250000000001,12,False,730.2004021524812
CUST000626,0.0,3,2024-01-08,0.0,775,True,0.0
CUST000627,1885.29,34,2026-02-07,55.44970588235294,14,False,6078.34828816377
CUST000629,6197.92,28,2025-08-08,221.3542857142857,197,True,24264.663305948077
CUST000630,460.5,13,2025-09-13,35.42307692307692,161,True,3883.0467276725894
CUST000631,9427.22,14,2024-06-01,673.3728571428571,630,True,73814.54397962536
CUST000632,4591.87,63,2026-02-08,72.8868253968254,13,False,7989.790086902546
CUST000633,4292.16,11,2024-04-10,390.1963636363636,682,True,42772.98429659726
CUST000634,16209.0,78,2026-02-09,207.80769230769232,12,False,22779.69757830077
CUST000635,16303.81,65,2025-12-31,250.82784615384614,52,False,27495.52923739225
CUST000636,1609.38,41,2026-01-24,39.25317073170732,28,False,4302.898262946547
CUST000637,2561.82,30,2026-02-15,85.394,6,False,9360.8156339139
CUST000639,5756.38,33,2026-02-20,174.43575757575758,1,False,19121.495264641155
CUST000640,7827.74,42,2025-12-20,186.3747619047619,63,False,20430.23848285683
CUST000641,8967.66,28,2026-01-23,320.2735714285714,29,False,35108.10893690437
CUST000642,253.39000000000001,7,2025-11-05,36.198571428571434,108,True,3968.055757476175
CUST000643,469.06,9,2025-08-02,52.117777777777775,203,True,5713.105241903092
CUST000644,2427.74,68,2026-02-15,35.702058823529406,6,False,3913.628479731688
CUST000645,0.0,1,2023-12-07,0.0,807,True,0.0
CUST000646,4026.65,30,2024-12-15,134.22166666666666,433,True,14713.26177182605
CUST000647,2245.31,23,2026-01-29,97.62217391304348,23,False,10701.257369158011
CUST000648,0.0,1,2023-06-05,0.0,992,True,0.0
CUST000650,3829.45,17,2026-01-07,225.26176470588234,45,False,24692.99773733351
CUST000651,2141.4700000000003,22,2025-12-03,97.33954545454547,80,False,10670.275884593555
CUST000652,961.66,8,2024-08-04,120.2075,566,True,13177.041072132764
CUST000653,470.58,22,2025-12-03,21.39,80,False,2344.7531022017747
CUST000655,3663.52,27,2026-01-21,135.68592592592591,31,False,14873.772591862318
CUST000656,1429.3899999999999,20,2025-12-16,71.4695,67,False,7834.424115839632
CUST000657,6240.48,68,2026-02-16,91.77176470588235,5,False,10059.940625930292
CUST000658,0.0,12,2025-05-14,0.0,283,True,0.0
CUST000659,364.83000000000004,15,2024-12-16,24.322000000000003,432,True,2666.156379231022
CUST000660,3290.88,26,2026-02-19,126.5723076923077,2,False,13874.745727647312
CUST000661,19469.41,89,2026-02-15,218.75741573033707,6,False,23979.996688328712
CUST000662,9615.52,51,2026-01-31,188.53960784313728,21,False,20667.547002248815
CUST000663,12050.939999999999,80,2026-02-06,150.63674999999998,15,False,16512.66885778836
CUST000664,4370.11,8,2026-01-22,546.26375,30,False,59880.954765445276
CUST000665,1307.54,29,2026-02-15,45.08758620689655,6,False,4942.461787256224
CUST000666,4997.73,38,2026-02-12,131.5192105263158,9,False,14417.020892038672
CUST000667,1228.39,22,2026-01-22,55.8359090909091,30,False,6120.683546291041
CUST000668,9511.8,73,2026-01-31,130.2986301369863,21,False,14283.2219367153
CUST000669,2899.85,21,2026-02-17,138.08809523809524,4,False,15137.096292036367
CUST000671,38867.16,206,2026-02-20,188.67553398058254,1,False,20682.447106617452
CUST000672,2165.47,22,2026-02-11,98.43045454545454,10,False,10789.86038553461
CUST000673,473.53,23,2026-02-21,20.588260869565215,0,False,2256.867159553644
CUST000674,15860.26,123,2026-02-15,128.9452032520325,6,False,14134.860464667674
CUST000675,19432.3,148,2026-02-11,131.29932432432432,10,False,14392.917158787113
CUST000676,1055.44,11,2026-02-02,95.94909090909091,19,False,10517.855472769097
CUST000678,1445.87,16,2026-01-17,90.366875,35,False,9905.937844438053
CUST000679,690.94,4,2024-08-18,172.735,552,True,18935.059705882355
CUST000680,2982.88,9,2025-07-19,331.43111111111114,217,True,36331.18868368204
CUST000681,492.2,11,2025-10-11,44.74545454545454,133,True,4904.95761359902
CUST000682,642.9100000000001,21,2025-12-15,30.61476190476191,68,False,3355.9634384927163
CUST000683,5017.91,29,2026-02-17,173.03137931034482,4,False,18967.54854680612
CUST000684,0.0,5,2024-03-19,0.0,704,True,0.0
CUST000685,15794.02,36,2024-11-19,438.72277777777776,459,True,48092.40739602731
CUST000686,4110.16,18,2024-11-03,228.3422222222222,475,True,25030.674797531672
CUST000687,12539.03,74,2026-02-13,169.44635135135135,8,False,18574.560915748152
CUST000688,1000.37,19,2026-02-17,52.65105263157895,4,False,5771.562365221302
CUST000689,2529.34,11,2025-01-01,229.94000000000003,416,True,25205.82180085442
CUST000690,2009.26,49,2026-01-03,41.00530612244898,49,False,4494.965812872635
CUST000691,3426.7400000000002,11,2026-02-09,311.5218181818182,12,False,34148.7493962298
CUST000692,4013.7,43,2026-02-04,93.34186046511627,17,False,10232.053150578146
CUST000693,17815.11,50,2026-01-27,356.3022,25,False,39057.535706933944
CUST000694,4913.58,47,2026-02-06,104.54425531914893,15,False,11460.049882045294
CUST000695,8167.870000000001,40,2025-12-29,204.19675,54,False,22383.869238991127
CUST000696,26161.01,208,2026-02-12,125.77408653846153,9,False,13787.245422517632
CUST000697,3889.65,14,2025-09-07,277.83214285714286,167,True,30455.716636542882
CUST000698,9824.07,19,2025-12-13,517.0563157894736,70,False,56679.26135859695
CUST000699,373.5,19,2026-02-14,19.657894736842106,7,False,2154.881237352336
CUST000700,6994.58,14,2025-11-25,499.61285714285714,88,False,54767.124669733814
CUST000701,7620.9,13,2025-12-16,586.2230769230769,67,False,64261.26125281224
CUST000702,4170.74,17,2024-03-06,245.3376470588235,717,True,26893.698411784033
CUST000703,33263.840000000004,62,2026-02-17,536.5135483870969,4,False,58812.14618765438
CUST000704,1439.72,16,2026-02-10,89.9825,11,False,9863.802992934605
CUST000705,671.51,12,2025-09-19,55.95916666666667,155,True,6134.1949340015335
CUST000706,2142.46,29,2026-02-08,73.87793103448276,13,False,8098.434220540074
CUST000707,182.7,17,2026-02-20,10.74705882352941,1,False,1178.0831938296185
CUST000709,4953.21,39,2026-01-06,127.00538461538461,46,False,13922.219241386283
CUST000710,2222.94,13,2025-11-30,170.9953846153846,83,False,18744.364588083623
CUST000711,12746.08,96,2026-02-06,132.77166666666668,15,False,14554.314039325227
CUST000713,1545.33,20,2025-12-15,77.2665,68,False,8469.886188465329
CUST000714,233.17000000000002,22,2026-02-16,10.598636363636365,5,False,1161.8132535177606
CUST000715,2808.24,2,2023-07-05,1404.12,962,True,153918.40700624383
CUST000716,3834.13,37,2026-02-03,103.62513513513514,18,False,11359.296730910997
CUST000717,5731.31,33,2025-11-10,173.67606060606062,103,True,19038.21794690248
CUST000718,15827.42,126,2026-02-20,125.61444444444444,1,False,13769.745595720597
CUST000719,4133.75,16,2026-02-21,258.359375,0,False,28321.128845916857
CUST000720,1816.2599999999998,16,2026-01-15,113.51624999999999,37,False,12443.552096204401
CUST000721,2501.95,8,2025-12-04,312.74375,79,False,34282.69649400262
CUST000722,47.38,16,2025-12-29,2.96125,54,False,324.6096364607296
CUST000724,21902.57,153,2026-02-06,143.1540522875817,15,False,15692.42207545873
CUST000725,987.04,28,2026-02-15,35.25142857142857,6,False,3864.230785409135
CUST000727,0.0,7,2023-11-27,0.0,817,True,0.0
CUST000729,35752.0,222,2026-02-16,161.04504504504504,5,False,17653.617062346606
CUST000731,209.34,17,2025-11-27,12.314117647058824,86,False,1349.8628122402429
CUST000732,5815.23,57,2026-02-16,102.02157894736841,5,False,11183.516303336388
CUST000733,9038.79,56,2026-02-19,161.4069642857143,2,False,17693.29033314164
CUST000734,18014.3,175,2026-02-18,102.93885714285715,3,False,11284.067537298719
CUST000735,7007.7699999999995,66,2026-02-13,106.17833333333333,8,False,11639.176085551539
CUST000736,4020.41,24,2026-01-31,167.51708333333332,21,False,18363.076242058272
CUST000738,11964.03,89,2026-02-17,134.42730337078652,4,False,14735.803487576939
CUST000740,4412.74,44,2026-02-18,100.28954545454545,3,False,10993.652305888327
CUST000741,2732.55,41,2026-01-21,66.64756097560976,31,False,7305.847375023044
CUST000743,9972.44,98,2026-01-30,101.7595918367347,22,False,11154.797505281444
CUST000744,0.0,4,2024-01-16,0.0,767,True,0.0
CUST000745,5611.71,28,2026-02-01,200.4182142857143,20,False,21969.669456950378
CUST000746,0.0,4,2024-02-02,0.0,750,True,0.0
CUST000747,9008.89,68,2026-02-11,132.48367647058822,10,False,14522.744805774098
CUST000748,0.0,12,2025-12-15,0.0,68,False,0.0
CUST000749,514.34,36,2026-01-17,14.287222222222223,35,False,1566.1528110052216
CUST000751,9676.74,22,2025-11-13,439.85181818181815,100,True,48216.171818181814
CUST000752,14483.82,59,2026-02-07,245.4884745762712,14,False,26910.23199240268
CUST000753,926.05,22,2026-02-08,42.09318181818182,13,False,4614.217795686075
CUST000754,2426.6400000000003,23,2025-11-05,105.50608695652176,108,True,11565.48502536113
CUST000755,0.0,1,2023-06-09,0.0,988,True,0.0
CUST000756,9018.119999999999,58,2026-02-15,155.48482758620688,6,False,17044.110884902602
CUST000757,1228.92,5,2024-08-20,245.78400000000002,550,True,26942.62723102202
CUST000758,21440.46,184,2026-02-19,116.52423913043478,2,False,12773.285235286972
CUST000759,961.61,8,2024-12-23,120.20125,425,True,13176.355952596123
CUST000761,2203.88,34,2025-06-13,64.82000000000001,253,True,7105.5117384160385
CUST000762,16874.87,106,2026-02-21,159.19688679245283,0,False,17451.023570241632
CUST000763,9235.75,34,2025-12-10,271.6397058823529,73,False,29776.90710840695
CUST000766,9586.11,21,2026-01-03,456.4814285714286,49,False,50039.095172527115
CUST000767,215.4,11,2025-10-10,19.581818181818182,134,True,2146.5417918919725
CUST000768,5050.49,32,2026-01-23,157.8278125,29,False,17300.946843061945
CUST000769,11100.35,54,2026-01-21,205.56203703703704,31,False,22533.530810542718
CUST000770,0.0,6,2024-10-14,0.0,495,True,0.0
CUST000771,1058.16,29,2026-02-08,36.48827586206897,13,False,3999.812904234705
CUST000772,3607.8900000000003,15,2026-01-29,240.526,23,False,26366.249867236278
CUST000773,12284.51,82,2026-02-08,149.8110975609756,13,False,16422.16155915616
CUST000774,136.49,16,2026-01-13,8.530625,39,False,935.1196555619456
CUST000775,0.0,2,2023-11-20,0.0,824,True,0.0
CUST000776,934.67,5,2024-04-08,186.934,684,True,20491.541674005915
CUST000777,6390.31,54,2024-11-12,118.33907407407408,466,True,12972.225855393679
CUST000778,2188.27,25,2026-01-03,87.5308,49,False,9595.04978205718
CUST000779,1286.05,14,2025-12-09,91.86071428571428,74,False,10069.691201117317
CUST000780,34873.4,172,2026-02-09,202.75232558139535,12,False,22225.53269684904
CUST000781,1876.62,5,2026-02-11,375.32399999999996,10,False,41142.68879526782
CUST000782,210.09,4,2026-02-02,52.5225,19,False,5757.470538120276
CUST000783,4468.79,17,2025-02-24,262.87,362,True,28815.57961551101
CUST000784,477.93,11,2026-02-14,43.448181818181816,7,False,4762.751711229946
CUST000785,172.86,10,2025-10-19,17.286,125,True,1894.8762096615183
CUST000786,8155.28,45,2026-02-12,181.22844444444445,9,False,19866.103661445213
CUST000787,5345.26,59,2026-02-04,90.59762711864407,17,False,9931.232689974768
CUST000788,1866.06,5,2024-08-14,373.212,556,True,40911.17320144594
CUST000789,2420.15,11,2026-02-05,220.01363636363638,16,False,24117.702496041587
CUST000790,2547.39,55,2026-02-15,46.31618181818182,6,False,5077.139364203986
CUST000791,5027.18,43,2026-02-04,116.91116279069769,17,False,12815.699468700563
CUST000792,8525.17,30,2026-02-10,284.1723333333333,11,False,31150.72277434549
CUST000793,18634.64,95,2026-01-24,196.1541052631579,28,False,21502.24155331477
CUST000794,3772.6700000000005,16,2025-10-17,235.79187500000003,127,True,25847.299223011833
CUST000796,4633.72,11,2025-10-01,421.24727272727273,143,True,46176.75780838288
CUST000797,4585.67,18,2026-02-01,254.75944444444445,20,False,27926.50760525067
CUST000798,10880.72,36,2025-12-18,302.2422222222222,65,False,33131.52819878044
CUST000799,5158.67,25,2026-01-16,206.3468,36,False,22619.555840552086
CUST000800,169.67,18,2024-09-04,9.42611111111111,535,True,1033.2820602840764
CUST000801,2484.24,13,2026-02-13,191.0953846153846,8,False,20947.709017922592
CUST000802,13432.38,126,2026-02-17,106.60619047619046,4,False,11686.077411545622
CUST000803,7733.32,29,2026-02-08,266.6662068965517,13,False,29231.71649710472
CUST000805,1401.33,26,2026-02-19,53.89730769230769,2,False,5908.175755580272
CUST000806,7575.59,57,2026-01-11,132.90508771929825,41,False,14568.939538486375
CUST000808,3627.68,37,2026-01-31,98.0454054054054,21,False,10747.651635388263
CUST000809,4058.95,36,2026-01-08,112.7486111111111,44,False,12359.404192226237
CUST000811,2096.06,14,2024-07-24,149.71857142857144,577,True,16412.018925402564
CUST000812,1337.76,39,2026-02-17,34.30153846153846,4,False,3760.104661897419
CUST000813,6202.01,36,2026-01-17,172.27805555555557,35,False,18884.969855314568
CUST000814,5183.900000000001,75,2025-11-30,69.11866666666667,83,False,7576.727820790887
CUST000815,1442.54,10,2024-09-10,144.254,529,True,15812.997382188629
CUST000816,23425.08,107,2026-02-11,218.92598130841122,10,False,23998.47469964773
CUST000817,6587.99,25,2026-01-21,263.51959999999997,31,False,28886.78819967137
CUST000818,252.4,12,2026-01-17,21.033333333333335,35,False,2305.6556139774348
CUST000819,805.82,10,2024-03-20,80.58200000000001,703,True,8833.328400262899
CUST000820,2049.66,14,2026-02-11,146.4042857142857,10,False,16048.709822543538
CUST000821,11245.56,61,2026-01-18,184.3534426229508,34,False,20208.663230095408
CUST000822,492.58,26,2026-02-12,18.945384615384615,9,False,2076.7765006698855
CUST000823,90.27,7,2024-02-06,12.895714285714286,746,True,1413.6169273743017
CUST000824,0.0,3,2025-05-14,0.0,283,True,0.0
CUST000825,11117.59,22,2025-06-23,505.345,243,True,55395.47715905357
CUST000826,0.0,2,2024-01-18,0.0,765,True,0.0
CUST000827,0.0,9,2025-12-30,0.0,53,False,0.0
CUST000828,4228.4,52,2026-02-09,81.3153846153846,12,False,8913.721380722463
CUST000829,11892.9,83,2026-02-12,143.28795180722892,9,False,15707.100023755884
CUST000830,4772.26,30,2025-12-26,159.07533333333333,57,False,17437.698986307372
CUST000831,4491.58,13,2026-02-01,345.50615384615384,20,False,37874.08256477666
CUST000833,11019.82,28,2025-12-12,393.565,71,False,43142.25127012816
CUST000835,13939.35,39,2024-08-08,357.41923076923075,562,True,39179.98364341869
CUST000836,1625.13,56,2026-02-21,29.020178571428573,0,False,3181.166607377588
CUST000837,5460.46,22,2026-02-11,248.2027272727273,10,False,27207.766000358497
CUST000838,1504.36,45,2026-02-15,33.43022222222222,6,False,3664.5917373936536
CUST000839,6264.5599999999995,41,2026-02-13,152.7941463414634,8,False,16749.160758878832
CUST000840,0.0,5,2024-04-07,0.0,685,True,0.0
CUST000841,4874.54,21,2026-02-07,232.1209523809524,14,False,25444.895894402456
CUST000842,655.99,8,2025-02-17,81.99875,369,True,8988.631296828788
CUST000843,5322.42,21,2026-01-12,253.44857142857143,40,False,27782.810851133752
CUST000844,2419.69,36,2026-02-19,67.2136111111111,2,False,7367.897296071128
CUST000845,20677.25,113,2026-02-13,182.98451327433628,8,False,20058.602391532575
CUST000846,1303.1100000000001,36,2026-02-11,36.197500000000005,10,False,3967.938308412751
CUST000847,1239.61,19,2026-01-21,65.24263157894737,31,False,7151.840242662192
CUST000848,1981.6200000000001,35,2026-02-03,56.61771428571429,18,False,6206.384348340454
CUST000849,15194.59,121,2026-02-03,125.57512396694214,18,False,13765.435319348293
CUST000850,4267.37,50,2026-02-17,85.3474,4,False,9355.707382648701
CUST000851,1000.6000000000001,23,2026-01-31,43.50434782608696,21,False,4768.908579919703
CUST000852,1688.9099999999999,19,2026-02-14,88.88999999999999,7,False,9744.044097929673
CUST000853,5103.39,29,2025-01-19,175.9789655172414,398,True,19290.660370210884
CUST000854,8357.039999999999,48,2025-12-06,174.105,77,False,19085.23790831416
CUST000855,9145.35,58,2025-08-15,157.67844827586208,190,True,17284.573667376797
CUST000856,10914.279999999999,50,2026-02-12,218.2856,9,False,23928.27666040092
CUST000857,15034.84,87,2026-02-11,172.81425287356322,10,False,18943.747336604454
CUST000858,217.98,7,2024-06-22,31.139999999999997,609,True,3413.5395793624707
CUST000859,11434.029999999999,80,2026-02-15,142.92537499999997,6,False,15667.354671089382
CUST000860,2977.64,37,2025-12-30,80.47675675675676,53,False,8821.791727935626
CUST000861,18751.54,174,2026-02-13,107.76747126436783,8,False,11813.375996426697
CUST000863,33850.01,127,2026-02-04,266.53551181102364,17,False,29217.389816074585
CUST000864,6884.71,49,2026-02-19,140.50428571428571,2,False,15401.956979953991
CUST000865,484.59000000000003,15,2026-02-18,32.306000000000004,3,False,3541.3554801183045
CUST000866,2919.84,27,2025-09-11,108.14222222222223,163,True,11854.455868842882
CUST000867,241.48000000000002,23,2026-02-20,10.499130434782609,1,False,1150.9055005786624
CUST000868,4193.53,46,2026-01-24,91.16369565217391,28,False,9993.284627798654
CUST000870,337.65,17,2025-07-17,19.86176470588235,219,True,2177.2292851481698
CUST000871,4245.57,26,2025-11-13,163.29115384615383,100,True,17899.833545716523
CUST000872,17557.41,70,2024-12-21,250.82014285714286,427,True,27494.68480874137
CUST000873,8444.01,80,2026-02-19,105.55012500000001,2,False,11570.312437191917
CUST000874,2440.92,38,2026-02-07,64.23473684210526,14,False,7041.355702648009
CUST000875,1264.51,26,2025-11-12,48.635,101,True,5331.32618632928
CUST000877,2788.18,41,2025-02-05,68.00439024390244,381,True,7454.581813358126
CUST000878,36.81,13,2025-10-28,2.831538461538462,116,True,310.3907710002781
CUST000879,595.53,20,2026-01-23,29.7765,29,False,3264.073901248767
CUST000881,2626.3999999999996,33,2025-09-08,79.58787878787878,166,True,8724.353701988666
CUST000882,2637.36,29,2024-11-07,90.94344827586207,471,True,9969.141302933811
CUST000883,789.83,24,2025-12-19,32.90958333333334,64,False,3607.519757503561
CUST000884,9762.14,88,2025-12-18,110.93340909090908,65,False,12160.4233335076
CUST000885,934.31,15,2025-11-07,62.28733333333333,106,True,6827.883032314601
CUST000886,163.45,7,2026-01-10,23.349999999999998,42,False,2559.60658889254
CUST000887,3037.56,20,2024-12-25,151.878,423,True,16648.733597765364
CUST000888,6359.83,74,2026-02-11,85.94364864864865,10,False,9421.067638310344
CUST000889,6243.6,130,2026-02-09,48.02769230769231,12,False,5264.753647968857
CUST000890,18418.52,21,2026-01-16,877.072380952381,36,False,96143.90771826048
CUST000891,8562.43,50,2025-05-18,171.2486,279,True,18772.12183720013
CUST000892,0.0,4,2024-06-25,0.0,606,True,0.0
CUST000894,5230.16,67,2026-02-11,78.0620895522388,10,False,8557.098019727193
CUST000895,17025.57,53,2026-01-23,321.23716981132077,29,False,35213.737749304
CUST000896,5810.67,13,2026-01-12,446.9746153846154,40,False,48996.966621249274
CUST000897,15506.95,96,2026-01-28,161.53072916666667,24,False,17706.85733120413
CUST000898,10391.76,70,2026-02-09,148.45371428571428,12,False,16273.36639106145
CUST000899,333.09,4,2024-01-05,83.2725,778,True,9128.258658396318
CUST000900,2680.89,33,2026-02-18,81.2390909090909,3,False,8905.358131329727
CUST000901,5324.51,46,2026-02-06,115.75021739130435,15,False,12688.43764884482
CUST000902,3924.03,46,2026-01-08,85.305,44,False,9351.059531712126
CUST000903,5082.16,22,2026-02-15,231.00727272727272,6,False,25322.815304275086
CUST000904,944.97,16,2025-12-10,59.060625,73,False,6474.17408540092
CUST000905,19245.52,43,2026-02-14,447.57023255813954,7,False,49062.25765515977
CUST000906,11942.83,82,2026-02-17,145.64426829268294,4,False,15965.397377147072
CUST000907,6827.27,76,2026-02-18,89.83250000000001,3,False,9847.360124055209
CUST000908,4624.84,14,2025-01-29,330.3457142857143,388,True,36212.20843246796
CUST000909,4747.13,55,2026-02-20,86.31145454545455,1,False,9461.38619920533
CUST000911,17577.68,102,2026-02-15,172.33019607843138,6,False,18890.685453854236
CUST000912,1300.1200000000001,4,2024-09-23,325.03000000000003,516,True,35629.50447913243
CUST000913,2917.51,14,2026-01-29,208.39357142857145,23,False,22843.921135392706
CUST000914,2436.8199999999997,13,2025-10-30,187.44769230769228,114,True,20547.852175737502
CUST000915,1893.62,7,2026-02-16,270.51714285714286,5,False,29653.852730857703
CUST000916,6865.09,66,2026-02-08,104.01651515151515,13,False,11402.199466186677
CUST000918,7657.99,37,2026-01-27,206.9727027027027,25,False,22688.166747697418
CUST000919,1039.05,11,2024-03-08,94.4590909090909,715,True,10354.52297523377
CUST000920,400.48,6,2024-05-19,66.74666666666667,643,True,7316.711254244715
CUST000921,3426.53,34,2026-02-04,100.78029411764706,17,False,11047.447745355783
CUST000922,0.0,1,2024-03-05,0.0,718,True,0.0
CUST000924,4355.53,23,2026-02-06,189.3708695652174,15,False,20758.669185586303
CUST000925,4064.77,10,2026-01-12,406.477,40,False,44557.653423266514
CUST000926,824.64,22,2026-01-06,37.483636363636364,46,False,4108.923452334718
CUST000927,4818.0599999999995,87,2026-02-19,55.379999999999995,2,False,6070.707190272757
CUST000928,2073.25,26,2024-07-29,79.74038461538461,572,True,8741.071257488813
CUST000929,2524.05,18,2026-02-20,140.22500000000002,1,False,15371.341924088074
CUST000930,5305.01,16,2025-11-14,331.563125,99,True,36345.65993078377
CUST000931,301.54,30,2026-02-12,10.051333333333334,9,False,1101.818373753971
CUST000932,25478.100000000002,180,2026-02-19,141.54500000000002,2,False,15516.03917022675
CUST000933,1207.17,17,2024-10-26,71.01,483,True,7784.054127505751
CUST000934,13203.31,57,2025-12-23,231.63701754385963,60,False,25391.847380585867
CUST000935,12772.36,78,2026-02-17,163.74820512820514,4,False,17949.935107729383
CUST000936,5104.83,40,2025-10-14,127.62075,130,True,13989.675056933946
CUST000937,698.29,17,2025-12-23,41.07588235294117,60,False,4502.70231756587
CUST000938,1929.66,1,2023-05-11,1929.66,1017,True,211527.64241209335
CUST000939,3945.1200000000003,27,2026-02-19,146.11555555555557,2,False,16017.059474933363
CUST000940,4338.95,11,2025-02-14,394.45,372,True,43239.26419651659
CUST000941,8625.09,61,2026-01-14,141.39491803278688,38,False,15499.587316173103
CUST000942,830.29,24,2024-09-23,34.595416666666665,516,True,3792.3193338536526
CUST000943,2446.91,28,2025-03-13,87.38964285714285,345,True,9579.576259447911
CUST000944,802.05,24,2026-02-01,33.418749999999996,20,False,3663.334162421951
CUST000945,7021.63,32,2026-01-22,219.4259375,30,False,24053.2794603393
CUST000946,894.26,3,2024-03-09,298.08666666666664,714,True,32675.99983130682
CUST000947,10212.45,62,2026-02-21,164.71693548387097,0,False,18056.12648251407
CUST000948,4396.8,31,2026-02-15,141.83225806451614,6,False,15547.528148156003
CUST000949,0.0,9,2024-05-16,0.0,646,True,0.0
CUST000951,26964.2,167,2026-02-19,161.4622754491018,2,False,17699.35349452262
CUST000952,6388.24,31,2026-02-19,206.07225806451612,2,False,22589.460793571707
CUST000953,211.88,8,2024-08-28,26.485,542,True,2903.2625484719024
CUST000954,1199.03,12,2026-02-02,99.91916666666667,19,False,10953.051706922992
CUST000955,5806.33,45,2026-02-19,129.02955555555556,2,False,14144.107090444371
CUST000956,10026.06,15,2025-12-09,668.404,74,False,73269.86220308905
CUST000957,1099.95,15,2025-12-26,73.33,57,False,8038.370499507065
CUST000958,356.11,18,2024-05-22,19.78388888888889,640,True,2168.692606163508
CUST000959,2865.79,11,2024-07-16,260.5263636363636,585,True,28558.6722459893
CUST000960,1704.98,21,2026-02-08,81.1895238095238,13,False,8899.924629203637
CUST000961,13051.25,64,2026-01-13,203.92578125,39,False,22354.165881480036
CUST000962,4415.66,51,2026-01-22,86.58156862745098,30,False,9490.995868756967
CUST000963,4980.32,29,2026-02-12,171.7351724137931,9,False,18825.459479869
CUST000964,8293.369999999999,39,2026-01-07,212.6505128205128,45,False,23310.563329625787
CUST000965,18439.47,187,2026-02-18,98.60679144385027,3,False,10809.190282194077
CUST000966,11762.470000000001,41,2026-02-03,286.889512195122,18,False,31448.5775459872
CUST000967,2176.14,20,2024-12-01,108.80699999999999,447,True,11927.328227735785
CUST000968,10686.83,77,2026-01-18,138.79,34,False,15214.038478475188
CUST000969,23970.56,96,2026-02-09,249.69333333333336,12,False,27371.164933727683
CUST000970,14645.66,103,2026-02-19,142.19087378640776,2,False,15586.839290110358
CUST000971,4846.2,34,2025-06-13,142.53529411764706,253,True,15624.59434575013
CUST000972,1785.2599999999998,13,2026-01-12,137.3276923076923,40,False,15053.74158750221
CUST000973,14570.43,112,2026-02-14,130.09312500000001,7,False,14260.694643238581
CUST000974,1502.71,8,2025-12-24,187.83875,59,False,20590.719578130134
CUST000975,9390.06,46,2026-02-19,204.13173913043477,2,False,22376.742804297817
CUST000977,1415.6799999999998,29,2025-12-15,48.81655172413792,68,False,5351.227727628134
CUST000978,678.02,35,2026-02-02,19.372,19,False,2123.541706210976
CUST000979,842.8,10,2024-09-02,84.28,537,True,9238.699927702924
CUST000980,6433.89,49,2026-01-12,131.3038775510204,40,False,14393.416279517394
CUST000981,8306.85,103,2026-02-13,80.64902912621359,8,False,8840.676074485767
CUST000982,1357.0900000000001,16,2024-02-11,84.81812500000001,741,True,9297.688719807757
CUST000983,343.37,11,2025-12-06,31.215454545454545,77,False,3421.810840677561
CUST000984,7783.61,53,2026-02-16,146.86056603773585,5,False,16098.726872748468
CUST000985,15679.0,70,2026-01-24,223.9857142857143,28,False,24553.11820571804
CUST000986,968.13,7,2025-09-08,138.30428571428573,166,True,15160.794903056196
CUST000987,1856.1999999999998,10,2024-05-06,185.61999999999998,656,True,20347.50214262241
CUST000988,10720.380000000001,60,2026-01-21,178.67300000000003,31,False,19585.978075254687
CUST000989,158.23999999999998,8,2025-03-18,19.779999999999998,340,True,2168.266309562931
CUST000990,7557.16,102,2026-02-17,74.08980392156863,4,False,8121.659541216421
CUST000991,3846.83,27,2025-12-28,142.47518518518518,55,False,15618.005257117122
CUST000992,14048.94,35,2025-12-16,401.39828571428575,67,False,44000.92920276043
CUST000993,0.0,6,2024-11-15,0.0,463,True,0.0
CUST000994,0.0,13,2024-11-08,0.0,470,True,0.0
CUST000995,933.13,14,2025-12-03,66.65214285714286,80,False,7306.349636871509
CUST000996,5191.06,6,2025-07-26,865.1766666666667,210,True,94839.90991674883
CUST000997,9884.7,45,2024-10-29,219.66000000000003,480,True,24078.937186986528
CUST000998,0.0,2,2024-03-02,0.0,721,True,0.0
CUST000999,5030.34,20,2026-01-27,251.517,25,False,27571.073679592508
CUST001000,367.44,3,2025-01-26,122.48,391,True,13426.150535655604
CUST001001,3029.33,29,2026-02-11,104.45965517241379,10,False,11450.776087912336
CUST001002,0.0,6,2025-07-12,0.0,224,True,0.0
CUST001003,5881.57,50,2025-03-21,117.6314,337,True,12894.651241998028
CUST001004,1773.29,53,2025-12-23,33.458301886792455,60,False,3667.6698056783584
CUST001005,433.17,22,2026-01-13,19.689545454545456,39,False,2158.350761359902
CUST001006,23823.84,189,2026-02-19,126.0520634920635,2,False,13817.717013181436
CUST001007,7660.91,60,2026-01-28,127.68183333333333,24,False,13996.370958538722
CUST001008,0.0,19,2026-02-07,0.0,14,False,0.0
CUST001009,0.0,2,2025-04-06,0.0,321,True,0.0
CUST001010,23030.54,199,2026-02-20,115.73135678391961,1,False,12686.370165550064
CUST001011,42.62,8,2026-01-01,5.3275,51,False,583.9958930331909
CUST001012,3781.24,2,2024-07-24,1890.62,577,True,207248.11173841605
CUST001013,12351.77,59,2026-02-21,209.35203389830508,0,False,22948.98695349705
CUST001014,25909.23,181,2026-02-14,143.1449171270718,7,False,15691.420687149019
CUST001015,11958.91,115,2026-02-18,103.99052173913043,3,False,11399.350091042877
CUST001016,7379.67,37,2025-08-12,199.45054054054054,193,True,21863.59390688421
CUST001017,3357.22,40,2026-02-19,83.9305,2,False,9200.388043213932
CUST001018,4481.389999999999,67,2026-02-17,66.88641791044775,4,False,7332.030663426212
CUST001019,12094.49,45,2026-01-29,268.76644444444446,23,False,29461.9427012086
CUST001020,4600.21,40,2025-11-09,115.00525,104,True,12606.774974613869
CUST001021,0.0,13,2024-10-01,0.0,508,True,0.0
CUST001022,3956.2499999999995,17,2026-01-04,232.7205882352941,48,False,25510.627452591285
CUST001023,6280.73,27,2026-02-20,232.6196296296296,1,False,25499.560458490032
CUST001025,1098.01,10,2025-12-19,109.801,64,False,12036.289638843247
CUST001026,3394.45,15,2024-12-08,226.29666666666665,440,True,24806.442785628216
CUST001027,1430.02,13,2026-02-09,110.00153846153846,12,False,12058.27248969893
CUST001028,772.0,14,2025-11-21,55.142857142857146,92,True,6044.7117975681895
CUST001029,3241.96,20,2025-04-05,162.098,322,True,17769.0410640815
CUST001030,8617.37,63,2026-01-06,136.7836507936508,46,False,14994.104232299997
CUST001031,2508.4900000000002,47,2026-02-17,53.372127659574474,4,False,5850.605979471547
CUST001032,433.96,8,2025-10-04,54.245,140,True,5946.289482418665
CUST001033,0.0,15,2025-09-16,0.0,158,True,0.0
CUST001034,1113.08,19,2024-12-11,58.583157894736836,437,True,6421.834558693809
CUST001035,0.0,10,2026-01-31,0.0,21,False,0.0
CUST001036,694.2,20,2025-12-02,34.71,81,False,3804.8798586920802
CUST001037,3377.44,45,2026-02-20,75.05422222222222,1,False,8227.378232299996
CUST001038,0.0,3,2024-11-10,0.0,468,True,0.0
CUST001039,637.7,4,2024-03-02,159.425,721,True,17476.029140650673
CUST001040,0.0,13,2025-10-30,0.0,114,True,0.0
CUST001041,0.0,17,2026-02-18,0.0,3,False,0.0
CUST001042,11539.939999999999,39,2026-01-23,295.8958974358974,29,False,32435.849623263133
CUST001043,134.36,9,2025-07-02,14.92888888888889,234,True,1636.4917501004127
CUST001044,12200.68,57,2026-02-17,214.04701754385965,4,False,23463.646956662113
CUST001045,6202.610000000001,37,2026-01-01,167.63810810810813,51,False,18376.34287207681
CUST001046,1978.82,17,2025-05-26,116.40117647058823,271,True,12759.795214088263
CUST001047,8520.51,44,2026-02-18,193.64795454545455,3,False,21227.51950236011
CUST001048,10954.65,72,2026-02-10,152.14791666666667,11,False,16678.32162682112
CUST001049,2257.1099999999997,36,2026-01-15,62.69749999999999,37,False,6872.845143772592
CUST001050,4965.26,23,2026-02-07,215.8808695652174,14,False,23664.672212204776
CUST001051,9867.81,36,2025-11-04,274.1058333333333,109,True,30047.241843849264
CUST001052,6391.03,58,2026-02-06,110.19017241379309,15,False,12078.950378653097
CUST001053,8344.24,42,2025-12-09,198.67238095238093,74,False,21778.29273304852
CUST001054,17025.16,29,2026-02-10,587.0744827586207,11,False,64354.5916162589
CUST001056,301.08,17,2026-02-05,17.710588235294118,16,False,1941.4192008660186
CUST001057,3135.85,13,2026-02-16,241.21923076923076,5,False,26442.24121818044
CUST001058,25906.92,105,2026-02-20,246.73257142857142,1,False,27046.608801840284
CUST001059,0.0,2,2024-10-09,0.0,500,True,0.0
CUST001060,0.0,11,2025-09-28,0.0,146,True,0.0
CUST001062,774.49,16,2024-07-26,48.405625,575,True,5306.182299334538
CUST001063,116.37,20,2026-02-12,5.8185,9,False,637.818883831745
CUST001064,9464.1,72,2026-02-21,131.44583333333333,0,False,14408.977348285682
CUST001065,4546.54,9,2024-04-07,505.1711111111111,685,True,55376.415611056334
CUST001066,3593.88,37,2025-12-24,97.1318918918919,59,False,10647.513082573209
CUST001067,0.0,8,2024-10-04,0.0,505,True,0.0
CUST001068,4427.55,31,2023-09-22,142.82419354838711,883,True,15656.26324881007
CUST001069,1091.05,15,2025-07-21,72.73666666666666,215,True,7973.329818161901
CUST001070,4885.330000000001,10,2024-09-21,488.5330000000001,518,True,53552.560415050946
CUST001071,11967.84,61,2026-02-02,196.19409836065574,19,False,21506.625561703022
CUST001072,12143.34,62,2026-02-20,195.86032258064517,1,False,21470.037352464144
CUST001073,2737.6800000000003,25,2026-01-25,109.50720000000001,27,False,12004.083539664805
CUST001074,8074.9,16,2024-10-15,504.68125,494,True,55322.71746426224
CUST001075,793.3100000000001,10,2024-01-12,79.331,771,True,8696.194873808741
CUST001076,2778.68,21,2026-02-19,132.31809523809522,2,False,14504.59393580896
CUST001077,5010.78,46,2025-12-27,108.92999999999999,56,False,11940.81138021689
CUST001078,23040.81,182,2026-02-16,126.59785714285715,5,False,13877.546436082814
CUST001079,5262.94,10,2025-11-28,526.294,85,False,57691.88822674992
CUST001080,10351.05,8,2026-02-15,1293.88125,6,False,141834.1315950542
CUST001081,4038.7599999999998,38,2026-01-14,106.28315789473683,38,False,11650.666862341524
CUST001082,30792.98,172,2026-02-07,179.02895348837208,14,False,19624.997385497787
CUST001083,2029.03,20,2025-11-25,101.4515,88,False,11121.02474745317
CUST001084,19590.7,107,2026-02-21,183.09065420560748,0,False,20070.23746763677
CUST001085,15660.06,147,2026-02-20,106.53102040816326,1,False,11677.837334397445
CUST001086,1568.8,22,2026-02-09,71.30909090909091,12,False,7816.840211513758
CUST001087,3106.45,46,2026-02-19,67.53152173913043,2,False,7402.746381217047
CUST001088,29614.93,117,2026-02-18,253.11905982905984,3,False,27746.690077633688
CUST001089,14178.08,27,2025-12-24,525.1140740740741,59,False,57562.54577816726
CUST001090,3344.69,21,2026-01-06,159.2709523809524,46,False,17459.142575309455
CUST001091,3605.6800000000003,19,2026-02-17,189.7726315789474,4,False,20802.709986336202
CUST001092,946.26,11,2025-11-25,86.02363636363636,88,False,9429.835821707045
CUST001093,706.45,18,2026-01-28,39.24722222222223,24,False,4302.246192536605
CUST001094,390.98,9,2025-11-07,43.44222222222223,106,True,4762.098425530361
CUST001095,5889.48,39,2026-02-11,151.01230769230767,10,False,16553.837163730124
CUST001096,1483.25,11,2026-02-04,134.8409090909091,17,False,14781.142585068565
CUST001097,6282.04,35,2025-08-10,179.48685714285713,195,True,19675.192383831745
CUST001098,4332.25,11,2025-09-23,393.84090909090907,151,True,43172.49618349117
CUST001099,5704.16,31,2026-02-08,184.00516129032258,13,False,20170.48493485843
CUST001100,9788.38,42,2026-02-12,233.05666666666664,9,False,25547.46807645963
CUST001101,0.0,5,2025-11-17,0.0,96,True,0.0
CUST001102,5030.77,27,2025-09-04,186.32481481481483,170,True,20424.763326517448
CUST001103,10282.460000000001,29,2024-06-29,354.5675862068966,602,True,38867.38885922468
CUST001104,384.79,12,2026-02-16,32.06583333333334,5,False,3515.028620056962
CUST001105,19169.3,105,2025-05-22,182.5647619047619,275,True,20012.589613320186
CUST001107,653.6,17,2025-07-26,38.44705882352941,210,True,4214.532980224623
CUST001109,2477.63,28,2025-12-17,88.48678571428572,66,False,9699.844100394346
CUST001110,3491.2900000000004,18,2025-06-08,193.96055555555557,258,True,21261.786551831163
CUST001111,8054.030000000001,50,2026-02-02,161.0806,19,False,17657.514565428854
CUST001112,0.0,16,2026-02-15,0.0,6,False,0.0
CUST001113,1891.66,40,2026-01-05,47.2915,47,False,5184.052890732829
CUST001114,2304.82,10,2026-02-09,230.48200000000003,12,False,25265.235367071968
CUST001115,843.15,10,2024-04-11,84.315,681,True,9242.536597108116
CUST001116,4998.57,21,2025-11-30,238.02714285714285,83,False,26092.327331580673
CUST001117,0.0,3,2024-05-13,0.0,649,True,0.0
CUST001118,18231.28,106,2026-02-02,171.9932075471698,19,False,18853.745065631603
CUST001119,19133.73,83,2026-02-06,230.5268674698795,15,False,25270.153699899827
CUST001120,4247.16,52,2026-01-29,81.67615384615384,23,False,8953.268588437522
CUST001121,1379.1399999999999,14,2026-02-09,98.50999999999999,12,False,10798.580088728228
CUST001122,4926.53,34,2025-12-19,144.89794117647057,64,False,15883.58565106029
CUST001123,12306.68,88,2026-02-08,139.84863636363636,13,False,15330.085271263406
CUST001124,6194.34,26,2025-06-21,238.24384615384616,245,True,26116.082157536843
CUST001125,22551.72,200,2026-02-15,112.7586,6,False,12360.499165494577
CUST001126,2736.9,47,2026-02-03,58.231914893617024,18,False,6383.331607945686
CUST001127,1239.66,25,2025-06-03,49.586400000000005,263,True,5435.617822674993
CUST001128,1715.19,19,2026-01-17,90.27315789473684,35,False,9895.66465728073
CUST001129,472.97,23,2025-11-28,20.563913043478262,85,False,2254.1981721413367
CUST001130,0.0,1,2023-07-17,0.0,950,True,0.0
CUST001131,5196.54,55,2026-02-04,94.48254545454546,17,False,10357.094042004002
CUST001132,4761.61,41,2024-09-05,116.13682926829267,534,True,12730.817704848392
CUST001133,1308.75,15,2026-02-05,87.25,16,False,9564.268731514952
CUST001134,2048.9,9,2026-02-13,227.65555555555557,8,False,24955.402997772668
CUST001135,0.0,4,2025-11-08,0.0,105,True,0.0
CUST001136,4613.1,35,2026-02-10,131.80285714285716,11,False,14448.113986197834
CUST001137,1306.45,16,2025-09-17,81.653125,157,True,8950.744186452514
CUST001138,0.0,7,2024-12-07,0.0,441,True,0.0
CUST001139,10538.41,32,2025-05-29,329.3253125,268,True,36100.35288068929
CUST001140,18230.7,203,2026-02-19,89.8064039408867,2,False,9844.499496866749
CUST001141,5873.92,27,2026-01-08,217.5525925925926,44,False,23847.925029150083
CUST001142,4839.73,55,2025-12-15,87.9950909090909,68,False,9645.944945657695
CUST001143,425.45000000000005,6,2023-10-18,70.90833333333335,857,True,7772.909516376384
CUST001144,2829.9,18,2026-02-01,157.21666666666667,20,False,17233.953571037353
CUST001145,2422.45,27,2024-04-02,89.72037037037036,690,True,9835.068572071907
CUST001146,1032.1399999999999,18,2025-11-07,57.341111111111104,106,True,6285.682475992257
CUST001147,1694.71,23,2026-02-09,73.68304347826087,12,False,8077.070816985526
CUST001148,1813.77,10,2023-11-27,181.377,817,True,19882.388191587248
CUST001149,0.0,2,2024-03-18,0.0,705,True,0.0
CUST001150,0.0,4,2023-07-01,0.0,966,True,0.0
CUST001151,799.3,13,2024-11-03,61.48461538461538,475,True,6739.889792461892
CUST001152,1063.44,21,2026-02-15,50.64,6,False,5551.112533683865
CUST001153,6439.53,41,2026-02-20,157.06170731707317,1,False,17216.967062590673
CUST001154,443.98,8,2025-08-28,55.4975,177,True,6083.587437561617
CUST001155,980.99,29,2026-01-30,33.827241379310344,22,False,3708.112630344374
CUST001156,11233.57,27,2026-02-10,416.0581481481481,11,False,45607.93050802692
CUST001157,10984.22,60,2026-02-13,183.0703333333333,8,False,20068.00991138131
CUST001158,4358.3,18,2024-04-19,242.1277777777778,673,True,26541.83534706248
CUST001159,5046.01,33,2026-02-05,152.90939393939394,16,False,16761.794099821745
CUST001160,12751.57,70,2026-02-15,182.16528571428572,6,False,19968.799382517253
CUST001161,6979.29,72,2026-01-23,96.93458333333334,29,False,10625.884290858801
CUST001162,2504.03,51,2026-02-14,49.098627450980395,7,False,5382.148622231673
CUST001163,12001.77,28,2026-02-21,428.63464285714286,0,False,46986.55486444299
CUST001164,822.97,15,2026-01-10,54.86466666666667,42,False,6014.216800744879
CUST001165,435.32,14,2026-01-04,31.094285714285714,48,False,3408.5284193230364
CUST001166,0.0,2,2023-07-01,0.0,966,True,0.0
CUST001167,1121.3200000000002,12,2025-12-22,93.44333333333334,61,False,10243.176517690876
CUST001168,1584.98,17,2025-08-05,93.23411764705882,200,True,10220.242477044712
CUST001169,516.77,21,2026-01-23,24.60809523809524,29,False,2697.5178891444843
CUST001170,13139.699999999999,46,2026-02-14,285.645652173913,7,False,31312.226697766782
CUST001171,1113.61,37,2025-12-13,30.097567567567566,70,False,3299.2690473483667
CUST001172,2186.26,34,2025-12-07,64.30176470588236,76,False,7048.703238483695
CUST001173,3390.6499999999996,28,2025-04-18,121.09464285714284,309,True,13274.288896648042
CUST001174,690.94,5,2025-08-28,138.18800000000002,177,True,15148.047764705883
CUST001175,161.74,6,2025-10-27,26.956666666666667,117,True,2954.966236170446
CUST001176,5772.719999999999,23,2026-01-27,250.9878260869565,25,False,27513.06609781537
CUST001177,2245.67,17,2025-10-20,132.09823529411764,124,True,14480.493080937928
CUST001178,4074.4300000000003,33,2026-02-11,123.46757575757577,10,False,13534.40772692419
CUST001179,11480.52,102,2026-02-08,112.55411764705883,13,False,12338.083988710832
CUST001180,16090.7,81,2026-02-10,198.65061728395062,11,False,21775.90701873963
CUST001181,438.03,18,2026-01-31,24.334999999999997,21,False,2667.581427867236
CUST001182,20038.55,82,2026-02-18,244.37256097560976,3,False,26787.90651895995
CUST001183,3031.3199999999997,27,2024-12-22,112.2711111111111,426,True,12307.061059626827
CUST001184,4476.82,20,2025-12-31,223.84099999999998,52,False,24537.254752218203
CUST001185,1172.04,20,2025-12-22,58.602,61,False,6423.900013802169
CUST001186,4290.18,21,2026-02-09,204.29428571428573,12,False,22394.561018731518
CUST001187,1781.6,20,2026-02-01,89.08,20,False,9764.871731843574
CUST001188,2204.85,28,2026-02-06,78.74464285714285,15,False,8631.918916365428
CUST001189,4350.46,29,2025-11-15,150.01586206896553,98,True,16444.607665529707
CUST001190,2009.52,44,2026-02-03,45.67090909090909,18,False,5006.405131897351
CUST001191,2873.11,36,2026-02-04,79.80861111111112,17,False,8748.550186311024
CUST001193,19411.31,66,2025-12-23,294.1107575757576,60,False,32240.164152252062
CUST001194,0.0,3,2024-03-04,0.0,719,True,0.0
CUST001195,0.0,5,2025-12-10,0.0,73,False,0.0
CUST001196,456.95000000000005,8,2024-04-19,57.118750000000006,673,True,6261.307445366415
CUST001197,2795.92,8,2025-12-13,349.49,70,False,38310.7882977325
CUST001198,1028.3700000000001,18,2026-02-14,57.131666666666675,7,False,6262.723359075475
CUST001199,1113.92,14,2025-08-09,79.5657142857143,196,True,8721.924048636214
CUST001200,396.65,9,2025-12-27,44.07222222222222,56,False,4831.158474823821
CUST001201,2838.6,10,2024-05-06,283.86,656,True,31116.485067367732
CUST001202,3856.8199999999997,44,2025-12-08,87.65499999999999,75,False,9608.664477489318
CUST001203,0.0,1,2023-05-07,0.0,1021,True,0.0
CUST001204,971.84,4,2025-10-31,242.96,113,True,26633.062819585935
CUST001205,1336.78,11,2026-02-21,121.52545454545454,0,False,13321.514097332176
CUST001206,2946.63,40,2026-02-21,73.66575,0,False,8075.175121015446
CUST001207,0.0,2,2024-05-04,0.0,658,True,0.0
CUST001208,532.65,5,2023-09-17,106.53,888,True,11677.725478146565
CUST001209,2661.5699999999997,25,2026-01-17,106.46279999999999,35,False,11670.359072888596
CUST001210,10043.81,39,2025-11-08,257.53358974358974,105,True,28230.606987958912
CUST001211,879.8,30,2026-01-13,29.326666666666664,39,False,3214.7635644648917
CUST001212,261.42,2,2023-08-08,130.71,928,True,14328.315941505092
CUST001213,22774.1,78,2026-02-14,291.975641025641,7,False,32006.114542413434
CUST001214,3284.2799999999997,30,2026-01-15,109.47599999999998,37,False,12000.663422937887
CUST001215,1209.74,27,2025-11-05,44.80518518518519,108,True,4911.505234113509
CUST001216,0.0,14,2025-11-24,0.0,89,False,0.0
CUST001217,1860.87,25,2026-02-19,74.4348,2,False,8159.4777097601045
CUST001218,963.61,11,2024-05-12,87.6009090909091,650,True,9602.73507931766
CUST001219,1991.52,23,2026-01-03,86.58782608695653,49,False,9491.681805998085
CUST001220,30611.54,138,2026-02-21,221.82275362318842,0,False,24316.01634861669
CUST001221,0.0,5,2024-11-11,0.0,467,True,0.0
CUST001222,0.0,9,2026-01-16,0.0,36,False,0.0
CUST001223,3535.01,27,2024-03-27,130.9262962962963,696,True,14352.02615243242
CUST001224,8015.99,21,2026-02-15,381.7138095238095,6,False,41843.13412969657
CUST001225,737.87,8,2026-02-04,92.23375,17,False,10110.583050032861
CUST001226,20779.12,84,2026-02-11,247.37047619047618,10,False,27116.5353642239
CUST001227,538.58,13,2024-07-27,41.42923076923077,574,True,4541.436062084482
CUST001228,29559.059999999998,140,2026-02-21,211.13614285714283,0,False,23144.55941800854
CUST001229,6509.610000000001,54,2026-02-16,120.54833333333335,5,False,13214.402924197613
CUST001230,3878.41,18,2026-02-21,215.4672222222222,0,False,23619.32855205024
CUST001231,22809.5,72,2025-02-28,316.7986111111111,358,True,34727.18682449702
CUST001232,8663.11,15,2025-04-13,577.5406666666667,314,True,63309.50303012378
CUST001233,18898.0,64,2026-02-20,295.28125,1,False,32368.472508626353
CUST001234,3930.5299999999997,41,2026-01-31,95.86658536585365,21,False,10508.811287240607
CUST001235,18669.91,95,2026-02-13,196.52536842105263,8,False,21542.93909614819
CUST001236,2166.0,53,2026-02-03,40.867924528301884,18,False,4479.906162612615
CUST001237,6695.91,28,2026-02-05,239.13964285714286,16,False,26214.27860910286
CUST001238,1908.96,17,2026-02-02,112.29176470588236,19,False,12309.325088631575
CUST001239,9698.85,45,2026-02-15,215.53,6,False,23626.21019717384
CUST001241,17724.01,181,2026-02-16,97.92270718232044,5,False,10734.20156342879
CUST001242,1256.8000000000002,49,2026-02-02,25.64897959183674,19,False,2811.6187221257223
CUST001243,1080.22,24,2025-11-18,45.009166666666665,95,True,4933.865505805674
CUST001244,9645.31,44,2026-02-18,219.2115909090909,3,False,24029.78297441221
CUST001245,473.69,11,2026-02-10,43.06272727272727,11,False,4720.498520897439
CUST001246,1587.63,18,2025-11-18,88.20166666666667,95,True,9668.589599627561
CUST001247,8114.75,58,2025-08-29,139.9094827586207,176,True,15336.755199893481
CUST001248,107.28,14,2026-01-30,7.662857142857143,22,False,839.9957016102529
CUST001249,2477.06,11,2025-12-18,225.18727272727273,65,False,24684.83199175455
CUST001250,4942.74,58,2026-02-15,85.2196551724138,6,False,9341.70410631523
CUST001251,7527.0599999999995,99,2026-02-08,76.03090909090909,13,False,8334.441793086966
CUST001252,4843.06,46,2026-02-18,105.28391304347826,3,False,11541.130515223822
CUST001253,8372.89,42,2024-12-31,199.35452380952378,417,True,21853.068636761964
CUST001255,10263.4,13,2025-04-25,789.4923076923077,302,True,86543.45664450567
CUST001256,19859.58,87,2026-02-03,228.27103448275864,18,False,25022.87125975954
CUST001257,3494.52,20,2026-01-04,174.726,48,False,19153.31138547486
CUST001258,4128.47,6,2023-10-25,688.0783333333334,850,True,75426.54542501918
CUST001259,9091.43,43,2024-08-05,211.4286046511628,565,True,23176.61882421723
CUST001260,3791.5099999999998,48,2025-07-30,78.98979166666666,206,True,8658.791914571693
CUST001261,0.0,3,2023-08-20,0.0,916,True,0.0
CUST001262,9201.97,102,2026-02-20,90.21539215686273,1,False,9889.33242759016
CUST001263,3155.37,5,2025-03-10,631.074,348,True,69177.78023463686
CUST001264,5782.22,61,2026-02-19,94.7904918032787,2,False,10390.850851564732
CUST001265,4772.530000000001,38,2025-07-29,125.59289473684213,207,True,13767.383335610635
CUST001266,1436.28,37,2026-02-05,38.81837837837838,16,False,4255.23670524287
CUST001267,10527.4,77,2026-02-01,136.71948051948053,20,False,14987.069942939086
CUST001269,6349.75,44,2026-01-20,144.3125,32,False,15819.410101051593
CUST001271,5537.0599999999995,21,2025-10-25,263.6695238095238,119,True,28903.222716617372
CUST001272,2486.86,15,2026-02-07,165.79066666666668,14,False,18173.82795618359
CUST001273,0.0,14,2026-01-15,0.0,37,False,0.0
CUST001274,0.0,10,2025-11-30,0.0,83,False,0.0
CUST001276,764.34,13,2025-12-26,58.79538461538462,57,False,6445.098666295913
CUST001277,2154.61,37,2026-02-10,58.2327027027027,11,False,6383.417966889005
CUST001278,3053.39,29,2026-01-23,105.28931034482758,29,False,11541.72216267975
CUST001279,0.0,2,2023-04-13,0.0,1045,True,0.0
CUST001280,5531.7699999999995,58,2026-01-22,95.3753448275862,30,False,10454.961928847439
CUST001281,14442.0,50,2025-10-18,288.84,126,True,31662.38831416365
CUST001282,573.51,15,2026-01-29,38.234,23,False,4191.177658232008
CUST001283,947.59,31,2026-01-20,30.567419354838712,32,False,3350.773789554027
CUST001284,7158.92,37,2026-01-29,193.48432432432432,23,False,21209.582500555105
CUST001285,8264.67,32,2026-02-21,258.2709375,0,False,28311.43440447338
CUST001287,31743.11,43,2026-02-08,738.2118604651163,13,False,80922.13884561593
CUST001288,8447.84,42,2025-08-29,201.13904761904763,176,True,22048.68657684303
CUST001289,8371.42,55,2026-01-17,152.20763636363637,35,False,16684.86804779972
CUST001290,8578.95,76,2026-02-21,112.88092105263159,0,False,12373.907892358651
CUST001291,10721.66,32,2026-02-07,335.051875,14,False,36728.09365613703
CUST001292,544.47,8,2026-01-30,68.05875,22,False,7460.540682303647
CUST001293,2178.4,30,2026-01-22,72.61333333333333,30,False,7959.810125972177
CUST001295,963.86,14,2025-12-22,68.84714285714286,61,False,7546.963618139993
CUST001296,8149.16,70,2026-02-19,116.41657142857143,2,False,12761.482795925072
CUST001297,2175.4300000000003,36,2024-06-28,60.42861111111112,603,True,6624.131527093146
CUST001298,7543.57,14,2025-10-07,538.8264285714286,137,True,59065.682091685834
CUST001299,5777.6,45,2025-08-22,128.39111111111112,183,True,14074.121368532516
CUST001300,3638.7500000000005,21,2024-04-04,173.27380952380955,688,True,18994.12353488882
CUST001301,927.9,31,2026-01-22,29.932258064516127,30,False,3281.147964127081
CUST001302,18812.77,100,2025-02-08,188.1277,378,True,20622.394024548143
CUST001303,2351.88,35,2025-10-05,67.19657142857143,139,True,7366.029420966152
CUST001304,2053.5099999999998,12,2026-02-10,171.1258333333333,11,False,18758.664262515056
CUST001305,10237.8,60,2026-02-13,170.63,8,False,18704.311445941505
CUST001306,4644.23,37,2026-02-05,125.51972972972972,16,False,13759.36305148724
CUST001307,5112.29,93,2026-01-30,54.97086021505376,22,False,6025.857644691324
CUST001308,12421.77,58,2026-01-30,214.1684482758621,22,False,23476.958087357078
CUST001309,3296.77,33,2026-02-10,99.90212121212122,11,False,10951.183199095789
CUST001310,2032.75,12,2026-02-12,169.39583333333334,9,False,18569.023174772705
CUST001311,0.0,19,2026-02-16,0.0,5,False,0.0
CUST001312,775.94,10,2025-07-05,77.59400000000001,231,True,8505.786452185343
CUST001313,9899.49,19,2026-01-19,521.0257894736842,33,False,57114.39159399484
CUST001314,8500.2,50,2025-12-10,170.00400000000002,73,False,18635.689873151496
CUST001315,35286.87,163,2026-02-13,216.48386503067485,8,False,23730.772048027353
CUST001316,8564.039999999999,46,2026-02-12,186.17478260869564,9,False,20408.31692723142
CUST001317,2089.75,15,2025-11-14,139.31666666666666,99,True,15271.771218096177
CUST001318,7780.44,45,2026-01-20,172.89866666666666,32,False,18953.000702815203
CUST001319,0.0,3,2024-02-03,0.0,749,True,0.0
CUST001320,1552.57,22,2025-09-12,70.57136363636363,162,True,7735.971192752366
CUST001321,484.08,20,2025-05-05,24.204,292,True,2653.221322379231
CUST001322,4855.24,37,2026-02-12,131.2227027027027,9,False,14384.517963602773
CUST001323,0.0,16,2026-01-28,0.0,24,False,0.0
CUST001324,978.26,34,2026-02-11,28.77235294117647,10,False,3154.0001784229958
CUST001325,615.33,22,2026-01-20,27.969545454545457,32,False,3065.9971235025246
CUST001326,11418.76,47,2026-01-18,242.95234042553193,34,False,26632.223183728263
CUST001327,330.28,13,2025-09-08,25.406153846153845,166,True,2785.0003761470207
CUST001328,212.8,4,2024-09-26,53.2,513,True,5831.737495892212
CUST001329,3512.86,45,2026-02-14,78.06355555555555,7,False,8557.258721729288
CUST001330,3154.29,19,2025-12-20,166.01526315789474,63,False,18198.448027223825
CUST001331,11038.74,90,2026-02-15,122.65266666666666,6,False,13445.078104721217
CUST001332,1233.0900000000001,18,2025-12-04,68.50500000000001,79,False,7509.45821721985
CUST001333,8285.42,32,2025-11-07,258.919375,106,True,28382.515556399936
CUST001334,1030.8799999999999,38,2026-02-18,27.128421052631577,3,False,2973.793801822993
CUST001335,4451.98,11,2025-12-05,404.7254545454545,78,False,44365.65054163056
CUST001337,1506.65,12,2026-01-04,125.55416666666667,48,False,13763.137998411656
CUST001339,4415.46,24,2026-01-12,183.9775,40,False,20167.452728393033
CUST001340,19815.72,108,2025-02-21,183.4788888888889,365,True,20112.795414247634
CUST001341,5558.65,18,2025-01-16,308.81388888888887,401,True,33851.90855424106
CUST001342,4718.1900000000005,27,2026-02-10,174.7477777777778,11,False,19155.698646438093
CUST001343,9545.15,88,2026-02-16,108.46761363636364,5,False,11890.12499122427
CUST001344,26201.82,141,2026-02-21,185.82851063829787,0,False,20370.358896525682
CUST001345,13935.67,140,2026-02-19,99.5405,2,False,10911.542597929674
CUST001346,7437.370000000001,64,2025-02-11,116.20890625000001,375,True,12738.718720577966
CUST001347,10578.47,81,2026-02-19,130.59839506172838,2,False,14316.081905729805
CUST001348,5705.39,37,2025-12-19,154.19972972972974,64,False,16903.23958122763
CUST001349,593.53,51,2026-02-18,11.637843137254901,3,False,1275.7301916323545
CUST001350,941.8299999999999,12,2024-08-27,78.48583333333333,543,True,8603.548442600504
CUST001351,6264.16,21,2026-02-02,298.29333333333335,19,False,32698.654450651768
CUST001352,4530.18,30,2026-02-14,151.006,7,False,16553.145720013144
CUST001353,0.0,3,2023-08-31,0.0,905,True,0.0
CUST001355,10092.41,71,2026-02-13,142.14661971830986,8,False,15581.988197849603
CUST001356,8511.24,81,2026-02-15,105.07703703703703,6,False,11518.452948235781
CUST001358,24479.96,111,2026-02-13,220.54018018018016,8,False,24175.421768939494
CUST001359,0.0,2,2023-09-02,0.0,903,True,0.0
CUST001360,4908.21,12,2024-01-30,409.0175,753,True,44836.140812520534
CUST001361,8831.76,19,2025-12-07,464.82947368421054,76,False,50954.20058045212
CUST001362,0.0,3,2025-12-05,0.0,78,False,0.0
CUST001363,6502.1,25,2025-10-29,260.084,115,True,28510.180730857704
CUST001364,1894.96,28,2026-02-01,67.67714285714285,20,False,7418.709240880708
CUST001365,12365.93,128,2026-02-15,96.608828125,6,False,10590.1752896761
CUST001366,9687.07,46,2026-02-03,210.58847826086955,18,False,23084.524903699148
CUST001367,0.0,2,2023-11-30,0.0,814,True,0.0
CUST001368,20687.05,102,2025-08-08,202.8142156862745,197,True,22232.31703604544
CUST001369,1456.76,16,2024-05-04,91.0475,658,True,9980.54736197831
CUST001370,3569.69,44,2026-01-25,81.12931818181818,27,False,8893.324940922534
CUST001371,4732.959999999999,20,2025-11-25,236.64799999999997,88,False,25941.146897140974
CUST001372,3656.25,21,2026-01-09,174.10714285714286,43,False,19085.472806441012
CUST001373,722.5699999999999,19,2026-01-21,38.029999999999994,31,False,4168.81535655603
CUST001374,13295.81,63,2026-02-20,211.04460317460317,1,False,23134.5249180268
CUST001375,13241.53,152,2025-09-04,87.11532894736843,170,True,9549.506208446479
CUST001376,19125.55,89,2026-01-30,214.8938202247191,22,False,23556.47272631606
CUST001377,0.0,3,2024-04-25,0.0,667,True,0.0
CUST001378,1716.46,24,2026-02-06,71.51916666666666,15,False,7839.868532424141
CUST001379,5648.25,36,2025-10-21,156.89583333333334,123,True,17198.784101489757
CUST001380,838.01,8,2026-01-17,104.75125,35,False,11482.740458018403
CUST001381,4190.25,47,2026-02-16,89.15425531914893,5,False,9773.011535019332
CUST001382,3687.89,18,2026-02-17,204.88277777777776,4,False,22459.07100430861
CUST001383,942.6099999999999,25,2026-02-11,37.70439999999999,10,False,4133.123369175156
CUST001384,2395.54,12,2025-11-26,199.62833333333333,87,False,21883.08339741483
CUST001385,5858.99,58,2026-02-07,101.01706896551724,14,False,11073.40279720557
CUST001386,5405.27,33,2026-01-28,163.79606060606062,24,False,17955.18098337964
CUST001387,1219.94,16,2026-01-15,76.24625,37,False,8358.047275303976
CUST001388,0.0,3,2026-01-23,0.0,29,False,0.0
CUST001389,4575.879999999999,24,2026-01-22,190.66166666666663,30,False,20900.165235513196
CUST001390,19690.99,108,2026-02-08,182.3239814814815,13,False,19986.195473795357
CUST001391,13087.93,115,2026-02-04,113.80808695652175,17,False,12475.543008272729
CUST001393,2020.7,17,2025-05-25,118.86470588235295,272,True,13029.845154742805
CUST001394,3562.05,28,2025-03-10,127.21607142857144,348,True,13945.314545678608
CUST001395,2005.2,13,2026-02-16,154.24615384615385,5,False,16908.328552288986
CUST001396,5347.41,28,2026-02-18,190.97892857142855,3,False,20934.943208182714
CUST001397,5870.55,51,2026-02-20,115.10882352941177,1,False,12618.128614370493
CUST001398,1165.85,9,2023-11-26,129.5388888888889,818,True,14199.939765217074
CUST001399,4253.51,24,2026-02-20,177.22958333333335,1,False,19427.752001999124
CUST001400,3449.42,25,2026-02-02,137.9768,19,False,15124.896205323694
CUST001401,5615.55,11,2026-02-20,510.50454545454545,1,False,55961.062021629376
CUST001402,126.18,7,2025-06-24,18.025714285714287,242,True,1975.9630430496222
CUST001403,3030.86,30,2025-12-26,101.02866666666667,57,False,11074.674127067587
CUST001404,273.11,42,2026-01-27,6.5026190476190475,25,False,712.8114158177237
CUST001405,6040.16,67,2026-02-13,90.15164179104477,8,False,9882.344168215772
CUST001406,3634.1099999999997,13,2024-12-08,279.54692307692306,440,True,30643.68934528173
CUST001407,19327.57,76,2026-02-19,254.31013157894736,2,False,27877.254321696037
CUST001408,4528.3099999999995,22,2026-02-09,205.8322727272727,12,False,22563.153810683234
CUST001409,6966.22,30,2026-01-13,232.20733333333334,39,False,25454.364898893637
CUST001410,4150.9400000000005,19,2025-12-21,218.4705263157895,62,False,23948.54812148676
CUST001411,0.0,4,2026-01-11,0.0,41,False,0.0
CUST001412,6990.66,56,2026-02-21,124.83321428571428,0,False,13684.107828623068
CUST001413,8824.33,57,2026-02-03,154.81280701754386,18,False,16970.44457760405
CUST001414,3502.19,20,2026-02-16,175.1095,5,False,19195.350320243182
CUST001415,4905.030000000001,33,2026-02-09,148.63727272727274,12,False,16293.487906969798
CUST001416,3841.77,46,2025-12-04,83.51673913043479,79,False,9155.03193837603
CUST001417,0.0,12,2026-01-05,0.0,47,False,0.0
CUST001419,4620.93,41,2025-11-10,112.70560975609757,103,True,12354.690421278745
CUST001420,1275.33,11,2026-02-08,115.93909090909091,13,False,12709.141798763181
CUST001421,2805.37,36,2025-10-22,77.92694444444444,122,True,8542.283531146164
CUST001422,998.39,12,2025-10-17,83.19916666666667,127,True,9120.219922499728
CUST001423,2736.19,43,2026-02-15,63.63232558139535,6,False,6975.319906839181
CUST001425,420.18,12,2026-02-17,35.015,4,False,3838.3136920801844
CUST001426,9267.49,83,2026-01-03,111.65650602409639,49,False,12239.688587237546
CUST001427,0.0,15,2026-01-24,0.0,28,False,0.0
CUST001428,1246.42,19,2025-11-19,65.60105263157895,94,True,7191.130045142433
CUST001429,8005.75,36,2026-02-18,222.38194444444446,3,False,24377.314357633186
CUST001431,2914.96,10,2025-10-09,291.496,135,True,31953.53671245481
CUST001432,2201.61,28,2026-01-31,78.62892857142857,21,False,8619.23441751561
CUST001433,5095.15,36,2026-01-24,141.53194444444443,28,False,15514.608031639098
CUST001434,9088.49,48,2025-12-20,189.34354166666665,63,False,20755.67352523551
CUST001435,4791.67,26,2026-01-05,184.29500000000002,47,False,20202.256800854422
CUST001436,703.25,21,2025-08-07,33.48809523809524,198,True,3670.935726804689
CUST001437,84.58,9,2026-01-28,9.397777777777778,24,False,1030.1761850513017
CUST001438,5802.86,35,2025-11-25,165.796,88,False,18174.412591521523
CUST001439,738.73,10,2025-01-08,73.873,409,True,8097.893684850476
CUST001440,0.0,1,2024-04-18,0.0,674,True,0.0
CUST001441,5615.3099999999995,51,2026-02-03,110.10411764705881,18,False,12069.517130347373
CUST001442,8178.969999999999,65,2026-01-16,125.83030769230768,36,False,13793.408336257235
CUST001443,0.0,1,2024-03-01,0.0,722,True,0.0
CUST001444,601.14,15,2026-02-07,40.076,14,False,4393.096088070983
CUST001445,3425.36,38,2026-02-10,90.14105263157894,11,False,9881.183393811507
CUST001446,26975.460000000003,122,2026-02-15,221.1103278688525,6,False,24237.920860184353
CUST001447,5705.47,27,2026-01-21,211.3137037037037,31,False,23164.023482795972
CUST001448,4719.780000000001,12,2025-09-06,393.31500000000005,168,True,43114.84648866251
CUST001449,1002.33,17,2026-01-28,58.96058823529412,24,False,6463.208142699735
CUST001450,10310.9,72,2026-02-16,143.20694444444445,5,False,15698.220067459015
CUST001451,776.98,21,2026-01-27,36.99904761904762,25,False,4055.803257750028
CUST001452,461.75,11,2026-01-03,41.97727272727273,49,False,4601.5119424610875
CUST001453,6647.280000000001,25,2026-02-11,265.8912,10,False,29146.760918567204
CUST001454,0.0,10,2025-03-15,0.0,343,True,0.0
CUST001455,11938.07,28,2026-02-15,426.35964285714283,6,False,46737.171353105485
CUST001456,10093.6,79,2026-02-17,127.76708860759494,4,False,14005.716567178459
CUST001457,8768.24,40,2026-02-14,219.206,7,False,24029.17010384489
CUST001458,4819.61,24,2026-01-22,200.81708333333333,30,False,22013.39313328404
CUST001459,2973.91,13,2025-10-02,228.76230769230767,142,True,25076.724199550037
CUST001460,576.99,7,2025-11-29,82.42714285714285,84,False,9035.591347354584
CUST001461,18772.13,68,2026-02-21,276.06073529411765,0,False,30261.5364879376
CUST001463,1841.5,33,2026-02-12,55.803030303030305,9,False,6117.0794023043445
CUST001464,22528.66,151,2025-05-06,149.1964238410596,291,True,16354.781563288234
CUST001465,7208.62,25,2026-02-17,288.3448,4,False,31608.104923036477
CUST001466,1942.98,20,2026-02-08,97.149,13,False,10649.388458429183
CUST001467,3422.71,14,2025-01-07,244.4792857142857,410,True,26799.605591521522
CUST001468,10143.550000000001,86,2026-02-07,117.9482558139535,14,False,12929.384699348104
CUST001469,0.0,7,2023-11-08,0.0,836,True,0.0
CUST001470,916.34,17,2026-02-08,53.902352941176474,13,False,5908.728811351028
CUST001471,2680.3,52,2026-02-08,51.54423076923077,13,False,5650.23352018504
CUST001472,231.38,12,2026-02-18,19.281666666666666,3,False,2113.639445174718
CUST001473,16980.94,128,2026-02-21,132.66359375,0,False,14542.4671806708
CUST001474,4257.9400000000005,93,2026-02-21,45.78430107526882,0,False,5018.835062102693
CUST001475,0.0,8,2024-03-30,0.0,693,True,0.0
CUST001476,6396.28,62,2026-02-12,103.1658064516129,9,False,11308.945522139653
CUST001477,4745.25,50,2026-01-19,94.905,33,False,10403.403139993428
CUST001478,13659.550000000001,57,2026-02-04,239.64122807017546,17,False,26269.261941701116
CUST001479,2758.52,46,2026-02-14,59.96782608695652,7,False,6573.620675534727
CUST001480,3363.6800000000003,15,2024-11-13,224.24533333333335,465,True,24581.577418775334
CUST001482,265.07,20,2024-03-21,13.253499999999999,702,True,1452.8370846204402
CUST001483,890.05,11,2025-01-20,80.91363636363636,397,True,8869.68208854898
CUST001484,2829.06,27,2026-01-22,104.78,30,False,11485.892007886954
CUST001485,3390.5,13,2025-05-24,260.8076923076923,273,True,28589.511249020452
CUST001486,11359.04,42,2026-02-01,270.4533333333334,20,False,29646.857986635998
CUST001487,10158.550000000001,129,2026-02-07,78.7484496124031,14,False,8632.33620954943
CUST001488,0.0,8,2024-11-11,0.0,467,True,0.0
CUST001489,563.41,23,2026-01-23,24.496086956521737,29,False,2685.239639229021
CUST001490,11957.36,114,2026-02-21,104.88912280701754,0,False,11497.853954603894
CUST001491,2099.75,17,2026-01-16,123.51470588235294,36,False,13539.574090004058
CUST001492,2084.44,38,2026-02-06,54.85368421052632,15,False,6013.012913502948
CUST001493,1407.6,12,2026-02-18,117.3,3,False,12858.323463687151
CUST001494,14041.490000000002,31,2026-01-10,452.9512903225807,42,False,49652.124503514155
CUST001495,4902.48,6,2024-11-09,817.0799999999999,469,True,89567.59535984225
CUST001496,15175.51,82,2026-02-20,185.06719512195122,1,False,20286.904155118104
CUST001497,3602.05,59,2026-02-01,61.05169491525424,20,False,6692.433429042481
CUST001498,32957.03,176,2025-06-26,187.25585227272725,240,True,20526.822838799177
CUST001499,829.0899999999999,34,2026-02-16,24.384999999999998,5,False,2673.062384160368
CUST001500,3578.2,39,2026-02-19,91.74871794871794,2,False,10057.414260555961
CUST001501,4518.29,36,2026-01-23,125.50805555555556,29,False,13758.0833387191
CUST001502,394.8,15,2025-02-16,26.32,370,True,2885.175392704568
CUST001503,4337.04,35,2026-02-16,123.91542857142856,5,False,13583.500960893853
CUST001504,1575.06,22,2026-02-20,71.59363636363636,1,False,7848.031835509216
CUST001505,4055.6299999999997,30,2026-02-13,135.18766666666664,8,False,14819.153847409352
CUST001506,2279.51,26,2024-10-18,87.67346153846155,491,True,9610.688215197555
CUST001507,1295.5700000000002,9,2025-02-04,143.95222222222225,382,True,15779.916765983864
CUST001508,10057.63,82,2026-02-17,122.65402439024389,4,False,13445.226937192916
CUST001509,10791.050000000001,79,2026-02-20,136.59556962025317,1,False,14973.486938480928
CUST001510,3926.3199999999997,32,2026-01-24,122.69749999999999,28,False,13449.992695530726
CUST001511,0.0,7,2026-02-07,0.0,14,False,0.0
CUST001512,369.12,17,2025-07-20,21.71294117647059,216,True,2380.153631671532
CUST001513,2717.04,20,2024-01-05,135.852,778,True,14891.977486690765
CUST001514,1322.09,38,2025-12-08,34.79184210526316,75,False,3813.851318729785
CUST001515,214.38,15,2026-02-02,14.292,19,False,1566.6765468287872
CUST001516,117.32,20,2026-02-13,5.866,8,False,643.0257923102201
CUST001517,700.26,12,2024-01-27,58.355,756,True,6396.824089714097
CUST001518,2207.6,24,2026-01-31,91.98333333333333,21,False,10083.132593931427
CUST001519,6263.6,32,2026-01-15,195.7375,37,False,21456.57364853763
CUST001520,494.17999999999995,18,2024-11-13,27.45444444444444,465,True,3009.5322010442906
CUST001521,3300.17,28,2026-02-19,117.86321428571429,2,False,12920.062521360502
CUST001522,0.0,8,2025-12-13,0.0,70,False,0.0
CUST001523,13248.380000000001,90,2026-02-19,147.20422222222223,2,False,16136.39816328915
CUST001524,6801.6,20,2026-01-21,340.08000000000004,31,False,37279.272323365105
CUST001525,5007.72,65,2026-02-18,77.04184615384615,3,False,8445.259830228266
CUST001526,20760.91,89,2026-02-19,233.26865168539325,2,False,25570.705688908416
CUST001527,11610.38,66,2026-02-20,175.91484848484848,1,False,19283.63191716707
CUST001528,51.22,21,2026-02-16,2.439047619047619,5,False,267.3662679373425
CUST001529,1315.3200000000002,8,2024-04-20,164.41500000000002,672,True,18023.028578705227
CUST001530,23.67,9,2024-12-21,2.6300000000000003,427,True,288.29830101873154
CUST001531,286.64,5,2025-09-09,57.327999999999996,165,True,6284.245247453171
CUST001532,5506.99,45,2026-02-09,122.37755555555555,12,False,13414.920665206118
CUST001533,4795.1,9,2026-02-02,532.7888888888889,19,False,58403.85226932487
CUST001534,3196.3,61,2026-01-31,52.398360655737704,21,False,5743.862491717082
CUST001535,239.78,2,2023-09-16,119.89,889,True,13142.236999671375
CUST001536,3807.1400000000003,29,2026-01-22,131.28068965517244,30,False,14390.874442643946
CUST001537,4304.63,33,2025-07-03,130.44333333333333,233,True,14299.08417460839
CUST001538,8580.04,24,2025-12-05,357.5016666666667,78,False,39189.020194435325
CUST001539,5948.2699999999995,59,2026-02-13,100.81813559322033,8,False,11051.595894829477
CUST001540,3362.29,28,2026-02-02,120.08178571428572,19,False,13163.260382024318
CUST001541,10613.199999999999,60,2026-02-09,176.88666666666666,12,False,19390.16177675539
CUST001542,2440.4300000000003,6,2025-09-13,406.7383333333334,161,True,44586.30055482529
CUST001543,4329.77,36,2026-02-20,120.27138888888891,1,False,13184.044516285101
CUST001544,18630.43,162,2026-02-18,115.00265432098766,3,False,12606.490438549514
CUST001545,3843.6800000000003,24,2026-01-25,160.15333333333334,27,False,17555.868403987293
CUST001546,580.39,15,2026-02-18,38.69266666666667,3,False,4241.456297294337
CUST001547,1947.61,43,2026-02-12,45.293255813953486,9,False,4965.007109798316
CUST001548,2240.5699999999997,19,2025-01-21,117.92473684210525,396,True,12926.80657021291
CUST001549,2617.42,44,2026-01-27,59.48681818181819,25,False,6520.893009440445
CUST001550,10434.130000000001,54,2026-02-04,193.22462962962965,17,False,21181.114995131513
CUST001551,4505.73,60,2026-02-19,75.09549999999999,2,False,8231.903066217548
CUST001552,9045.64,82,2026-02-15,110.31268292682927,6,False,12092.379874001106
CUST001553,3782.73,39,2026-02-11,96.99307692307693,10,False,10632.296307035062
CUST001554,1914.74,20,2026-01-04,95.737,48,False,10494.606252711139
CUST001556,15859.6,167,2026-02-11,94.96766467065868,10,False,10410.272386413502
CUST001557,5544.7,26,2026-02-11,213.2576923076923,10,False,23377.12181425213
CUST001558,3531.4300000000003,14,2025-12-09,252.24500000000003,74,False,27650.876403220507
CUST001559,7232.139999999999,59,2026-02-20,122.5786440677966,1,False,13436.963812139
CUST001560,1597.76,30,2026-02-05,53.25866666666666,16,False,5838.168484609486
CUST001561,1451.89,12,2025-12-20,120.99083333333334,63,False,13262.909387391828
CUST001562,11286.83,57,2026-02-20,198.01456140350876,1,False,21706.183129125802
CUST001563,4730.8,19,2026-02-06,248.98947368421054,15,False,27294.008454260857
CUST001564,364.07,16,2025-02-07,22.754375,379,True,2494.314697050608
CUST001565,3465.81,34,2026-01-24,101.93558823529412,28,False,11174.090076646498
CUST001566,1448.47,15,2025-11-11,96.56466666666667,102,True,10585.334349216782
CUST001567,12664.32,54,2026-02-18,234.52444444444444,3,False,25708.364593420236
CUST001568,4366.74,29,2026-02-16,150.57724137931035,5,False,16506.145574807077
CUST001569,391.8,8,2024-02-09,48.975,743,True,5368.596689122576
CUST001570,1559.8899999999999,20,2025-12-25,77.99449999999999,58,False,8549.688912093328
CUST001571,2086.35,37,2026-02-07,56.387837837837836,14,False,6181.185493067829
CUST001572,1881.09,20,2024-05-26,94.05449999999999,636,True,10310.172073447255
CUST001573,2835.83,15,2026-02-03,189.05533333333332,18,False,20724.080379669183
CUST001574,2485.51,31,2024-07-17,80.17774193548388,584,True,8789.01398460772
CUST001575,0.0,3,2023-08-27,0.0,909,True,0.0
CUST001576,5900.35,52,2026-02-12,113.46826923076924,9,False,12438.29248622311
CUST001577,396.66,25,2025-08-08,15.8664,197,True,1739.260898586921
CUST001578,22731.81,139,2026-02-14,163.53820143884894,7,False,17926.91468687423
CUST001579,433.62,20,2026-01-08,21.681,44,False,2376.6522678278016
CUST001580,0.0,7,2024-05-19,0.0,643,True,0.0
CUST001581,3681.0099999999998,13,2026-01-07,283.15461538461534,45,False,31039.16142243231
CUST001582,345.9,21,2025-08-06,16.47142857142857,199,True,1805.5836017088398
CUST001583,1751.57,25,2026-02-18,70.0628,3,False,7680.222891488661
CUST001585,0.0,16,2025-11-13,0.0,100,True,0.0
CUST001586,0.0,10,2026-02-19,0.0,2,False,0.0
CUST001587,12178.81,69,2026-02-18,176.50449275362317,3,False,19348.268206480065
CUST001588,6347.89,81,2025-08-06,78.36901234567901,199,True,8590.742628051426
CUST001589,9353.65,34,2026-02-03,275.1073529411765,18,False,30157.027547795326
CUST001590,7535.45,29,2025-12-29,259.8431034482759,54,False,28483.773861434387
CUST001591,8101.26,38,2025-09-13,213.19105263157894,161,True,23369.816831208813
CUST001592,2714.7799999999997,11,2024-04-17,246.7981818181818,675,True,27053.800955396888
CUST001593,0.0,1,2023-11-29,0.0,815,True,0.0
CUST001594,6256.63,34,2026-02-15,184.01852941176472,6,False,20171.95033664534
CUST001595,10464.539999999999,51,2026-02-16,205.18705882352938,5,False,22492.426026560475
CUST001596,6226.22,49,2026-02-12,127.0657142857143,9,False,13928.832527111404
CUST001597,3663.2,38,2025-12-17,96.39999999999999,66,False,10567.283733158067
CUST001598,913.0,2,2023-12-30,456.5,784,True,50041.13095629313
CUST001599,322.18,2,2024-04-24,161.09,668,True,17658.544985211964
CUST001600,4431.98,64,2026-02-19,69.2496875,2,False,7591.090210010679
CUST001601,0.0,8,2024-08-18,0.0,552,True,0.0
CUST001602,2785.75,3,2026-01-17,928.5833333333334,35,False,101790.49329061233
CUST001603,96.64,5,2023-12-13,19.328,801,True,2118.71846467302
CUST001604,10104.050000000001,82,2026-02-18,123.22012195121953,3,False,13507.282056980037
CUST001605,237.02,26,2026-02-19,9.116153846153846,2,False,999.3048158446876
CUST001606,9876.89,71,2026-02-17,139.11112676056337,4,False,15249.240113259246
CUST001607,11355.13,92,2026-01-23,123.42532608695652,29,False,13529.77635496292
CUST001608,18787.76,110,2025-12-12,170.79781818181817,71,False,18722.70752833627
CUST001610,5154.26,35,2026-01-30,147.26457142857143,22,False,16143.013590535655
CUST001611,6812.0,42,2026-02-21,162.1904761904762,0,False,17779.178223244606
CUST001612,0.0,7,2025-09-21,0.0,153,True,0.0
CUST001613,1663.6399999999999,19,2025-12-26,87.55999999999999,57,False,9598.250660532367
CUST001614,6272.62,16,2025-12-17,392.03875,66,False,42974.94507928031
CUST001615,12145.92,91,2024-10-26,133.47164835164835,483,True,14631.045419752776
CUST001616,252.3,18,2026-02-01,14.016666666666667,20,False,1536.4947475079418
CUST001617,4752.7699999999995,41,2025-12-31,115.92121951219511,52,False,12707.18275185752
CUST001618,5023.29,31,2025-06-15,162.0416129032258,251,True,17762.859959823178
CUST001619,1877.73,22,2025-12-06,85.35136363636364,77,False,9356.141873002121
CUST001620,13032.05,75,2026-02-21,173.76066666666665,0,False,19047.492389308794
CUST001621,3927.34,26,2025-10-14,151.05153846153846,130,True,16558.13760636012
CUST001622,7682.17,32,2026-02-19,240.0678125,2,False,26316.02375400509
CUST001623,0.0,12,2026-02-03,0.0,18,False,0.0
CUST001625,492.70000000000005,11,2025-03-28,44.790909090909096,330,True,4909.940301138232
CUST001626,4121.88,26,2026-02-21,158.53384615384616,0,False,17378.34163502616
CUST001628,1451.78,26,2026-02-03,55.83769230769231,18,False,6120.87902095604
CUST001629,0.0,9,2025-11-03,0.0,110,True,0.0
CUST001630,5955.59,30,2026-02-15,198.51966666666667,6,False,21761.552326541787
CUST001631,1870.36,3,2023-12-29,623.4533333333333,785,True,68342.40941614633
CUST001632,4768.35,42,2026-02-18,113.53214285714287,3,False,12445.294257311863
CUST001633,4539.83,26,2025-03-20,174.60884615384614,338,True,19140.469083268028
CUST001635,2409.56,22,2026-02-16,109.52545454545454,5,False,12006.08458698055
CUST001636,243.99,11,2026-01-28,22.180909090909093,24,False,2431.451865384041
CUST001637,2290.7,20,2025-05-07,114.535,290,True,12555.226580676963
CUST001639,2763.5699999999997,7,2025-07-14,394.79571428571427,222,True,43277.16109431482
CUST001640,4414.76,26,2026-02-16,169.79846153846154,5,False,18613.1589266665
CUST001641,460.5,3,2024-02-17,153.5,735,True,16826.535819914556
CUST001642,9393.86,43,2026-02-16,218.4618604651163,5,False,23947.59817851111
CUST001643,2073.39,22,2026-02-15,94.24499999999999,6,False,10331.054516924087
CUST001644,0.0,10,2024-12-16,0.0,432,True,0.0
CUST001645,487.86,15,2025-05-05,32.524,292,True,3565.252449556359
CUST001646,8085.990000000001,15,2025-10-25,539.066,119,True,59091.943702267505
CUST001647,14164.369999999999,84,2026-02-12,168.62345238095236,9,False,18484.35544993975
CUST001648,491.62,25,2026-01-16,19.6648,36,False,2155.6381862635553
CUST001649,15390.58,105,2026-02-13,146.57695238095238,8,False,16067.637391609156
CUST001650,4003.36,44,2026-02-15,90.98545454545454,6,False,9973.745993487288
CUST001651,1978.76,8,2025-10-11,247.345,133,True,27113.74268649359
CUST001652,2459.4100000000003,8,2025-08-29,307.42625000000004,176,True,33699.796792228066
CUST001653,1331.0,3,2024-02-25,443.6666666666667,727,True,48634.35217438931
CUST001654,187.94,7,2025-11-28,26.84857142857143,85,False,2943.1169306605325
CUST001655,9154.82,43,2026-01-06,212.90279069767442,46,False,23338.217809994727
CUST001656,7313.57,30,2026-02-05,243.78566666666666,16,False,26723.571677839853
CUST001657,518.74,7,2025-06-03,74.10571428571428,263,True,8123.403621426224
CUST001658,16480.45,71,2026-02-19,232.11901408450706,2,False,25444.683420040452
CUST001660,0.0,25,2026-02-15,0.0,6,False,0.0
CUST001661,33779.5,102,2026-02-21,331.171568627451,0,False,36302.737863499
CUST001662,10429.619999999999,76,2026-01-31,137.23184210526315,21,False,15043.234572098172
CUST001663,96.35,8,2024-08-28,12.04375,542,True,1320.225347108117
CUST001664,280.53,3,2024-09-25,93.50999999999999,514,True,10250.484459415049
CUST001665,0.0,3,2025-03-23,0.0,335,True,0.0
CUST001666,3441.58,14,2026-01-27,245.82714285714286,25,False,26947.356513309234
CUST001667,8525.99,25,2025-12-13,341.0396,70,False,37384.46283654289
CUST001668,271.16,10,2026-02-09,27.116000000000003,12,False,2972.432216891226
CUST001669,2123.05,13,2025-04-11,163.31153846153848,316,True,17902.068089436034
CUST001670,2268.21,40,2026-01-16,56.70525,36,False,6215.979936822215
CUST001671,2187.37,13,2024-06-01,168.25923076923075,630,True,18444.429795242548
CUST001672,225.32,23,2026-02-19,9.796521739130435,2,False,1073.8861495377844
CUST001673,1282.69,35,2026-02-19,36.64828571428571,2,False,4017.353044364114
CUST001674,8828.42,40,2026-02-16,220.7105,5,False,24194.092078705224
CUST001675,0.0,20,2026-01-29,0.0,23,False,0.0
CUST001676,5508.87,73,2025-03-02,75.46397260273973,356,True,8272.294710834209
CUST001677,3172.71,23,2025-11-10,137.94391304347826,103,True,15121.291165897497
CUST001678,5437.23,22,2024-07-27,247.14681818181816,574,True,27092.01816882263
CUST001679,3864.12,53,2026-01-28,72.90792452830189,24,False,7992.102955251458
CUST001680,18090.28,44,2026-01-15,411.14272727272726,37,False,45069.10636841633
CUST001681,7659.18,80,2026-02-09,95.73975,12,False,10494.907705307263
CUST001682,0.0,2,2023-07-29,0.0,938,True,0.0
CUST001683,1583.69,17,2026-02-09,93.15823529411765,12,False,10211.9243198469
CUST001684,4263.79,27,2026-01-25,157.91814814814813,27,False,17310.84935784618
CUST001685,157.19,10,2026-02-02,15.719,19,False,1723.103039434768
CUST001686,6688.15,35,2026-02-04,191.09,17,False,20947.118761091027
CUST001687,3433.85,20,2026-02-17,171.6925,4,False,18820.781767170556
CUST001688,2608.49,38,2026-02-11,68.64447368421052,10,False,7524.747200563847
CUST001689,5867.55,36,2026-02-17,162.9875,4,False,17866.547276536312
CUST001690,89.72,9,2025-11-26,9.96888888888889,87,False,1092.7808858217402
CUST001691,1219.56,17,2025-11-24,71.73882352941176,89,False,7863.947125707989
CUST001692,3529.82,32,2025-11-30,110.306875,83,False,12091.743214139007
CUST001693,6601.599999999999,27,2025-11-08,244.50370370370368,105,True,26802.282270176845
CUST001694,161.39,13,2026-01-02,12.414615384615384,50,False,1360.8792863823655
CUST001695,7835.08,47,2025-04-01,166.70382978723404,326,True,18273.928099230183
CUST001696,0.0,12,2025-12-29,0.0,54,False,0.0
CUST001697,2416.48,11,2024-02-25,219.68,727,True,24081.12956950378
CUST001698,14770.699999999999,28,2024-07-08,527.525,593,True,57826.82937068681
CUST001700,15587.55,129,2026-02-11,120.83372093023256,10,False,13245.686863101742
CUST001701,1636.68,5,2026-02-02,327.336,19,False,35882.286183371674
CUST001702,12964.42,73,2026-01-04,177.59479452054794,48,False,19467.786133096844
CUST001703,7848.41,72,2026-02-19,109.00569444444444,2,False,11949.108939049547
CUST001704,1659.65,13,2026-01-10,127.66538461538462,42,False,13994.567864455625
CUST001705,21388.87,89,2026-02-19,240.3243820224719,2,False,26344.148680781454
CUST001706,559.93,13,2024-06-16,43.07153846153846,615,True,4721.464395712733
CUST001707,4518.780000000001,38,2026-02-15,118.91526315789476,6,False,13035.387199093693
CUST001708,1049.59,12,2024-09-12,87.46583333333332,527,True,9587.92819284697
CUST001710,6146.99,34,2024-12-30,180.79382352941175,418,True,19818.46089665771
CUST001711,5778.49,63,2026-02-21,91.72206349206348,0,False,10054.492422317157
CUST001712,857.6,15,2026-02-21,57.17333333333333,0,False,6267.290822653083
CUST001713,14755.22,104,2026-01-18,141.87711538461537,34,False,15552.445368373817
CUST001714,2021.8,6,2025-08-05,336.96666666666664,200,True,36937.99144484609
CUST001715,6408.110000000001,44,2025-10-30,145.63886363636365,114,True,15964.804923445765
CUST001716,4272.14,67,2026-02-03,63.76328358208956,18,False,6989.675408399999
CUST001717,2893.24,12,2025-01-04,241.10333333333332,413,True,26429.53664256764
CUST001718,6331.53,22,2025-03-03,287.7968181818182,355,True,31548.035635138767
CUST001719,573.62,5,2025-02-18,114.724,368,True,12575.944595465002
CUST001720,1165.53,25,2026-02-09,46.6212,12,False,5110.575190667105
CUST001721,2409.92,24,2026-02-08,100.41333333333334,13,False,11007.221824953445
CUST001722,10832.89,65,2026-01-22,166.65984615384613,30,False,18269.10665178594
CUST001723,8541.8,77,2026-02-18,110.93246753246753,3,False,12160.32012069429
CUST001724,1056.0900000000001,18,2024-01-18,58.671666666666674,765,True,6431.536812903933
CUST001725,2173.91,19,2025-12-20,114.41631578947367,63,False,12542.21652126537
CUST001726,2308.94,26,2026-01-19,88.80538461538461,33,False,9734.768633433605
CUST001727,1076.25,11,2026-01-06,97.8409090909091,46,False,10725.234928151047
CUST001728,0.0,15,2026-02-15,0.0,6,False,0.0
CUST001729,17128.09,71,2026-02-10,241.24070422535212,11,False,26444.59511966971
CUST001731,0.0,1,2023-05-20,0.0,1008,True,0.0
CUST001732,1159.5,20,2026-02-08,57.975,13,False,6355.168821886297
CUST001733,13877.33,20,2026-02-14,693.8665,7,False,76061.03919536641
CUST001734,2820.58,23,2025-05-29,122.63391304347826,268,True,13443.022348940549
CUST001735,3042.43,5,2024-09-09,608.486,530,True,66701.70341965165
CUST001736,5251.39,35,2026-02-16,150.0397142857143,5,False,16447.22232467959
CUST001737,1940.2,6,2025-02-28,323.3666666666667,358,True,35447.17133311425
CUST001738,6242.639999999999,27,2025-10-31,231.20888888888888,113,True,25344.91629167123
CUST001739,1883.45,40,2026-02-11,47.08625,10,False,5161.553565149523
CUST001741,669.04,20,2026-01-06,33.452,46,False,3666.978998356884
CUST001742,1391.06,16,2026-01-21,86.94125,31,False,9530.423826404864
CUST001743,618.11,24,2026-01-20,25.754583333333333,32,False,2823.1949119564024
CUST001744,2512.9900000000002,22,2026-01-15,114.22681818181819,37,False,12521.443959161115
CUST001746,12787.51,99,2026-02-21,129.16676767676768,0,False,14159.1481632294
CUST001747,9040.83,46,2025-06-25,196.53978260869565,241,True,21544.51916679764
CUST001748,3888.02,18,2026-02-08,216.0011111111111,13,False,23677.852985358015
CUST001749,3788.43,43,2025-05-27,88.10302325581395,270,True,9657.776395157776
CUST001751,8962.47,104,2026-02-13,86.17759615384615,8,False,9446.712759327838
CUST001752,2061.95,15,2024-09-20,137.4633333333333,519,True,15068.61043816409
CUST001753,242.98,18,2025-10-05,13.498888888888889,139,True,1479.7364001168437
CUST001754,9099.8,48,2025-11-27,189.57916666666665,86,False,20781.502531766895
CUST001755,0.0,5,2025-12-29,0.0,54,False,0.0
CUST001756,0.0,6,2025-07-25,0.0,211,True,0.0
CUST001757,1399.16,9,2026-01-30,155.46222222222224,22,False,17041.632904662798
CUST001758,2271.94,34,2026-02-20,66.82176470588236,1,False,7324.943435657537
CUST001759,22354.99,154,2026-02-09,145.16227272727275,12,False,15912.56144459714
CUST001760,21864.71,164,2026-02-17,133.32140243902438,4,False,14614.575594146501
CUST001761,1596.85,43,2026-02-15,37.1360465116279,6,False,4070.820956598827
CUST001762,13339.14,48,2026-02-21,277.89875,0,False,30463.018053319094
CUST001763,0.0,7,2025-09-20,0.0,154,True,0.0
CUST001764,2992.92,23,2026-01-20,130.12695652173915,32,False,14264.403225078227
CUST001765,11881.289999999999,9,2025-10-22,1320.1433333333332,122,True,144712.9582133859
CUST001766,2352.2999999999997,14,2026-01-05,168.02142857142854,47,False,18418.362126191256
CUST001767,0.0,2,2024-03-04,0.0,719,True,0.0
CUST001768,1045.57,3,2024-02-14,348.5233333333333,738,True,38204.82314273195
CUST001769,2736.44,9,2026-02-01,304.0488888888889,20,False,33329.5734195056
CUST001770,9604.67,44,2026-02-16,218.28795454545454,5,False,23928.53476361545
CUST001771,0.0,15,2026-01-04,0.0,48,False,0.0
CUST001772,2497.58,36,2026-02-01,69.37722222222222,20,False,7605.070454777813
CUST001773,13722.630000000001,124,2026-02-21,110.66637096774194,0,False,12131.150847874022
CUST001774,0.0,9,2024-12-24,0.0,424,True,0.0
CUST001775,0.0,3,2025-08-10,0.0,195,True,0.0
CUST001776,3080.65,21,2026-01-28,146.69761904761904,24,False,16080.864766129915
CUST001777,2635.3,45,2025-12-24,58.562222222222225,59,False,6419.53960857341
CUST001778,20937.14,171,2026-02-19,122.43941520467835,2,False,13421.70166586913
CUST001779,0.0,9,2026-01-21,0.0,31,False,0.0
CUST001780,14554.48,37,2026-02-02,393.3643243243243,19,False,43120.2533779787
CUST001781,943.92,14,2025-01-29,67.42285714285714,388,True,7390.834663161353
CUST001783,46549.07,264,2026-02-19,176.32223484848484,2,False,19328.289254237246
CUST001784,0.0,2,2024-02-13,0.0,739,True,0.0
CUST001785,1253.05,28,2026-01-30,44.75178571428571,22,False,4905.651630791981
CUST001786,1631.71,39,2026-02-13,41.83871794871795,8,False,4586.323688751822
CUST001787,17315.59,86,2026-02-07,201.34406976744185,14,False,22071.16092553248
CUST001788,7622.469999999999,43,2026-01-12,177.2667441860465,40,False,19431.825542189854
CUST001789,1171.95,30,2026-02-16,39.065000000000005,5,False,4282.271151823858
CUST001790,7760.47,26,2026-02-02,298.4796153846154,19,False,32719.074526277203
CUST001791,13250.72,40,2026-02-01,331.268,20,False,36313.308586263556
CUST001792,294.34,21,2025-03-24,14.016190476190475,334,True,1536.4425479241975
CUST001793,7674.5599999999995,56,2026-02-13,137.04571428571427,8,False,15022.831403220502
CUST001794,1335.2399999999998,19,2026-01-29,70.2757894736842,23,False,7703.570611411867
CUST001795,537.0699999999999,32,2026-02-20,16.783437499999998,1,False,1839.7857477201771
CUST001796,6173.01,28,2026-01-29,220.46464285714288,23,False,24167.14143361814
CUST001798,4821.39,28,2026-01-07,172.19250000000002,45,False,18875.591330101874
CUST001799,0.0,4,2025-10-08,0.0,136,True,0.0
CUST001800,14216.42,71,2026-02-11,200.2312676056338,10,False,21949.176525297033
CUST001801,2521.02,21,2026-01-29,120.04857142857142,23,False,13159.619461058166
CUST001802,690.1,23,2026-01-12,30.004347826086956,40,False,3289.050380774121
CUST001803,4304.87,27,2025-11-14,159.43962962962962,99,True,17477.632827862366
CUST001804,7916.6900000000005,96,2026-02-18,82.46552083333334,3,False,9039.798307556963
CUST001805,2356.42,4,2025-09-06,589.105,168,True,64577.175141307926
CUST001806,44888.13,279,2026-02-19,160.88935483870966,2,False,17636.550438022747
CUST001807,3844.75,53,2026-02-05,72.54245283018868,16,False,7952.040267176756
CUST001808,17130.54,46,2026-02-18,372.4030434782609,3,False,40822.49609467202
CUST001809,1670.35,24,2026-01-24,69.59791666666666,28,False,7629.262786860554
CUST001810,8777.78,43,2026-02-04,204.1344186046512,17,False,22377.03652591919
CUST001811,3429.4500000000003,36,2026-01-16,95.2625,36,False,10442.59197748932
CUST001812,7692.67,66,2026-01-03,116.55560606060607,49,False,12776.723650753343
CUST001813,12069.93,50,2026-01-28,241.39860000000002,24,False,26461.903516464015
CUST001814,233.17,33,2026-02-14,7.0657575757575755,7,False,774.5421690118403
CUST001815,5617.72,5,2024-02-23,1123.544,729,True,123161.91114820901
CUST001816,1767.6,21,2025-10-16,84.17142857142856,128,True,9226.798422609267
CUST001818,5899.55,68,2026-02-11,86.75808823529412,10,False,9510.345793866347
CUST001820,0.0,3,2024-03-10,0.0,713,True,0.0
CUST001821,4499.900000000001,44,2026-02-11,102.27045454545456,10,False,11210.797828847131
CUST001822,9129.39,33,2025-12-22,276.6481818181818,61,False,30325.931862396556
CUST001823,1761.13,26,2026-01-28,67.73576923076924,24,False,7425.135812710129
CUST001824,3451.88,27,2026-01-28,127.84740740740742,24,False,14014.521043804238
CUST001825,6596.79,82,2026-02-12,80.44865853658537,9,False,8818.711625602142
CUST001826,11245.27,75,2026-01-30,149.93693333333334,22,False,16435.955566524262
CUST001827,3370.7999999999997,7,2024-07-05,481.5428571428571,596,True,52786.30706539598
CUST001828,460.67,8,2024-04-08,57.58375,684,True,6312.28033889254
CUST001830,1909.04,11,2025-11-04,173.5490909090909,109,True,19024.299639709614
CUST001831,0.0,1,2024-02-06,0.0,746,True,0.0
CUST001832,6144.7300000000005,75,2025-12-22,81.92973333333335,61,False,8981.065750158836
CUST001833,10891.65,58,2026-02-12,187.78706896551722,9,False,20585.054348306454
CUST001834,3235.69,50,2025-11-16,64.7138,97,True,7093.870187249425
CUST001835,551.45,11,2024-05-11,50.13181818181818,651,True,5495.406086995489
CUST001836,2956.0,35,2026-02-10,84.45714285714286,11,False,9258.118172855735
CUST001837,0.0,5,2024-06-03,0.0,628,True,0.0
CUST001838,3240.9,40,2026-01-29,81.02250000000001,23,False,8881.61562520539
CUST001839,5954.15,57,2026-02-12,104.45877192982455,9,False,11450.679267631778
CUST001840,6814.5,35,2025-04-11,194.7,316,True,21342.84380545514
CUST001841,16469.510000000002,87,2026-02-21,189.3047126436782,0,False,20751.417121677416
CUST001842,1245.51,30,2026-02-19,41.517,2,False,4551.05724843904
CUST001843,12753.939999999999,38,2026-01-10,335.62999999999994,42,False,36791.467213276366
CUST001845,2827.07,23,2026-02-16,122.91608695652175,5,False,13473.954006629616
CUST001846,1735.58,13,2026-02-17,133.50615384615384,4,False,14634.827881897922
CUST001847,4953.57,28,2026-02-20,176.91321428571428,1,False,19393.071903549127
CUST001848,553.23,11,2026-01-07,50.29363636363637,45,False,5513.1444546350795
CUST001849,973.4,21,2025-12-22,46.352380952380955,61,False,5081.1074816518785
CUST001850,9102.43,32,2026-01-21,284.4509375,31,False,31181.263119557178
CUST001851,3885.4700000000003,17,2026-02-06,228.55705882352942,15,False,25054.22499797027
CUST001852,271.04,20,2024-12-23,13.552000000000001,425,True,1485.5583936904372
CUST001853,377.83,7,2025-09-20,53.97571428571428,154,True,5916.770617811369
CUST001854,10551.93,40,2026-02-03,263.79825,18,False,28917.333569093
CUST001855,2650.69,23,2026-01-09,115.24739130434783,43,False,12633.318292731714
CUST001856,290.42,4,2023-09-11,72.605,894,True,7958.896633256655
CUST001857,447.83000000000004,5,2024-02-29,89.566,723,True,9818.146627012817
CUST001859,304.39,7,2025-12-05,43.48428571428571,78,False,4766.709388761091
CUST001860,921.44,15,2026-01-20,61.42933333333334,32,False,6733.829822324461
CUST001861,926.21,11,2025-03-11,84.2009090909091,347,True,9230.030051384698
CUST001863,779.4,12,2023-12-20,64.95,794,True,7119.76222477818
CUST001864,3947.59,21,2026-01-31,187.9804761904762,21,False,20606.255479241976
CUST001865,5218.01,13,2024-12-02,401.3853846153846,446,True,43999.51499557623
CUST001866,0.0,4,2025-05-01,0.0,296,True,0.0
CUST001867,3905.8599999999997,37,2025-06-16,105.56378378378378,250,True,11571.80970113064
CUST001868,804.52,13,2025-08-22,61.886153846153846,183,True,6783.906087615966
CUST001869,1896.77,34,2026-02-15,55.78735294117647,6,False,6115.360863602095
CUST001870,2069.87,15,2024-02-24,137.99133333333333,728,True,15126.489336619565
CUST001871,29098.120000000003,112,2026-02-19,259.8046428571429,2,False,28479.557845054227
CUST001874,290.53,27,2025-12-29,10.760370370370369,54,False,1179.5423939582038
CUST001875,12040.0,113,2026-02-20,106.54867256637168,1,False,11679.77234854984
CUST001876,19465.149999999998,87,2026-02-13,223.73735632183906,8,False,24525.893422817015
CUST001877,2622.59,32,2026-02-07,81.9559375,14,False,8983.938228002795
CUST001878,829.04,20,2025-10-27,41.452,117,True,4543.932005257969
CUST001879,5448.16,47,2026-02-18,115.91829787234042,3,False,12706.862484250563
CUST001880,5212.43,11,2026-02-16,473.85727272727274,5,False,51943.82002001613
CUST001881,3846.08,49,2026-01-24,78.49142857142857,28,False,8604.161787709496
CUST001882,1857.61,51,2026-02-20,36.42372549019608,1,False,3992.7369488958902
CUST001883,15983.15,70,2026-02-14,228.3307142857143,7,False,25029.413307591192
CUST001884,46660.35,264,2026-02-19,176.74375,2,False,19374.495376684194
CUST001885,1384.22,43,2025-12-11,32.191162790697675,72,False,3528.767125618079
CUST001886,9563.08,17,2026-02-11,562.5341176470588,10,False,61664.498244379574
CUST001887,3551.52,33,2025-12-10,107.62181818181818,73,False,11797.409632838406
CUST001888,0.0,12,2026-01-09,0.0,43,False,0.0
CUST001889,1749.93,17,2026-01-30,102.93705882352941,22,False,11283.87040710599
CUST001890,936.12,15,2025-12-21,62.408,62,False,6841.11040683536
CUST001891,2677.51,21,2026-02-14,127.5004761904762,7,False,13976.49074706978
CUST001892,4027.73,31,2026-02-03,129.9267741935484,18,False,14242.45941324881
CUST001893,0.0,11,2025-07-06,0.0,230,True,0.0
CUST001894,233.17,5,2024-01-17,46.634,766,True,5111.978315478147
CUST001895,997.09,16,2026-01-09,62.318125,43,False,6831.258387898455
CUST001896,4321.99,25,2026-02-19,172.87959999999998,2,False,18950.91063148209
CUST001897,2010.35,22,2026-02-05,91.37954545454545,16,False,10016.945894452245
CUST001898,5561.87,19,2024-12-04,292.73,444,True,32088.806713769307
CUST001899,4769.41,45,2026-02-16,105.98688888888888,5,False,11618.19011290028
CUST001901,7879.21,18,2025-06-16,437.7338888888889,250,True,47984.006260452035
CUST001902,1951.71,30,2025-11-11,65.057,102,True,7131.491471245482
CUST001903,352.28000000000003,2,2025-02-07,176.14000000000001,379,True,19308.31282944463
CUST001904,3747.77,13,2025-09-29,288.29,145,True,31602.097794939204
CUST001905,0.0,7,2025-12-11,0.0,72,False,0.0
CUST001906,5609.7300000000005,73,2026-02-18,76.84561643835617,3,False,8423.749300347981
CUST001907,7175.780000000001,35,2026-02-17,205.02228571428574,4,False,22474.363742359514
CUST001908,1380.94,10,2024-07-19,138.094,582,True,15137.743566874793
CUST001909,6481.219999999999,74,2026-02-01,87.58405405405405,20,False,9600.887444911226
CUST001910,2217.13,25,2026-02-10,88.68520000000001,11,False,9721.594100953007
CUST001911,6555.85,45,2026-01-27,145.68555555555557,25,False,15969.92325081243
CUST001912,5262.34,23,2025-01-30,228.79739130434783,387,True,25080.570034433982
CUST001913,3349.39,30,2026-02-17,111.64633333333333,4,False,12238.57346576843
CUST001914,2713.5,15,2025-04-27,180.9,300,True,19830.09986855077
CUST001915,802.02,6,2026-01-23,133.67,29,False,14652.788554058494
CUST001916,3873.32,30,2026-02-11,129.11066666666667,10,False,14152.99841954212
CUST001917,16065.26,97,2026-02-01,165.62123711340206,20,False,18155.25523665943
CUST001918,6080.3,36,2025-01-09,168.89722222222224,408,True,18514.365860627306
CUST001919,17899.91,62,2025-11-06,288.7082258064516,107,True,31647.943342255625
CUST001920,8687.73,64,2026-02-12,135.74578125,9,False,14880.33388016554
CUST001921,2361.62,33,2025-12-29,71.56424242424242,54,False,7844.809697567192
CUST001922,1412.51,5,2023-10-12,282.502,863,True,30967.62229444627
CUST001923,0.0,2,2023-12-22,0.0,792,True,0.0
CUST001924,2633.4900000000002,21,2026-02-02,125.40428571428572,19,False,13746.708179428197
CUST001926,8806.34,73,2025-09-12,120.63479452054794,162,True,13223.880723961121
CUST001927,6041.32,32,2026-02-12,188.79125,9,False,20695.131795514295
CUST001928,1859.71,12,2025-12-28,154.97583333333333,55,False,16988.315379833497
CUST001929,3751.13,24,2026-02-02,156.29708333333335,19,False,17133.149649879506
CUST001930,3403.6,38,2025-08-30,89.56842105263158,175,True,9818.412020685957
CUST001932,0.0,6,2026-02-17,0.0,4,False,0.0
CUST001933,2927.3999999999996,8,2025-07-19,365.92499999999995,217,True,40112.37863128491
CUST001934,0.0,1,2023-03-24,0.0,1065,True,0.0
CUST001935,34.62,18,2026-01-25,1.9233333333333331,27,False,210.83411874246903
CUST001936,4801.68,28,2026-01-21,171.48857142857145,31,False,18798.42729543214
CUST001937,119.51,23,2026-02-13,5.196086956521739,8,False,569.5905100801555
CUST001938,12624.74,71,2025-09-17,177.8132394366197,157,True,19491.73187384577
CUST001940,11826.130000000001,39,2025-12-27,303.2341025641026,56,False,33240.257254817705
CUST001941,3433.32,34,2026-01-09,100.98,43,False,11069.33932960894
CUST001942,6288.08,11,2025-12-06,571.6436363636363,77,False,62663.07572312012
CUST001943,11606.54,68,2026-02-03,170.68441176470589,18,False,18710.276016025207
CUST001944,722.91,19,2025-10-28,38.0478947368421,116,True,4170.776961966203
CUST001945,3072.79,59,2026-01-03,52.08118644067797,49,False,5709.094131516066
CUST001946,2012.54,10,2025-12-29,201.254,54,False,22061.287556358853
CUST001947,1512.03,5,2025-10-29,302.406,115,True,33149.48137561617
CUST001948,6464.2,30,2026-02-14,215.47333333333333,7,False,23619.998446708294
CUST001949,1268.33,29,2025-12-25,43.735517241379306,58,False,4794.2491691502255
CUST001950,921.38,15,2025-09-17,61.425333333333334,157,True,6733.39134582101
CUST001951,4607.3,13,2025-11-16,354.40769230769234,97,True,38849.86142976314
CUST001952,15613.91,81,2026-02-13,192.76432098765432,8,False,21130.65636417116
CUST001953,0.0,10,2025-11-16,0.0,97,True,0.0
CUST001954,19113.38,141,2026-02-16,135.5558865248227,5,False,14859.517786385684
CUST001955,541.82,5,2025-09-12,108.364,162,True,11878.766954978639
CUST001956,985.75,8,2023-12-20,123.21875,794,True,13507.131664886625
CUST001957,4508.57,35,2026-02-18,128.8162857142857,3,False,14120.728636871507
CUST001958,3370.04,51,2026-02-06,66.07921568627451,15,False,7243.545861217966
CUST001959,861.86,20,2026-01-21,43.093,31,False,4723.816990798555
CUST001960,4645.34,18,2026-02-15,258.07444444444445,6,False,28289.895007485306
CUST001961,252.7,3,2023-12-28,84.23333333333333,786,True,9233.584368496002
CUST001962,304.34,10,2025-07-30,30.433999999999997,206,True,3336.14847650345
CUST001963,9246.359999999999,55,2026-02-16,168.11563636363636,5,False,18428.689102022527
CUST001964,2021.62,16,2025-10-18,126.35125,126,True,13850.51357665133
CUST001965,1558.22,18,2026-01-21,86.56777777777778,31,False,9489.484127870888
CUST001966,762.9100000000001,16,2026-02-05,47.681875000000005,16,False,5226.845456991456
CUST001967,0.0,3,2025-09-21,0.0,153,True,0.0
CUST001968,7692.58,22,2026-01-12,349.6627272727273,40,False,38329.72251038151
CUST001969,23128.399999999998,206,2026-02-15,112.27378640776698,6,False,12307.354323307669
CUST001970,10974.83,56,2026-01-23,195.97910714285715,29,False,21483.058412339797
CUST001971,5116.53,27,2026-02-21,189.5011111111111,0,False,20772.946149998173
CUST001972,5064.78,30,2026-01-21,168.826,31,False,18506.558542885312
CUST001973,4152.3,12,2024-08-04,346.02500000000003,566,True,37930.95802661847
CUST001974,19014.17,52,2026-02-07,365.65711538461534,14,False,40083.0133539144
CUST001975,0.0,5,2024-04-18,0.0,674,True,0.0
CUST001977,4276.33,42,2026-02-16,101.81738095238094,5,False,11161.132297622959
CUST001978,9429.48,45,2026-01-10,209.54399999999998,42,False,22970.030109760104
CUST001979,8737.71,53,2026-02-14,164.86245283018866,7,False,18072.077966815268
CUST001981,13786.9,47,2026-01-25,293.33829787234043,27,False,32155.487794799363
CUST001982,4602.02,46,2026-02-04,100.04391304347827,17,False,10966.726295703611
CUST001983,5272.5,27,2026-02-07,195.27777777777777,14,False,21406.179300398
CUST001984,3330.07,26,2026-02-05,128.07961538461538,16,False,14039.975479284107
CUST001985,2565.09,31,2026-02-19,82.74483870967742,2,False,9070.416888999609
CUST001986,10111.08,107,2026-02-09,94.49607476635514,12,False,10358.577113338104
CUST001987,3227.72,18,2026-02-19,179.31777777777776,2,False,19656.658051630333
CUST001988,2982.54,13,2025-11-27,229.42615384615385,86,False,25149.49443464193
CUST001989,11110.77,34,2026-02-18,326.7873529411765,3,False,35822.14397237633
CUST001990,7666.179999999999,23,2025-12-10,333.31217391304347,73,False,36537.38914372258
CUST001991,624.53,15,2025-04-17,41.63533333333333,310,True,4564.028844999451
CUST001992,2746.3999999999996,19,2026-01-18,144.54736842105262,34,False,15845.15617206012
CUST001993,3518.56,22,2025-12-05,159.93454545454546,78,False,17531.885067965224
CUST001994,3961.2799999999997,59,2026-02-17,67.14033898305084,4,False,7359.865269443066
CUST001995,472.64,3,2026-01-27,157.54666666666665,25,False,17270.127882572022
CUST001996,3437.0099999999998,17,2025-12-31,202.1770588235294,52,False,22162.47245771394
CUST001997,1505.13,26,2026-01-29,57.88961538461539,23,False,6345.8090349857175
CUST001998,1020.25,11,2025-12-19,92.75,64,False,10167.173923759448
CUST001999,0.0,22,2026-01-14,0.0,38,False,0.0
CUST002000,16121.52,130,2026-02-11,124.01169230769231,10,False,13594.053307515356
CUST002001,0.0,1,2024-02-08,0.0,744,True,0.0
CUST002002,5364.96,31,2026-02-14,173.0632258064516,7,False,18971.039531871134
CUST002003,186.76999999999998,13,2026-02-19,14.366923076923076,2,False,1574.889549028034
CUST002004,234.9,12,2026-02-15,19.575,6,False,2145.794388761091
CUST002005,4424.36,34,2026-01-30,130.12823529411764,22,False,14264.543402988535
CUST002006,1302.6000000000001,19,2025-10-03,68.55789473684212,141,True,7515.256492035216
CUST002007,17530.08,86,2026-02-13,203.83813953488374,8,False,22344.558673279887
CUST002008,4852.3099999999995,46,2026-02-07,105.48499999999999,14,False,11563.173491620111
CUST002010,7860.33,35,2026-02-11,224.58085714285713,10,False,24618.35724548143
CUST002011,4174.25,22,2024-08-30,189.73863636363637,540,True,20798.983460550295
CUST002012,19403.11,54,2026-01-04,359.3168518518519,48,False,39387.99920771413
CUST002013,12247.55,144,2026-02-18,85.05243055555555,3,False,9323.373089992512
CUST002014,0.0,11,2026-02-21,0.0,0,False,0.0
CUST002016,3937.46,18,2025-11-13,218.74777777777777,100,True,23978.940184394054
CUST002017,3665.7,5,2024-07-18,733.14,583,True,80366.16593493262
CUST002018,3725.8599999999997,18,2025-03-07,206.9922222222222,351,True,22690.306460364405
CUST002019,7463.85,62,2026-02-08,120.38467741935484,13,False,13196.46310596504
CUST002020,0.0,5,2023-12-17,0.0,797,True,0.0
CUST002021,3330.55,15,2024-11-05,222.0366666666667,473,True,24339.465309453393
CUST002022,5598.55,40,2026-01-30,139.96375,22,False,15342.703927456456
CUST002023,96.64,12,2026-01-12,8.053333333333333,40,False,882.7993602804249
CUST002024,36542.15,177,2026-02-02,206.45282485875708,19,False,22631.178192888747
CUST002025,3957.11,10,2025-10-23,395.711,121,True,43377.49391422938
CUST002026,2742.62,32,2026-02-19,85.706875,2,False,9395.112717918173
CUST002027,25702.84,162,2026-02-12,158.6595061728395,9,False,17392.1163764641
CUST002028,4730.52,25,2026-01-20,189.22080000000003,32,False,20742.218691028593
CUST002031,1922.92,13,2025-11-28,147.91692307692307,85,False,16214.523807983012
CUST002032,4318.0,57,2026-02-14,75.75438596491227,7,False,8304.12956973439
CUST002033,0.0,5,2026-02-20,0.0,1,False,0.0
CUST002034,19262.14,106,2026-02-13,181.71830188679246,8,False,19919.801406072707
CUST002035,0.0,4,2025-11-16,0.0,97,True,0.0
CUST002036,855.0500000000001,15,2026-01-19,57.00333333333334,33,False,6248.655571256436
CUST002037,2617.75,5,2023-12-08,523.55,806,True,57391.09334538285
CUST002038,1965.38,46,2026-02-05,42.72565217391305,16,False,4683.548643215363
CUST002039,614.1800000000001,9,2026-02-11,68.24222222222222,10,False,7480.6527469237235
CUST002040,1310.9,32,2026-02-07,40.965625,14,False,4490.616002916529
CUST002041,20264.57,169,2026-02-19,119.90869822485207,2,False,13144.286682734843
CUST002042,1402.74,8,2026-02-14,175.3425,7,False,19220.891576569175
CUST002043,3368.67,28,2026-02-10,120.30964285714286,11,False,13188.237882845875
CUST002044,335.96,13,2025-12-31,25.84307692307692,52,False,2832.8955019085415
CUST002045,1156.02,28,2026-02-09,41.28642857142857,12,False,4525.782209990141
CUST002046,3100.67,37,2026-01-31,83.8018918918919,21,False,9186.290134824276
CUST002047,8434.529999999999,22,2026-02-16,383.3877272727272,5,False,42026.62753009888
CUST002048,3146.77,48,2026-02-11,65.55770833333334,10,False,7186.378681057618
CUST002049,27875.71,163,2026-02-17,171.01662576687116,4,False,18746.69302454189
CUST002050,3798.6099999999997,24,2026-02-03,158.27541666666664,18,False,17350.012820544416
CUST002051,283.53,55,2026-02-19,5.155090909090909,2,False,565.0965591969647
CUST002052,4238.82,11,2025-11-08,385.3472727272727,105,True,42241.431189914256
CUST002053,0.0,15,2025-12-18,0.0,65,False,0.0
CUST002054,5406.219999999999,48,2026-01-01,112.62958333333331,51,False,12346.356471272864
CUST002055,16754.91,78,2026-02-04,214.80653846153845,17,False,23546.904975732446
CUST002056,2959.99,38,2026-02-11,77.89447368421052,10,False,8538.724114793225
CUST002057,0.0,2,2023-10-15,0.0,860,True,0.0
CUST002058,9296.310000000001,26,2026-02-21,357.55038461538464,0,False,39194.3606133876
CUST002059,0.0,17,2026-02-17,0.0,4,False,0.0
CUST002060,2570.42,17,2024-11-25,151.20117647058825,453,True,16574.540794107983
CUST002061,1314.1100000000001,40,2026-02-16,32.85275,5,False,3601.2897371837003
CUST002062,2167.4,17,2025-12-29,127.49411764705883,54,False,13975.793729098606
CUST002063,1286.8,18,2026-01-31,71.48888888888888,21,False,7836.549508891078
CUST002064,3798.31,34,2025-12-26,111.715,57,False,12246.10064574433
CUST002066,4290.67,20,2026-01-26,214.5335,26,False,23516.974738251727
CUST002067,13297.08,127,2025-02-26,104.70141732283464,360,True,11477.27784350814
CUST002068,276.82,2,2024-05-09,138.41,653,True,15172.383210647386
CUST002069,997.09,26,2025-10-21,38.34961538461538,123,True,4203.851315629819
CUST002070,3634.9500000000003,17,2025-06-01,213.82058823529414,265,True,23438.82597378748
CUST002071,9823.66,56,2026-02-21,175.42249999999999,0,False,19229.661106638185
CUST002072,2343.38,17,2024-06-08,137.84588235294117,623,True,15110.545127293113
CUST002073,352.56,7,2024-06-14,50.36571428571428,617,True,5521.045573447255
CUST002074,3002.99,39,2024-05-31,76.99974358974359,631,True,8440.644583954767
CUST002075,7340.59,70,2026-02-09,104.86557142857143,12,False,11495.27227308577
CUST002076,2730.48,17,2026-01-09,160.6164705882353,43,False,17606.637105024067
CUST002077,1159.6,6,2026-01-14,193.26666666666665,38,False,21185.723058385363
CUST002078,5956.62,33,2024-10-11,180.50363636363636,498,True,19786.650833208852
CUST002079,867.76,16,2025-10-20,54.235,124,True,5945.19329116004
CUST002080,2276.85,38,2025-07-09,59.91710526315789,227,True,6568.060703166888
CUST002081,0.0,1,2023-06-27,0.0,970,True,0.0
CUST002082,9383.25,60,2026-02-13,156.3875,8,False,17143.06104584292
CUST002083,11180.56,10,2026-01-13,1118.056,39,False,122560.32138547485
CUST002084,1203.94,25,2024-05-08,48.1576,654,True,5278.994015642458
CUST002085,2543.2799999999997,19,2026-02-19,133.85684210526315,2,False,14673.270022311777
CUST002086,2922.29,8,2025-11-03,365.28625,110,True,40042.35941464016
CUST002087,189.46,24,2026-01-03,7.894166666666667,49,False,865.3516494139554
CUST002088,2603.1400000000003,36,2026-01-09,72.30944444444445,43,False,7926.49809161281
CUST002089,12070.38,59,2026-02-11,204.58271186440678,10,False,22426.17804118371
CUST002090,9007.380000000001,40,2026-01-26,225.1845,26,False,24684.528047814656
CUST002091,13740.92,110,2026-02-07,124.91745454545455,14,False,13693.342172258237
CUST002092,122.87,7,2025-05-27,17.552857142857142,270,True,1924.1288563917185
CUST002093,14745.19,91,2026-01-22,162.03505494505495,30,False,17762.141082181046
CUST002094,12191.869999999999,51,2026-02-16,239.0562745098039,5,False,26205.13984374295
CUST002095,3317.55,22,2026-02-05,150.7977272727273,16,False,16530.31504570848
CUST002096,119.72,10,2026-02-05,11.972,16,False,1312.3601748274727
CUST002097,2134.8199999999997,20,2025-12-16,106.74099999999999,67,False,11700.85511370358
CUST002099,2429.45,33,2026-02-18,73.61969696969696,3,False,8070.1268280903005
CUST002100,26160.39,117,2026-02-14,223.59307692307692,7,False,24510.077641244723
CUST002101,1706.76,15,2025-11-09,113.784,104,True,12472.902617154125
CUST002102,2536.89,20,2026-02-17,126.8445,4,False,13904.583210483075
CUST002103,34.5,8,2025-05-02,4.3125,295,True,472.73248028261577
CUST002104,7798.62,41,2025-12-15,190.21024390243903,68,False,20850.680666704073
CUST002105,2447.26,52,2026-02-17,47.06269230769231,4,False,5158.971191511413
CUST002106,9787.18,21,2026-01-11,466.05619047619047,41,False,51088.672202869966
CUST002107,0.0,1,2024-01-27,0.0,756,True,0.0
CUST002108,10449.92,36,2025-04-13,290.27555555555557,314,True,31819.752659290905
CUST002109,1172.5900000000001,27,2025-12-29,43.42925925925926,54,False,4760.677436861772
CUST002110,1245.1599999999999,30,2025-08-04,41.505333333333326,201,True,4549.778358637309
CUST002111,4359.36,72,2026-01-29,60.54666666666666,23,False,6637.072673896373
CUST002112,1663.97,10,2026-01-18,166.397,34,False,18240.29368616497
CUST002113,5418.95,43,2026-02-16,126.0220930232558,5,False,13814.431676589043
CUST002114,16638.02,55,2026-02-05,302.50945454545456,16,False,33160.821972455415
CUST002116,8336.57,55,2026-01-25,151.57399999999998,27,False,16615.40938350312
CUST002117,1342.3600000000001,21,2025-12-27,63.92190476190477,56,False,7007.063323474642
CUST002118,6258.58,29,2025-12-30,215.81310344827585,53,False,23657.24374970254
CUST002119,4209.24,45,2026-02-02,93.53866666666666,19,False,10253.626874356445
CUST002120,284.48,9,2024-03-27,31.60888888888889,696,True,3464.938769489174
CUST002121,8837.05,15,2026-01-14,589.1366666666667,38,False,64580.6464136269
CUST002122,5686.549999999999,28,2026-01-17,203.0910714285714,35,False,22262.665720506076
CUST002123,2630.72,18,2026-02-08,146.1511111111111,13,False,16020.957043852923
CUST002124,0.0,4,2023-09-21,0.0,884,True,0.0
CUST002125,7233.43,43,2026-02-13,168.2193023255814,8,False,18440.05287415265
CUST002126,5818.95,11,2025-12-19,528.9954545454545,64,False,57988.01931258029
CUST002127,4234.45,49,2026-01-28,86.41734693877551,24,False,9472.994030796675
CUST002129,640.23,6,2025-01-04,106.705,413,True,11696.908825172526
CUST002130,403.78,10,2025-10-31,40.378,113,True,4426.201064081499
CUST002131,9039.19,82,2026-02-14,110.2340243902439,7,False,12083.757393978984
CUST002132,4905.01,13,2025-03-20,377.30846153846153,338,True,41360.223734422005
CUST002133,1971.2,10,2024-08-26,197.12,544,True,21608.12209004272
CUST002134,12432.74,55,2026-01-09,226.04981818181818,43,False,24779.38347049861
CUST002135,13356.84,85,2026-02-17,157.13929411764707,4,False,17225.47205984806
CUST002136,2142.49,25,2026-01-19,85.69959999999999,33,False,9394.31523877752
CUST002137,844.89,15,2025-12-04,56.326,79,False,6174.40688333881
CUST002138,14980.85,122,2026-02-02,122.79385245901639,19,False,13460.554767862819
CUST002139,3253.49,7,2023-09-21,464.78428571428566,884,True,50949.247114689446
CUST002140,12451.460000000001,66,2026-02-02,188.65848484848487,19,False,20680.578195660186
CUST002141,651.62,22,2025-12-06,29.61909090909091,77,False,3246.8188543004812
CUST002142,1925.21,8,2025-06-23,240.65125,243,True,26379.97966275058
CUST002143,0.0,2,2024-07-26,0.0,575,True,0.0
CUST002144,3126.52,39,2026-02-21,80.16717948717948,0,False,8787.856138257623
CUST002145,426.75,16,2024-06-22,26.671875,609,True,2923.7476226174826
CUST002146,10988.45,103,2026-02-14,106.68398058252428,7,False,11694.604695002698
CUST002147,9392.41,64,2026-01-27,146.75640625,25,False,16087.308967866826
CUST002148,0.0,5,2025-09-28,0.0,146,True,0.0
CUST002149,12807.11,56,2026-01-20,228.69839285714286,32,False,25069.717911189615
CUST002150,1167.1000000000001,9,2025-07-23,129.6777777777778,213,True,14215.164643809108
CUST002152,0.0,1,2023-03-23,0.0,1066,True,0.0
CUST002153,24684.81,111,2026-02-13,222.38567567567569,8,False,24377.723371939144
CUST002154,45978.16,321,2026-02-19,143.23414330218068,2,False,15701.201582468522
CUST002155,5470.81,57,2026-01-24,95.97912280701755,28,False,10521.147543167812
CUST002156,965.04,2,2023-07-08,482.52,959,True,52893.4206112389
CUST002157,5347.89,50,2025-12-07,106.9578,76,False,11724.620540190603
CUST002158,10937.78,53,2025-11-06,206.3732075471698,107,True,22622.450612789016
CUST002159,1376.8500000000001,20,2025-11-10,68.8425,103,True,7546.454672198488
CUST002160,32148.79,161,2026-02-17,199.6819254658385,4,False,21888.95812013316
CUST002161,2979.6,32,2026-02-19,93.1125,2,False,10206.910856884653
CUST002162,5152.54,45,2026-01-27,114.5008888888889,25,False,12551.48735049476
CUST002163,14221.24,56,2026-01-31,253.95071428571427,21,False,27837.855312191914
CUST002164,1468.71,50,2026-02-09,29.374200000000002,12,False,3219.9741269142296
CUST002165,14043.87,59,2026-02-14,238.03169491525426,7,False,26092.826324211725
CUST002166,0.0,4,2023-12-20,0.0,794,True,0.0
CUST002167,0.0,5,2024-06-11,0.0,620,True,0.0
CUST002168,0.0,10,2026-02-03,0.0,18,False,0.0
CUST002169,5442.639999999999,31,2025-11-20,175.5690322580645,93,True,19245.723844677894
CUST002170,6735.08,36,2026-01-13,187.08555555555554,39,False,20508.15506152554
CUST002171,5138.59,42,2026-02-20,122.34738095238096,1,False,13411.612951582869
CUST002172,10888.289999999999,126,2026-02-14,86.41499999999999,7,False,9472.736761419652
CUST002174,6302.32,55,2026-01-26,114.58763636363636,26,False,12560.996532847368
CUST002175,1731.7,10,2026-02-14,173.17000000000002,7,False,18982.7440256326
CUST002177,4330.64,44,2026-01-02,98.42363636363638,50,False,10789.11298240373
CUST002178,17083.87,51,2026-02-08,334.97784313725487,13,False,36719.97834805693
CUST002179,7782.61,25,2026-02-14,311.3044,7,False,34124.91620519224
CUST002180,0.0,26,2026-02-11,0.0,10,False,0.0
CUST002181,991.96,6,2025-11-05,165.32666666666668,108,True,18122.964681783327
CUST002182,1128.3,18,2026-01-27,62.68333333333333,25,False,6871.292206156206
CUST002183,10515.56,57,2026-02-16,184.48350877192982,5,False,20222.920967650804
CUST002184,10146.119999999999,62,2026-02-04,163.64709677419353,17,False,17938.85169834522
CUST002185,5809.54,59,2026-02-14,98.46677966101694,7,False,10793.842312949419
CUST002186,4151.14,35,2026-02-08,118.60400000000001,13,False,13001.26680381203
CUST002187,829.05,22,2026-01-12,37.684090909090905,40,False,4130.897104382636
CUST002188,564.98,11,2026-01-07,51.36181818181819,45,False,5630.23761180653
CUST002189,6286.5599999999995,54,2026-02-20,116.41777777777777,1,False,12761.61503487056
CUST002190,5054.389999999999,31,2026-02-16,163.0448387096774,5,False,17872.83269576924
CUST002191,4881.36,37,2026-02-20,131.92864864864865,1,False,14461.903141103641
CUST002192,2870.9399999999996,15,2025-11-12,191.396,101,True,20980.662213604995
CUST002193,0.0,2,2024-08-04,0.0,566,True,0.0
CUST002194,10242.279999999999,37,2024-11-28,276.8183783783783,450,True,30344.58866055013
CUST002195,1332.51,17,2025-11-16,78.38294117647058,97,True,8592.269494307087
CUST002196,5925.4400000000005,15,2025-12-07,395.02933333333334,76,False,43302.77021009968
CUST002197,19298.01,77,2026-02-05,250.62350649350648,16,False,27473.129702446746
CUST002198,163.45,22,2026-01-30,7.429545454545454,22,False,814.42027828399
CUST002199,4381.91,64,2025-06-23,68.46734375,243,True,7505.330372011584
CUST002200,3332.07,51,2026-01-05,65.33470588235295,47,False,7161.933347315923
CUST002201,11431.79,63,2026-02-13,181.45698412698414,8,False,19891.155981670137
CUST002202,547.45,6,2024-09-10,91.24166666666667,529,True,10001.831742249973
CUST002203,3322.95,41,2025-04-16,81.04756097560976,311,True,8884.362787444996
CUST002204,3846.8300000000004,33,2026-02-15,116.57060606060607,6,False,12778.367937641284
CUST002205,86.43,3,2024-03-06,28.810000000000002,717,True,3158.1270161025304
CUST002206,6448.16,36,2026-01-10,179.11555555555555,42,False,19634.490628400334
CUST002208,5796.79,37,2025-08-16,156.67,189,True,17174.028448899113
CUST002209,1069.78,9,2025-08-19,118.86444444444444,186,True,13029.816496147807
CUST002210,238.92000000000002,7,2025-02-24,34.13142857142857,362,True,3741.457364442984
CUST002211,988.47,7,2026-01-21,141.21,31,False,15479.316763062767
CUST002212,17748.31,80,2026-02-12,221.85387500000002,9,False,24319.427846738417
CUST002213,10566.44,22,2025-03-08,480.2927272727273,350,True,52649.26892181758
CUST002214,21012.28,92,2025-11-17,228.39434782608694,96,True,25036.388760662387
CUST002215,4438.95,21,2025-11-10,211.37857142857143,103,True,23171.134226092672
CUST002216,0.0,8,2026-02-05,0.0,16,False,0.0
CUST002217,1117.33,9,2025-08-28,124.14777777777778,177,True,13608.970877788732
CUST002218,18588.53,62,2026-01-28,299.815,24,False,32865.45822050608
CUST002219,1471.66,23,2026-01-25,63.98521739130435,27,False,7014.0035985654895
CUST002220,1115.52,7,2025-05-08,159.35999999999999,289,True,17468.9038974696
CUST002221,3516.9500000000003,41,2026-01-28,85.77926829268293,24,False,9403.048407380393
CUST002222,9000.050000000001,60,2026-02-09,150.00083333333336,12,False,16442.96022866689
CUST002223,390.79,13,2024-06-26,30.060769230769232,605,True,3295.235245835335
CUST002224,31402.41,88,2026-02-21,356.8455681818182,0,False,39117.09925204642
CUST002225,2285.12,25,2026-02-20,91.4048,1,False,10019.71427564903
CUST002226,1170.68,10,2025-11-02,117.06800000000001,111,True,12832.89182648702
CUST002227,402.24,13,2025-12-22,30.941538461538464,61,False,3391.7843989989633
CUST002228,629.79,9,2024-09-06,69.97666666666666,533,True,7670.781030781026
CUST002229,8232.82,18,2026-02-21,457.37888888888887,0,False,50137.47398802351
CUST002230,357.98,19,2025-12-15,18.841052631578947,68,False,2065.339719805593
CUST002231,4033.75,24,2025-10-06,168.07291666666666,138,True,18424.00620618359
CUST002232,2839.85,30,2026-02-18,94.66166666666666,3,False,10376.729152700185
CUST002234,8556.570000000002,14,2025-12-05,611.1835714285716,78,False,66997.4088416037
CUST002235,5043.83,29,2026-01-13,173.9251724137931,39,False,19065.525365508172
CUST002236,8582.93,13,2025-10-25,660.2253846153847,119,True,72373.32953386081
CUST002237,3661.67,48,2026-01-01,76.28479166666666,51,False,8362.272179113264
CUST002238,10021.15,82,2026-02-06,122.20914634146341,15,False,13396.459794370125
CUST002239,0.0,1,2023-11-05,0.0,839,True,0.0
CUST002240,705.16,10,2025-12-02,70.51599999999999,81,False,7729.902279329608
CUST002241,2826.3599999999997,9,2026-01-09,314.03999999999996,43,False,34424.79028590206
CUST002242,5010.450000000001,19,2026-02-20,263.70789473684215,1,False,28907.42890412855
CUST002243,1663.33,10,2024-07-25,166.333,576,True,18233.27806210976
CUST002244,0.0,7,2025-12-24,0.0,59,False,0.0
CUST002246,1903.1599999999999,18,2026-01-16,105.7311111111111,36,False,11590.151976485193
CUST002247,125.51,8,2024-04-03,15.68875,689,True,1719.7870608774235
CUST002248,1971.21,28,2026-02-21,70.40035714285715,0,False,7717.225610417351
CUST002249,3582.8,15,2026-01-23,238.85333333333335,29,False,26182.893609376715
CUST002250,6057.93,25,2026-02-10,242.3172,11,False,26562.599645481434
CUST002251,1428.35,20,2026-02-13,71.41749999999999,8,False,7828.723921294773
CUST002252,232.78,15,2025-03-28,15.518666666666666,330,True,1701.1426745536205
CUST002253,18674.15,134,2026-02-18,139.35932835820896,3,False,15276.447755430863
CUST002254,4235.12,67,2026-02-20,63.21074626865671,1,False,6929.106751095001
CUST002256,5948.33,52,2026-01-30,114.39096153846154,22,False,12539.437210432518
CUST002257,3892.53,58,2026-02-13,67.11258620689655,8,False,7356.823034380772
CUST002258,564.52,9,2025-09-22,62.724444444444444,152,True,6875.798770219447
CUST002259,7090.32,62,2026-02-09,114.36,12,False,12536.043233651002
CUST002260,8986.12,99,2026-02-16,90.7688888888889,5,False,9950.006255522694
CUST002261,229.47,12,2025-03-18,19.1225,340,True,2096.191734308248
CUST002262,236.94,5,2025-08-21,47.388,184,True,5194.6311363785735
CUST002263,5491.2300000000005,62,2026-02-21,88.56822580645162,0,False,9708.771492107746
CUST002264,3441.5299999999997,41,2026-02-03,83.93975609756097,18,False,9201.402688537466
CUST002265,4982.700000000001,48,2026-01-16,103.80625000000002,36,False,11379.150384078213
CUST002266,6341.12,44,2025-12-27,144.11636363636364,56,False,15797.909804319901
CUST002267,9296.34,43,2026-02-17,216.1939534883721,4,False,23698.992198182637
CUST002268,495.39,10,2026-02-10,49.539,11,False,5430.421876109102
CUST002269,6068.42,45,2026-02-02,134.8537777777778,19,False,14782.553239274112
CUST002270,4456.05,56,2026-01-23,79.57232142857143,29,False,8722.648317860663
CUST002271,1218.98,6,2023-12-11,203.16333333333333,803,True,22270.587007339247
CUST002272,742.0699999999999,28,2026-02-21,26.502499999999998,0,False,2905.1808831744984
CUST002273,3225.6499999999996,13,2026-02-20,248.12692307692305,1,False,27199.456410677718
CUST002274,7123.43,35,2026-02-01,203.52657142857143,20,False,22310.404849819257
CUST002275,3682.81,31,2026-02-12,118.80032258064516,9,False,13022.787513489446
CUST002276,2990.11,39,2026-02-16,76.66948717948718,5,False,8404.442164951928
CUST002277,21510.39,75,2026-02-06,286.8052,15,False,31439.335316858364
CUST002278,4484.0,18,2025-11-30,249.11111111111111,83,False,27307.342242669878
CUST002279,7496.91,43,2026-02-07,174.34674418604652,14,False,19111.737694670956
CUST002280,393.6,18,2025-12-29,21.866666666666667,54,False,2397.004885529631
CUST002281,2318.0,32,2026-01-30,72.4375,22,False,7940.535429674663
CUST002282,7202.35,29,2026-02-17,248.35689655172416,4,False,27224.66590195701
CUST002283,2558.21,30,2026-01-20,85.27366666666667,32,False,9347.624799101764
CUST002284,567.28,9,2025-10-28,63.03111111111111,116,True,6909.415302150655
CUST002285,1414.6799999999998,5,2024-03-28,282.936,695,True,31015.19699507065
CUST002286,4817.38,65,2026-02-20,74.11353846153847,1,False,8124.261300740666
CUST002289,17820.36,121,2026-02-21,147.27570247933886,0,False,16144.233766590714
CUST002290,12961.69,87,2026-01-31,148.98494252873564,21,False,16331.599166694998
CUST002291,989.8299999999999,8,2025-10-10,123.72874999999999,134,True,13563.037419076569
CUST002292,892.1600000000001,58,2026-02-11,15.382068965517243,10,False,1686.168953958775
CUST002293,4336.1,20,2026-02-17,216.805,4,False,23765.9745826487
CUST002294,5699.7,37,2026-02-20,154.04594594594593,1,False,16886.3819372774
CUST002295,1464.82,23,2024-12-17,63.68782608695652,431,True,6981.403823743731
CUST002296,4370.97,36,2026-02-17,121.41583333333334,4,False,13309.497515883448
CUST002297,5649.82,21,2026-01-30,269.0390476190476,22,False,29491.82522291598
CUST002298,7545.8099999999995,18,2026-01-06,419.21166666666664,46,False,45953.61645141856
CUST002299,266.15,11,2026-02-11,24.19545454545454,10,False,2652.284577121859
CUST002300,389.4,18,2026-01-18,21.633333333333333,34,False,2371.427089495016
CUST002301,2165.46,22,2026-01-23,98.43,29,False,10789.810558659217
CUST002302,2259.79,16,2025-12-04,141.236875,79,False,15482.262777070324
CUST002303,10762.06,48,2025-01-20,224.2095833333333,397,True,24577.658535025737
CUST002304,13626.16,81,2026-01-20,168.2241975308642,32,False,18440.589482276668
CUST002305,4551.02,19,2026-01-28,239.52736842105264,24,False,26256.78074649325
CUST002306,1352.56,16,2025-03-31,84.535,327,True,9266.652804797895
CUST002307,9702.13,41,2026-02-17,236.63731707317072,4,False,25939.9758440403
CUST002308,2773.1800000000003,32,2026-01-28,86.66187500000001,24,False,9499.79898311699
CUST002309,2296.1600000000003,19,2026-02-06,120.8505263157895,15,False,13247.52905477628
CUST002310,6777.49,46,2026-02-12,147.33673913043478,9,False,16150.924550929429
CUST002311,2469.19,30,2026-02-15,82.30633333333334,6,False,9022.348312958704
CUST002312,268.39,12,2025-12-03,22.36583333333333,80,False,2451.723099189396
CUST002313,120.44,57,2026-02-10,2.112982456140351,11,False,231.62328980518996
CUST002314,976.23,37,2025-02-08,26.384594594594596,378,True,2892.2561956994787
CUST002315,426.40999999999997,15,2025-12-30,28.42733333333333,53,False,3116.1794306057614
CUST002316,1871.05,25,2026-02-21,74.842,0,False,8204.11461781137
CUST002317,2315.84,58,2026-01-26,39.928275862068965,26,False,4376.902697202171
CUST002318,308.39,11,2025-06-06,28.035454545454545,260,True,3073.22202043438
CUST002319,9822.98,67,2026-01-31,146.61164179104478,21,False,16071.440014420175
CUST002320,35051.03,194,2026-02-20,180.675412371134,1,False,19805.48076899492
CUST002321,1232.98,18,2026-01-28,68.49888888888889,24,False,7508.788322561799
CUST002322,2051.0,14,2026-01-30,146.5,22,False,16059.201938876107
CUST002323,8200.85,37,2025-11-03,221.6445945945946,110,True,24296.486711637695
CUST002324,10174.31,41,2026-02-21,248.15390243902436,0,False,27202.413864767594
CUST002325,0.0,5,2023-11-11,0.0,833,True,0.0
CUST002326,7942.59,30,2023-10-21,264.753,854,True,29021.99242951035
CUST002330,3541.98,92,2026-02-18,38.499782608695654,3,False,4220.312515466716
CUST002331,1735.9,5,2023-11-29,347.18,815,True,38057.56811698981
CUST002332,2056.86,12,2025-12-05,171.405,78,False,18789.266268485047
CUST002334,8892.9,58,2026-02-18,153.3258620689655,3,False,16807.44697213503
CUST002335,2314.64,21,2025-12-06,110.22095238095237,77,False,12082.324451747178
CUST002336,132.78,23,2026-02-18,5.7730434782608695,3,False,632.8359796539456
CUST002337,5066.450000000001,31,2025-12-25,163.43387096774197,58,False,17915.478071830647
CUST002338,0.0,3,2025-07-26,0.0,210,True,0.0
CUST002339,4958.2,23,2026-01-19,215.57391304347826,33,False,23631.023906613897
CUST002340,5697.32,13,2026-01-12,438.25538461538457,40,False,48041.1721661316
CUST002341,0.0,11,2026-01-08,0.0,44,False,0.0
CUST002342,6696.41,33,2024-05-30,202.92151515151514,632,True,22244.079109630646
CUST002344,9886.79,59,2026-02-08,167.57271186440678,13,False,18369.17419300757
CUST002345,2663.34,19,2026-02-13,140.1757894736842,8,False,15365.947509210093
CUST002346,1890.14,34,2026-02-03,55.59235294117647,18,False,6093.985134058881
CUST002347,5457.82,71,2026-01-15,76.87070422535211,37,False,8426.499401628304
CUST002348,1320.9299999999998,28,2026-02-18,47.176071428571426,3,False,5171.399711633256
CUST002349,12852.36,38,2026-01-26,338.22,26,False,37075.3807492606
CUST002351,3789.85,11,2024-12-12,344.53181818181815,436,True,37767.27674095539
CUST002352,5070.53,19,2026-01-06,266.87,46,False,29254.05611896155
CUST002353,3040.7799999999997,11,2024-04-24,276.43454545454546,668,True,30302.513230962268
CUST002354,1052.72,9,2025-03-30,116.9688888888889,328,True,12822.027353123745
CUST002355,30428.29,310,2026-02-19,98.1557741935484,2,False,10759.750165467016
CUST002356,12245.92,125,2026-02-14,97.96736,7,False,10739.096366270127
CUST002357,558.3,14,2026-02-16,39.878571428571426,5,False,4371.454140650673
CUST002358,0.0,2,2024-11-03,0.0,475,True,0.0
CUST002359,4355.94,30,2025-07-13,145.19799999999998,223,True,15916.477837002956
CUST002360,13585.85,56,2026-02-10,242.6044642857143,11,False,26594.089305372992
CUST002361,2315.4300000000003,48,2026-02-08,48.238125000000004,13,False,5287.821095752547
CUST002362,1398.08,16,2026-02-11,87.38,10,False,9578.519217877094
CUST002363,6039.150000000001,27,2026-01-05,223.67222222222225,47,False,24518.75347975317
CUST002364,2190.76,22,2026-02-07,99.58000000000001,14,False,10915.87255340125
CUST002365,4319.35,16,2025-09-09,269.959375,165,True,29592.71070592343
CUST002366,0.0,3,2025-11-13,0.0,100,True,0.0
CUST002367,1029.0,24,2026-01-03,42.875,49,False,4699.920021360499
CUST002369,8757.35,41,2026-02-14,213.5939024390244,7,False,23413.976874954915
CUST002370,92419.56,429,2026-02-21,215.43020979020977,0,False,23615.271281606987
CUST002371,4235.22,47,2026-02-04,90.11106382978724,17,False,9877.896047573435
CUST002372,718.34,16,2026-01-09,44.89625,43,False,4921.487679510352
CUST002373,9556.69,47,2026-02-19,203.33382978723407,2,False,22289.276679578525
CUST002374,8413.06,31,2026-02-08,271.3890322580645,13,False,29749.428484835633
CUST002376,3689.39,47,2026-01-23,78.49765957446809,29,False,8604.844824815937
CUST002377,38871.83,169,2026-02-16,230.01082840236688,5,False,25213.585948408123
CUST002378,227.23,5,2025-02-19,45.446,367,True,4981.750793953335
CUST002380,493.05,13,2025-12-21,37.926923076923075,62,False,4157.516154351728
CUST002381,7030.99,39,2026-02-19,180.28179487179486,2,False,19762.332762793125
CUST002382,2245.99,18,2025-12-06,124.7772222222222,77,False,13677.970027567822
CUST002383,250.65,9,2024-09-17,27.85,522,True,3052.8926552744006
CUST002384,13521.99,28,2026-02-21,482.92821428571426,0,False,52938.16870440354
CUST002385,12051.74,56,2026-02-17,215.20964285714285,4,False,23591.09292720999
CUST002386,8029.170000000001,56,2026-01-31,143.37803571428574,21,False,15716.974942901745
CUST002387,361.19,2,2024-02-21,180.595,731,True,19796.666035162667
CUST002388,4915.01,42,2026-02-08,117.02404761904762,13,False,12828.073804907437
CUST002389,6247.12,13,2025-08-01,480.5476923076923,204,True,52677.21796607598
CUST002390,2331.63,7,2025-01-26,333.09000000000003,391,True,36513.03463358528
CUST002391,2229.77,35,2026-02-16,63.70771428571428,5,False,6983.583950706539
CUST002392,5054.46,30,2025-11-05,168.482,108,True,18468.849563588563
CUST002393,25645.96,199,2026-02-11,128.87417085427134,10,False,14127.073955317168
CUST002394,9397.22,54,2026-02-15,174.0225925925926,6,False,19076.20448034956
CUST002395,0.0,9,2025-03-28,0.0,330,True,0.0
CUST002396,0.0,8,2024-11-13,0.0,465,True,0.0
CUST002397,11436.61,50,2026-02-20,228.7322,1,False,25073.42382063753
CUST002398,18001.37,158,2026-02-08,113.93272151898734,13,False,12489.205340062479
CUST002399,1587.0,7,2025-12-22,226.71428571428572,61,False,24852.221820571805
CUST002400,6619.299999999999,10,2025-11-02,661.93,111,True,72560.18798225436
CUST002401,22060.329999999998,136,2026-02-09,162.2083088235294,12,False,17781.133020891724
CUST002402,10437.48,37,2026-01-03,282.094054054054,49,False,30922.903616452462
CUST002403,2248.92,15,2025-10-12,149.928,132,True,16434.976302333223
CUST002404,9997.23,44,2026-02-07,227.2097727272727,14,False,24906.536673811726
CUST002405,131.11,7,2026-02-15,18.73,6,False,2053.166227407164
CUST002406,2221.7999999999997,27,2026-01-26,82.28888888888888,26,False,9020.436068207542
CUST002407,5064.7300000000005,30,2025-07-02,168.82433333333336,234,True,18506.37584434221
CUST002408,9909.85,46,2026-02-20,215.43152173913043,1,False,23615.415096300847
CUST002409,3405.8199999999997,12,2026-02-10,283.8183333333333,11,False,31111.91760379012
CUST002410,513.9200000000001,28,2025-12-30,18.354285714285716,53,False,2011.9807558330597
CUST002412,5429.929999999999,53,2026-02-15,102.45150943396226,6,False,11230.644907458502
CUST002414,1190.2,10,2025-12-27,119.02000000000001,56,False,13046.868360170885
CUST002415,1205.08,9,2026-01-26,133.89777777777778,26,False,14677.757354949428
CUST002416,981.16,3,2024-03-14,327.05333333333334,709,True,35851.300510461166
CUST002417,5924.99,39,2025-06-12,151.9228205128205,254,True,16653.64678320146
CUST002418,762.1800000000001,33,2026-01-29,23.096363636363638,23,False,2531.8031924237443
CUST002419,5266.83,52,2026-02-16,101.28519230769231,5,False,11102.79424359817
CUST002420,3068.81,7,2025-12-02,438.40142857142854,81,False,48057.18137693066
CUST002421,5470.36,21,2026-01-28,260.49333333333334,24,False,28555.051493044142
CUST002422,5157.79,21,2026-02-11,245.60904761904763,10,False,26923.44910395443
CUST002423,47075.82,241,2026-02-19,195.33535269709543,2,False,21412.49061272521
CUST002424,769.39,3,2024-08-19,256.4633333333333,551,True,28113.28641581772
CUST002425,4461.62,94,2026-01-30,47.46404255319149,22,False,5202.966854587788
CUST002426,1845.82,5,2024-07-05,369.164,596,True,40467.43497995399
CUST002427,1776.01,36,2026-01-17,49.33361111111111,35,False,5407.907325647205
CUST002428,6626.57,28,2024-05-21,236.66321428571428,641,True,25942.8146738416
CUST002429,5376.41,23,2026-02-15,233.7569565217391,6,False,25624.233238223147
CUST002430,7217.16,46,2026-02-11,156.89478260869564,10,False,17198.66892197345
CUST002431,4459.9,38,2026-01-16,117.3657894736842,36,False,12865.535248283377
CUST002432,19145.18,88,2026-02-17,217.55886363636364,4,False,23848.61245548651
CUST002433,1034.66,44,2026-01-07,23.515,45,False,2577.693744659875
CUST002436,3771.45,38,2026-02-14,99.2486842105263,7,False,10879.554006174652
CUST002438,3204.42,23,2025-12-31,139.32260869565218,52,False,15272.422578119418
CUST002439,7777.389999999999,44,2025-04-30,176.75886363636363,297,True,19376.15212029098
CUST002440,925.32,19,2026-01-27,48.70105263157895,25,False,5338.566818063891
CUST002441,3923.97,6,2024-07-29,653.995,572,True,71690.36021853433
CUST002442,4162.66,39,2026-02-15,106.7348717948718,6,False,11700.18334521432
CUST002443,0.0,15,2024-07-07,0.0,594,True,0.0
CUST002444,783.74,9,2025-12-26,87.08222222222223,57,False,9545.877078175778
CUST002445,2192.55,28,2026-01-23,78.30535714285715,29,False,8583.764800361485
CUST002446,10818.78,49,2026-01-23,220.79142857142858,29,False,24202.963397962536
CUST002447,19649.399999999998,73,2026-02-04,269.1698630136986,17,False,29506.165092126997
CUST002449,1328.0,7,2026-01-30,189.71428571428572,22,False,20796.31416365429
CUST002450,16109.17,67,2026-02-18,240.43537313432836,3,False,26356.315429441685
CUST002451,86.47,16,2026-02-17,5.404375,4,False,592.422863333881
CUST002452,2075.27,16,2026-01-27,129.704375,25,False,14218.08020805948
CUST002453,386.7,6,2023-12-08,64.45,806,True,7064.952661846862
CUST002454,6709.04,34,2026-02-21,197.32470588235293,0,False,21630.56176992519
CUST002455,1865.04,16,2026-01-21,116.565,31,False,12777.753406178113
CUST002456,0.0,1,2023-06-30,0.0,967,True,0.0
CUST002457,2241.16,42,2026-01-03,53.36095238095238,49,False,5849.380955197721
CUST002458,13671.539999999999,77,2026-02-17,177.55246753246752,4,False,19463.14628566307
CUST002459,16108.57,60,2026-02-19,268.47616666666664,2,False,29430.12270495125
CUST002461,858.37,20,2026-01-19,42.9185,33,False,4704.688453335524
CUST002462,3790.32,31,2026-02-20,122.2683870967742,1,False,13402.953714182735
CUST002464,0.0,3,2024-02-08,0.0,744,True,0.0
CUST002465,3278.95,20,2026-01-23,163.9475,29,False,17971.781637364442
CUST002466,7854.06,36,2026-01-16,218.16833333333335,36,False,23915.421990908097
CUST002467,17391.83,64,2026-02-16,271.74734375,5,False,29788.706277368143
CUST002468,26269.440000000002,110,2026-02-17,238.81309090909093,4,False,26178.482270008666
CUST002469,10175.75,41,2026-01-26,248.1890243902439,26,False,27206.263902358874
CUST002470,7430.360000000001,49,2026-02-08,151.64000000000001,13,False,16622.644245810057
CUST002471,1822.21,20,2026-02-19,91.1105,2,False,9987.453366907657
CUST002472,678.51,16,2024-05-23,42.406875,639,True,4648.604568066053
CUST002473,5733.01,40,2026-02-07,143.32525,14,False,15711.188619043707
CUST002474,6176.86,18,2026-01-15,343.1588888888889,37,False,37616.77743199328
CUST002475,0.0,1,2023-07-08,0.0,959,True,0.0
CUST002476,883.02,33,2024-06-04,26.758181818181818,627,True,2933.208500582559
CUST002477,1147.92,21,2026-02-10,54.66285714285715,11,False,5992.0946171541245
CUST002478,2518.91,18,2026-01-10,139.93944444444443,42,False,15340.039573702852
CUST002479,208.68,34,2026-01-22,6.1376470588235295,30,False,672.8035054416114
CUST002480,2052.45,31,2026-01-15,66.20806451612903,37,False,7257.670157315043
CUST002481,7529.4400000000005,39,2026-02-03,193.06256410256412,18,False,21163.34951372212
CUST002482,14612.89,40,2026-02-14,365.32225,7,False,40046.305703171216
CUST002483,23510.47,136,2026-02-01,172.87110294117647,20,False,18949.97919132145
CUST002484,2909.5600000000004,62,2026-02-14,46.9283870967742,7,False,5144.248771691773
CUST002485,1357.93,27,2026-02-16,50.293703703703706,5,False,5513.151836394397
CUST002486,890.86,39,2025-01-21,22.842564102564104,396,True,2503.9819093842952
CUST002487,772.38,15,2025-11-04,51.492,109,True,5644.50802891883
CUST002488,781.9200000000001,31,2026-02-19,25.223225806451616,2,False,2764.947964339097
CUST002489,13835.43,143,2026-02-17,96.75125874125874,4,False,10605.78840932646
CUST002490,7957.68,35,2026-01-31,227.36228571428572,21,False,24923.25501413079
CUST002491,2856.17,15,2025-09-12,190.41133333333335,162,True,20872.72391433892
CUST002492,3078.83,11,2025-11-01,279.89363636363635,112,True,30681.695752696203
CUST002493,124.25,14,2026-01-21,8.875,31,False,972.8697420308906
CUST002494,1063.97,17,2025-11-24,62.586470588235294,89,False,6860.674196709903
CUST002495,2188.15,35,2026-02-06,62.518571428571434,15,False,6853.2311501807435
CUST002496,1738.76,12,2025-07-21,144.89666666666668,215,True,15883.445940409683
CUST002497,10871.51,23,2026-02-15,472.67434782608694,6,False,51814.148826387005
CUST002498,2903.76,52,2026-02-17,55.84153846153846,4,False,6121.3006329785885
CUST002499,1701.56,11,2025-03-20,154.68727272727273,338,True,16956.683618438743
CUST002500,25022.7,117,2026-02-17,213.86923076923077,4,False,23444.158125837355
CUST002501,8280.85,36,2026-02-08,230.0236111111111,13,False,25214.987177766823
CUST002502,3212.46,48,2025-04-17,66.92625,310,True,7336.397022264213
CUST002503,863.4,19,2025-10-15,45.44210526315789,129,True,4981.323856305239
CUST002504,0.0,8,2023-09-23,0.0,882,True,0.0
CUST002505,0.0,4,2025-12-12,0.0,71,False,0.0
CUST002506,8601.24,56,2026-02-19,153.59357142857144,2,False,16836.79303812028
CUST002507,2195.0699999999997,36,2026-02-14,60.97416666666666,7,False,6683.93485020265
CUST002508,3001.2599999999998,40,2026-02-19,75.0315,2,False,8224.887442162339
CUST002509,1003.53,10,2026-01-01,100.353,51,False,11000.608137693065
CUST002511,4652.12,46,2026-02-03,101.13304347826087,18,False,11086.115821914873
CUST002512,8308.25,13,2025-09-02,639.0961538461538,172,True,70057.16172678783
CUST002513,7193.35,45,2026-02-09,159.85222222222222,12,False,17522.860867199764
CUST002514,128.82,6,2025-10-18,21.47,126,True,2353.5226322707854
CUST002515,7320.29,67,2026-02-14,109.25805970149254,7,False,11976.77299792526
CUST002516,961.66,6,2024-11-12,160.27666666666667,466,True,17569.38809617702
CUST002517,6796.84,38,2025-12-30,178.8642105263158,53,False,19606.938406005153
CUST002518,4024.1600000000003,37,2026-02-08,108.76108108108109,13,False,11922.294635983339
CUST002519,0.0,13,2026-02-08,0.0,13,False,0.0
CUST002520,361.94,29,2026-02-17,12.480689655172414,4,False,1368.1222901628385
CUST002521,3708.06,28,2025-01-03,132.4307142857143,414,True,14516.939137364441
CUST002522,2946.0299999999997,23,2025-10-14,128.0882608695652,130,True,14040.923189786965
CUST002523,7685.87,15,2026-02-03,512.3913333333334,18,False,56167.89005959032
CUST002524,468.06,4,2024-03-07,117.015,716,True,12827.0820128163
CUST002525,3786.2799999999997,25,2026-02-17,151.4512,4,False,16601.948154847192
CUST002526,0.0,2,2024-12-13,0.0,435,True,0.0
CUST002527,1894.5,3,2023-05-04,631.5,1024,True,69224.47798225435
CUST002528,3160.0299999999997,18,2025-07-13,175.5572222222222,223,True,19244.429238872457
CUST002529,2841.7799999999997,41,2026-02-13,69.31170731707317,8,False,7597.888768144402
CUST002530,4160.6900000000005,18,2026-02-05,231.14944444444447,16,False,25338.400043633843
CUST002531,1341.2399999999998,15,2025-02-09,89.41599999999998,377,True,9801.703758133419
CUST002532,22016.23,37,2026-02-10,595.0332432432432,11,False,65227.02398353331
CUST002533,3668.0299999999997,21,2024-07-08,174.66809523809522,593,True,19146.963916091572
CUST002534,13869.68,62,2026-01-06,223.70451612903227,46,False,24522.293509588373
CUST002535,5361.9,20,2024-11-07,268.09499999999997,471,True,29388.339548143278
CUST002536,0.0,6,2025-10-01,0.0,143,True,0.0
CUST002537,3494.87,65,2026-02-15,53.767230769230764,6,False,5893.916836977678
CUST002538,7896.8099999999995,59,2025-10-26,133.8442372881356,118,True,14671.888293276594
CUST002539,0.0,9,2026-02-08,0.0,13,False,0.0
CUST002540,5023.32,14,2026-01-28,358.8085714285714,24,False,39332.281952021025
CUST002541,1436.74,6,2024-08-03,239.45666666666668,567,True,26249.0304819805
CUST002542,4986.89,20,2026-02-03,249.3445,18,False,27332.926128655934
CUST002543,4667.57,32,2026-01-19,145.8615625,33,False,15989.21697820818
CUST002544,1224.25,15,2024-01-31,81.61666666666666,752,True,8946.747655822104
CUST002545,8687.460000000001,87,2026-02-21,99.85586206896552,0,False,10946.112312259907
CUST002546,1946.7,10,2025-08-10,194.67000000000002,195,True,21339.555231679267
CUST002547,7498.53,40,2026-02-03,187.46325,18,False,20549.557596368715
CUST002548,3923.24,43,2024-10-23,91.23813953488371,486,True,10001.445101147123
CUST002549,2725.9,41,2025-12-26,66.48536585365854,57,False,7288.067687535567
CUST002550,9780.29,58,2026-02-15,168.62568965517244,6,False,18484.600697984068
CUST002551,13642.77,69,2024-12-30,197.7213043478261,418,True,21674.03654702882
CUST002552,6321.22,59,2026-02-16,107.13932203389831,5,False,11744.518826871341
CUST002553,11234.789999999999,40,2026-02-20,280.86974999999995,1,False,30788.69647625698
CUST002554,20472.85,78,2026-02-06,262.4724358974359,15,False,28771.998986113565
CUST002555,7077.799999999999,30,2026-01-19,235.92666666666665,33,False,25862.074967685396
CUST002556,3203.62,31,2026-02-20,103.34258064516129,1,False,11328.3233547115
CUST002557,2716.48,19,2026-01-08,142.97263157894736,44,False,15672.53489596485
CUST002558,8327.62,85,2025-06-18,97.97200000000001,248,True,10739.604999014131
CUST002559,4102.78,23,2026-02-10,178.38173913043477,11,False,19554.05031333495
CUST002560,8727.47,35,2024-03-16,249.3562857142857,707,True,27334.218068353595
CUST002562,1393.58,5,2026-01-21,278.716,31,False,30552.60428393033
CUST002563,3083.39,33,2026-02-17,93.43606060606061,4,False,10242.3792876846
CUST002565,10133.39,65,2026-02-17,155.8983076923077,4,False,17089.436212694964
CUST002566,7827.44,64,2026-01-26,122.30375,26,False,13406.830164722312
CUST002567,1274.03,20,2025-12-29,63.701499999999996,54,False,6982.902746138678
CUST002568,1004.46,23,2026-01-24,43.67217391304348,28,False,4787.305528868823
CUST002569,4837.8,55,2024-04-13,87.96000000000001,679,True,9642.098310877424
CUST002570,517.4100000000001,8,2024-05-31,64.67625000000001,631,True,7089.753989073284
CUST002571,135.76,7,2026-01-09,19.39428571428571,43,False,2125.9846467302
CUST002572,22356.8,91,2026-02-08,245.67912087912086,13,False,26931.130473470006
CUST002574,5210.58,31,2026-01-28,168.08322580645162,24,False,18425.136285075212
CUST002575,0.0,1,2023-08-12,0.0,924,True,0.0
CUST002577,460.03999999999996,19,2026-01-21,24.212631578947367,31,False,2654.1675085182555
CUST002578,1658.7800000000002,18,2026-02-16,92.15444444444445,5,False,10101.889644356812
CUST002579,11044.7,56,2025-06-09,197.22678571428574,257,True,21619.82784669734
CUST002580,12532.539999999999,113,2026-02-12,110.90743362831857,9,False,12157.575926004552
CUST002581,10331.64,45,2026-02-08,229.59199999999998,13,False,25167.67434505422
CUST002583,44010.549999999996,192,2026-02-15,229.22161458333332,6,False,25127.07301944695
CUST002584,2557.95,27,2026-02-08,94.73888888888888,13,False,10385.194185197355
CUST002585,4051.5299999999997,33,2026-01-03,122.77363636363636,49,False,13458.338697158903
CUST002586,4808.76,21,2024-11-25,228.98857142857145,453,True,25101.527032533686
CUST002587,1007.09,18,2024-03-10,55.949444444444445,713,True,6133.129192500091
CUST002589,2372.09,29,2026-01-03,81.79620689655172,49,False,8966.428698879283
CUST002590,34.56,25,2025-04-10,1.3824,317,True,151.5374795925074
CUST002591,3257.88,26,2026-02-01,125.30307692307693,20,False,13735.613760206275
CUST002592,10083.039999999999,65,2026-01-19,155.1236923076923,33,False,17004.52355135367
CUST002594,2429.66,15,2024-12-19,161.97733333333332,429,True,17755.81368956074
CUST002595,6394.96,33,2025-10-11,193.78666666666666,133,True,21242.725003833937
CUST002596,1853.08,9,2025-07-27,205.89777777777778,209,True,22570.334417059188
CUST002597,12178.470000000001,53,2026-02-14,229.7824528301887,7,False,25188.55161781757
CUST002598,3273.27,26,2026-02-18,125.895,3,False,13800.499850476503
CUST002599,8719.789999999999,64,2025-11-29,136.24671874999999,84,False,14935.246211027357
CUST002600,11029.37,115,2026-02-21,95.90756521739131,0,False,10513.303462744147
CUST002601,1703.53,24,2026-02-15,70.98041666666667,6,False,7780.811228365648
CUST002602,1695.8600000000001,28,2026-01-25,60.566428571428574,27,False,6639.238956621754
CUST002603,1782.31,26,2026-01-23,68.55038461538462,29,False,7514.433239085923
CUST002604,238.88,14,2025-03-30,17.062857142857144,328,True,1870.4154847190273
CUST002605,5676.030000000001,37,2026-01-19,153.40621621621622,33,False,16816.25532351609
CUST002606,233.74,12,2025-02-28,19.478333333333335,358,True,2135.1978732610364
CUST002607,2519.8,14,2025-12-03,179.9857142857143,80,False,19729.876667762077
CUST002608,8470.47,61,2026-02-06,138.86016393442623,15,False,15221.729787634073
CUST002609,2692.8599999999997,37,2026-02-04,72.77999999999999,17,False,7978.079980282614
CUST002610,5473.18,10,2025-03-06,547.318,352,True,59996.52072888596
CUST002611,8846.9,55,2025-02-09,160.85272727272726,377,True,17632.535356257282
CUST002612,4873.84,32,2025-12-23,152.3075,60,False,16695.815012323364
CUST002613,9978.86,34,2026-02-15,293.4958823529412,6,False,32172.762067812335
CUST002614,8048.3099999999995,74,2026-01-06,108.76094594594593,46,False,11922.279822587949
CUST002615,7819.44,29,2025-12-15,269.6358620689655,68,False,29557.247501218168
CUST002616,3006.4700000000003,18,2025-08-23,167.02611111111113,182,True,18309.256296235442
CUST002618,448.76,23,2026-02-21,19.511304347826087,0,False,2138.8121270485362
CUST002619,238.91,10,2024-07-21,23.891,580,True,2618.910535984226
CUST002620,251.67,15,2026-01-31,16.778,21,False,1839.1896937232993
CUST002621,411.34,11,2025-01-15,37.39454545454545,402,True,4099.157384757864
CUST002623,481.78,17,2026-01-20,28.34,32,False,3106.6060269470913
CUST002624,1123.42,20,2026-02-10,56.17100000000001,11,False,6157.415918830103
CUST002625,0.0,2,2023-08-04,0.0,932,True,0.0
CUST002626,3268.56,18,2025-09-14,181.58666666666667,160,True,19905.37166830978
CUST002627,526.25,30,2025-10-28,17.541666666666668,116,True,1922.9021661737322
CUST002628,1696.78,30,2026-02-02,56.559333333333335,19,False,6199.984679373425
CUST002629,12353.45,56,2026-02-04,220.59732142857143,17,False,24181.685542638843
CUST002630,3750.92,10,2025-09-28,375.092,146,True,41117.257158067696
CUST002631,1794.3,9,2025-09-16,199.36666666666667,158,True,21854.399726147443
CUST002632,2081.4300000000003,20,2026-02-04,104.07150000000001,17,False,11408.226857213278
CUST002633,2490.5099999999998,19,2026-02-16,131.0794736842105,5,False,14368.817323797497
CUST002634,4608.1900000000005,19,2025-08-25,242.53631578947372,180,True,26586.618926786243
CUST002635,4342.81,15,2026-01-20,289.52066666666667,32,False,31737.00239916749
CUST002636,3517.72,7,2025-05-29,502.53142857142853,268,True,55087.05591850147
CUST002637,3468.5299999999997,17,2026-01-23,204.0311764705882,29,False,22365.719213431013
CUST002638,4091.3799999999997,24,2026-02-02,170.47416666666666,19,False,18687.229132161243
CUST002639,19817.87,45,2026-02-09,440.3971111111111,12,False,48275.94635242998
CUST002640,1347.4099999999999,18,2025-12-08,74.8561111111111,75,False,8205.66146547632
CUST002641,68.34,14,2026-02-11,4.881428571428572,10,False,535.0979329608939
CUST002642,245.92,15,2026-01-21,16.394666666666666,31,False,1797.1690288092889
CUST002643,4473.84,25,2026-01-04,178.9536,48,False,19616.737201971737
CUST002644,0.0,8,2024-12-23,0.0,425,True,0.0
CUST002645,9397.51,52,2026-02-01,180.72134615384616,20,False,19810.515990103388
CUST002646,1469.98,9,2025-08-23,163.3311111111111,182,True,17904.213626173
CUST002647,177.82,6,2024-03-02,29.636666666666667,721,True,3248.745493482309
CUST002648,4356.41,34,2025-08-21,128.12970588235294,184,True,14045.466355860122
CUST002649,5697.69,39,2025-12-22,146.09461538461537,61,False,16014.764031699484
CUST002650,26140.510000000002,221,2026-02-07,118.28285067873304,14,False,12966.062695943363
CUST002651,7656.87,57,2026-02-17,134.33105263157896,4,False,14725.252565681374
CUST002652,1241.3600000000001,22,2026-02-16,56.42545454545455,5,False,6185.309003674604
CUST002653,475.59000000000003,25,2025-12-22,19.023600000000002,61,False,2085.350402760434
CUST002654,440.48,10,2025-09-13,44.048,161,True,4828.5032559973715
CUST002655,12686.76,26,2026-02-06,487.9523076923077,15,False,53488.90543188655
CUST002656,0.0,12,2026-01-28,0.0,24,False,0.0
CUST002657,2073.99,17,2024-12-19,121.99941176470587,429,True,13373.468873402791
CUST002658,1139.15,15,2025-10-01,75.94333333333334,143,True,8324.841815094753
CUST002659,7734.08,19,2025-11-23,407.0568421052632,90,False,44621.21520798381
CUST002660,0.0,3,2024-01-30,0.0,753,True,0.0
CUST002661,14205.26,103,2026-02-18,137.91514563106796,3,False,15118.13770729575
CUST002662,1919.78,20,2026-02-11,95.989,10,False,10522.230272428525
CUST002663,12962.65,131,2026-02-21,98.95152671755724,0,False,10846.979861551852
CUST002664,6048.17,31,2025-04-16,195.10225806451612,311,True,21386.938982858595
CUST002665,9110.35,43,2026-02-14,211.8686046511628,7,False,23224.85123959679
CUST002666,2774.31,34,2026-02-18,81.59735294117647,3,False,8944.630502116719
CUST002667,9237.03,47,2026-02-20,196.53255319148937,1,False,21543.72668440299
CUST002669,697.26,11,2025-12-01,63.38727272727272,82,False,6948.457427180115
CUST002670,11109.89,57,2026-02-17,194.91035087719297,4,False,21365.902284737473
CUST002671,5056.26,36,2026-01-26,140.45166666666668,26,False,15396.18892595027
CUST002672,0.0,1,2024-07-20,0.0,581,True,0.0
CUST002673,2332.07,28,2026-02-17,83.28821428571429,4,False,9129.981244659875
CUST002674,17304.66,95,2026-02-06,182.15431578947369,15,False,19967.596868948578
CUST002675,6343.610000000001,61,2026-02-18,103.99360655737706,3,False,11399.688246122518
CUST002676,6069.51,37,2026-01-13,164.04081081081083,39,False,17982.010286879056
CUST002677,15148.15,56,2026-02-08,270.5026785714286,13,False,29652.26716850148
CUST002678,0.0,1,2023-09-28,0.0,877,True,0.0
CUST002679,995.8800000000001,10,2026-02-04,99.58800000000001,17,False,10916.74950640815
CUST002680,68.82,19,2026-02-04,3.6221052631578945,17,False,397.05201272981986
CUST002681,18135.19,110,2026-02-10,164.8653636363636,11,False,18072.397046843722
CUST002682,7597.42,12,2025-09-03,633.1183333333333,171,True,69401.87826760871
CUST002683,225.91,18,2026-02-16,12.550555555555555,5,False,1375.7809290904443
CUST002685,26387.66,162,2026-02-16,162.8867901234568,5,False,17855.50754790391
CUST002686,32298.120000000003,149,2026-02-17,216.76590604026848,4,False,23761.689136956422
CUST002687,25990.04,189,2026-02-17,137.51343915343915,4,False,15074.102994364723
CUST002688,1486.4,21,2026-01-10,70.78095238095239,42,False,7758.946127724833
CUST002689,2478.57,56,2026-02-19,44.260178571428575,2,False,4851.762085524154
CUST002690,245.37,11,2025-12-14,22.30636363636364,69,False,2445.2040829922626
CUST002691,29873.9,132,2026-02-13,226.31742424242427,8,False,24808.71821293779
CUST002692,0.0,9,2025-11-20,0.0,93,True,0.0
CUST002693,1336.81,33,2026-02-15,40.50939393939394,6,False,4440.60435286151
CUST002694,3095.54,10,2024-09-18,309.554,521,True,33933.03888728228
CUST002695,1575.1399999999999,23,2026-01-16,68.48434782608695,36,False,7507.194343968336
CUST002696,8289.97,20,2026-02-12,414.4985,9,False,45436.96324137364
CUST002697,449.16,3,2024-03-28,149.72,695,True,16412.175524153794
CUST002698,775.74,9,2025-11-02,86.19333333333333,111,True,9448.437855186767
CUST002699,962.1000000000001,25,2025-12-20,38.48400000000001,63,False,4218.582439697668
CUST002700,5971.51,21,2024-09-13,284.35761904761904,526,True,31171.033632380328
CUST002701,193.44,9,2025-10-01,21.493333333333332,143,True,2356.0804118742467
CUST002702,11874.27,42,2026-02-10,282.7207142857143,11,False,30991.59756325994
CUST002703,5266.62,65,2026-02-21,81.02492307692307,0,False,8881.881240779594
CUST002704,6004.549999999999,20,2026-02-20,300.22749999999996,1,False,32910.67610992441
CUST002705,2388.32,17,2026-01-19,140.4894117647059,33,False,15400.326510602927
CUST002706,2443.34,25,2026-02-16,97.73360000000001,5,False,10713.471799408479
CUST002707,3944.54,26,2024-08-28,151.71307692307693,542,True,16630.654874238477
CUST002708,1421.88,28,2026-01-22,50.78142857142858,30,False,5566.615810055866
CUST002709,13751.16,19,2026-01-21,723.7452631578948,31,False,79336.32309459156
CUST002710,9629.8,39,2025-03-18,246.9179487179487,340,True,27066.92969825661
CUST002711,385.0,12,2025-06-24,32.083333333333336,242,True,3516.9469547595577
CUST002712,8409.13,62,2026-02-14,135.63112903225806,7,False,14867.765804278459
CUST002713,5438.19,44,2026-02-07,123.59522727272726,14,False,13548.400774430136
CUST002714,2449.2000000000003,30,2026-02-06,81.64000000000001,15,False,8949.30543542557
CUST002715,12178.76,17,2026-01-07,716.3976470588235,45,False,78530.88384063714
CUST002716,1584.98,13,2025-09-03,121.92153846153846,171,True,13364.932469981546
CUST002717,8375.210000000001,33,2026-02-20,253.79424242424244,1,False,27820.70300351527
CUST002718,15351.710000000001,75,2026-01-17,204.68946666666668,35,False,22437.88040928908
CUST002719,5902.43,20,2026-02-19,295.1215,2,False,32350.9608532698
CUST002721,727.6600000000001,3,2025-01-30,242.55333333333337,387,True,26588.484375068467
CUST002722,1715.92,13,2026-02-20,131.99384615384616,1,False,14469.050034631819
CUST002723,5165.259999999999,25,2026-02-14,206.61039999999997,7,False,22648.451442129473
CUST002724,3117.49,12,2026-01-27,259.7908333333333,25,False,28478.044057125637
CUST002725,334.13,7,2026-01-03,47.73285714285714,49,False,5232.434074926059
CUST002726,0.0,12,2025-11-02,0.0,111,True,0.0
CUST002727,3437.63,30,2026-01-22,114.58766666666666,30,False,12560.999854639062
CUST002728,6405.530000000001,23,2026-02-10,278.50130434782614,11,False,30529.069534212522
CUST002729,0.0,4,2025-01-25,0.0,392,True,0.0
CUST002730,0.0,5,2025-05-03,0.0,294,True,0.0
CUST002731,849.13,14,2025-11-14,60.652142857142856,99,True,6648.634881695694
CUST002732,3570.77,29,2026-02-20,123.13,1,False,13497.402967466314
CUST002733,0.0,5,2026-01-21,0.0,31,False,0.0
CUST002734,0.0,2,2024-06-30,0.0,601,True,0.0
CUST002735,2704.8,17,2026-01-12,159.1058823529412,40,False,17441.047743132745
CUST002736,9392.48,74,2026-02-09,126.9254054054054,12,False,13913.451990301177
CUST002738,15493.87,58,2026-01-30,267.1356896551724,22,False,29283.1807867123
CUST002739,1624.69,31,2026-01-22,52.40935483870968,30,False,5745.067664444045
CUST002740,0.0,5,2024-09-02,0.0,537,True,0.0
CUST002741,9592.380000000001,69,2026-02-13,139.02,8,False,15239.250877423594
CUST002742,4664.88,21,2024-11-24,222.13714285714286,454,True,24350.4794216234
CUST002743,3663.02,29,2026-02-17,126.31103448275861,4,False,13846.105186805216
CUST002744,119144.4,607,2026-02-21,196.28401976935749,0,False,21516.482667921246
CUST002745,2364.9300000000003,12,2026-02-07,197.07750000000001,14,False,21603.46327719356
CUST002746,8086.95,96,2026-01-31,84.2390625,21,False,9234.212394737924
CUST002747,6904.93,29,2026-01-10,238.10103448275862,42,False,26100.427266989245
CUST002748,4737.3099999999995,42,2026-02-10,112.79309523809522,11,False,12364.280503340999
CUST002749,7093.21,30,2026-02-20,236.44033333333334,1,False,25918.382658670173
CUST002750,10325.82,26,2026-02-12,397.1469230769231,9,False,43534.89854672767
CUST002751,3383.8,29,2026-01-23,116.68275862068967,29,False,12790.662003240905
CUST002752,12217.22,36,2025-10-24,339.3672222222222,120,True,37201.13824643078
CUST002753,1000.66,11,2026-01-15,90.96909090909091,37,False,9971.952225973171
CUST002754,8202.74,32,2026-01-16,256.335625,36,False,28099.28713995235
CUST002755,1070.1,11,2025-06-04,97.28181818181817,262,True,10663.947871418753
CUST002756,674.64,9,2025-11-06,74.96,107,True,8217.049674663162
CUST002757,1221.8700000000001,24,2026-01-23,50.91125,29,False,5580.846721574105
CUST002758,10400.4,73,2026-02-18,142.47123287671232,3,False,15617.572008517189
CUST002759,3471.3900000000003,19,2025-12-22,182.7047368421053,61,False,20027.93354359445
CUST002760,988.37,14,2024-01-17,70.59785714285714,766,True,7738.8753877752215
CUST002761,4696.06,28,2026-01-16,167.7164285714286,36,False,18384.928292803157
CUST002762,9022.81,58,2026-02-03,155.5656896551724,18,False,17052.974914218048
CUST002763,9387.96,54,2026-02-07,173.8511111111111,14,False,19057.406830247925
CUST002764,25836.170000000002,142,2026-02-21,181.9448591549296,0,False,19944.636415763725
CUST002765,4577.68,33,2026-02-06,138.71757575757576,15,False,15206.09939632938
CUST002766,1694.8,39,2026-02-13,43.45641025641026,8,False,4763.653705435762
CUST002767,6638.29,35,2026-01-14,189.66542857142858,38,False,20790.958486362142
CUST002768,5508.35,72,2026-02-14,76.50486111111111,7,False,8386.395999242342
CUST002769,6030.11,20,2026-02-01,301.5055,20,False,33050.769352776864
CUST002770,777.06,7,2024-04-22,111.00857142857141,670,True,12168.662563259939
CUST002771,0.0,8,2024-09-02,0.0,537,True,0.0
CUST002772,0.0,1,2023-07-18,0.0,949,True,0.0
CUST002774,1794.56,33,2026-02-21,54.380606060606056,0,False,5961.154500243977
CUST002775,1401.98,19,2026-02-08,73.78842105263158,13,False,8088.622214573568
CUST002776,3753.07,22,2025-12-29,170.5940909090909,54,False,18700.37512278553
CUST002777,7545.54,37,2024-03-19,203.9335135135135,704,True,22355.013485447325
CUST002778,3740.3199999999997,46,2026-01-23,81.31130434782608,29,False,8913.274105359413
CUST002779,10162.68,52,2026-02-14,195.43615384615384,7,False,21423.540346570942
CUST002780,5165.93,19,2026-02-16,271.891052631579,5,False,29804.459519345524
CUST002781,0.0,4,2025-06-28,0.0,238,True,0.0
CUST002782,11202.11,52,2026-02-13,215.42519230769233,8,False,23614.721269559395
CUST002783,19519.22,75,2026-02-21,260.2562666666667,0,False,28529.064452272978
CUST002784,27827.7,110,2025-08-08,252.97909090909093,197,True,27731.34680697876
CUST002786,11675.14,39,2025-12-31,299.3625641025641,52,False,32815.862592920275
CUST002787,0.0,8,2025-10-18,0.0,126,True,0.0
CUST002788,0.0,3,2023-08-05,0.0,931,True,0.0
CUST002789,6402.98,62,2026-01-28,103.27387096774193,24,False,11320.791459934486
CUST002790,2357.76,23,2026-01-11,102.5113043478261,41,False,11237.199573647289
CUST002791,1981.2900000000002,48,2026-02-14,41.276875000000004,7,False,4524.734955841275
CUST002792,6981.320000000001,21,2025-06-26,332.44380952380953,240,True,36442.19979844452
CUST002793,2266.66,26,2026-02-15,87.17923076923077,6,False,9556.511070300057
CUST002794,2458.3,18,2025-06-06,136.57222222222222,260,True,14970.927617117612
CUST002795,556.12,10,2024-01-31,55.612,752,True,6096.138827472889
CUST002797,1954.58,18,2026-02-18,108.58777777777777,3,False,11903.297279366121
CUST002798,3341.6000000000004,6,2025-10-20,556.9333333333334,124,True,61050.54516376383
CUST002799,4896.09,83,2026-01-01,58.989036144578314,51,False,6466.3265776480885
CUST002800,24853.61,63,2026-02-15,394.50174603174605,6,False,43244.936551283456
CUST002801,7166.3,30,2025-12-26,238.87666666666667,57,False,26185.451388980175
CUST002802,5087.95,90,2026-02-20,56.532777777777774,1,False,6197.073682586628
CUST002804,14521.28,94,2026-02-11,154.4817021276596,10,False,16934.14914900609
CUST002805,1047.23,31,2025-06-29,33.781612903225806,237,True,3703.110876681543
CUST002806,3275.17,24,2026-02-03,136.46541666666667,18,False,14959.219685480337
CUST002807,4718.8,64,2026-02-04,73.73125,17,False,8082.355173759447
CUST002808,535.05,9,2026-01-19,59.449999999999996,33,False,6516.857032533683
CUST002809,4225.18,15,2025-12-19,281.6786666666667,64,False,30877.369214152703
CUST002810,1085.0,17,2025-04-07,63.8235294117647,320,True,6996.279503585857
CUST002811,1627.8899999999999,22,2026-02-21,73.99499999999999,0,False,8111.267218205717
CUST002812,212.81,5,2025-07-15,42.562,221,True,4665.609234965494
CUST002813,13377.99,59,2025-08-21,226.74559322033898,184,True,24855.6537220183
CUST002814,6288.41,32,2026-02-03,196.5128125,18,False,21541.562727058
CUST002815,1647.11,22,2025-11-21,74.86863636363636,92,True,8207.034472709347
CUST002816,184.09,3,2023-07-22,61.36333333333334,945,True,6726.594960017526
CUST002817,0.0,7,2025-06-13,0.0,253,True,0.0
CUST002818,4241.74,42,2026-01-11,100.99380952380952,41,False,11070.853117537517
CUST002819,25.95,7,2025-08-18,3.707142857142857,187,True,406.37375944791324
CUST002820,2603.0699999999997,38,2026-02-10,68.50184210526315,11,False,7509.112051559229
CUST002822,23540.06,166,2026-02-21,141.8075903614458,0,False,15544.82409610839
CUST002823,4235.78,51,2026-02-19,83.05450980392156,2,False,9104.362763655576
CUST002824,1908.16,17,2026-02-08,112.24470588235295,13,False,12304.166541532157
CUST002825,2645.2000000000003,60,2026-02-07,44.08666666666667,14,False,4832.741862197394
CUST002826,0.0,6,2024-10-19,0.0,490,True,0.0
CUST002827,843.79,26,2025-02-04,32.45346153846154,382,True,3557.5200850628175
CUST002828,2347.6,31,2026-01-26,75.7290322580645,26,False,8301.350318552362
CUST002829,13019.460000000001,27,2026-02-11,482.20222222222225,10,False,52858.58608902034
CUST002830,16993.27,76,2026-02-07,223.59565789473686,14,False,24510.36056510196
CUST002831,11738.81,54,2026-02-13,217.38537037037037,8,False,23829.594275325275
CUST002832,4786.91,46,2026-02-17,104.06326086956521,4,False,11407.323690937146
CUST002833,882.9,16,2026-01-28,55.18125,24,False,6048.920389007558
CUST002834,485.12,13,2026-01-08,37.316923076923075,44,False,4090.6484875755195
CUST002835,1469.9,20,2025-11-28,73.495,85,False,8056.4576552744
CUST002836,6871.0,30,2026-02-18,229.03333333333333,3,False,25106.433793405628
CUST002837,1595.7800000000002,12,2025-09-30,132.98166666666668,144,True,14577.334055756382
CUST002838,49405.63,242,2026-02-20,204.1554958677686,1,False,22379.3469970777
CUST002839,12715.93,69,2026-02-15,184.28884057971015,6,False,20201.581610586425
CUST002840,4489.29,47,2026-02-19,95.5168085106383,2,False,10470.469054124918
CUST002841,6313.4400000000005,48,2026-02-18,131.53,3,False,14418.203624712456
CUST002842,3615.5299999999997,21,2026-02-08,172.16809523809522,13,False,18872.916101434985
CUST002843,0.0,7,2025-10-09,0.0,135,True,0.0
CUST002844,9538.46,36,2026-02-18,264.9572222222222,3,False,29044.37909099207
CUST002846,1524.56,8,2025-09-04,190.57,170,True,20890.116815642457
CUST002847,3109.16,41,2026-02-08,75.83317073170731,13,False,8312.765887001755
CUST002848,1335.57,34,2026-01-25,39.281470588235294,27,False,4306.000468481181
CUST002849,0.0,2,2025-06-01,0.0,265,True,0.0
CUST002850,371.12,13,2025-06-15,28.54769230769231,251,True,3129.373076164716
CUST002851,1091.24,14,2024-05-26,77.94571428571429,636,True,8544.341064738745
CUST002852,15743.86,186,2026-02-21,84.64440860215053,0,False,9278.646080127492
CUST002853,2710.46,48,2026-01-29,56.46791666666667,23,False,6189.96366428415
CUST002854,45.14,7,2025-05-30,6.448571428571428,267,True,706.886763062767
CUST002855,16568.010000000002,62,2026-01-15,267.2259677419355,37,False,29293.07699166782
CUST002858,534.09,21,2026-02-09,25.432857142857145,12,False,2787.927568189287
CUST002859,0.0,27,2025-10-28,0.0,116,True,0.0
CUST002861,209.2,11,2026-01-18,19.018181818181816,34,False,2084.7564664057595
CUST002862,0.0,8,2025-12-25,0.0,58,False,0.0
CUST002863,209.0,20,2026-01-28,10.45,24,False,1145.5198652645413
CUST002864,12837.0,65,2026-02-19,197.4923076923077,2,False,21648.934133825427
CUST002865,1869.21,10,2025-09-03,186.921,171,True,20490.1166253697
CUST002866,0.0,2,2026-02-15,0.0,6,False,0.0
CUST002867,8117.13,24,2025-12-04,338.21375,79,False,37074.69562972396
CUST002868,2680.62,50,2026-02-21,53.6124,0,False,5876.944423397963
CUST002869,9292.26,61,2026-01-15,152.332131147541,37,False,16698.515057185803
CUST002870,389.76,4,2023-10-02,97.44,873,True,10681.287624055209
CUST002871,2876.8199999999997,28,2025-11-21,102.74357142857141,92,True,11262.660488005256
CUST002872,8550.49,67,2026-02-10,127.61925373134328,11,False,13989.511037271739
CUST002873,3114.3199999999997,4,2025-04-12,778.5799999999999,315,True,85347.25901413079
CUST002874,1107.9,4,2023-10-05,276.975,870,True,30361.757385803485
CUST002875,3896.5200000000004,33,2026-02-16,118.07636363636365,5,False,12943.427766856872
CUST002876,2232.77,30,2025-02-19,74.42566666666667,367,True,8158.4765217438935
CUST002877,2049.05,10,2025-01-01,204.90500000000003,416,True,22461.50698488334
CUST002878,9704.97,42,2026-02-21,231.07071428571427,0,False,25329.769712454814
CUST002879,791.25,7,2026-01-28,113.03571428571429,24,False,12390.876191258627
CUST002880,4726.95,8,2026-02-02,590.86875,19,False,64770.515874548146
CUST002881,7890.530000000001,39,2026-01-29,202.32128205128205,23,False,22178.282081869274
CUST002882,2278.96,14,2026-01-04,162.78285714285715,48,False,17844.114505422283
CUST002883,0.0,2,2024-01-13,0.0,770,True,0.0
CUST002884,5553.45,52,2026-02-17,106.79711538461538,4,False,11707.006433112565
CUST002885,1412.76,16,2026-02-12,88.2975,9,False,9679.094765856064
CUST002886,15373.34,54,2026-02-07,284.6914814814815,14,False,31207.6313405387
CUST002887,505.11,6,2025-01-11,84.185,406,True,9228.286110745974
CUST002888,3145.2999999999997,27,2026-02-06,116.49259259259259,15,False,12769.816169472133
CUST002889,16482.120000000003,67,2026-01-02,246.00179104477616,50,False,26966.50129497109
CUST002890,247.0,2,2023-08-06,123.5,930,True,13537.96204403549
CUST002891,1651.38,22,2026-02-16,75.06272727272727,5,False,8228.310548501777
CUST002892,1730.08,27,2025-11-19,64.07703703703703,94,True,7024.068787867722
CUST002893,9389.36,39,2026-01-28,240.75282051282053,24,False,26391.11373357938
CUST002894,122.36,10,2026-02-17,12.236,4,False,1341.2996240552086
CUST002895,5215.68,86,2026-01-25,60.64744186046512,27,False,6648.119562549197
CUST002896,246.5,3,2023-06-24,82.16666666666667,973,True,9007.038175046555
CUST002897,6118.97,49,2025-11-14,124.87693877551021,99,True,13688.900868973287
CUST002898,13025.53,84,2025-05-06,155.06583333333333,291,True,16998.181101161135
CUST002899,0.0,2,2023-11-07,0.0,837,True,0.0
CUST002900,0.0,12,2026-01-11,0.0,41,False,0.0
CUST002901,1400.16,33,2026-02-17,42.42909090909091,4,False,4651.0398566008425
CUST002902,1347.08,17,2026-01-02,79.24,50,False,8686.21953335524
CUST002903,7181.47,100,2026-02-13,71.8147,8,False,7872.264638087414
CUST002904,4580.46,25,2026-01-25,183.2184,27,False,20084.240849950704
CUST002905,5677.9800000000005,24,2026-02-07,236.5825,14,False,25933.966844396975
CUST002906,1659.33,34,2025-12-31,48.803823529411765,52,False,5349.832474048443
CUST002907,3107.8599999999997,15,2026-02-11,207.19066666666666,10,False,22712.059766896702
CUST002908,2436.91,15,2025-12-10,162.46066666666667,73,False,17808.796267061014
CUST002909,421.29,13,2024-07-22,32.40692307692308,579,True,3552.41857958998
CUST002910,2403.65,34,2026-01-08,70.69558823529412,44,False,7749.588584697764
CUST002911,2368.19,18,2026-02-07,131.56611111111113,14,False,14422.162093146384
CUST002912,5801.75,19,2025-11-20,305.35526315789474,93,True,33472.77702492347
CUST002914,4131.77,16,2024-09-15,258.235625,524,True,28307.56347909136
CUST002915,17335.29,106,2026-02-13,163.5404716981132,8,False,17927.16355071026
CUST002916,7620.77,30,2026-01-01,254.0256666666667,51,False,27846.07152667324
CUST002917,1078.64,38,2026-02-02,28.38526315789474,19,False,3111.5677347492956
CUST002918,1165.5900000000001,13,2023-12-01,89.66076923076925,813,True,9828.535147248414
CUST002919,67.32,5,2025-01-17,13.463999999999999,400,True,1475.911910614525
CUST002920,5338.47,47,2024-04-19,113.5844680851064,673,True,12451.03010306179
CUST002921,3833.88,39,2026-02-09,98.30461538461539,12,False,10776.066006724133
CUST002922,9812.22,75,2026-02-16,130.8296,5,False,14341.426388958265
CUST002924,25525.96,106,2026-02-06,240.8109433962264,15,False,26397.485113250947
CUST002925,6463.37,63,2026-02-14,102.5931746031746,7,False,11246.174119472742
CUST002926,2666.91,63,2026-02-16,42.33190476190476,5,False,4640.386396100339
CUST002927,7401.5,42,2026-01-05,176.22619047619048,47,False,19317.760954102312
CUST002928,45.32,20,2026-02-01,2.266,20,False,248.39693920473218
CUST002929,9858.95,66,2026-02-21,149.3780303030303,0,False,16374.689104900466
CUST002930,0.0,10,2024-10-19,0.0,490,True,0.0
CUST002931,0.0,3,2025-11-22,0.0,91,True,0.0
CUST002932,3267.89,12,2025-11-20,272.32416666666666,93,True,29851.937101270672
CUST002933,4252.86,25,2026-02-09,170.1144,12,False,18647.79182464673
CUST002934,2179.73,21,2025-05-10,103.79666666666667,287,True,11378.099867455361
CUST002935,725.63,27,2026-02-06,26.875185185185185,15,False,2946.034307396453
CUST002937,752.49,12,2025-12-30,62.7075,53,False,6873.94133503122
CUST002938,0.0,7,2024-01-29,0.0,754,True,0.0
CUST002939,206.02,7,2026-02-09,29.431428571428572,12,False,3226.247472888597
CUST002940,4208.26,49,2026-01-02,85.88285714285715,50,False,9414.403726585606
CUST002941,3347.8999999999996,14,2025-01-08,239.13571428571427,409,True,26213.84796253697
CUST002942,3225.5899999999997,32,2026-02-09,100.79968749999999,12,False,11049.57363097683
CUST002943,0.0,6,2024-03-07,0.0,716,True,0.0
CUST002944,11450.74,98,2026-02-21,116.84428571428572,0,False,12808.368462044034
CUST002945,8770.41,85,2026-01-02,103.18129411764706,50,False,11310.643266551971
CUST002946,6811.5,57,2026-01-29,119.5,23,False,13099.485540584948
CUST002947,2785.5,35,2026-02-07,79.58571428571429,14,False,8724.116431153469
CUST002948,6124.92,19,2024-11-26,322.3642105263158,452,True,35337.28296729336
CUST002950,624.75,22,2024-06-21,28.397727272727273,610,True,3112.934040121889
CUST002951,10430.43,108,2026-02-09,96.57805555555557,12,False,10586.802027513055
CUST002952,7576.07,58,2026-02-21,130.62189655172412,0,False,14318.658118519608
CUST002953,0.0,1,2023-07-21,0.0,946,True,0.0
CUST002954,7764.89,34,2026-02-08,228.37911764705882,13,False,25034.719241750594
CUST002955,2584.24,14,2026-02-14,184.5885714285714,7,False,20234.437844232663
CUST002956,5344.0599999999995,42,2025-07-20,127.2395238095238,216,True,13947.885375178003
CUST002957,2716.85,40,2026-02-11,67.92125,10,False,7445.468052497536
CUST002958,0.0,3,2026-01-06,0.0,46,False,0.0
CUST002959,0.0,3,2024-08-17,0.0,553,True,0.0
CUST002960,6816.55,20,2026-01-24,340.8275,28,False,37361.21261994742
CUST002961,6080.12,23,2026-01-02,264.3530434782609,50,False,28978.149545214248
CUST002962,1134.8400000000001,19,2026-02-05,59.72842105263159,16,False,6547.377304944914
CUST002963,6435.68,43,2025-09-10,149.66697674418606,164,True,16406.36316120108
CUST002964,10019.43,21,2025-11-10,477.1157142857143,103,True,52301.007535326986
CUST002965,3313.25,17,2026-01-12,194.89705882352942,40,False,21364.445221433954
CUST002966,2400.62,19,2025-05-31,126.34842105263158,266,True,13850.203469913693
CUST002967,16594.16,80,2026-02-13,207.427,8,False,22737.966420308905
CUST002968,15800.369999999999,88,2026-02-18,179.54965909090907,3,False,19682.07667847967
CUST002969,325.1,8,2024-08-10,40.6375,560,True,4454.647227242853
CUST002970,1744.6100000000001,19,2026-01-02,91.82157894736842,50,False,10065.401219537507
CUST002971,6137.23,48,2026-02-19,127.85895833333332,2,False,14015.78724620714
CUST002972,5285.05,4,2024-07-13,1321.2625,588,True,144835.6402850805
CUST002973,8587.57,28,2026-02-12,306.69892857142855,9,False,33620.0684530069
CUST002974,5462.889999999999,41,2026-02-20,133.2412195121951,1,False,14605.786011798367
CUST002975,0.0,6,2025-11-22,0.0,91,True,0.0
CUST002976,9764.75,91,2026-02-20,107.30494505494505,1,False,11762.674277661215
CUST002977,5417.59,38,2026-02-10,142.56815789473686,11,False,15628.196844267259
CUST002978,508.84000000000003,21,2026-01-27,24.230476190476192,25,False,2656.123619235404
CUST002979,1583.51,26,2025-12-15,60.90423076923077,68,False,6676.26853825931
CUST002980,0.0,6,2024-04-21,0.0,671,True,0.0
CUST002981,0.0,11,2026-02-07,0.0,14,False,0.0
CUST002982,10768.28,90,2026-02-11,119.64755555555556,10,False,13115.660451601125
CUST002983,617.5,13,2025-12-28,47.5,55,False,5206.9084784751885
CUST002984,3973.84,32,2026-01-16,124.1825,36,False,13612.777097436741
CUST002985,7415.5599999999995,36,2025-03-11,205.98777777777775,347,True,22580.200138386823
CUST002986,5881.26,18,2026-01-29,326.7366666666667,23,False,35816.58778727133
CUST002987,6964.030000000001,45,2026-01-16,154.75622222222225,36,False,16964.24180180378
CUST002988,790.9,21,2026-02-02,37.66190476190476,19,False,4128.465078321831
CUST002989,14739.73,60,2026-02-20,245.66216666666665,1,False,26929.271967521083
CUST002990,1077.63,4,2025-09-20,269.4075,154,True,29532.214650837992
CUST002991,2851.8,10,2024-11-02,285.18,476,True,31261.182313506404
CUST002992,3283.9700000000003,18,2026-01-24,182.4427777777778,28,False,19999.21781995107
CUST002994,8079.46,32,2026-02-08,252.483125,13,False,27676.979457566544
CUST002995,4262.75,12,2025-05-03,355.2291666666667,294,True,38939.910730912474
CUST002996,8499.4,17,2025-11-03,499.9647058823529,110,True,54805.69402099321
CUST002997,611.2,18,2025-11-22,33.955555555555556,91,True,3722.178318180159
CUST002998,2420.0699999999997,13,2025-10-05,186.15923076923076,139,True,20406.612148183725
CUST002999,13815.64,85,2026-02-21,162.53694117647058,0,False,17817.15741215132
CUST003000,3927.21,40,2026-02-04,98.18025,17,False,10762.433181975024
CUST003001,358.72,6,2024-07-31,59.78666666666667,570,True,6553.7621382407715
CUST003002,10965.34,37,2026-01-26,296.36054054054057,26,False,32486.78339423222
CUST003003,1271.72,7,2025-11-30,181.67428571428573,83,False,19914.9763917187
CUST003004,2833.22,15,2026-01-17,188.88133333333332,35,False,20705.006651769087
CUST003005,127.78,20,2026-02-08,6.389,13,False,700.3565951363786
CUST003006,1654.6799999999998,35,2026-02-19,47.27657142857142,2,False,5182.41643378245
CUST003007,11012.38,101,2026-02-11,109.03346534653464,10,False,11952.153161061093
CUST003008,1765.74,43,2026-02-07,41.063720930232556,14,False,4501.369193039304
CUST003009,12392.230000000001,23,2026-02-04,538.7926086956522,17,False,59061.974786466446
CUST003010,6577.92,44,2026-01-29,149.49818181818182,23,False,16387.86000896245
CUST003011,2945.35,16,2025-05-11,184.084375,286,True,20179.168272469604
CUST003013,1858.47,12,2026-01-22,154.8725,30,False,16976.988070161024
CUST003014,134.08,7,2026-01-13,19.154285714285717,39,False,2099.676056523168
CUST003015,1324.27,25,2026-01-31,52.9708,21,False,5806.612792244495
CUST003016,4457.49,43,2026-01-16,103.66255813953488,36,False,11363.39900794045
CUST003017,5374.24,25,2026-02-21,214.96959999999999,0,False,23564.77963904042
CUST003018,7318.53,22,2026-02-08,332.6604545454545,13,False,36465.94823633973
CUST003019,1356.9,13,2026-02-19,104.37692307692308,2,False,11441.70706792386
CUST003020,4292.05,38,2026-01-31,112.94868421052632,21,False,12381.336030492761
CUST003021,827.54,18,2025-11-03,45.974444444444444,110,True,5039.678412020301
CUST003022,14344.28,85,2026-02-17,168.75623529411766,4,False,18498.910996810424
CUST003023,2275.76,15,2025-12-26,151.71733333333336,57,False,16631.121458210102
CUST003024,1219.83,12,2026-02-03,101.65249999999999,18,False,11143.05819175156
CUST003025,685.48,12,2026-02-06,57.123333333333335,15,False,6261.809866359952
CUST003026,2331.63,14,2026-01-26,166.54500000000002,26,False,18256.51731679264
CUST003027,8087.86,54,2026-01-21,149.77518518518517,31,False,16418.224875914362
CUST003028,16371.0,47,2026-02-18,348.3191489361702,3,False,38182.44062760015
CUST003029,7791.25,59,2026-02-07,132.0550847457627,14,False,14475.762955546768
CUST003030,1197.6100000000001,4,2024-02-08,299.40250000000003,744,True,32820.24033108774
CUST003031,0.0,4,2024-09-05,0.0,534,True,0.0
CUST003032,6608.83,24,2026-01-07,275.36791666666664,45,False,30185.590315615067
CUST003033,164.82,10,2026-02-12,16.482,9,False,1806.742432467959
CUST003034,3609.7099999999996,24,2024-09-25,150.4045833333333,514,True,16487.21895073392
CUST003035,189.46,7,2025-05-31,27.065714285714286,266,True,2966.9199408478476
CUST003036,16821.19,55,2026-01-06,305.83981818181815,46,False,33525.893523078295
CUST003037,5734.55,76,2026-02-11,75.4546052631579,10,False,8271.267871257589
CUST003038,3250.39,53,2025-03-19,61.32811320754717,339,True,6722.734160616075
CUST003040,0.0,4,2023-09-08,0.0,897,True,0.0
CUST003041,22588.43,176,2026-02-17,128.3433522727273,4,False,14068.886086416665
CUST003042,140.91000000000003,13,2025-10-31,10.83923076923077,113,True,1188.1870019464598
CUST003043,0.0,9,2025-12-08,0.0,75,False,0.0
CUST003044,34.68,9,2025-06-02,3.8533333333333335,264,True,422.3990316573557
CUST003045,13881.699999999999,25,2024-12-11,555.2679999999999,437,True,60867.99277949391
CUST003046,744.81,4,2025-02-10,186.2025,376,True,20411.355283437395
CUST003047,2811.54,19,2026-01-23,147.97578947368422,29,False,16220.976690938653
CUST003048,266.15,37,2026-02-06,7.193243243243242,15,False,788.5170364416338
CUST003049,23205.48,34,2026-02-17,682.5141176470588,4,False,74816.60096537859
CUST003050,11347.35,45,2026-01-31,252.16333333333336,21,False,27641.924174608394
CUST003051,3286.82,39,2026-02-18,84.27743589743591,3,False,9238.418853021227
CUST003052,5640.18,92,2026-02-17,61.30630434782609,4,False,6720.34349247739
CUST003053,0.0,10,2026-02-01,0.0,20,False,0.0
CUST003054,720.27,25,2026-02-18,28.8108,3,False,3158.214711403221
CUST003055,2419.99,18,2025-12-28,134.44388888888886,55,False,14737.621577573298
CUST003056,2172.58,20,2024-06-17,108.62899999999999,614,True,11907.816023332236
CUST003057,13833.23,48,2026-02-19,288.1922916666667,2,False,31591.387092849713
CUST003058,2308.88,51,2026-02-09,45.2721568627451,12,False,4962.694261210235
CUST003059,13876.99,81,2026-02-17,171.32086419753085,4,False,18780.04337536463
CUST003060,0.0,6,2024-04-22,0.0,670,True,0.0
CUST003061,11815.82,131,2026-02-18,90.19709923664122,3,False,9887.327173666003
CUST003062,14951.9,120,2026-02-15,124.59916666666666,6,False,13658.451733212836
CUST003063,10654.97,58,2026-02-19,183.70637931034483,2,False,20137.732715389757
CUST003064,0.0,1,2023-04-13,0.0,1045,True,0.0
CUST003065,2012.38,6,2025-11-03,335.3966666666667,110,True,36765.88941724176
CUST003066,3012.8500000000004,22,2026-01-10,136.9477272727273,42,False,15012.09015251098
CUST003067,4267.6,12,2026-01-26,355.6333333333334,26,False,38984.215127615294
CUST003068,6034.01,46,2025-11-25,131.17413043478263,88,False,14379.193514052211
CUST003069,0.0,18,2025-10-02,0.0,142,True,0.0
CUST003070,4453.43,45,2025-12-29,98.96511111111111,54,False,10848.468970898602
CUST003071,18256.31,84,2025-11-10,217.33702380952383,103,True,23824.29456758681
CUST003072,14947.179999999998,47,2025-12-31,318.02510638297866,52,False,34861.6341640738
CUST003073,7068.969999999999,35,2026-01-25,201.97057142857142,27,False,22139.837489976995
CUST003074,1506.54,17,2026-02-15,88.62,6,False,9714.446933946763
CUST003075,545.36,12,2025-11-03,45.446666666666665,110,True,4981.8238733705775
CUST003076,0.0,3,2023-10-25,0.0,850,True,0.0
CUST003077,1402.38,2,2023-05-02,701.19,1026,True,76863.83486362144
CUST003078,544.27,29,2026-01-30,18.767931034482757,22,False,2057.324194250229
CUST003079,2627.9,23,2026-01-27,114.25652173913043,25,False,12524.700037148696
CUST003080,0.0,4,2025-08-03,0.0,202,True,0.0
CUST003081,2079.98,4,2025-06-13,519.995,253,True,57001.39735294117
CUST003082,10131.35,47,2024-07-07,215.56063829787234,594,True,23629.568740604525
CUST003083,312.78999999999996,8,2025-01-01,39.098749999999995,416,True,4285.970797321721
CUST003084,4151.67,29,2026-02-06,143.16103448275862,15,False,15693.187457590628
CUST003085,11228.220000000001,47,2026-02-16,238.89829787234046,5,False,26187.822582837485
CUST003086,0.0,7,2024-07-19,0.0,582,True,0.0
CUST003087,7099.85,27,2025-12-05,262.9574074074074,78,False,28825.16113910493
CUST003088,8986.16,36,2025-11-24,249.61555555555555,89,False,27362.639001716143
CUST003091,0.0,5,2024-05-16,0.0,646,True,0.0
CUST003092,10202.15,48,2025-07-15,212.54479166666667,221,True,23298.974269155988
CUST003093,5736.889999999999,33,2026-02-21,173.84515151515149,0,False,19056.753544548337
CUST003094,10735.18,48,2026-02-15,223.64958333333334,6,False,24516.271824542666
CUST003096,563.81,18,2026-02-03,31.322777777777773,18,False,3433.5755195895854
CUST003097,10182.04,41,2026-01-04,248.34243902439027,48,False,27223.081080448534
CUST003098,320.46000000000004,6,2025-12-21,53.410000000000004,62,False,5854.7575123233655
CUST003099,6346.63,54,2026-02-06,117.53018518518519,15,False,12883.556162473678
CUST003100,2713.0099999999998,36,2026-02-12,75.36138888888888,9,False,8261.049573794135
CUST003101,9438.14,57,2026-02-21,165.58140350877193,0,False,18150.888711739914
CUST003102,17541.08,62,2026-02-18,282.92064516129034,3,False,31013.51381107354
CUST003103,4535.74,38,2026-02-07,119.36157894736841,14,False,13084.311945794489
CUST003105,2168.22,15,2024-10-06,144.54799999999997,503,True,15845.225405192241
CUST003106,3977.05,13,2026-01-25,305.9269230769231,27,False,33535.441885538065
CUST003107,13279.69,56,2025-11-08,237.13732142857143,105,True,25994.785884406832
CUST003108,1069.02,29,2024-01-07,36.862758620689654,776,True,4040.863376885333
CUST003109,7208.33,25,2025-05-29,288.3332,268,True,31606.833341176465
CUST003110,850.72,33,2026-01-30,25.77939393939394,22,False,2825.9146289048886
CUST003111,635.9000000000001,17,2025-09-17,37.405882352941184,157,True,4100.400125649998
CUST003112,1470.72,24,2024-11-19,61.28,459,True,6717.460032862307
CUST003113,4654.9,47,2026-02-17,99.04042553191489,4,False,10856.724871871962
CUST003114,14332.14,144,2026-02-16,99.52875,5,False,10910.25457320079
CUST003115,1082.8300000000002,13,2025-11-10,83.2946153846154,103,True,9130.682927525975
CUST003116,3697.4100000000003,19,2026-01-30,194.6005263157895,22,False,21331.93958714565
CUST003117,10126.23,28,2026-01-16,361.6510714285714,36,False,39643.87431728557
CUST003118,1917.76,52,2025-12-31,36.88,52,False,4042.753361814
CUST003119,1847.93,27,2025-11-03,68.44185185185185,110,True,7502.535972420004
CUST003120,4981.51,17,2026-01-24,293.03000000000003,28,False,32121.6924515281
CUST003121,9592.18,78,2026-02-17,122.97666666666667,4,False,13480.594701500713
CUST003123,2516.54,11,2025-02-27,228.77636363636364,359,True,25078.264999850628
CUST003124,12974.09,92,2026-02-20,141.02271739130435,1,False,15458.787007208277
CUST003125,13624.390000000001,81,2026-02-20,168.20234567901235,1,False,18438.19410137819
CUST003126,4249.93,36,2026-01-27,118.05361111111112,25,False,12940.933654927521
CUST003127,6727.13,35,2026-01-01,192.20371428571428,51,False,21069.203147551758
CUST003128,2313.24,37,2026-01-09,62.519999999999996,43,False,6853.387748931975
CUST003129,767.5600000000001,15,2026-01-17,51.17066666666667,35,False,5609.283749808303
CUST003130,3384.42,32,2025-12-21,105.763125,62,False,11593.661311000656
CUST003131,645.97,5,2025-07-05,129.19400000000002,231,True,14162.133346697341
CUST003132,7282.72,75,2026-02-20,97.10293333333334,1,False,10644.338670697776
CUST003133,2015.88,9,2025-12-13,223.98666666666668,70,False,24553.22260488553
CUST003134,17711.81,153,2026-01-19,115.76346405228759,33,False,12689.889736242401
CUST003135,10769.56,16,2026-02-02,673.0975,19,False,73784.35957032532
CUST003136,6263.7300000000005,24,2025-12-29,260.98875000000004,54,False,28609.35863498193
CUST003137,0.0,6,2024-05-23,0.0,639,True,0.0
CUST003138,1931.94,16,2026-02-17,120.74625,4,False,13236.09837619126
CUST003139,14695.269999999999,74,2025-07-25,198.5847297297297,211,True,21768.684482640703
CUST003140,5096.9,4,2025-11-04,1274.225,109,True,139679.43065231678
CUST003141,18137.96,103,2026-02-18,176.0966990291262,3,False,19303.566214868435
CUST003142,1549.31,34,2026-02-10,45.56794117647058,11,False,4995.117879124702
CUST003143,1176.72,13,2025-12-10,90.51692307692308,73,False,9922.385983467731
CUST003144,1764.0,5,2026-01-15,352.8,37,False,38673.627604337824
CUST003145,13079.61,59,2026-02-18,221.68830508474576,3,False,24301.278217359097
CUST003146,1457.4399999999998,16,2026-02-08,91.08999999999999,13,False,9985.206174827472
CUST003147,0.0,14,2026-02-08,0.0,13,False,0.0
CUST003148,10085.38,83,2026-02-12,121.51060240963855,9,False,13319.886019186835
CUST003149,2077.56,15,2024-07-20,138.504,581,True,15182.687408478472
CUST003150,5962.9,17,2026-02-09,350.75882352941176,12,False,38449.87562390056
CUST003151,8792.26,34,2026-02-08,258.5958823529412,13,False,28347.05457520636
CUST003152,839.54,7,2025-03-23,119.9342857142857,335,True,13147.09156095958
CUST003153,2549.12,57,2025-08-12,44.72140350877193,193,True,4902.321159981781
CUST003154,15583.36,84,2026-02-21,185.51619047619047,0,False,20336.122633366194
CUST003155,4549.49,64,2026-01-15,71.08578125,37,False,7792.361201887528
CUST003156,7920.64,49,2026-01-23,161.6457142857143,29,False,17719.46189944134
CUST003157,30897.36,168,2026-02-19,183.91285714285715,2,False,20160.366634899772
CUST003158,4728.780000000001,35,2025-12-14,135.10800000000003,69,False,14810.420857048968
CUST003159,242.35999999999999,20,2026-02-08,12.117999999999999,13,False,1328.3645672034174
CUST003160,0.0,1,2023-04-27,0.0,1031,True,0.0
CUST003161,29783.05,201,2026-02-19,148.17437810945273,2,False,16242.74580359785
CUST003162,1048.37,12,2025-07-27,87.36416666666666,209,True,9576.783581717602
CUST003163,0.0,4,2024-03-07,0.0,716,True,0.0
CUST003164,1546.4399999999998,10,2024-05-03,154.64399999999998,659,True,16951.94009990141
CUST003165,2356.83,19,2026-02-09,124.04368421052631,12,False,13597.560231938702
CUST003166,3822.2400000000002,30,2025-12-05,127.408,78,False,13966.35358790667
CUST003167,9026.45,74,2026-02-20,121.97905405405406,1,False,13371.23727895658
CUST003168,15335.44,143,2026-02-04,107.24083916083916,17,False,11755.647045586684
CUST003169,1294.72,34,2025-12-13,38.08,70,False,4174.296312849162
CUST003170,207.09,12,2025-12-13,17.2575,70,False,1891.7520645744332
CUST003172,1355.18,29,2025-12-22,46.73034482758621,61,False,5122.539551259533
CUST003173,9600.75,93,2026-02-19,103.23387096774194,2,False,11316.406694899983
CUST003174,5384.530000000001,44,2025-12-25,122.37568181818183,58,False,13414.715267753116
CUST003175,3014.96,31,2025-12-11,97.2567741935484,72,False,10661.202571316508
CUST003176,591.1099999999999,23,2025-12-16,25.700434782608692,67,False,2817.2591951592385
CUST003178,6940.22,61,2026-02-10,113.77409836065574,11,False,12471.8172081046
CUST003179,9054.55,57,2026-02-13,158.8517543859649,8,False,17413.190457535555
CUST003180,111.78,11,2025-11-26,10.161818181818182,87,False,1113.9296262659457
CUST003181,16691.53,130,2026-02-17,128.39638461538462,4,False,14074.69944546121
CUST003182,4433.74,51,2025-11-29,86.93607843137255,84,False,9529.856923572584
CUST003183,8989.57,102,2026-02-16,88.13303921568627,5,False,9661.066718440909
CUST003184,0.0,6,2025-12-25,0.0,58,False,0.0
CUST003185,343.94,8,2025-09-25,42.9925,149,True,4712.800268649359
CUST003186,2641.44,7,2024-08-30,377.34857142857146,540,True,41364.6205455143
CUST003187,4266.53,41,2026-02-02,104.06170731707317,19,False,11407.153391870987
CUST003188,23957.17,122,2026-01-30,196.37024590163932,22,False,21525.934701168495
CUST003189,6571.63,40,2026-01-25,164.29075,27,False,18009.408402316792
CUST003190,2279.89,25,2026-01-21,91.1956,31,False,9996.781954518567
CUST003191,1599.52,18,2026-02-09,88.86222222222221,12,False,9740.999122211268
CUST003192,10908.48,77,2026-02-17,141.66857142857143,4,False,15529.584962208348
CUST003193,2895.01,15,2026-01-21,193.0006666666667,31,False,21156.564370905908
CUST003194,22670.03,105,2026-02-14,215.90504761904762,7,False,23667.322589330703
CUST003195,2214.6000000000004,11,2024-01-24,201.32727272727277,759,True,22069.319648672066
CUST003196,11651.92,98,2026-02-16,118.89714285714285,5,False,13033.400867564902
CUST003197,6134.9400000000005,48,2026-02-07,127.81125000000002,14,False,14010.557500410781
CUST003198,2736.19,22,2025-05-02,124.37227272727273,295,True,13633.579817912945
CUST003199,2794.9300000000003,28,2025-10-24,99.81892857142859,120,True,10942.063694544859
CUST003200,2702.4,25,2026-02-15,108.096,6,False,11849.389029247453
CUST003201,6950.49,51,2026-02-18,136.28411764705882,3,False,14939.345845431171
CUST003202,1038.49,19,2025-12-03,54.65736842105263,80,False,5991.49294826781
CUST003203,4352.2,13,2026-02-04,334.7846153846154,17,False,36698.796890720194
CUST003204,4706.45,24,2025-08-22,196.10208333333333,183,True,21496.53895484171
CUST003205,5368.9,44,2026-01-14,122.02045454545454,38,False,13375.775564634183
CUST003206,0.0,4,2026-02-08,0.0,13,False,0.0
CUST003207,5104.06,40,2025-12-14,127.60150000000002,69,False,13987.564888761093
CUST003208,5087.14,11,2025-10-24,462.46727272727276,120,True,50695.258176440715
CUST003209,2988.17,16,2025-12-26,186.760625,57,False,20472.53645805948
CUST003210,0.0,4,2025-11-25,0.0,88,False,0.0
CUST003211,1097.22,6,2025-10-07,182.87,137,True,20046.049546500162
CUST003212,0.0,10,2026-01-11,0.0,41,False,0.0
CUST003213,356.38,13,2025-07-26,27.413846153846155,210,True,3005.0818519173895
CUST003215,34.11,15,2026-02-14,2.274,7,False,249.27389221163324
CUST003216,6991.57,27,2025-06-27,258.94703703703703,239,True,28385.547844719513
CUST003217,3082.27,43,2026-02-01,71.68069767441861,20,False,7857.575420293621
CUST003218,3779.02,27,2026-02-16,139.96370370370371,5,False,15342.698852496926
CUST003219,6495.82,24,2026-02-18,270.65916666666664,3,False,29669.421256709385
CUST003220,1108.94,13,2026-02-14,85.30307692307693,7,False,9350.848725700853
CUST003221,5245.349999999999,21,2024-02-10,249.7785714285714,742,True,27380.508659217874
CUST003222,31449.510000000002,111,2026-02-19,283.32891891891893,2,False,31058.26842349744
CUST003223,220.88,4,2024-07-21,55.22,580,True,6053.168130134735
CUST003224,0.0,1,2023-10-03,0.0,872,True,0.0
CUST003225,3098.12,20,2026-02-20,154.906,1,False,16980.660310877425
CUST003226,740.14,13,2026-02-16,56.933846153846154,5,False,6241.038447382391
CUST003227,3534.67,36,2026-01-03,98.18527777777778,49,False,10762.984322580058
CUST003228,1528.86,16,2026-02-09,95.55375,12,False,10474.518547896812
CUST003229,18869.19,156,2026-02-18,120.95634615384614,3,False,13259.128932922973
CUST003230,3561.5299999999997,74,2026-02-16,48.12878378378378,5,False,5275.835207210167
CUST003231,8424.82,40,2026-02-19,210.6205,2,False,23088.035098751232
CUST003232,4372.58,52,2026-01-15,84.08807692307693,37,False,9217.66148777775
CUST003233,3253.12,56,2026-02-14,58.09142857142857,7,False,6367.931620111731
CUST003234,779.86,3,2024-04-13,259.9533333333333,679,True,28495.85716507832
CUST003235,45.42,12,2026-01-04,3.785,48,False,414.90839139007556
CUST003236,4044.04,23,2026-02-14,175.82782608695652,7,False,19274.09259797968
CUST003237,8048.04,62,2026-02-19,129.80709677419355,2,False,14229.340479153636
CUST003239,1000.52,8,2025-12-19,125.065,64,False,13709.515976010516
CUST003240,3788.6800000000003,10,2026-01-20,378.86800000000005,32,False,41531.17897732501
CUST003241,606.14,30,2026-02-18,20.204666666666665,3,False,2214.81789834593
CUST003242,676.55,13,2025-05-12,52.04230769230769,285,True,5704.8322771050825
CUST003243,8178.92,115,2026-02-16,71.12104347826087,5,False,7796.226616525454
CUST003244,1701.1,8,2026-01-24,212.6375,28,False,23309.136875616165
CUST003245,11354.39,59,2026-02-01,192.4472881355932,20,False,21095.90350005848
CUST003246,19064.19,118,2026-02-12,161.56093220338983,9,False,17710.168161688118
CUST003247,30363.56,168,2026-02-17,180.7354761904762,4,False,19812.06491236718
CUST003248,1253.12,17,2026-02-05,73.71294117647058,16,False,8080.348176528579
CUST003249,8994.48,52,2025-12-26,172.97076923076924,57,False,18960.90452286458
CUST003250,5857.1900000000005,53,2026-02-10,110.51301886792454,11,False,12114.340524742838
CUST003252,3644.2000000000003,20,2025-04-13,182.21,314,True,19973.700923430828
CUST003253,5756.049999999999,43,2026-01-31,133.86162790697674,21,False,14673.794637712172
CUST003254,0.0,2,2025-07-19,0.0,217,True,0.0
CUST003255,7496.969999999999,42,2026-02-06,178.4992857142857,15,False,19566.935667104826
CUST003256,0.0,11,2023-12-03,0.0,811,True,0.0
CUST003257,4703.7,41,2026-01-21,114.72439024390243,31,False,12575.987373660459
CUST003258,39682.97,167,2026-02-12,237.6225748502994,9,False,26047.97894031851
CUST003259,1432.63,25,2025-12-24,57.305200000000006,59,False,6281.745931383503
CUST003260,5956.030000000001,22,2025-12-05,270.7286363636364,78,False,29677.03646416515
CUST003261,18976.21,136,2026-02-18,139.53095588235294,3,False,15295.261414601497
CUST003262,5166.13,19,2025-12-03,271.9015789473684,80,False,29805.613404880918
CUST003263,3191.6,11,2026-01-17,290.1454545454545,35,False,31805.491100289786
CUST003264,3485.35,29,2026-02-13,120.18448275862069,8,False,13174.517942252993
CUST003265,14049.22,52,2026-02-21,270.1773076923077,0,False,29616.60029715109
CUST003266,3107.41,41,2025-09-17,75.79048780487804,157,True,8308.08702187347
CUST003267,1653.23,11,2025-07-27,150.29363636363635,209,True,16475.05704089863
CUST003268,4582.96,18,2025-12-29,254.60888888888888,54,False,27910.003836856904
CUST003269,0.0,8,2025-12-31,0.0,52,False,0.0
CUST003270,4825.02,27,2026-02-02,178.70444444444445,19,False,19589.424987767918
CUST003271,3121.0,35,2026-02-18,89.17142857142858,3,False,9774.894051922445
CUST003273,157.95,7,2025-08-31,22.564285714285713,174,True,2473.477275714755
CUST003274,12846.5,52,2026-02-01,247.04807692307693,20,False,27081.19423835284
CUST003275,943.92,9,2024-03-09,104.88,714,True,11496.853920473215
CUST003276,7583.84,84,2025-06-04,90.28380952380952,262,True,9896.832279548691
CUST003277,7806.02,27,2026-02-21,289.1118518518519,0,False,31692.188476527797
CUST003278,3038.5,22,2024-08-17,138.11363636363637,553,True,15139.896087891733
CUST003279,997.72,14,2024-11-12,71.26571428571428,466,True,7812.085303976339
CUST003280,7386.3,69,2026-02-21,107.04782608695652,0,False,11734.489121147608
CUST003281,19843.08,59,2026-01-30,336.3233898305085,22,False,36867.47600037875
CUST003282,6485.99,33,2026-02-08,196.5451515151515,13,False,21545.107701630168
CUST003283,21224.2,141,2026-02-17,150.52624113475179,4,False,16500.554972579783
CUST003284,6071.54,77,2026-02-20,78.85116883116883,1,False,8643.596200519822
CUST003285,8737.79,48,2025-07-18,182.03729166666668,218,True,19954.768786901634
CUST003286,215.32,6,2025-07-26,35.88666666666666,210,True,3933.8650301237813
CUST003287,8214.94,16,2025-11-20,513.43375,93,True,56282.15886337496
CUST003288,9465.47,42,2026-02-05,225.3683333333333,16,False,24704.679697119067
CUST003289,1974.84,28,2025-05-13,70.53,284,True,7731.436947091685
CUST003290,1523.48,25,2026-01-29,60.9392,23,False,6680.10183476832
CUST003291,2901.59,36,2026-01-04,80.59972222222223,48,False,8835.271094771242
CUST003292,19579.62,107,2026-02-13,182.9871028037383,8,False,20058.886253482022
CUST003293,2611.04,19,2024-08-17,137.42315789473685,553,True,15064.206441703996
CUST003294,217.98,15,2025-12-24,14.532,59,False,1592.9851370358201
CUST003295,242.04,6,2024-08-02,40.339999999999996,568,True,4422.035537298718
CUST003296,2984.1099999999997,11,2026-01-06,271.28272727272724,46,False,29737.775425268126
CUST003297,2233.8599999999997,20,2026-02-14,111.69299999999998,7,False,12243.689024975352
CUST003298,0.0,1,2023-11-23,0.0,821,True,0.0
CUST003299,754.8199999999999,19,2026-01-07,39.72736842105263,45,False,4354.879399138661
CUST003300,762.32,9,2024-08-29,84.70222222222223,541,True,9284.983558622705
CUST003301,1861.63,29,2026-02-19,64.19413793103449,2,False,7036.905285505457
CUST003302,1304.62,23,2025-12-10,56.72260869565217,73,False,6217.882781865721
CUST003303,0.0,4,2025-02-16,0.0,370,True,0.0
CUST003304,8699.26,130,2026-02-16,66.91738461538462,5,False,7335.425206552239
CUST003305,5971.72,63,2026-02-13,94.78920634920635,8,False,10390.709941212985
CUST003306,400.2,17,2026-01-27,23.541176470588233,25,False,2580.5631864839265
CUST003307,5787.97,37,2026-02-10,156.43162162162162,11,False,17147.89761943672
CUST003308,1400.63,12,2025-11-02,116.71916666666668,111,True,12794.653021415272
CUST003309,21601.08,158,2026-02-16,136.71569620253166,5,False,14986.655109423165
CUST003311,6921.02,28,2026-01-17,247.17928571428573,35,False,27095.577231350642
CUST003312,4608.4,56,2026-02-01,82.29285714285713,20,False,9020.871064738743
CUST003313,3895.84,48,2026-02-11,81.16333333333334,10,False,8897.053652097711
CUST003314,4103.27,11,2026-01-31,373.0245454545455,21,False,40890.62459803424
CUST003315,6260.18,19,2026-02-13,329.48315789473685,8,False,36117.65575488179
CUST003316,0.0,8,2024-01-07,0.0,776,True,0.0
CUST003317,4709.58,17,2026-01-18,277.0341176470588,34,False,30368.237810597122
CUST003318,808.09,22,2026-01-22,36.73136363636364,30,False,4026.4599735607803
CUST003320,1723.03,26,2025-11-28,66.27038461538461,85,False,7264.501632119112
CUST003321,9478.22,33,2026-02-01,287.21878787878785,20,False,31484.67245859847
CUST003322,5137.01,13,2026-01-26,395.1546153846154,26,False,43316.503519047496
CUST003323,972.06,14,2026-01-10,69.43285714285715,42,False,7611.169106145252
CUST003324,1516.75,13,2026-01-20,116.67307692307692,32,False,12789.600704011727
CUST003325,11369.56,66,2026-02-06,172.2660606060606,15,False,18883.65497943616
CUST003326,47.62,9,2025-10-27,5.29111111111111,117,True,580.0069748420783
CUST003327,2251.46,78,2026-02-06,28.864871794871796,15,False,3164.1420142908905
CUST003328,0.0,1,2023-06-01,0.0,996,True,0.0
CUST003329,1747.42,6,2024-06-11,291.2366666666667,620,True,31925.108819147772
CUST003330,0.0,3,2026-02-07,0.0,14,False,0.0
CUST003331,1445.76,15,2026-02-01,96.384,20,False,10565.529827144264
CUST003332,6376.3,30,2025-12-21,212.54333333333335,62,False,23298.81440793077
CUST003333,1033.43,7,2025-12-20,147.63285714285715,63,False,16183.384748603352
CUST003334,1634.23,25,2026-01-17,65.3692,35,False,7165.714562339797
CUST003335,24097.68,122,2026-02-01,197.52196721311475,20,False,21652.1853845698
CUST003336,1440.22,33,2025-02-20,43.6430303030303,366,True,4784.110831814696
CUST003337,867.11,5,2023-10-04,173.422,871,True,19010.368045349984
CUST003338,1086.38,9,2026-01-31,120.70888888888891,21,False,13232.002883850002
CUST003339,3438.95,16,2026-01-21,214.934375,31,False,23560.918305331907
CUST003340,1447.61,14,2025-12-28,103.40071428571427,55,False,11334.695913572132
CUST003341,4760.49,42,2026-01-08,113.345,44,False,12424.779820900427
CUST003342,5066.96,27,2025-12-29,187.66518518518518,54,False,20571.693554849622
CUST003343,3479.53,48,2026-01-27,72.49020833333334,25,False,7946.313271100341
CUST003344,21819.37,146,2026-02-16,149.44773972602738,5,False,16382.330590913794
CUST003345,15435.92,63,2026-01-14,245.01460317460317,38,False,26858.28662358053
CUST003346,1589.46,30,2026-02-13,52.982,8,False,5807.840526454157
CUST003348,0.0,6,2024-01-18,0.0,765,True,0.0
CUST003349,573.0500000000001,28,2024-08-31,20.466071428571432,539,True,2243.472859842261
CUST003350,0.0,4,2023-11-09,0.0,835,True,0.0
CUST003351,5051.16,27,2025-12-06,187.07999999999998,77,False,20507.54606638186
CUST003352,8738.19,22,2026-02-21,397.19045454545454,0,False,43539.67042825561
CUST003353,1124.59,19,2025-11-08,59.18894736842105,105,True,6488.240671255858
CUST003354,0.0,11,2025-12-14,0.0,69,False,0.0
CUST003355,4886.86,53,2026-02-08,92.20490566037735,13,False,10107.421158737341
CUST003356,3566.15,30,2026-02-16,118.87166666666667,5,False,13030.608189834591
CUST003357,2096.8,27,2026-02-16,77.65925925925927,5,False,8512.940115139787
CUST003358,2514.79,17,2026-02-19,147.92882352941177,2,False,16215.828325182194
CUST003359,10736.449999999999,67,2026-01-30,160.2455223880597,22,False,17565.9740875805
CUST003360,0.0,1,2024-03-23,0.0,700,True,0.0
CUST003361,249.09,10,2023-12-18,24.909,796,True,2730.502806112389
CUST003362,1048.8400000000001,7,2025-04-05,149.83428571428573,322,True,16424.703424252384
CUST003363,7425.610000000001,18,2024-09-19,412.5338888888889,520,True,45221.60428871362
CUST003364,0.0,2,2023-08-08,0.0,928,True,0.0
CUST003365,572.49,13,2026-02-12,44.03769230769231,9,False,4827.373335776941
CUST003366,8741.9,42,2026-01-27,208.1404761904762,25,False,22816.177056632707
CUST003367,3360.96,12,2023-12-31,280.08,783,True,30702.124771606963
CUST003368,0.0,2,2025-04-26,0.0,301,True,0.0
CUST003370,3492.76,6,2025-09-03,582.1266666666667,171,True,63812.216341329826
CUST003371,389.11,14,2025-12-08,27.79357142857143,75,False,3046.707004600723
CUST003372,1090.29,33,2024-07-06,33.03909090909091,595,True,3621.7162647506943
CUST003373,0.0,6,2024-02-01,0.0,751,True,0.0
CUST003374,123.05,13,2026-01-11,9.465384615384615,41,False,1037.5871874921004
CUST003375,1391.62,23,2026-02-05,60.50521739130434,16,False,6632.529040563517
CUST003376,27338.82,111,2026-02-20,246.29567567567568,1,False,26998.716671314756
CUST003377,0.0,1,2024-07-07,0.0,594,True,0.0
CUST003378,978.47,3,2023-11-23,326.1566666666667,821,True,35753.008694271004
CUST003379,4035.24,73,2026-01-30,55.2772602739726,22,False,6059.444951314267
CUST003380,693.5799999999999,13,2023-10-05,53.35230769230769,870,True,5848.433331985136
CUST003381,3000.81,38,2026-02-19,78.96868421052632,2,False,8656.478133680406
CUST003382,127.86,5,2025-08-11,25.572,194,True,2803.1802865593163
CUST003383,17195.27,116,2026-01-31,148.23508620689657,21,False,16249.400572172426
CUST003384,6598.94,82,2026-02-08,80.47487804878048,13,False,8821.585785609515
CUST003385,9194.5,41,2026-01-16,224.2560975609756,36,False,24582.757384000062
CUST003386,3823.42,22,2026-01-17,173.79181818181817,35,False,19050.907191169
CUST003387,8362.960000000001,45,2026-01-18,185.84355555555558,34,False,20372.00810720415
CUST003388,862.08,25,2026-02-18,34.483200000000004,3,False,3780.0182409464346
CUST003389,435.3,37,2026-02-10,11.764864864864865,11,False,1289.6542023785205
CUST003390,7936.86,110,2026-02-06,72.15327272727272,15,False,7909.378684491978
CUST003391,12604.880000000001,25,2025-01-02,504.19520000000006,415,True,55269.437088136714
CUST003392,1021.55,18,2026-01-13,56.75277777777777,39,False,6221.189890276408
CUST003393,15064.599999999999,62,2026-02-07,242.97741935483867,14,False,26634.972314036437
CUST003394,1171.82,29,2026-01-24,40.407586206896546,28,False,4429.444278219089
CUST003395,1942.62,4,2024-03-05,485.655,718,True,53237.076570818266
CUST003396,7920.8099999999995,83,2026-02-17,95.43144578313252,4,False,10461.111666554483
CUST003397,317.18,13,2026-01-05,24.39846153846154,47,False,2674.5380262392882
CUST003398,6757.16,33,2026-02-15,204.76242424242423,6,False,22445.877954968677
CUST003399,0.0,16,2026-01-26,0.0,26,False,0.0
CUST003400,398.78,3,2024-06-19,132.92666666666665,612,True,14571.305003833933
CUST003402,29886.47,252,2026-02-17,118.59710317460318,4,False,13000.5107798408
CUST003403,2003.56,10,2025-11-02,200.356,111,True,21962.84958133421
CUST003404,4023.3100000000004,45,2026-01-13,89.4068888888889,39,False,9800.705006097785
CUST003405,358.37,11,2024-04-28,32.57909090909091,664,True,3571.291466853882
CUST003406,0.0,27,2026-01-28,0.0,24,False,0.0
CUST003407,542.27,18,2026-01-23,30.12611111111111,29,False,3302.3979656406323
CUST003408,0.0,10,2026-01-08,0.0,44,False,0.0
CUST003409,6341.76,38,2026-02-17,166.88842105263157,4,False,18294.162832384936
CUST003410,1717.6100000000001,12,2025-11-29,143.1341666666667,84,False,15690.242231076789
CUST003411,0.0,1,2023-11-13,0.0,831,True,0.0
CUST003412,6905.11,58,2026-02-15,119.05362068965516,6,False,13050.55383078178
CUST003413,7847.5,43,2025-10-17,182.5,127,True,20005.49046993099
CUST003414,14593.73,29,2025-10-13,503.2320689655172,131,True,55163.85950604553
CUST003415,4599.610000000001,35,2026-02-19,131.4174285714286,2,False,14405.863643115346
CUST003416,4969.9400000000005,64,2026-02-12,77.65531250000001,9,False,8512.507474839796
CUST003417,460.5,7,2023-12-03,65.78571428571429,811,True,7211.372494249097
CUST003418,3242.26,47,2026-02-08,68.98425531914894,13,False,7561.993766369975
CUST003419,1836.4,16,2025-12-09,114.775,74,False,12581.535170883997
CUST003421,7716.86,23,2026-01-20,335.51565217391305,32,False,36778.932504536424
CUST003422,4799.59,42,2026-02-07,114.27595238095239,14,False,12526.830007120168
CUST003424,8570.380000000001,46,2026-01-20,186.3126086956522,32,False,20423.425302404667
CUST003425,1916.13,11,2025-06-20,174.1936363636364,246,True,19094.954149015626
CUST003426,1781.23,27,2026-01-10,65.97148148148148,42,False,7231.736131863048
CUST003427,3023.8999999999996,17,2025-06-11,177.87647058823526,255,True,19498.663217413152
CUST003428,0.0,11,2026-02-06,0.0,15,False,0.0
CUST003429,40635.4,142,2026-02-19,286.16478873239436,2,False,31369.133993510848
CUST003430,10391.47,111,2026-02-17,93.61684684684684,4,False,10262.19691736758
CUST003431,8632.39,107,2026-01-05,80.67654205607477,47,False,8843.69201780707
CUST003432,851.31,18,2026-01-26,47.294999999999995,26,False,5184.436557673348
CUST003433,0.0,3,2023-10-27,0.0,848,True,0.0
CUST003434,255.42,13,2025-11-21,19.647692307692306,92,True,2153.762855987259
CUST003435,4748.88,13,2026-02-18,365.29846153846154,3,False,40043.69803281175
CUST003436,688.1,4,2024-01-19,172.025,764,True,18857.230126519884
CUST003437,3608.3,21,2023-12-22,171.82380952380953,792,True,18835.175802387992
CUST003438,5130.0,23,2026-02-09,223.04347826086956,12,False,24449.831116318277
CUST003439,20749.5,83,2026-02-21,249.99397590361446,0,False,27404.121109478994
CUST003440,17448.84,36,2026-01-12,484.69,40,False,53131.294114360826
CUST003441,2296.86,17,2024-04-12,135.1094117647059,680,True,14810.575613461948
CUST003442,466.34,8,2026-01-22,58.2925,30,False,6389.972894347682
CUST003443,17128.71,83,2026-02-02,206.36999999999998,19,False,22622.0990042721
CUST003444,201.26,17,2023-09-12,11.838823529411764,893,True,1297.7614865361195
CUST003446,15586.32,98,2026-02-13,159.04408163265305,8,False,17434.27320219708
CUST003447,6700.9,52,2026-01-29,128.86346153846154,23,False,14125.900009479512
CUST003448,1999.15,21,2026-01-28,95.19761904761906,24,False,10435.479784204186
CUST003449,935.27,14,2025-09-22,66.80499999999999,152,True,7323.105703253367
CUST003450,1394.78,11,2025-02-09,126.79818181818182,377,True,13899.50585188062
CUST003451,66.9,16,2024-06-15,4.18125,616,True,458.3449700131449
CUST003452,1034.32,11,2024-12-15,94.0290909090909,433,True,10307.386751112836
CUST003453,3871.13,60,2026-02-05,64.51883333333333,16,False,7072.498111677072
CUST003454,0.0,10,2026-01-08,0.0,44,False,0.0
CUST003455,723.88,9,2024-09-27,80.43111111111111,512,True,8816.788092160514
CUST003456,0.0,3,2024-01-25,0.0,758,True,0.0
CUST003457,2425.1299999999997,12,2025-08-11,202.09416666666664,194,True,22153.385891937778
CUST003458,4384.799999999999,11,2025-10-25,398.61818181818177,119,True,43696.17664386221
CUST003459,6200.6900000000005,35,2026-02-16,177.16257142857145,5,False,19420.406215576735
CUST003460,0.0,5,2024-04-27,0.0,665,True,0.0
CUST003462,4081.77,26,2026-02-16,156.99115384615385,5,False,17209.23305278192
CUST003463,20870.73,56,2026-02-20,372.69160714285715,1,False,40854.12819134078
CUST003464,4175.81,47,2026-02-06,88.84702127659575,15,False,9739.33280783941
CUST003465,3491.08,11,2026-01-15,317.3709090909091,37,False,34789.92162877543
CUST003466,764.26,17,2024-07-10,44.95647058823529,591,True,4928.089007751638
CUST003467,2773.75,28,2025-08-10,99.0625,195,True,10859.144655767333
CUST003468,9094.07,56,2026-02-21,162.39410714285714,0,False,17801.50007024318
CUST003469,2504.29,12,2026-01-31,208.69083333333333,21,False,22876.506725544965
CUST003470,2167.69,38,2026-02-11,57.04447368421053,10,False,6253.165340557276
CUST003471,0.0,4,2024-10-01,0.0,508,True,0.0
CUST003472,6697.3099999999995,40,2025-11-29,167.43275,84,False,18353.831695777193
CUST003473,20584.8,121,2026-02-21,170.12231404958678,0,False,18648.659355844466
CUST003474,2715.5099999999998,18,2026-01-07,150.86166666666665,45,False,16537.324026180304
CUST003477,609.96,10,2026-02-02,60.996,19,False,6686.328201117318
CUST003478,4249.65,11,2026-01-17,386.33181818181816,35,False,42349.356202013565
CUST003479,496.6,36,2026-02-17,13.794444444444444,4,False,1512.1349417606893
CUST003480,630.27,14,2026-01-19,45.019285714285715,33,False,4934.974746960236
CUST003481,9278.619999999999,27,2026-02-07,343.65259259259255,14,False,37670.896800428425
CUST003482,2643.25,52,2026-02-18,50.83173076923077,3,False,5572.129893007912
CUST003483,2148.23,9,2024-09-22,238.69222222222223,517,True,26165.232750209958
CUST003484,4985.530000000001,25,2026-01-08,199.42120000000003,44,False,21860.37762247782
CUST003485,3528.0,13,2025-11-18,271.38461538461536,95,True,29748.94431102909
CUST003486,5984.16,52,2026-02-09,115.08,12,False,12614.9690042721
CUST003487,1613.18,37,2026-02-18,43.59945945945946,3,False,4779.334634029363
CUST003488,644.12,26,2024-06-29,24.773846153846154,602,True,2715.6873596400314
CUST003489,0.0,12,2026-01-30,0.0,22,False,0.0
CUST003490,8265.95,26,2025-12-16,317.92115384615386,67,False,34850.238977855865
CUST003491,6870.76,17,2026-01-16,404.1623529411765,36,False,44303.92383599776
CUST003492,1056.78,12,2025-01-09,88.065,408,True,9653.608319093
CUST003494,910.76,4,2023-12-26,227.69,788,True,24959.17876766349
CUST003495,1903.3899999999999,34,2026-02-01,55.98205882352941,20,False,6136.704352225937
CUST003496,2415.04,20,2026-02-17,120.752,4,False,13236.728686164966
CUST003497,10976.68,49,2025-12-18,224.0138775510204,65,False,24556.205438242334
CUST003498,700.06,26,2026-02-17,26.925384615384612,4,False,2951.537125053717
CUST003499,6076.29,45,2026-02-13,135.02866666666665,8,False,14801.724406397194
CUST003500,3729.2000000000003,49,2026-02-12,76.10612244897959,9,False,8342.686615651848
CUST003501,9356.49,60,2026-01-18,155.9415,34,False,17094.170915708182
CUST003503,2656.09,35,2026-02-04,75.88828571428571,17,False,8318.807543213934
CUST003504,10427.85,33,2026-02-16,315.99545454545455,5,False,34639.14550383892
CUST003505,574.78,27,2026-02-05,21.288148148148146,16,False,2333.588191234284
CUST003507,4588.54,36,2026-02-06,127.45944444444444,15,False,13971.992882937158
CUST003508,27693.3,248,2026-02-20,111.6665322580645,1,False,12240.787654240827
CUST003509,3476.6799999999994,28,2026-02-16,124.16714285714284,5,False,13611.093660860988
CUST003510,434.18,21,2025-08-25,20.675238095238097,180,True,2266.401527001862
CUST003511,3357.94,31,2024-11-10,108.32064516129033,468,True,11874.01443545737
CUST003512,5049.36,40,2026-01-21,126.234,31,False,13837.660734143936
CUST003513,11871.9,75,2026-02-13,158.292,8,False,17351.830671048305
CUST003514,0.0,10,2025-07-25,0.0,211,True,0.0
CUST003515,3813.78,45,2026-02-19,84.75066666666667,2,False,9290.293996275606
CUST003516,6945.650000000001,55,2026-02-12,126.28454545454547,9,False,13843.20148268754
CUST003517,4210.32,18,2026-01-07,233.90666666666664,45,False,25640.64433344287
CUST003518,9257.71,57,2026-02-10,162.41596491228069,11,False,17803.896099820697
CUST003519,10978.05,65,2026-02-09,168.8930769230769,12,False,18513.911456558555
CUST003520,12171.66,59,2026-02-14,206.2993220338983,7,False,22614.351347410284
CUST003521,692.47,9,2024-08-04,76.94111111111111,566,True,8434.217342899916
CUST003522,1781.6,5,2023-11-02,356.32,842,True,39059.486927374295
CUST003523,563.51,22,2026-01-29,25.61409090909091,23,False,2807.7942552206255
CUST003524,2862.72,21,2026-01-18,136.32,34,False,14943.279237594477
CUST003525,3183.91,36,2026-02-17,88.44194444444445,4,False,9694.928639591777
CUST003526,3329.17,15,2026-02-15,221.94466666666668,6,False,24329.380349874027
CUST003527,8488.57,58,2026-02-19,146.3546551724138,2,False,16043.269365927454
CUST003528,6371.49,37,2026-02-11,172.20243243243243,10,False,18876.680114662806
CUST003529,874.3199999999999,3,2023-11-01,291.44,843,True,31947.398041406508
CUST003530,1741.04,16,2026-02-10,108.815,11,False,11928.205180742687
CUST003531,6034.93,30,2026-01-23,201.16433333333333,29,False,22051.45837473984
CUST003532,4093.34,11,2023-10-14,372.1218181818182,861,True,40791.66842350551
CUST003533,3700.29,60,2026-02-17,61.6715,4,False,6760.375920637529
CUST003534,342.9,9,2026-01-20,38.099999999999994,32,False,4176.4886953664145
CUST003536,1383.99,23,2024-10-02,60.173478260869565,507,True,6596.164087070824
CUST003537,24069.07,100,2026-02-03,240.6907,18,False,26384.304137265855
CUST003538,3460.48,32,2026-01-12,108.14,40,False,11854.212270785409
CUST003539,2467.64,43,2026-02-19,57.38697674418604,2,False,6290.710226597069
CUST003540,5665.87,57,2026-02-01,99.40122807017543,20,False,10896.275730725103
CUST003541,25763.0,118,2026-01-31,218.33050847457628,21,False,23933.199488127797
CUST003543,7874.889999999999,57,2026-02-19,138.1559649122807,2,False,15144.536106393158
CUST003546,10796.720000000001,37,2026-02-04,291.8032432432433,17,False,31987.216448206345
CUST003547,2094.76,20,2025-03-28,104.73800000000001,330,True,11481.288004600723
CUST003548,601.31,13,2025-10-22,46.25461538461538,122,True,5070.3905055739515
CUST003549,6527.2,62,2026-02-14,105.27741935483871,7,False,11540.41868275153
CUST003550,23334.37,110,2026-02-13,212.13063636363634,8,False,23253.574926866426
CUST003551,0.0,5,2024-03-19,0.0,704,True,0.0
CUST003552,1823.52,20,2026-02-21,91.176,0,False,9994.63341965166
CUST003553,1988.26,11,2025-09-28,180.7509090909091,146,True,19813.756653422162
CUST003554,3352.3,41,2026-01-30,81.76341463414634,22,False,8962.834039739346
CUST003555,303.96,8,2024-01-27,37.995,756,True,4164.978687150838
CUST003556,9409.04,92,2026-02-05,102.27217391304349,16,False,11210.986304419266
CUST003557,5356.75,42,2026-01-25,127.54166666666667,27,False,13981.006011063644
CUST003558,435.18,18,2026-01-21,24.176666666666666,31,False,2650.225066272319
CUST003559,562.19,15,2026-01-14,37.47933333333334,38,False,4108.451757914339
CUST003560,6070.0,6,2025-07-04,1011.6666666666666,232,True,110898.01566436629
CUST003561,0.0,22,2024-07-11,0.0,590,True,0.0
CUST003563,1786.97,85,2026-02-19,21.023176470588236,2,False,2304.5422275618103
CUST003564,2857.87,17,2026-01-02,168.10999999999999,50,False,18428.07124876766
CUST003565,73568.08,342,2026-02-20,215.11134502923977,1,False,23580.317605241056
CUST003566,29482.83,222,2026-02-21,132.80554054054056,0,False,14558.027263768865
CUST003567,1496.73,17,2025-12-19,88.04294117647059,64,False,9651.19025014015
CUST003568,1995.3,26,2026-01-02,76.74230769230769,50,False,8412.424685912181
CUST003569,7520.66,86,2026-02-12,87.44953488372093,9,False,9586.141571047543
CUST003570,25389.370000000003,125,2026-02-06,203.11496000000002,15,False,22265.28436482419
CUST003571,0.0,7,2025-12-25,0.0,58,False,0.0
CUST003572,0.0,9,2026-02-14,0.0,7,False,0.0
CUST003573,3479.36,14,2025-12-28,248.5257142857143,55,False,27243.171554387114
CUST003574,11176.49,53,2026-02-21,210.87716981132075,0,False,23116.17101910354
CUST003575,4515.3,40,2026-02-09,112.88250000000001,12,False,12374.08097518896
CUST003576,5829.349999999999,57,2026-02-18,102.26929824561402,3,False,11210.671076269376
CUST003577,383.15999999999997,12,2026-01-15,31.929999999999996,37,False,3500.138688793953
CUST003578,0.0,4,2026-02-12,0.0,9,False,0.0
CUST003579,13309.19,50,2026-02-19,266.1838,2,False,29178.83547479461
CUST003580,4900.93,19,2026-01-18,257.9436842105263,34,False,28275.561184945607
CUST003581,3137.65,7,2025-09-28,448.2357142857143,146,True,49135.207180414065
CUST003582,3730.92,26,2026-01-17,143.49692307692308,35,False,15730.007271670165
CUST003583,4793.02,58,2026-02-03,82.63827586206898,18,False,9058.735562795337
CUST003584,3140.83,33,2026-01-12,95.17666666666666,40,False,10433.183002519443
CUST003585,6438.22,27,2026-02-19,238.4525925925926,2,False,26138.96475967917
CUST003587,1021.48,5,2024-12-08,204.296,440,True,22394.748937232995
CUST003588,339.86,11,2025-10-03,30.89636363636364,141,True,3386.8323741523022
CUST003589,663.6800000000001,18,2025-10-27,36.87111111111111,117,True,4041.7789695841093
CUST003590,9697.42,60,2026-02-04,161.62366666666668,17,False,17717.04505871399
CUST003591,534.72,15,2024-12-15,35.648,433,True,3907.702598751233
CUST003592,1293.3799999999999,17,2025-05-09,76.08117647058823,288,True,8339.952059306797
CUST003593,6147.21,18,2026-02-17,341.51166666666666,4,False,37436.21037189177
CUST003594,4408.46,19,2025-10-30,232.02421052631578,114,True,25434.291136862856
CUST003596,5526.51,26,2026-01-27,212.55807692307692,25,False,23300.43058735054
CUST003597,15589.56,102,2026-01-23,152.83882352941177,29,False,16754.058233167736
CUST003598,63.53,11,2025-12-05,5.775454545454545,78,False,633.1002787321124
CUST003599,223.77,19,2026-02-12,11.777368421052632,9,False,1291.024831277998
CUST003600,3027.6800000000003,49,2026-02-17,61.78938775510205,4,False,6773.298673301724
CUST003601,11309.83,90,2026-02-19,125.66477777777777,2,False,13775.263091722349
CUST003602,3172.99,18,2025-09-04,176.2772222222222,170,True,19323.355009493553
CUST003603,5700.44,24,2025-12-14,237.51833333333332,69,False,26036.552076350094
CUST003605,6890.9400000000005,43,2026-01-30,160.25441860465116,22,False,17566.94928306674
CUST003606,25987.56,100,2026-02-18,259.8756,3,False,28487.336105027935
CUST003607,5422.94,46,2026-01-11,117.88999999999999,41,False,12922.998747946103
CUST003608,1983.77,30,2026-02-10,66.12566666666666,11,False,7248.637777084017
CUST003610,4468.33,27,2026-01-19,165.4937037037037,33,False,18141.275135770007
CUST003611,2923.46,16,2026-02-20,182.71625,1,False,20029.195605898785
CUST003612,1032.3,40,2024-09-18,25.807499999999997,521,True,2828.9955906999667
CUST003614,3387.42,41,2026-02-07,82.62,14,False,9056.73217877095
CUST003615,574.01,5,2025-10-03,114.80199999999999,141,True,12584.494887282286
CUST003616,9826.39,73,2026-02-11,134.60808219178082,10,False,14755.620303908814
CUST003617,6817.12,50,2026-02-14,136.3424,7,False,14945.734706013802
CUST003618,3071.5299999999997,27,2025-12-23,113.76037037037037,60,False,12470.312357809666
CUST003619,5267.64,44,2026-02-18,119.71909090909092,3,False,13123.502094523945
CUST003620,2742.17,15,2025-10-06,182.81133333333335,138,True,20039.61855778289
CUST003621,1934.4699999999998,20,2025-07-27,96.72349999999999,209,True,10602.745520374629
CUST003622,5884.23,15,2026-02-04,392.282,17,False,43001.609931646395
CUST003624,12782.57,45,2025-10-22,284.0571111111111,122,True,31138.092215065542
CUST003625,3455.06,6,2026-02-12,575.8433333333334,9,False,63123.44283382627
CUST003626,1241.21,5,2025-12-25,248.24200000000002,58,False,27212.071042392377
CUST003627,462.81,4,2025-11-29,115.7025,84,False,12683.20691012159
CUST003628,4928.5599999999995,29,2026-02-20,169.95034482758618,1,False,18629.80824005348
CUST003629,15032.66,28,2025-12-11,536.8807142857142,72,False,58852.394592507386
CUST003630,1261.3400000000001,26,2026-02-06,48.51307692307693,15,False,5317.961085214491
CUST003631,2909.88,9,2026-02-16,323.32,5,False,35442.05577390733
CUST003632,0.0,2,2024-02-07,0.0,745,True,0.0
CUST003633,11903.95,36,2026-02-21,330.6652777777778,0,False,36247.23870312557
CUST003634,498.75,14,2025-10-11,35.625,133,True,3905.1813588563914
CUST003635,2465.8900000000003,11,2024-01-08,224.17181818181822,775,True,24573.518752128584
CUST003638,207.89,20,2024-02-08,10.394499999999999,744,True,1139.436003779165
CUST003639,4528.44,33,2025-07-27,137.22545454545454,209,True,15042.534373375554
CUST003640,2831.29,22,2026-02-20,128.695,1,False,14107.43340289188
CUST003641,3973.82,44,2026-02-17,90.31409090909091,4,False,9900.151698533145
CUST003642,5074.47,8,2024-08-01,634.30875,569,True,69532.37070202104
CUST003643,956.79,25,2026-01-26,38.2716,26,False,4195.299337364443
CUST003644,2299.17,24,2026-02-03,95.79875,18,False,10501.375233733159
CUST003645,2173.53,23,2026-01-30,94.50130434782609,22,False,10359.150375487578
CUST003646,0.0,19,2024-08-13,0.0,557,True,0.0
CUST003647,0.0,1,2023-08-07,0.0,929,True,0.0
CUST003648,6830.94,18,2026-01-25,379.49666666666667,27,False,41600.092867783984
CUST003649,441.98,13,2026-02-18,33.99846153846154,3,False,3726.8816345205896
CUST003650,976.8000000000001,4,2025-11-20,244.20000000000002,93,True,26768.9905356556
CUST003651,2108.74,12,2025-08-30,175.72833333333332,175,True,19263.186289297842
CUST003652,0.0,1,2023-04-15,0.0,1043,True,0.0
CUST003653,0.0,18,2026-02-17,0.0,4,False,0.0
CUST003655,2028.08,7,2024-07-25,289.7257142857143,576,True,31759.4795399277
CUST003656,299.87,6,2025-07-06,49.97833333333333,230,True,5478.58121207142
CUST003657,0.0,2,2023-11-28,0.0,816,True,0.0
CUST003658,11955.67,53,2026-02-07,225.578679245283,14,False,24727.737632115775
CUST003659,1757.38,12,2025-07-02,146.44833333333335,234,True,16053.538284039874
CUST003660,623.01,17,2024-11-25,36.64764705882353,453,True,4017.2830355106225
CUST003661,7833.51,11,2025-12-24,712.1372727272727,59,False,78063.86533056492
CUST003662,2626.9700000000003,27,2026-02-17,97.29518518518519,4,False,10665.41315064325
CUST003663,0.0,7,2025-11-28,0.0,85,False,0.0
CUST003664,0.0,6,2026-02-06,0.0,15,False,0.0
CUST003665,6204.14,30,2025-12-09,206.8046666666667,74,False,22669.746784313727
CUST003666,299.74,17,2025-12-07,17.631764705882354,76,False,1932.7786344744932
CUST003667,0.0,5,2024-08-13,0.0,557,True,0.0
CUST003668,416.12,7,2026-01-22,59.44571428571429,30,False,6516.3872362799875
CUST003669,0.0,4,2023-09-16,0.0,889,True,0.0
CUST003670,4235.08,25,2026-02-20,169.4032,1,False,18569.830702333224
CUST003671,849.92,19,2026-01-24,44.73263157894737,28,False,4903.551971219537
CUST003673,360.35,11,2026-01-02,32.75909090909091,50,False,3591.0229095091563
CUST003674,8409.91,73,2026-01-06,115.20424657534247,46,False,12628.588805252566
CUST003675,3925.41,10,2025-11-05,392.541,108,True,43030.00128524483
CUST003676,1703.68,29,2025-10-29,58.74758620689656,115,True,6439.859046539826
CUST003677,6573.33,67,2026-02-07,98.10940298507462,14,False,10754.666994128927
CUST003678,10402.529999999999,44,2026-01-07,236.42113636363635,45,False,25916.27830363278
CUST003679,2181.17,6,2024-04-07,363.52833333333336,685,True,39849.658126300805
CUST003680,0.0,13,2026-01-22,0.0,30,False,0.0
CUST003681,9285.67,70,2026-02-19,132.65242857142857,2,False,14541.2432635557
CUST003682,323.29,8,2025-11-29,40.41125,84,False,4429.845900016431
CUST003683,2201.68,13,2025-08-11,169.35999999999999,194,True,18565.095156095955
CUST003684,2195.61,20,2026-02-19,109.7805,2,False,12034.042446763062
CUST003686,7101.96,38,2026-02-19,186.89368421052632,2,False,20487.122292405347
CUST003687,1770.7,11,2026-01-10,160.97272727272727,42,False,17645.689651360797
CUST003688,4294.32,35,2025-12-10,122.69485714285713,73,False,13449.702987840945
CUST003690,2448.19,6,2024-08-04,408.0316666666667,566,True,44728.0746242743
CUST003692,314.81,8,2024-10-04,39.35125,505,True,4313.649626602038
CUST003693,18558.1,110,2026-02-19,168.70999999999998,2,False,18493.84272428524
CUST003694,10378.050000000001,73,2026-02-17,142.1650684931507,4,False,15584.01053642089
CUST003695,14577.9,71,2026-02-18,205.3225352112676,3,False,22507.276829759365
CUST003696,5229.03,17,2026-02-13,307.59,8,False,33717.74692408807
CUST003698,0.0,8,2026-01-28,0.0,24,False,0.0
CUST003699,6196.85,20,2026-01-17,309.84250000000003,35,False,33964.66400509366
CUST003700,4556.09,39,2026-02-03,116.82282051282051,18,False,12806.015465422954
CUST003701,15752.88,111,2026-02-16,141.91783783783782,5,False,15556.909328099046
CUST003702,0.0,10,2025-08-03,0.0,202,True,0.0
CUST003703,5415.28,19,2026-01-23,285.01473684210526,29,False,31243.066310600687
CUST003704,8434.15,37,2026-02-19,227.95,2,False,24987.679740387775
CUST003706,5706.61,40,2025-07-22,142.66525,214,True,15638.839995974364
CUST003707,410.47,9,2025-01-17,45.607777777777784,400,True,4999.484732537336
CUST003708,5319.24,28,2026-02-08,189.97285714285712,13,False,20824.658537627336
CUST003709,719.12,16,2026-01-23,44.945,29,False,4926.831611896156
CUST003710,329.16999999999996,9,2026-02-06,36.57444444444444,15,False,4009.2586289115266
CUST003711,3345.7700000000004,17,2024-07-23,196.81000000000003,578,True,21574.14016102531
CUST003712,4123.28,15,2024-05-10,274.88533333333334,652,True,30132.689952459194
CUST003713,3972.0,28,2026-01-24,141.85714285714286,28,False,15550.255997371016
CUST003714,214.59,13,2026-02-19,16.506923076923076,2,False,1809.4744783740741
CUST003715,5788.01,40,2026-02-19,144.70025,2,False,15861.914917104832
CUST003716,23777.23,107,2026-02-10,222.2171028037383,11,False,24359.24456107321
CUST003717,4472.84,35,2026-02-02,127.79542857142857,19,False,14008.82316924088
CUST003718,15920.19,61,2026-02-04,260.98672131147543,17,False,28609.13625191921
CUST003719,2296.77,7,2026-01-31,328.11,21,False,35967.131386789355
CUST003720,3985.62,41,2026-01-23,97.21024390243902,29,False,10656.101961478964
CUST003721,2032.02,10,2025-08-25,203.202,180,True,22274.82561353927
CUST003722,325.1,13,2026-01-10,25.00769230769231,42,False,2741.321370610986
CUST003723,1167.52,10,2024-09-09,116.752,530,True,12798.252182714426
CUST003724,8898.52,46,2026-02-20,193.44608695652175,1,False,21205.3909537213
CUST003725,23.6,4,2023-08-30,5.9,906,True,646.7528425895498
CUST003726,1347.94,26,2026-01-15,51.84384615384616,37,False,5683.077096741576
CUST003727,0.0,1,2024-04-29,0.0,663,True,0.0
CUST003728,3982.5,25,2026-01-07,159.3,45,False,17462.326749917847
CUST003729,3384.1800000000003,27,2025-11-19,125.34000000000002,94,True,13739.661235622742
CUST003730,3560.18,31,2026-02-07,114.84451612903226,14,False,12589.155468181867
CUST003731,0.0,7,2025-11-15,0.0,98,True,0.0
CUST003732,1401.59,15,2026-01-15,93.43933333333332,37,False,10242.738041187424
CUST003733,5139.93,30,2026-01-19,171.33100000000002,33,False,18781.154453171213
CUST003734,1349.01,21,2024-11-27,64.23857142857143,451,True,7041.776046664476
CUST003735,47.01,4,2024-03-10,11.7525,713,True,1288.298776700624
CUST003736,4997.429999999999,25,2026-01-22,199.89719999999997,30,False,21912.55632638843
CUST003737,3187.95,26,2026-02-11,122.61346153846154,10,False,13440.78047283804
CUST003739,11173.85,52,2026-02-14,214.88173076923078,7,False,23555.147490773277
CUST003741,386.7,8,2024-09-30,48.3375,509,True,5298.714496385146
CUST003742,90.48,8,2025-10-31,11.31,113,True,1239.7923135064082
CUST003743,1075.26,18,2025-12-13,59.736666666666665,70,False,6548.281181947638
CUST003744,5237.25,59,2026-02-21,88.76694915254237,0,False,9730.555371594712
CUST003745,10815.48,92,2026-01-26,117.5595652173913,26,False,12886.776775921928
CUST003746,4816.91,62,2026-02-05,77.69209677419354,16,False,8516.539734822383
CUST003747,5227.44,31,2026-01-31,168.62709677419355,21,False,18484.754945141147
CUST003748,3835.1400000000003,11,2024-07-10,348.64909090909094,591,True,38218.6085782571
CUST003749,1562.23,10,2025-10-09,156.223,135,True,17125.028699638515
CUST003750,2900.6,7,2023-10-24,414.37142857142857,851,True,45423.03378245152
CUST003751,19979.489999999998,109,2026-02-12,183.2980733944954,9,False,20092.9745778098
CUST003752,913.0,4,2024-12-18,228.25,430,True,25020.565478146564
CUST003753,12522.28,80,2026-02-16,156.5285,5,False,17158.51734258955
CUST003754,7411.360000000001,19,2025-12-23,390.07157894736844,60,False,42759.305508068566
CUST003755,20375.28,109,2026-02-21,186.9291743119266,0,False,20491.01268629762
CUST003756,0.0,3,2025-04-22,0.0,305,True,0.0
CUST003757,1612.4,57,2026-01-16,28.287719298245616,36,False,3100.8750621212907
CUST003758,0.0,16,2025-12-30,0.0,53,False,0.0
CUST003759,825.64,10,2026-01-31,82.564,21,False,9050.59350772264
CUST003760,7823.46,32,2026-01-23,244.483125,29,False,26800.02645066546
CUST003761,13636.36,62,2026-02-14,219.94129032258064,7,False,24109.771986261436
CUST003762,1192.08,9,2026-01-07,132.45333333333332,45,False,14519.418617592286
CUST003763,2775.92,16,2026-02-12,173.495,9,False,19018.370241537956
CUST003764,4304.6900000000005,29,2025-12-23,148.43758620689658,60,False,16271.598445159612
CUST003765,1672.97,22,2026-02-14,76.04409090909091,7,False,8335.886772473337
CUST003766,12843.12,51,2026-02-13,251.8258823529412,8,False,27604.933093116313
CUST003767,5605.92,59,2026-01-28,95.01559322033899,24,False,10415.52627213332
CUST003768,8158.23,27,2026-02-18,302.15666666666664,3,False,33122.14967356774
CUST003769,10798.64,99,2026-02-20,109.07717171717171,1,False,11956.944215204956
CUST003770,9028.38,23,2025-12-19,392.5382608695652,64,False,43029.70102416094
CUST003771,12770.58,21,2026-02-19,608.1228571428571,2,False,66661.8960170884
CUST003772,161.22,4,2025-08-02,40.305,203,True,4418.198867893526
CUST003773,1408.48,21,2025-09-30,67.07047619047619,144,True,7352.20697119071
CUST003774,0.0,18,2026-02-12,0.0,9,False,0.0
CUST003776,14203.45,54,2026-02-14,263.02685185185186,7,False,28832.773578400942
CUST003777,0.0,4,2025-08-25,0.0,180,True,0.0
CUST003778,3774.98,32,2026-02-05,117.968125,16,False,12931.562742154125
CUST003779,3788.29,58,2026-02-10,65.3153448275862,11,False,7159.811005416614
CUST003780,7036.59,86,2026-01-23,81.82081395348837,29,False,8969.12610295073
CUST003781,13679.46,55,2026-02-06,248.71745454545453,15,False,27264.18995405252
CUST003782,9791.99,47,2025-12-27,208.34021276595743,56,False,22838.072005439757
CUST003783,2481.8999999999996,30,2026-02-19,82.72999999999999,2,False,9068.790282615839
CUST003784,6170.46,46,2026-02-15,134.1404347826087,6,False,14704.35720370344
CUST003785,14224.98,99,2026-02-19,143.68666666666667,2,False,15750.806798115895
CUST003786,1983.6,11,2026-01-11,180.3272727272727,41,False,19767.318005556714
CUST003787,1408.9499999999998,22,2026-01-28,64.04318181818181,24,False,7020.357608370925
CUST003788,2405.88,11,2026-02-16,218.71636363636364,5,False,23975.496593672513
CUST003789,2856.35,33,2026-02-19,86.5560606060606,2,False,9488.199701749669
CUST003790,2631.47,12,2024-03-30,219.28916666666666,693,True,24038.286761145795
CUST003791,132.07,8,2026-02-08,16.50875,13,False,1809.6747440847844
CUST003792,118.51,1,2024-03-05,118.51,718,True,12990.96260598094
CUST003793,12672.08,25,2026-02-18,506.8832,3,False,55564.09329845547
CUST003794,336.41,58,2025-12-21,5.800172413793104,62,False,635.809829852573
CUST003795,2902.2200000000003,19,2024-09-12,152.74842105263158,527,True,16744.14839268727
CUST003796,11368.279999999999,40,2026-01-27,284.207,25,False,31154.52290404206
CUST003797,2447.3799999999997,7,2023-11-04,349.62571428571425,840,True,38325.66517909957
CUST003798,6355.39,12,2026-02-11,529.6158333333334,10,False,58056.02469301129
CUST003799,2960.34,52,2026-01-27,56.92961538461539,25,False,6240.574674157588
CUST003800,0.0,1,2023-12-12,0.0,802,True,0.0
CUST003801,23975.83,155,2026-02-12,154.6827741935484,9,False,16956.19049310422
CUST003802,693.48,11,2024-06-27,63.04363636363637,604,True,6910.788309383683
CUST003803,335.64,18,2025-12-29,18.646666666666665,54,False,2044.0313002519442
CUST003804,2608.36,19,2025-12-02,137.2821052631579,81,False,15048.744375529686
CUST003805,1309.6,16,2024-08-08,81.85,562,True,8972.32545185672
CUST003806,5738.97,26,2026-02-19,220.72961538461539,2,False,24196.18749045729
CUST003807,2419.51,26,2024-01-19,93.05807692307692,764,True,10200.945046765592
CUST003808,1072.66,13,2024-05-15,82.5123076923077,647,True,9044.927042139589
CUST003809,195.14999999999998,9,2026-01-22,21.68333333333333,30,False,2376.9080457881473
CUST003812,2355.86,8,2023-06-21,294.4825,976,True,32280.914231843573
CUST003813,538.21,3,2023-11-29,179.40333333333334,815,True,19666.036576843027
CUST003814,3861.0,28,2025-11-24,137.89285714285714,89,False,15115.69446270128
CUST003815,3829.32,33,2025-10-23,116.04,121,True,12720.203365100231
CUST003816,2293.14,4,2025-12-28,573.285,55,False,62843.00057016103
CUST003817,11125.439999999999,94,2025-01-13,118.35574468085105,404,True,12974.053272736171
CUST003818,12943.300000000001,79,2026-02-18,163.83924050632913,3,False,17959.91432630191
CUST003819,7395.88,12,2026-01-09,616.3233333333334,43,False,67560.82504874576
CUST003820,1103.26,10,2025-08-28,110.326,177,True,12093.83967992113
CUST003821,9705.08,43,2026-01-29,225.69953488372093,23,False,24740.98572155691
CUST003822,108.22,14,2025-03-17,7.7299999999999995,341,True,847.3558429181727
CUST003823,6095.98,44,2026-02-02,138.545,19,False,15187.181792638841
CUST003824,2220.9,18,2026-01-20,123.38333333333334,32,False,13525.173146018184
CUST003825,9976.69,47,2026-02-17,212.27,4,False,23268.85184686165
CUST003826,10991.92,93,2026-01-10,118.192688172043,42,False,12956.17916077442
CUST003827,9201.44,44,2026-01-28,209.12363636363636,24,False,22923.950215397483
CUST003828,2787.1800000000003,11,2025-02-06,253.38000000000002,380,True,27775.294111074596
CUST003829,1017.79,23,2024-07-06,44.25173913043478,595,True,4850.836961379645
CUST003830,14885.960000000001,79,2026-02-18,188.42987341772152,3,False,20655.5180104577
CUST003831,71762.07,444,2026-02-21,161.6262837837838,0,False,17717.33194480465
CUST003833,4677.26,41,2026-01-12,114.07951219512195,40,False,12505.296405665142
CUST003834,122.36,3,2024-08-23,40.78666666666667,547,True,4470.998746850696
CUST003835,4447.29,41,2026-02-08,108.47048780487805,13,False,11890.440055064402
CUST003836,1211.9499999999998,22,2025-09-15,55.088636363636354,159,True,6038.768163146416
CUST003837,8799.73,109,2025-09-15,80.73146788990826,159,True,8849.712939699175
CUST003838,2482.03,17,2026-01-04,146.00176470588235,48,False,16004.58582146102
CUST003839,0.0,5,2025-12-15,0.0,68,False,0.0
CUST003840,1538.5,18,2026-01-27,85.47222222222223,25,False,9369.390285536934
CUST003841,35.66,4,2025-10-05,8.915,139,True,977.2545070653958
CUST003842,5298.08,47,2026-02-21,112.72510638297872,0,False,12356.827624474729
CUST003843,207.42,5,2025-07-09,41.483999999999995,227,True,4547.439817285573
CUST003844,8994.7,26,2026-01-27,345.95000000000005,25,False,37922.73659217878
CUST003846,3617.24,21,2026-02-21,172.2495238095238,0,False,18881.842230255228
CUST003847,12126.04,100,2025-09-08,121.2604,166,True,13292.459049753532
CUST003848,0.0,7,2024-09-17,0.0,522,True,0.0
CUST003850,1326.1899999999998,24,2026-02-12,55.25791666666666,9,False,6057.324521990359
CUST003851,2770.15,35,2026-02-10,79.14714285714285,11,False,8676.040614525138
CUST003852,8299.119999999999,51,2026-01-22,162.7278431372549,30,False,17838.08391821796
CUST003853,1808.3400000000001,9,2025-08-11,200.92666666666668,194,True,22025.405562493153
CUST003854,6972.03,50,2026-01-12,139.4406,40,False,15285.35668176142
CUST003855,2445.63,3,2025-12-13,815.21,70,False,89362.60759447914
CUST003856,5202.46,16,2026-02-18,325.15375,3,False,35643.069845957936
CUST003857,3245.3500000000004,17,2026-02-08,190.90294117647062,13,False,20926.613536370845
CUST003858,4160.84,62,2026-02-05,67.11032258064516,16,False,7356.574897649814
CUST003859,2644.21,27,2026-01-25,97.9337037037037,27,False,10735.406992490354
CUST003860,4558.7300000000005,15,2026-01-22,303.91533333333336,30,False,33314.93317625151
CUST003861,265.76,21,2026-02-17,12.655238095238095,4,False,1387.256137583525
CUST003862,9842.650000000001,38,2025-12-08,259.01710526315793,75,False,28393.22866241763
CUST003863,5331.47,30,2025-11-26,177.71566666666666,87,False,19481.03603209552
CUST003864,1318.63,21,2026-01-13,62.79190476190477,39,False,6883.193711249864
CUST003865,1064.73,16,2025-11-20,66.545625,93,True,7294.673242482748
CUST003866,6752.63,39,2026-02-16,173.14435897435897,5,False,18979.933278815606
CUST003867,0.0,15,2026-02-06,0.0,15,False,0.0
CUST003868,1135.62,14,2024-06-04,81.11571428571428,627,True,8891.833693723298
CUST003870,0.0,4,2026-01-19,0.0,33,False,0.0
CUST003873,5252.870000000001,22,2026-02-07,238.76681818181822,14,False,26173.409894093747
CUST003874,1091.3400000000001,23,2026-02-13,47.44956521739131,8,False,5201.379861692552
CUST003875,3224.61,27,2026-02-17,119.43,4,False,13091.812201774566
CUST003876,3091.44,26,2026-01-03,118.90153846153846,49,False,13033.882709876387
CUST003877,9825.68,128,2026-02-12,76.763125,9,False,8414.706660984228
CUST003878,7397.120000000001,49,2026-02-09,150.96163265306123,12,False,16548.282210224872
CUST003879,3573.3,65,2026-02-19,54.973846153846154,2,False,6026.184960691625
CUST003880,1710.55,9,2026-01-27,190.0611111111111,25,False,20834.33286048125
CUST003881,0.0,9,2026-02-09,0.0,12,False,0.0
CUST003882,0.0,3,2025-11-10,0.0,103,True,0.0
CUST003883,1482.97,15,2025-12-09,98.86466666666666,74,False,10837.458338700842
CUST003884,1218.6,51,2026-02-16,23.89411764705882,5,False,2619.252289729562
CUST003885,5672.71,37,2025-12-25,153.3164864864865,58,False,16806.419228979226
CUST003886,3167.12,17,2026-02-11,186.30117647058822,10,False,20422.172111886488
CUST003887,4573.84,27,2026-02-10,169.40148148148148,11,False,18569.642319835446
CUST003888,26.58,11,2025-10-13,2.416363636363636,131,True,264.8796695844411
CUST003889,2610.7,26,2026-01-02,100.41153846153846,50,False,11007.025072676255
CUST003890,3075.7,45,2026-01-15,68.34888888888888,37,False,7492.345453682402
CUST003891,2855.58,8,2025-10-31,356.9475,113,True,39128.272928853105
CUST003892,7582.59,37,2026-02-13,204.93486486486486,8,False,22464.78074526383
CUST003893,9366.57,76,2026-02-05,123.24434210526316,16,False,13509.937049094558
CUST003894,3430.5499999999997,20,2026-02-13,171.52749999999997,8,False,18802.694611403218
CUST003895,4443.360000000001,47,2026-02-14,94.53957446808512,7,False,10363.34551261703
CUST003896,55448.61,319,2026-02-15,173.82009404388714,6,False,19054.006766452014
CUST003897,4691.139999999999,33,2026-01-22,142.15575757575755,30,False,15582.989881795274
CUST003898,4279.639999999999,30,2025-11-14,142.65466666666666,99,True,15637.679860225653
CUST003899,2470.04,23,2025-12-01,107.39304347826086,82,False,11772.331549814971
CUST003900,1421.74,30,2026-02-08,47.391333333333336,13,False,5194.996533464782
CUST003901,2558.39,15,2024-07-04,170.5593333333333,597,True,18696.565027713877
CUST003902,0.0,6,2023-08-30,0.0,906,True,0.0
CUST003903,3005.71,16,2025-12-28,187.856875,55,False,20592.706424786396
CUST003904,6227.79,41,2026-01-29,151.89731707317074,23,False,16650.851118440565
CUST003905,8898.21,77,2026-02-17,115.56116883116881,4,False,12667.71431093717
CUST003906,8636.74,53,2026-02-21,162.95735849056604,0,False,17863.24319061998
CUST003907,1781.49,14,2024-06-10,127.24928571428572,621,True,13948.955466644758
CUST003908,1639.75,23,2026-02-04,71.29347826086956,17,False,7815.128766663332
CUST003909,1621.22,41,2026-02-12,39.54195121951219,9,False,4334.554127585902
CUST003910,9671.660000000002,28,2026-02-09,345.41642857142864,12,False,37864.246958593496
CUST003911,219.93,15,2026-02-10,14.662,11,False,1607.2356233979624
CUST003912,13446.7,50,2026-02-06,268.934,15,False,29480.30999474203
CUST003914,5395.64,28,2025-12-06,192.70142857142858,77,False,21123.762152481104
CUST003915,6528.29,34,2026-01-14,192.0085294117647,38,False,21047.807152287794
CUST003916,11615.33,26,2024-12-06,446.74346153846153,442,True,48971.6277386941
CUST003917,4226.23,9,2025-12-04,469.58111111111106,79,False,51475.07092160513
CUST003918,4426.900000000001,60,2026-02-13,73.78166666666668,8,False,8087.881804688357
CUST003919,7910.08,37,2026-01-27,213.78594594594594,25,False,23435.02851631125
CUST003920,253.75,9,2025-10-29,28.194444444444443,115,True,3090.650354182641
CUST003921,0.0,1,2024-03-06,0.0,717,True,0.0
CUST003922,1387.69,20,2025-07-28,69.3845,208,True,7605.8682384160375
CUST003923,2441.45,26,2026-02-19,93.90192307692307,2,False,10293.446724512753
CUST003924,1940.1,26,2026-02-14,74.61923076923077,7,False,8179.694849465355
CUST003925,4810.700000000001,25,2025-11-28,192.42800000000003,85,False,21093.78915149524
CUST003926,0.0,1,2024-03-09,0.0,714,True,0.0
CUST003927,2098.48,26,2026-02-19,80.71076923076923,2,False,8847.443970777826
CUST003928,4543.55,24,2026-02-11,189.31458333333333,10,False,20752.499138049076
CUST003929,7197.590000000001,35,2026-02-02,205.6454285714286,19,False,22542.67211764706
CUST003931,4603.05,104,2026-02-07,44.260096153846156,14,False,4851.753050980814
CUST003932,411.84,4,2026-01-27,102.96,25,False,11286.385198816955
CUST003933,7237.5,97,2026-02-11,74.61340206185567,10,False,8179.055911657987
CUST003934,1990.03,23,2026-01-19,86.52304347826087,33,False,9484.580393061768
CUST003935,8227.32,55,2025-09-27,149.58763636363636,147,True,16397.665938039612
CUST003936,5194.5599999999995,25,2025-12-09,207.78239999999997,74,False,22776.92505764048
CUST003937,22426.149999999998,58,2025-03-26,386.6577586206896,332,True,42385.085508005934
CUST003938,4194.58,19,2026-01-26,220.76736842105262,26,False,24200.3259453102
CUST003939,0.0,3,2024-07-30,0.0,571,True,0.0
CUST003940,2813.54,25,2024-05-22,112.5416,640,True,12336.711815182385
CUST003941,1104.97,10,2024-09-15,110.497,524,True,12112.584550443642
CUST003942,569.3,3,2023-08-12,189.76666666666665,924,True,20802.056117866137
CUST003943,11720.44,63,2025-06-06,186.03873015873017,260,True,20393.402976594734
CUST003944,0.0,4,2024-10-07,0.0,502,True,0.0
CUST003945,1383.4199999999998,35,2026-02-11,39.52628571428571,10,False,4332.836888596779
CUST003946,1504.37,13,2025-08-14,115.72076923076922,191,True,12685.209567228694
CUST003948,3417.13,21,2025-05-11,162.7204761904762,286,True,17837.276359951804
CUST003949,861.0899999999999,11,2025-12-19,78.28090909090908,64,False,8581.084826277895
CUST003950,1237.97,16,2026-02-11,77.373125,10,False,8481.574327760434
CUST003951,3459.7999999999997,55,2026-02-14,62.90545454545454,7,False,6895.640939264481
CUST003952,4612.97,40,2026-02-11,115.32425,10,False,12641.74347576405
CUST003953,6756.97,35,2026-01-29,193.05628571428574,23,False,21162.66128228722
CUST003954,1130.36,3,2024-03-14,376.78666666666663,709,True,41303.025036696235
CUST003955,942.87,23,2025-12-04,40.99434782608696,79,False,4493.764574004486
CUST003956,5141.0599999999995,31,2024-05-07,165.8406451612903,655,True,18179.30655507616
CUST003957,1902.51,24,2026-02-07,79.27125,14,False,8689.645131038447
CUST003958,4029.66,33,2026-02-21,122.11090909090909,0,False,13385.691112837212
CUST003959,10708.51,88,2026-02-06,121.68761363636364,15,False,13339.289835128311
CUST003960,0.0,15,2026-01-05,0.0,47,False,0.0
CUST003961,9037.04,138,2026-02-14,65.48579710144928,7,False,7178.4958346787835
CUST003962,1602.08,9,2026-01-12,178.0088888888889,40,False,19513.17879577902
CUST003963,12140.6,63,2026-01-19,192.70793650793652,33,False,21124.475546792277
CUST003964,4261.17,33,2026-01-28,129.12636363636364,24,False,14154.719107638992
CUST003965,4443.0,12,2025-12-01,370.25,82,False,40586.48135064082
CUST003966,0.0,2,2024-10-16,0.0,493,True,0.0
CUST003968,4365.81,19,2025-12-27,229.77947368421056,56,False,25188.22504643963
CUST003969,2598.1,23,2026-01-20,112.9608695652174,32,False,12382.671778422324
CUST003970,3449.29,30,2026-02-16,114.97633333333333,5,False,12603.605154891005
CUST003971,0.0,7,2024-07-15,0.0,586,True,0.0
CUST003972,2818.81,30,2025-06-15,93.96033333333334,251,True,10299.849605761858
CUST003973,2946.27,29,2026-02-21,101.59551724137931,0,False,11136.81179156232
CUST003974,0.0,11,2026-01-27,0.0,25,False,0.0
CUST003976,9391.44,122,2026-02-07,76.97901639344262,14,False,8438.372486814671
CUST003978,20148.98,119,2026-01-12,169.31915966386555,40,False,18560.61827414896
CUST003979,8008.94,24,2026-02-02,333.7058333333333,19,False,36580.54174526235
CUST003980,4120.41,7,2023-12-16,588.63,798,True,64525.10605652317
CUST003981,7685.49,41,2026-01-24,187.45097560975609,28,False,20548.21208843968
CUST003982,8054.97,56,2026-02-05,143.83875,16,False,15767.47804017417
CUST003983,2341.06,24,2025-11-28,97.54416666666667,85,False,10692.706282999234
CUST003984,12660.439999999999,28,2026-02-09,452.1585714285714,12,False,49565.22735129806
CUST003985,3582.17,27,2026-02-21,132.67296296296297,0,False,14543.494225605822
CUST003986,19229.8,53,2026-02-14,362.8264150943396,7,False,39772.714462515265
CUST003987,0.0,2,2023-04-17,0.0,1041,True,0.0
CUST003988,7913.06,25,2026-01-05,316.5224,47,False,34696.90880394347
CUST003989,6296.64,48,2026-02-03,131.18,18,False,14379.836930660533
CUST003990,8657.27,80,2025-03-28,108.21587500000001,330,True,11862.529621960237
CUST003991,596.19,37,2026-02-19,16.113243243243243,2,False,1766.319639136343
CUST003992,2628.07,11,2024-04-04,238.91545454545457,688,True,26189.703282346967
CUST003993,2577.7000000000003,10,2025-10-19,257.77000000000004,125,True,28256.522073611573
CUST003994,984.6800000000001,5,2025-07-08,196.936,228,True,21587.952170883997
CUST003995,4169.93,23,2024-12-23,181.3013043478261,425,True,19874.090500364346
CUST003996,1814.72,25,2025-11-22,72.5888,91,True,7957.120803417681
CUST003997,0.0,1,2023-06-09,0.0,988,True,0.0
CUST003998,636.82,29,2026-02-19,21.95931034482759,2,False,2407.1604045463305
CUST003999,11851.92,33,2026-01-05,359.1490909090909,47,False,39369.60939981477
CUST004000,13739.83,52,2026-02-13,264.2275,8,False,28964.387578869537
CUST004001,5035.88,25,2026-01-29,201.4352,23,False,22081.150541965166
CUST004002,181.16,11,2026-01-08,16.46909090909091,44,False,1805.3273492068233
CUST004003,6764.3099999999995,66,2026-02-09,102.48954545454545,12,False,11234.814382786126
CUST004004,2732.23,31,2026-02-20,88.13645161290323,1,False,9661.440782440928
CUST004006,4424.05,14,2026-02-12,316.00357142857143,9,False,34640.03526947092
CUST004007,6771.43,17,2026-02-06,398.3194117647059,15,False,43663.42573176625
CUST004008,7368.75,30,2025-12-23,245.625,60,False,26925.197790009857
CUST004009,4475.79,22,2025-12-31,203.445,52,False,22301.46306112389
CUST004010,10109.869999999999,71,2026-02-19,142.39253521126759,2,False,15608.945239223705
CUST004011,1046.45,16,2026-02-05,65.403125,16,False,7169.433391184687
CUST004012,477.94,9,2026-02-01,53.10444444444445,20,False,5821.262779420893
CUST004013,0.0,4,2024-05-12,0.0,650,True,0.0
CUST004015,2463.52,23,2025-12-31,107.1095652173913,52,False,11741.256910657388
CUST004016,6457.26,31,2026-01-27,208.29870967741937,25,False,22833.522473153615
CUST004017,8836.5,40,2025-07-22,220.9125,214,True,24216.235142129477
CUST004018,1316.51,24,2026-02-14,54.85458333333333,7,False,6013.111474559097
CUST004019,2147.98,13,2025-09-27,165.22923076923078,147,True,18112.283843878762
CUST004021,344.05,13,2026-01-29,26.465384615384615,23,False,2901.1123271569045
CUST004023,4439.7,19,2024-08-16,233.66842105263157,554,True,25614.52805749174
CUST004024,6579.3099999999995,45,2025-12-20,146.20688888888887,63,False,16027.07135509548
CUST004025,1428.4099999999999,28,2026-01-11,51.01464285714285,41,False,5592.180556194544
CUST004026,960.44,37,2025-11-02,25.95783783783784,111,True,2845.4754930678296
CUST004027,25451.71,138,2026-02-03,184.43268115942027,18,False,20217.349289197824
CUST004028,5061.82,29,2026-01-03,174.5455172413793,49,False,19133.527023241582
CUST004029,2479.5299999999997,35,2026-02-08,70.84371428571428,13,False,7765.8260328623055
CUST004030,827.5699999999999,21,2025-09-19,39.408095238095235,155,True,4319.88095191149
CUST004031,0.0,2,2024-06-27,0.0,604,True,0.0
CUST004032,0.0,2,2024-02-27,0.0,725,True,0.0
CUST004033,6558.15,15,2025-09-03,437.21,171,True,47926.578018402884
CUST004034,5743.01,42,2026-01-04,136.73833333333334,48,False,14989.136571913683
CUST004035,44218.06,181,2026-02-12,244.29867403314915,9,False,26779.807096914752
CUST004036,1819.37,23,2026-01-10,79.10304347826086,42,False,8671.20647916101
CUST004037,191.4,6,2023-10-07,31.900000000000002,868,True,3496.8501150180746
CUST004038,3045.0299999999997,22,2026-01-05,138.41045454545454,47,False,15172.43303752278
CUST004039,14484.32,61,2026-01-25,237.447868852459,27,False,26028.827821552284
CUST004040,5902.98,39,2026-01-20,151.35846153846154,32,False,16591.7822457595
CUST004041,10023.16,93,2026-02-20,107.77591397849463,1,False,11814.301479369185
CUST004043,0.0,3,2025-10-07,0.0,137,True,0.0
CUST004044,113.28,15,2025-03-09,7.5520000000000005,349,True,827.8436385146238
CUST004045,10024.51,94,2026-02-16,106.64372340425533,5,False,11690.191738311158
CUST004046,996.0,8,2025-12-30,124.5,53,False,13647.581169898127
CUST004047,0.0,3,2025-09-12,0.0,162,True,0.0
CUST004048,7696.74,37,2025-03-27,208.01999999999998,331,True,22802.970561945447
CUST004049,12790.26,34,2026-01-21,376.1841176470588,31,False,41236.97413987744
CUST004050,0.0,12,2026-01-05,0.0,47,False,0.0
CUST004051,6411.95,9,2026-01-28,712.4388888888889,24,False,78096.92823054733
CUST004052,1472.43,12,2025-10-25,122.7025,119,True,13450.54079116004
CUST004053,0.0,9,2024-09-03,0.0,536,True,0.0
CUST004054,1173.63,17,2026-02-09,69.03705882352942,12,False,7567.782040362646
CUST004055,4071.3199999999997,43,2026-02-20,94.68186046511627,1,False,10378.94277923408
CUST004056,0.0,1,2023-08-06,0.0,930,True,0.0
CUST004057,5132.56,13,2026-02-04,394.81230769230774,17,False,43278.98004904068
CUST004058,683.39,13,2025-12-28,52.568461538461534,55,False,5762.5088017897315
CUST004059,299.04,22,2026-02-20,13.592727272727274,1,False,1490.02288172557
CUST004060,5345.41,16,2026-02-12,334.088125,9,False,36622.44822358692
CUST004061,1835.47,63,2025-12-17,29.134444444444444,66,False,3193.6923324935187
CUST004063,1432.9799999999998,22,2025-06-24,65.13545454545454,242,True,7140.091589938158
CUST004064,2476.7,22,2024-11-30,112.57727272727271,448,True,12340.622228363158
CUST004065,27306.8,101,2026-02-21,270.3643564356436,0,False,29637.104416889273
CUST004066,2779.57,24,2025-11-01,115.81541666666668,112,True,12695.584736416915
CUST004067,3739.31,32,2026-02-06,116.8534375,15,False,12809.371672794117
CUST004069,3567.04,4,2025-11-03,891.76,110,True,97753.95167926388
CUST004070,2230.04,27,2024-04-26,82.59407407407407,666,True,9053.89020143377
CUST004071,2694.8,20,2026-01-31,134.74,21,False,14770.081018731516
CUST004072,4187.42,38,2025-07-10,110.19526315789474,226,True,12079.50842157151
CUST004074,434.94,2,2024-03-16,217.47,707,True,23838.871301347353
CUST004075,13343.74,108,2026-02-20,123.55314814814814,1,False,13543.78809757671
CUST004076,4602.61,27,2026-02-19,170.46703703703702,2,False,18686.447588393516
CUST004077,2993.8799999999997,33,2026-02-05,90.72363636363636,16,False,9945.045713261434
CUST004078,1787.26,29,2026-02-01,61.62965517241379,20,False,6755.788927215656
CUST004079,0.0,10,2026-02-13,0.0,8,False,0.0
CUST004080,6877.05,50,2025-04-28,137.541,299,True,15077.124190272754
CUST004081,2695.97,15,2025-08-21,179.7313333333333,184,True,19701.99165012597
CUST004082,5870.83,51,2026-01-31,115.11431372549019,21,False,12618.730444865425
CUST004083,758.59,9,2025-09-21,84.28777777777778,153,True,9239.552520904079
CUST004084,0.0,2,2024-04-10,0.0,682,True,0.0
CUST004085,7647.55,38,2024-12-23,201.2513157894737,425,True,22060.99331554733
CUST004087,5177.51,11,2023-08-30,470.6827272727273,906,True,51595.82912227766
CUST004088,1661.01,24,2026-02-10,69.20875,11,False,7586.602677045678
CUST004090,12927.19,64,2026-01-27,201.98734375,25,False,22141.67605719068
CUST004091,2297.13,17,2025-11-24,135.12529411764706,89,False,14812.316623108001
CUST004092,4275.36,52,2026-02-12,82.21846153846153,9,False,9012.715883616875
CUST004093,763.79,30,2026-02-20,25.459666666666667,1,False,2790.8664047540806
CUST004094,3117.47,13,2026-01-28,239.8053846153846,24,False,26287.256638691575
CUST004095,5766.1900000000005,14,2026-02-04,411.8707142857143,17,False,45148.90766841933
CUST004096,26308.920000000002,205,2026-02-17,128.33619512195122,4,False,14068.101525804925
CUST004097,2610.29,32,2026-02-16,81.5715625,5,False,8941.803376499342
CUST004098,4825.639999999999,28,2026-02-08,172.3442857142857,13,False,18892.229947420306
CUST004099,7860.49,67,2026-02-04,117.32074626865672,17,False,12860.597651522212
CUST004100,2260.18,32,2025-11-08,70.630625,105,True,7742.467371631612
CUST004101,4425.87,31,2026-01-29,142.77,23,False,15650.322599408479
CUST004102,820.8900000000001,22,2026-01-22,37.313181818181825,30,False,4090.2383740626783
CUST004103,1090.88,34,2025-02-23,32.08470588235294,363,True,3517.0974123832902
CUST004104,8164.66,41,2026-02-07,199.1380487804878,14,False,21829.33883330795
CUST004105,0.0,8,2025-02-18,0.0,368,True,0.0
CUST004106,20981.38,100,2026-02-08,209.81380000000001,13,False,22999.605349917845
CUST004107,7281.74,26,2026-02-17,280.06692307692305,4,False,30700.691290730298
CUST004108,9929.56,16,2026-01-29,620.5975,23,False,68029.35546253697
CUST004109,11497.03,82,2026-02-11,140.20768292682928,10,False,15369.443641664597
CUST004110,1423.99,17,2026-02-07,83.76411764705882,14,False,9182.149355125553
CUST004111,12181.75,60,2026-01-30,203.02916666666667,22,False,22255.879774619345
CUST004112,2447.32,30,2026-02-08,81.57733333333334,13,False,8942.435970204842
CUST004113,1963.54,31,2026-01-23,63.339999999999996,29,False,6943.275432139336
CUST004114,7901.62,58,2026-02-02,136.2348275862069,19,False,14933.942712046868
CUST004115,13925.07,32,2026-02-20,435.1584375,1,False,47701.68753050033
CUST004116,0.0,4,2025-08-23,0.0,182,True,0.0
CUST004117,2521.11,16,2026-01-22,157.569375,30,False,17272.61715022182
CUST004118,0.0,1,2023-07-26,0.0,941,True,0.0
CUST004120,423.76,17,2026-01-23,24.92705882352941,29,False,2732.4823985617904
CUST004121,1036.36,7,2025-12-11,148.05142857142854,72,False,16229.268182714422
CUST004123,0.0,3,2025-09-09,0.0,165,True,0.0
CUST004124,850.15,27,2026-01-08,31.487037037037037,44,False,3451.5814760044304
CUST004125,2874.2599999999998,17,2025-11-23,169.0741176470588,90,False,18533.75698246699
CUST004126,1262.38,14,2025-11-13,90.17,100,True,9884.356579033847
CUST004127,10053.98,41,2026-02-10,245.2190243902439,11,False,26880.695098546843
CUST004129,13092.67,158,2026-02-15,82.865,6,False,9083.588864607294
CUST004130,2520.7200000000003,10,2025-01-30,252.07200000000003,387,True,27631.912294446276
CUST004131,3846.3500000000004,65,2026-02-20,59.17461538461539,1,False,6486.669611719205
CUST004132,7013.19,67,2025-12-29,104.67447761194029,54,False,11474.32473594891
CUST004133,246.61,12,2025-10-27,20.550833333333333,117,True,2252.764385748713
CUST004134,1945.48,37,2026-01-28,52.58054054054054,24,False,5763.832891438925
CUST004135,2014.54,13,2026-01-29,154.96461538461537,23,False,16987.085678101063
CUST004136,6374.76,39,2026-02-17,163.45538461538462,4,False,17917.83637907935
CUST004137,10397.3,88,2026-01-30,118.15113636363635,22,False,12951.62428785887
CUST004138,2448.98,49,2026-02-18,49.979183673469386,3,False,5478.674425613821
CUST004139,1540.93,27,2025-08-15,57.071481481481484,190,True,6256.125911685593
CUST004140,1485.83,13,2024-08-06,114.29461538461538,564,True,12528.875829267676
CUST004141,1272.58,7,2025-12-27,181.79714285714286,56,False,19928.44388432468
CUST004142,4391.88,41,2025-12-28,107.11902439024391,55,False,11742.293816916874
CUST004143,2267.82,83,2025-12-30,27.323132530120485,53,False,2995.137903780749
CUST004144,0.0,6,2025-04-11,0.0,316,True,0.0
CUST004146,7435.16,26,2025-12-17,285.9676923076923,66,False,31347.528455724358
CUST004147,826.0,9,2025-11-20,91.77777777777777,93,True,10060.599773615219
CUST004148,0.0,7,2024-06-30,0.0,601,True,0.0
CUST004150,156.04,8,2025-06-23,19.505,243,True,2138.1210499507065
CUST004151,4633.73,17,2025-11-30,272.57235294117646,83,False,29879.143063733543
CUST004152,15873.119999999999,48,2026-02-12,330.69,9,False,36249.94873151495
CUST004154,382.17,14,2025-11-12,27.297857142857143,101,True,2992.367237923102
CUST004155,1137.31,25,2026-01-29,45.492399999999996,23,False,4986.8371213933615
CUST004156,15394.99,83,2026-01-31,185.48180722891567,21,False,20332.353571855612
CUST004157,5426.84,22,2025-12-26,246.67454545454547,57,False,27040.24804529023
CUST004158,308.98,10,2025-11-10,30.898000000000003,103,True,3387.0117509037136
CUST004159,7808.25,19,2024-11-05,410.9605263157895,473,True,45049.133658785475
CUST004160,5616.75,9,2025-11-09,624.0833333333334,104,True,68411.4694654398
CUST004161,1905.57,13,2024-10-21,146.5823076923077,488,True,16068.224436158649
CUST004162,557.76,11,2024-11-12,50.70545454545454,466,True,5558.2876037403275
CUST004163,3487.2799999999997,23,2026-01-05,151.6208695652174,47,False,16620.54718427181
CUST004164,2340.98,25,2024-06-21,93.6392,610,True,10264.647250476502
CUST004166,17256.46,87,2026-02-16,198.35011494252873,5,False,21742.966214753287
CUST004167,4942.58,20,2026-01-10,247.129,42,False,27090.06495530726
CUST004168,0.0,12,2024-05-29,0.0,633,True,0.0
CUST004169,874.12,26,2026-02-15,33.62,6,False,3685.395011501807
CUST004170,2943.51,22,2026-02-12,133.7959090909091,9,False,14666.59059854211
CUST004171,18233.96,85,2026-02-11,214.51717647058823,10,False,23515.185367226615
CUST004172,85.55,8,2026-01-15,10.69375,37,False,1172.2395271935588
CUST004174,17304.24,88,2026-02-18,196.63909090909092,3,False,21555.40525587787
CUST004175,0.0,14,2025-04-11,0.0,316,True,0.0
CUST004176,14270.4,50,2025-08-10,285.408,195,True,31286.175474203093
CUST004177,29177.370000000003,132,2026-02-19,221.04068181818184,2,False,24230.286320990053
CUST004178,4808.92,11,2024-12-19,437.17454545454547,429,True,47922.69152212231
CUST004179,4883.92,31,2026-02-10,157.54580645161292,11,False,17270.033586549776
CUST004180,2640.08,3,2024-02-23,880.0266666666666,729,True,96467.75393580896
CUST004181,7972.34,45,2026-02-14,177.1631111111111,7,False,19420.465375104974
CUST004182,10603.07,33,2026-01-29,321.3051515151515,23,False,35221.189844252585
CUST004183,2013.12,46,2026-02-01,43.76347826086956,20,False,4797.3142316649755
CUST004184,4105.27,25,2026-01-25,164.2108,27,False,18000.644353204076
CUST004185,1019.06,7,2026-02-03,145.57999999999998,18,False,15958.35234308248
CUST004186,4892.02,27,2025-03-17,181.18592592592594,341,True,19861.44281861224
CUST004187,0.0,3,2025-01-06,0.0,411,True,0.0
CUST004188,0.0,18,2026-01-11,0.0,41,False,0.0
CUST004190,4915.47,42,2026-02-04,117.03500000000001,17,False,12829.274395333554
CUST004191,27500.61,117,2026-02-04,235.0479487179487,17,False,25765.75067426713
CUST004192,3329.61,46,2026-02-13,72.38282608695653,8,False,7934.542123119348
CUST004193,4020.6499999999996,21,2025-12-27,191.4595238095238,56,False,20987.625638076457
CUST004194,4124.7,28,2026-01-14,147.31071428571428,38,False,16148.07173020046
CUST004195,2011.42,37,2025-11-26,54.362702702702705,87,False,5959.191949800606
CUST004197,3243.08,7,2025-11-28,463.29714285714283,85,False,50786.22781465658
CUST004198,367.04,14,2025-11-26,26.217142857142857,87,False,2873.9002826158394
CUST004199,0.0,2,2025-11-28,0.0,85,False,0.0
CUST004200,12143.43,34,2026-01-17,357.15970588235297,35,False,39151.53475217954
CUST004201,868.56,8,2023-10-11,108.57,864,True,11901.348494906342
CUST004202,0.0,6,2025-11-11,0.0,102,True,0.0
CUST004203,14373.0,34,2026-02-14,422.7352941176471,7,False,46339.87341246061
CUST004204,9866.61,52,2026-02-11,189.7425,10,False,20799.406988991126
CUST004205,6479.12,32,2025-12-25,202.4725,58,False,22194.858461222477
CUST004207,3153.2799999999997,7,2023-10-03,450.4685714285714,872,True,49379.971028590204
CUST004208,3684.65,49,2026-01-28,75.1969387755102,24,False,8243.022696117552
CUST004209,3768.13,31,2026-02-16,121.5525806451613,5,False,13324.487636670094
CUST004210,1767.51,23,2026-02-02,76.84826086956522,19,False,8424.03918058552
CUST004211,7805.18,42,2026-02-17,185.83761904761906,4,False,20371.357352393472
CUST004212,10699.15,44,2024-09-15,243.1625,524,True,26655.260692573116
CUST004213,936.54,17,2025-08-28,55.09058823529411,177,True,6038.982125611335
CUST004214,11623.44,153,2026-02-11,75.97019607843137,10,False,8327.78648573067
CUST004215,1081.15,15,2026-01-16,72.07666666666667,36,False,7900.981195092561
CUST004216,5950.61,31,2026-02-21,191.95516129032256,0,False,21041.956985466375
CUST004217,605.1500000000001,3,2024-02-22,201.7166666666667,730,True,22112.00467192464
CUST004218,4075.6,14,2025-03-25,291.1142857142857,333,True,31911.69352612553
CUST004219,0.0,2,2025-01-20,0.0,397,True,0.0
CUST004220,1215.06,25,2026-01-04,48.602399999999996,48,False,5327.752602826158
CUST004221,1070.15,7,2026-02-07,152.87857142857143,14,False,16758.41536312849
CUST004222,8349.599999999999,38,2026-02-12,219.72631578947366,9,False,24086.206665859518
CUST004223,6050.42,71,2026-01-03,85.21718309859155,49,False,9341.433119743766
CUST004224,6018.31,22,2024-09-04,273.55954545454546,535,True,29987.358244107192
CUST004225,0.0,1,2024-04-02,0.0,690,True,0.0
CUST004226,11086.199999999999,124,2026-02-09,89.4048387096774,12,False,9800.480267244759
CUST004227,8995.93,27,2025-12-24,333.1825925925926,59,False,36523.18455264663
CUST004228,2087.63,16,2026-01-24,130.476875,28,False,14302.760982788368
CUST004229,1122.17,24,2026-02-03,46.757083333333334,18,False,5125.470602886406
CUST004230,4877.15,52,2026-02-08,93.79134615384615,13,False,10281.32537886448
CUST004231,1777.74,16,2025-11-20,111.10875,93,True,12179.644050690107
CUST004232,501.75,11,2023-12-05,45.61363636363637,809,True,5000.1269455979445
CUST004234,1661.75,24,2025-05-10,69.23958333333333,287,True,7589.98260009311
CUST004235,0.0,16,2025-06-21,0.0,245,True,0.0
CUST004237,4569.0,15,2025-07-01,304.6,235,True,33389.98573775879
CUST004238,11887.039999999999,65,2026-01-12,182.87753846153845,40,False,20046.875906064357
CUST004239,7182.05,44,2026-02-14,163.22840909090908,7,False,17892.955520494128
CUST004240,6884.4,51,2026-02-17,134.98823529411763,4,False,14797.292354680943
CUST004241,2198.2000000000003,39,2025-11-26,56.36410256410257,87,False,6178.583653108859
CUST004242,4648.24,19,2026-01-25,244.6442105263158,27,False,26817.684505249323
CUST004244,4285.09,9,2025-12-11,476.12111111111113,72,False,52191.98000474678
CUST004245,1759.97,28,2026-02-07,62.85607142857143,14,False,6890.227605159382
CUST004246,608.54,12,2026-02-03,50.711666666666666,18,False,5558.968571037353
CUST004247,4060.9,63,2026-02-18,64.45873015873016,3,False,7065.909654215504
CUST004248,1097.49,41,2026-01-29,26.768048780487806,23,False,2934.290108365461
CUST004249,912.77,39,2026-01-19,23.404358974358974,33,False,2565.5653721445606
CUST004250,12873.52,67,2026-02-20,192.14208955223882,1,False,21062.44789813666
CUST004251,0.0,13,2026-02-16,0.0,5,False,0.0
CUST004252,4007.1499999999996,30,2025-02-15,133.57166666666666,371,True,14642.009340015333
CUST004253,4940.18,28,2025-09-17,176.435,157,True,19340.650471574103
CUST004254,1446.97,17,2023-09-15,85.11588235294118,890,True,9330.32862055634
CUST004255,2200.98,23,2026-02-21,95.69478260869565,0,False,10489.978419180157
CUST004256,656.8199999999999,17,2026-02-03,38.63647058823529,18,False,4235.296132299781
CUST004257,7547.51,42,2026-01-22,179.70261904761907,30,False,19698.844015226205
CUST004258,3468.9500000000003,60,2026-02-21,57.81583333333334,0,False,6337.721111019827
CUST004259,4111.2,25,2025-08-21,164.44799999999998,184,True,18026.64600985869
CUST004260,5928.23,28,2026-02-04,211.7225,17,False,23208.835375451854
CUST004261,1583.94,12,2026-01-28,131.995,24,False,14469.176518238583
CUST004262,0.0,3,2025-08-07,0.0,198,True,0.0
CUST004263,2283.0499999999997,24,2024-12-27,95.12708333333332,421,True,10427.747720862086
CUST004264,1516.59,33,2026-02-01,45.95727272727272,20,False,5037.796063394378
CUST004265,241.41,18,2025-01-04,13.411666666666667,413,True,1470.175176361047
CUST004266,856.46,5,2025-12-09,171.292,74,False,18776.87930726257
CUST004267,0.0,2,2024-02-27,0.0,725,True,0.0
CUST004268,0.0,4,2025-10-16,0.0,128,True,0.0
CUST004269,7741.74,83,2026-02-21,93.27397590361446,0,False,10224.611704286748
CUST004270,632.71,7,2025-01-29,90.38714285714286,388,True,9908.159589221164
CUST004271,6839.85,77,2026-02-12,88.82922077922079,9,False,9737.381532877245
CUST004272,7405.24,55,2026-02-12,134.64072727272728,9,False,14759.198829145878
CUST004273,3522.66,11,2026-01-13,320.2418181818182,39,False,35104.62817375198
CUST004274,929.0,14,2025-10-10,66.35714285714286,134,True,7274.011994742031
CUST004275,4315.35,31,2025-03-16,139.20483870967743,342,True,15259.512735204013
CUST004276,724.9100000000001,3,2023-09-03,241.63666666666668,902,True,26488.000176361045
CUST004277,2635.44,26,2025-11-28,101.36307692307693,85,False,11111.33188705478
CUST004278,2364.51,14,2025-01-09,168.89357142857145,408,True,18513.965663818602
CUST004279,68.78,12,2025-05-07,5.7316666666666665,290,True,628.3002897360061
CUST004280,1065.38,2,2024-09-14,532.69,525,True,58393.01215576734
CUST004281,1461.23,22,2025-10-07,66.41954545454546,137,True,7280.852512920862
CUST004282,5350.76,14,2026-01-12,382.19714285714286,40,False,41896.116707196845
CUST004283,448.38,24,2025-12-16,18.6825,67,False,2047.959318928689
CUST004284,9732.01,61,2026-02-18,159.54114754098362,3,False,17488.761132564392
CUST004285,13590.39,46,2025-01-04,295.4432608695652,413,True,32386.23199852834
CUST004286,3096.4700000000003,24,2025-12-27,129.01958333333334,56,False,14143.013944161465
CUST004287,2549.5899999999997,30,2025-12-22,84.98633333333332,61,False,9316.127570270564
CUST004288,5811.88,31,2025-02-22,187.48,364,True,20551.393716726914
CUST004289,1007.33,19,2026-02-02,53.01736842105263,19,False,5811.717581853088
CUST004290,7969.51,48,2026-01-07,166.03145833333335,45,False,18200.223328198597
CUST004291,2666.04,40,2026-01-22,66.651,30,False,7306.224357870522
CUST004292,12139.14,78,2026-02-16,155.63,5,False,17060.024558001973
CUST004294,10679.130000000001,18,2026-02-03,593.2850000000001,18,False,65035.38308741374
CUST004295,7497.75,13,2026-02-06,576.75,15,False,63222.830841275056
CUST004296,2036.72,38,2026-02-02,53.59789473684211,19,False,5875.354369130187
CUST004297,1678.0,39,2026-02-03,43.02564102564103,18,False,4716.43315891032
CUST004298,26455.42,126,2026-01-30,209.96365079365077,22,False,23016.031862927663
CUST004299,1830.98,9,2024-09-06,203.44222222222223,533,True,22301.15856355205
CUST004300,2880.9399999999996,21,2026-02-11,137.18761904761902,10,False,15038.386879176247
CUST004301,3797.44,92,2026-02-04,41.27652173913044,17,False,4524.696231693552
CUST004302,4380.16,30,2026-02-16,146.00533333333334,5,False,16004.977011282726
CUST004303,16513.059999999998,70,2026-02-15,235.90085714285712,6,False,25859.245750246468
CUST004304,0.0,3,2024-04-19,0.0,673,True,0.0
CUST004305,606.04,9,2026-02-18,67.33777777777777,3,False,7381.508337532405
CUST004306,2243.35,8,2025-08-13,280.41875,192,True,30739.258250492934
CUST004308,2007.73,21,2024-10-18,95.60619047619048,491,True,10480.267027056632
CUST004309,8011.99,76,2025-09-30,105.42092105263157,144,True,11556.149213423387
CUST004310,27784.72,96,2025-10-16,289.4241666666667,128,True,31726.424153521744
CUST004311,6533.92,57,2026-02-14,114.6301754385965,7,False,12565.659629059504
CUST004312,1478.62,34,2024-08-15,43.48882352941176,555,True,4767.206820088534
CUST004313,3960.82,15,2025-12-20,264.05466666666666,63,False,28945.44173994961
CUST004314,2315.65,8,2026-02-19,289.45625,2,False,31729.941100476506
CUST004315,2782.64,51,2026-02-04,54.56156862745098,17,False,5980.991458635376
CUST004316,4963.42,41,2026-01-04,121.0590243902439,48,False,13270.384431442013
CUST004317,2872.53,4,2024-04-08,718.1325,684,True,78721.05690354914
CUST004318,6305.04,35,2025-08-10,180.144,195,True,19747.22780939862
CUST004319,11651.06,36,2026-01-21,323.6405555555555,31,False,35477.19479369774
CUST004320,19784.45,74,2025-05-15,267.35743243243246,282,True,29307.488036121897
CUST004321,18440.48,76,2026-02-12,242.6378947368421,9,False,26597.75392220281
CUST004322,4293.85,8,2024-01-11,536.73125,772,True,58836.01044815971
CUST004323,5831.27,15,2024-01-10,388.7513333333334,773,True,42614.58133793406
CUST004325,4007.51,22,2025-06-04,182.15954545454545,262,True,19968.1701402623
CUST004326,5660.26,40,2026-02-01,141.50650000000002,20,False,15511.81883388104
CUST004327,801.42,7,2025-07-06,114.48857142857142,230,True,12550.13712126191
CUST004328,12999.77,71,2026-01-15,183.09535211267607,37,False,20070.752448103012
CUST004329,0.0,7,2024-02-06,0.0,746,True,0.0
CUST004330,5074.2699999999995,27,2026-02-19,187.93592592592591,2,False,20601.371918185025
CUST004331,1766.62,17,2025-07-07,103.91882352941175,229,True,11391.4905959676
CUST004333,628.29,22,2026-01-15,28.558636363636364,37,False,3130.572754010695
CUST004334,0.0,3,2026-01-04,0.0,48,False,0.0
CUST004335,5223.44,43,2026-02-10,121.4753488372093,11,False,13316.021553393606
CUST004336,2260.0099999999998,14,2026-01-17,161.4292857142857,35,False,17695.73718862964
CUST004337,0.0,10,2023-10-11,0.0,864,True,0.0
CUST004338,5996.8,22,2026-02-21,272.58181818181816,0,False,29880.180635138768
CUST004339,2128.13,40,2026-02-21,53.203250000000004,0,False,5832.0937580512655
CUST004340,1322.47,10,2025-11-24,132.247,89,False,14496.800537955967
CUST004341,1424.0,13,2026-02-01,109.53846153846153,20,False,12007.510402184078
CUST004342,212.21,15,2026-02-08,14.147333333333334,13,False,1550.818313287326
CUST004343,20302.43,50,2026-02-06,406.0486,15,False,44510.69258974696
CUST004344,12996.53,87,2026-02-17,149.38540229885058,4,False,16375.497216638147
CUST004345,4684.02,20,2025-08-02,234.20100000000002,203,True,25672.908896155113
CUST004346,2988.7099999999996,29,2025-01-26,103.05896551724136,391,True,11297.2337123075
CUST004347,0.0,3,2025-11-22,0.0,91,True,0.0
CUST004348,542.97,9,2025-12-07,60.330000000000005,76,False,6613.321863292804
CUST004349,7630.68,20,2026-01-06,381.534,46,False,41823.42356687479
CUST004350,0.0,4,2026-02-09,0.0,12,False,0.0
CUST004351,726.73,7,2026-01-05,103.81857142857143,47,False,11380.501048307591
CUST004352,9261.25,28,2026-01-26,330.75892857142856,26,False,36257.50462126191
CUST004353,481.29,21,2026-02-12,22.91857142857143,9,False,2512.3137660203747
CUST004354,4509.71,34,2026-02-14,132.6385294117647,7,False,14539.719649823122
CUST004355,21360.04,54,2026-01-23,395.5562962962963,29,False,43360.53542946167
CUST004356,1373.08,43,2026-01-22,31.932093023255813,30,False,3500.368124173666
CUST004357,5077.38,35,2026-01-30,145.068,22,False,15902.227350640816
CUST004358,3588.8,21,2025-11-09,170.8952380952381,104,True,18733.386614086976
CUST004359,2855.57,18,2026-01-23,158.64277777777778,29,False,17390.282624420346
CUST004360,15486.24,76,2025-09-01,203.76631578947368,173,True,22336.68541709186
CUST004361,0.0,8,2025-01-03,0.0,414,True,0.0
CUST004362,2597.4,17,2025-12-15,152.78823529411764,68,False,16748.51279503586
CUST004363,3076.64,14,2025-01-26,219.76,391,True,24089.89909957279
CUST004364,1886.29,16,2026-02-07,117.893125,14,False,12923.341307714425
CUST004365,4650.87,20,2026-02-05,232.5435,16,False,25491.21519503779
CUST004366,7175.72,38,2026-02-10,188.83473684210526,11,False,20699.8987851324
CUST004367,4262.45,43,2026-02-11,99.12674418604651,10,False,10866.187047283509
CUST004368,3651.0699999999997,9,2025-06-14,405.6744444444444,252,True,44469.67798481031
CUST004369,5783.42,24,2025-12-30,240.97583333333333,53,False,26415.560204020156
CUST004370,11540.18,91,2026-02-21,126.81516483516484,0,False,13901.367515356807
CUST004371,2086.23,47,2026-02-05,44.38787234042553,16,False,4865.759764859706
CUST004372,30247.49,143,2026-02-14,211.5209090909091,7,False,23186.73715621546
CUST004373,3590.19,53,2025-04-22,67.73943396226416,305,True,7425.537537373124
CUST004374,3587.37,65,2026-02-08,55.19030769230769,13,False,6049.91328532066
CUST004375,1112.59,15,2026-01-12,74.17266666666666,40,False,8130.742882900645
CUST004376,7331.09,54,2026-01-31,135.76092592592593,21,False,14881.994026302016
CUST004377,701.22,6,2023-10-01,116.87,874,True,12811.187239566218
CUST004378,2624.34,21,2026-02-10,124.96857142857144,11,False,13698.945560302334
CUST004379,2643.9,25,2025-03-12,105.756,346,True,11592.880274728886
CUST004380,7460.61,53,2026-02-10,140.76622641509434,11,False,15430.67069060448
CUST004381,10853.18,52,2026-02-03,208.715,18,False,22879.15585441998
CUST004382,1571.38,20,2026-01-18,78.569,34,False,8612.665099901413
CUST004383,11839.58,37,2025-10-09,319.9886486486486,135,True,35076.87595083088
CUST004384,6118.74,23,2025-10-04,266.0321739130435,140,True,29162.214355684468
CUST004385,0.0,3,2024-03-31,0.0,692,True,0.0
CUST004386,985.6,15,2026-01-15,65.70666666666666,37,False,7202.707363347574
CUST004387,372.82,19,2026-02-08,19.622105263157895,13,False,2150.9580265319887
CUST004388,5968.5199999999995,49,2026-02-21,121.80653061224488,0,False,13352.325410074644
CUST004389,616.78,10,2026-01-27,61.678,25,False,6761.088444955635
CUST004390,13037.11,142,2026-02-17,91.81063380281691,4,False,10064.201422359329
CUST004391,0.0,9,2026-02-10,0.0,11,False,0.0
CUST004392,0.0,8,2025-08-27,0.0,178,True,0.0
CUST004393,8733.67,35,2026-02-09,249.53342857142857,12,False,27353.63631350641
CUST004394,7915.34,43,2026-02-21,184.07767441860466,0,False,20178.433760594275
CUST004395,283.63,2,2023-04-28,141.815,1030,True,15545.63633420966
CUST004396,1020.08,38,2026-02-14,26.84421052631579,7,False,2942.638892367297
CUST004397,9092.550000000001,34,2026-02-02,267.4279411764706,19,False,29315.217143009027
CUST004398,0.0,7,2024-09-16,0.0,523,True,0.0
CUST004399,8943.59,116,2026-02-13,77.09991379310345,8,False,8451.625154084559
CUST004400,3674.83,65,2026-02-04,56.53584615384615,17,False,6197.410035289061
CUST004401,10806.74,63,2026-02-20,171.53555555555556,1,False,18803.577654361558
CUST004402,0.0,4,2023-09-14,0.0,891,True,0.0
CUST004403,10781.27,19,2026-01-10,567.4352631578947,42,False,62201.757531002986
CUST004404,0.0,5,2024-09-29,0.0,510,True,0.0
CUST004405,4735.45,14,2026-02-18,338.24642857142857,3,False,37078.277826158395
CUST004406,1499.3899999999999,34,2026-02-20,44.099705882352936,1,False,4834.171209622857
CUST004407,1532.3899999999999,12,2026-02-16,127.69916666666666,5,False,13998.271023387008
CUST004408,7103.3,44,2026-02-17,161.43863636363636,4,False,17696.762198637705
CUST004409,0.0,4,2024-08-30,0.0,540,True,0.0
CUST004410,15420.199999999999,91,2026-01-28,169.45274725274723,24,False,18575.26202886827
CUST004411,1213.62,14,2026-02-21,86.68714285714285,0,False,9502.56882352941
CUST004412,6849.549999999999,47,2026-02-14,145.7351063829787,7,False,15975.354969200323
CUST004413,11365.390000000001,42,2026-02-04,270.6045238095238,17,False,29663.43135447475
CUST004414,471.73999999999995,4,2024-04-25,117.93499999999999,667,True,12927.931608609924
CUST004415,1911.19,51,2026-02-19,37.4743137254902,2,False,4107.901512890401
CUST004417,24144.52,97,2026-02-14,248.91257731958763,7,False,27285.57914198888
CUST004418,1420.59,22,2026-02-07,64.57227272727272,14,False,7078.356091327338
CUST004419,4181.3099999999995,17,2025-12-06,245.95941176470586,77,False,26961.8557153351
CUST004420,1342.24,25,2025-12-30,53.6896,53,False,5885.407019914558
CUST004421,6709.7300000000005,53,2026-02-21,126.59867924528302,0,False,13877.636554232107
CUST004422,0.0,12,2026-01-17,0.0,35,False,0.0
CUST004425,141.04,9,2025-12-01,15.67111111111111,82,False,1717.853501296235
CUST004426,17967.32,126,2026-02-05,142.59777777777776,16,False,15631.443749954355
CUST004427,3759.79,22,2026-01-09,170.89954545454546,43,False,18733.858783049025
CUST004428,4861.88,37,2025-06-24,131.40216216216217,242,True,14404.190152676503
CUST004430,210.58,11,2025-04-24,19.143636363636364,303,True,2098.5086840139816
CUST004431,863.16,21,2026-02-21,41.10285714285714,0,False,4505.659270456786
CUST004432,3170.24,49,2026-02-19,64.69877551020407,2,False,7092.223215811463
CUST004433,780.3,24,2026-02-05,32.512499999999996,16,False,3563.991829608938
CUST004434,6115.39,82,2026-02-11,74.57792682926829,10,False,8175.167147671986
CUST004435,2209.09,43,2026-02-18,51.37418604651163,3,False,5631.593366323014
CUST004436,21368.29,72,2026-01-29,296.7818055555556,23,False,32532.96209693468
CUST004437,212.61,19,2026-01-28,11.190000000000001,24,False,1226.638018402892
CUST004439,3638.8199999999997,18,2025-09-16,202.15666666666664,158,True,22160.23708730419
CUST004440,0.0,33,2025-12-22,0.0,61,False,0.0
CUST004441,5472.01,51,2026-01-30,107.2943137254902,22,False,11761.508880619616
CUST004442,112.51,5,2025-04-14,22.502000000000002,313,True,2466.6495701610256
CUST004443,5512.469999999999,34,2026-02-05,162.1314705882353,16,False,17772.710080705958
CUST004444,555.5600000000001,13,2024-04-20,42.73538461538462,672,True,4684.615504941986
CUST004445,2119.3,15,2025-12-27,141.2866666666667,56,False,15487.720896045572
CUST004446,21524.78,90,2026-02-12,239.1642222222222,9,False,26216.972977617115
CUST004447,7003.43,37,2026-02-14,189.2818918918919,7,False,20748.915530815073
CUST004448,10108.2,56,2026-02-03,180.50357142857143,18,False,19786.6437150838
CUST004449,397.46,3,2024-06-26,132.48666666666665,605,True,14523.072588454374
CUST004450,8007.5199999999995,60,2026-02-08,133.45866666666666,13,False,14629.622378792856
CUST004451,26265.38,116,2026-02-05,226.42568965517242,16,False,24820.586172844403
CUST004453,0.0,4,2024-04-15,0.0,677,True,0.0
CUST004454,3322.7799999999997,21,2026-02-05,158.22761904761904,16,False,17344.7732873261
CUST004455,1150.17,4,2024-01-15,287.5425,768,True,31520.157498356886
CUST004456,8704.1,34,2026-01-14,256.0029411764706,38,False,28062.818630028414
CUST004457,9523.34,29,2026-02-19,328.39103448275864,2,False,35997.938141126615
CUST004458,1680.6,10,2025-10-07,168.06,137,True,18422.59029247453
CUST004459,1950.05,26,2026-02-06,75.00192307692308,15,False,8221.64524570894
CUST004460,0.0,7,2026-02-06,0.0,15,False,0.0
CUST004461,18899.2,137,2026-02-20,137.95036496350366,1,False,15121.998419730819
CUST004462,4736.9,16,2025-11-10,296.05625,103,True,32453.427331169896
CUST004463,1451.45,32,2025-11-23,45.3578125,90,False,4972.083757291324
CUST004464,20182.11,24,2026-02-10,840.92125,11,False,92181.05234431481
CUST004465,7648.27,54,2026-02-17,141.63462962962964,4,False,15525.864291878142
CUST004466,127.97,4,2025-12-13,31.9925,70,False,3506.9898841603676
CUST004467,6220.67,37,2026-02-10,168.12621621621622,11,False,18429.848856214085
CUST004468,760.3,9,2024-06-17,84.47777777777777,614,True,9260.380154817978
CUST004469,3159.23,22,2026-01-26,143.60136363636363,26,False,15741.455954500641
CUST004470,12659.93,116,2026-02-15,109.1373275862069,6,False,11963.538448984102
CUST004471,9445.05,11,2025-11-15,858.6409090909091,98,True,94123.46588444417
CUST004472,4313.92,90,2026-02-16,47.93244444444444,5,False,5254.312660459342
CUST004473,4505.639999999999,56,2026-01-10,80.45785714285714,42,False,8819.719968780808
CUST004474,13480.31,73,2026-01-22,184.6617808219178,30,False,20242.462993936228
CUST004475,6547.98,13,2026-01-28,503.6907692307692,24,False,55214.14182815541
CUST004476,2981.41,12,2026-01-08,248.45083333333332,44,False,27234.963169843355
CUST004477,16935.23,64,2026-02-04,264.61296875,17,False,29006.642326291894
CUST004478,2621.4,57,2026-02-06,45.98947368421053,15,False,5041.32590414584
CUST004479,0.0,6,2024-11-17,0.0,461,True,0.0
CUST004480,3518.84,25,2026-02-12,140.7536,9,False,15429.28659401906
CUST004481,12287.31,43,2026-01-11,285.7513953488372,41,False,31323.818172167918
CUST004482,10040.35,74,2026-02-20,135.68040540540542,1,False,14873.167437228554
CUST004483,950.36,22,2026-02-16,43.198181818181816,5,False,4735.346929764288
CUST004484,0.0,4,2025-05-02,0.0,295,True,0.0
CUST004485,4508.88,34,2026-02-18,132.61411764705883,3,False,14537.0436535153
CUST004486,3141.6400000000003,8,2026-01-06,392.70500000000004,46,False,43047.9788218863
CUST004487,1223.22,12,2025-11-07,101.935,106,True,11174.025594807756
CUST004488,0.0,1,2024-02-01,0.0,751,True,0.0
CUST004489,3309.94,51,2026-02-15,64.9007843137255,6,False,7114.367244270038
CUST004490,2748.7299999999996,21,2024-06-03,130.89190476190475,628,True,14348.256182495345
CUST004491,1410.83,35,2026-02-05,40.30942857142857,16,False,4418.684324022346
CUST004492,8551.35,75,2026-02-19,114.018,2,False,12498.55349260598
CUST004494,9385.49,81,2025-04-20,115.87024691358025,307,True,12701.595180154412
CUST004495,1609.5,17,2025-11-30,94.67647058823529,83,False,10378.351945641876
CUST004496,3329.79,29,2026-01-29,114.82034482758621,23,False,12586.505831246388
CUST004497,0.0,5,2025-07-10,0.0,226,True,0.0
CUST004498,2241.94,17,2024-09-14,131.87882352941176,525,True,14456.44135508689
CUST004499,14916.3,36,2025-12-31,414.34166666666664,52,False,45419.77130846752
CUST004500,6812.1900000000005,52,2026-02-20,131.00365384615387,1,False,14360.50601942668
CUST004501,0.0,3,2024-01-03,0.0,780,True,0.0
CUST004502,1793.22,23,2024-06-19,77.96608695652174,612,True,8546.574299104144
CUST004503,7632.85,55,2026-01-27,138.7790909090909,25,False,15212.842633465778
CUST004504,3755.09,39,2024-03-08,96.28435897435898,715,True,10554.60726501344
CUST004505,1272.84,6,2024-03-03,212.14,720,True,23254.601360499502
CUST004506,4528.85,19,2025-12-04,238.36052631578949,79,False,26128.87253489458
CUST004507,3132.63,36,2026-01-07,87.0175,45,False,9538.78228475189
CUST004508,942.31,12,2026-01-20,78.52583333333332,32,False,8607.93320763501
CUST004509,9508.17,66,2026-02-16,144.06318181818182,5,False,15792.08005989902
CUST004511,1961.79,15,2025-12-24,130.786,59,False,14336.646995070654
CUST004512,3320.24,15,2025-11-12,221.3493333333333,101,True,24264.120430277137
CUST004513,17783.510000000002,51,2026-02-19,348.69627450980397,2,False,38223.78080332232
CUST004514,3710.85,27,2026-02-08,137.4388888888889,13,False,15065.930859531896
CUST004515,2802.19,28,2026-02-15,100.07821428571428,6,False,10970.486367893525
CUST004516,12471.92,122,2026-02-16,102.2288524590164,5,False,11206.23744449772
CUST004517,1831.69,19,2026-02-12,96.40473684210527,9,False,10567.802981648996
CUST004518,4903.25,25,2026-02-05,196.13,16,False,21499.59915543871
CUST004519,2608.43,52,2026-02-09,50.16211538461538,12,False,5498.7272398822015
CUST004520,0.0,2,2024-10-01,0.0,508,True,0.0
CUST004521,0.0,12,2024-02-05,0.0,747,True,0.0
CUST004522,2186.16,11,2026-01-07,198.74181818181816,45,False,21785.904381441756
CUST004523,10955.98,43,2026-01-14,254.79023255813954,38,False,27929.882571360882
CUST004524,3310.0,17,2026-02-14,194.7058823529412,7,False,21343.48862384257
CUST004525,7646.360000000001,68,2026-02-08,112.4464705882353,13,False,12326.283812220912
CUST004526,21942.62,76,2026-02-12,288.7186842105263,9,False,31649.089783368214
CUST004527,11448.400000000001,61,2026-01-24,187.6786885245902,28,False,20573.17377911143
CUST004528,1642.8200000000002,26,2026-02-03,63.18538461538462,18,False,6926.326628832882
CUST004529,851.29,18,2026-02-16,47.29388888888889,5,False,5184.314758644612
CUST004530,3092.1800000000003,25,2026-02-01,123.68720000000002,20,False,13558.482744396979
CUST004531,15110.640000000001,103,2026-02-20,146.7052427184466,1,False,16081.700466261898
CUST004532,3392.94,26,2025-12-03,130.49769230769232,80,False,14305.04295786041
CUST004533,0.0,2,2024-10-30,0.0,479,True,0.0
CUST004534,11169.45,73,2026-02-21,153.00616438356167,0,False,16772.401991320752
CUST004536,0.0,1,2023-04-19,0.0,1039,True,0.0
CUST004537,0.0,13,2026-01-06,0.0,46,False,0.0
CUST004538,6681.25,16,2025-10-19,417.578125,125,True,45774.54904185836
CUST004539,11837.880000000001,27,2026-02-15,438.44000000000005,6,False,48061.40954321394
CUST004540,5200.26,40,2026-01-28,130.00650000000002,24,False,14251.198886460732
CUST004541,17223.33,63,2026-01-24,273.3861904761905,28,False,29968.355222915987
CUST004542,3869.0499999999997,39,2026-02-20,99.20641025641025,1,False,10874.919972277694
CUST004543,616.92,30,2026-01-28,20.564,24,False,2254.2077042392375
CUST004544,0.0,1,2024-05-09,0.0,653,True,0.0
CUST004545,2563.3,30,2026-02-13,85.44333333333334,8,False,9366.22351078979
CUST004546,11366.94,73,2026-02-10,155.71150684931507,11,False,17068.95926757571
CUST004547,789.79,24,2025-10-09,32.907916666666665,135,True,3607.337058960455
CUST004548,3403.6,22,2026-01-23,154.70909090909092,29,False,16959.075308457563
CUST004549,5607.889999999999,11,2026-01-12,509.80818181818177,40,False,55884.72724852866
CUST004550,0.0,9,2025-03-25,0.0,333,True,0.0
CUST004551,11714.41,57,2026-02-20,205.5159649122807,1,False,22528.48042450029
CUST004552,7160.34,50,2026-01-27,143.20680000000002,25,False,15698.20423358528
CUST004553,3202.71,19,2024-02-16,168.5636842105263,736,True,18477.803715343238
CUST004554,0.0,9,2024-03-15,0.0,708,True,0.0
CUST004555,9474.89,74,2026-02-12,128.03905405405405,9,False,14035.529181684149
CUST004556,4329.139999999999,11,2024-12-23,393.55818181818177,425,True,43141.50386699727
CUST004557,11114.31,86,2026-02-09,129.23616279069768,12,False,14166.755194957546
CUST004559,2038.42,20,2026-02-12,101.921,9,False,11172.49092704568
CUST004561,394.97,22,2026-02-20,17.953181818181818,1,False,1968.012097362053
CUST004562,5714.63,31,2025-12-12,184.34290322580645,71,False,20207.507910593322
CUST004563,618.7,23,2026-02-04,26.900000000000002,17,False,2948.754485704897
CUST004564,0.0,10,2024-09-22,0.0,517,True,0.0
CUST004565,25800.71,172,2026-02-19,150.00412790697675,2,False,16443.321376949767
CUST004566,11915.72,85,2026-02-12,140.18494117647057,9,False,15366.95071086969
CUST004567,1136.4099999999999,28,2024-09-11,40.58607142857142,528,True,4449.009672198487
CUST004568,11647.77,33,2025-12-14,352.9627272727273,69,False,38691.465625728204
CUST004569,6905.299999999999,70,2026-02-09,98.64714285714285,12,False,10813.613568846533
CUST004570,4500.67,29,2025-03-27,155.19551724137932,331,True,17012.396937799585
CUST004571,7442.55,29,2026-02-08,256.6396551724138,13,False,28132.614661688218
CUST004572,3184.38,13,2025-04-06,244.9523076923077,321,True,26851.45784726611
CUST004573,2781.61,20,2025-04-20,139.0805,307,True,15245.882834538284
CUST004574,0.0,3,2025-02-08,0.0,378,True,0.0
CUST004575,8286.8,32,2026-02-21,258.9625,0,False,28387.242881202757
CUST004577,11166.39,91,2026-02-10,122.70758241758242,11,False,13451.097921332694
CUST004578,4992.75,31,2026-02-21,161.05645161290323,0,False,17654.86744034431
CUST004579,879.09,12,2026-01-19,73.25750000000001,33,False,8030.423112882025
CUST004580,534.15,3,2023-08-20,178.04999999999998,916,True,19517.68535984226
CUST004581,5674.4,14,2026-02-17,405.3142857142857,4,False,44430.197699638506
CUST004582,4133.53,30,2026-02-11,137.78433333333334,10,False,15103.798177566
CUST004583,7050.6,18,2026-02-17,391.70000000000005,4,False,42937.81160039435
CUST004584,7695.64,58,2025-04-29,132.68344827586208,298,True,14544.64361644022
CUST004585,941.02,16,2025-09-12,58.81375,162,True,6447.111863703581
CUST004586,0.0,20,2026-02-21,0.0,0,False,0.0
CUST004587,212.48,5,2024-08-27,42.495999999999995,543,True,4658.37437265856
CUST004588,5859.55,62,2026-02-05,94.50887096774194,16,False,10359.979821748486
CUST004589,8342.6,33,2026-01-31,252.8060606060606,21,False,27712.37937641283
CUST004590,10733.4,46,2026-02-10,233.33478260869563,11,False,25577.954902913312
CUST004591,8086.150000000001,29,2025-03-27,278.8327586206897,331,True,30565.40326186726
CUST004592,5626.17,53,2026-02-15,106.15415094339623,6,False,11636.525233105363
CUST004593,3600.24,16,2023-11-29,225.015,815,True,24665.947605980935
CUST004594,519.73,13,2024-09-22,39.97923076923077,517,True,4382.48832958366
CUST004595,3860.55,28,2025-12-30,137.87678571428572,53,False,15113.932726749917
CUST004596,0.0,2,2024-05-01,0.0,661,True,0.0
CUST004597,7028.41,10,2025-11-22,702.841,91,True,77044.81604042063
CUST004598,211.97,3,2024-01-31,70.65666666666667,752,True,7745.322036367619
CUST004599,12370.29,57,2026-01-31,217.0226315789474,21,False,23789.83116609302
CUST004600,1971.36,27,2026-01-24,73.01333333333334,28,False,8003.657776317232
CUST004601,3776.8599999999997,26,2026-01-06,145.26384615384615,46,False,15923.695834828988
CUST004602,2858.49,18,2025-11-17,158.80499999999998,96,True,17408.065282615837
CUST004603,1454.44,17,2026-01-29,85.55529411764707,23,False,9378.496554097157
CUST004604,2484.7400000000002,39,2026-02-12,63.711282051282055,9,False,6983.9750460493615
CUST004605,0.0,5,2025-07-11,0.0,225,True,0.0
CUST004606,12903.71,55,2025-08-10,234.61290909090908,195,True,25718.062010635436
CUST004607,890.81,19,2025-11-23,46.88473684210526,90,False,5139.463868931282
CUST004608,3563.39,32,2025-12-07,111.3559375,76,False,12206.740528364278
CUST004609,7233.48,19,2026-02-20,380.7094736842105,1,False,41733.03971288721
CUST004610,1333.77,44,2026-02-15,30.312954545454545,6,False,3322.879579586532
CUST004611,688.75,16,2024-08-10,43.046875,560,True,4718.76080861814
CUST004612,2528.72,7,2023-11-25,361.24571428571426,819,True,39599.43942162339
CUST004613,2130.29,16,2025-03-28,133.143125,330,True,14595.032977119617
CUST004614,3962.01,41,2026-02-18,96.63439024390244,3,False,10592.977386805384
CUST004615,2690.14,12,2025-11-26,224.1783333333333,87,False,24574.23293734253
CUST004616,2311.4,14,2025-07-08,165.1,228,True,18098.11767992113
CUST004617,7971.5199999999995,57,2026-02-06,139.85122807017544,15,False,15330.369371868712
CUST004618,17011.04,66,2026-01-30,257.7430303030303,22,False,28253.56567900497
CUST004619,3692.5,19,2024-09-19,194.3421052631579,520,True,21303.611697251672
CUST004620,518.74,13,2026-02-06,39.903076923076924,15,False,4374.140411537198
CUST004622,493.05,9,2024-12-19,54.78333333333333,429,True,6005.301111841384
CUST004623,138.38,3,2025-10-26,46.126666666666665,118,True,5056.36487895717
CUST004624,6277.04,38,2025-05-03,165.18526315789472,294,True,18107.46415275784
CUST004626,4500.639999999999,43,2026-02-19,104.6660465116279,2,False,11473.400526102605
CUST004627,976.97,13,2025-12-28,75.15153846153846,55,False,8238.045953386081
CUST004628,252.42,4,2025-05-06,63.105,291,True,6917.514937561616
CUST004629,10289.64,52,2026-01-09,197.87769230769229,43,False,21691.17965848479
CUST004630,343.56,29,2026-02-10,11.846896551724138,11,False,1298.6464441850715
CUST004631,935.31,5,2025-08-14,187.06199999999998,191,True,20505.57292211633
CUST004632,1283.6100000000001,18,2026-02-13,71.31166666666667,8,False,7817.122563807646
CUST004633,12047.07,108,2024-06-13,111.54694444444443,618,True,12227.678542647971
CUST004634,3508.66,18,2026-02-18,194.92555555555555,3,False,21367.569008288603
CUST004636,0.0,12,2026-01-11,0.0,41,False,0.0
CUST004637,0.0,5,2025-01-12,0.0,405,True,0.0
CUST004638,7415.09,33,2026-02-01,224.699696969697,20,False,24631.38436341728
CUST004639,2704.5099999999998,22,2026-01-16,122.93227272727272,36,False,13475.72827667075
CUST004640,1694.33,18,2026-02-05,94.12944444444445,16,False,10318.387417935517
CUST004641,441.66,21,2026-02-13,21.031428571428574,8,False,2305.446815642458
CUST004642,288.15,7,2023-12-12,41.16428571428571,802,True,4512.393016759776
CUST004643,0.0,32,2026-02-07,0.0,14,False,0.0
CUST004644,66.9,12,2026-02-03,5.575,18,False,611.1266266841932
CUST004645,444.85,19,2023-12-25,23.413157894736845,789,True,2566.5299021049177
CUST004646,1211.92,6,2025-06-09,201.98666666666668,257,True,22141.601835907546
CUST004647,0.0,4,2026-01-13,0.0,39,False,0.0
CUST004648,6877.3099999999995,45,2026-01-22,152.8291111111111,30,False,16752.993566363602
CUST004649,4348.91,63,2026-02-19,69.03031746031746,2,False,7567.043058020229
CUST004650,4700.639999999999,30,2026-02-17,156.688,4,False,17176.001593164638
CUST004651,772.3600000000001,6,2025-06-23,128.7266666666667,243,True,14110.90467521087
CUST004652,7959.709999999999,17,2026-02-09,468.2182352941176,12,False,51325.67366588699
CUST004654,4718.95,8,2026-02-03,589.86875,18,False,64660.8967486855
CUST004655,3452.33,23,2026-01-20,150.10130434782607,32,False,16453.97377345011
CUST004656,11186.05,49,2026-02-03,228.28673469387755,18,False,25024.592303178255
CUST004657,11484.5,87,2026-02-20,132.00574712643677,1,False,14470.354608844114
CUST004658,2818.64,24,2026-02-21,117.44333333333333,0,False,12874.035538394128
CUST004659,5717.24,17,2024-08-13,336.30823529411765,557,True,36865.814773346734
CUST004660,183.66,8,2026-02-10,22.9575,11,False,2516.581081991456
CUST004661,8316.81,43,2026-02-13,193.41418604651162,8,False,21201.894003851765
CUST004662,927.13,11,2026-01-24,84.28454545454545,28,False,9239.198196456846
CUST004663,5615.92,37,2026-02-01,151.7816216216216,20,False,16638.168684175467
CUST004664,6734.96,22,2025-07-12,306.13454545454545,224,True,33558.20126908254
CUST004665,6145.24,79,2026-01-16,77.78784810126582,36,False,8527.035911596235
CUST004666,2099.44,6,2024-11-02,349.9066666666667,476,True,38356.46293350861
CUST004667,6835.5,37,2025-12-04,184.74324324324326,79,False,20251.39283335258
CUST004668,1384.75,28,2026-01-26,49.455357142857146,26,False,5421.25301922445
CUST004669,804.91,28,2025-06-20,28.746785714285714,246,True,3151.197521360499
CUST004670,65.13,26,2026-02-17,2.505,4,False,274.59591028590205
CUST004671,902.07,14,2026-01-20,64.43357142857143,32,False,7063.151776207689
CUST004672,2237.54,29,2026-02-20,77.15655172413793,1,False,8457.833754575226
CUST004673,1911.53,19,2026-02-03,100.60684210526315,18,False,11028.434087379144
CUST004674,7329.65,27,2026-01-31,271.4685185185185,21,False,29758.14169922469
CUST004675,0.0,1,2023-08-23,0.0,913,True,0.0
CUST004676,13171.98,82,2026-02-19,160.63390243902438,2,False,17608.547969269734
CUST004677,6697.76,78,2026-02-07,85.86871794871796,14,False,9412.853800483666
CUST004679,10519.25,74,2026-01-30,142.15202702702703,22,False,15582.580942304447
CUST004680,2887.65,14,2025-12-28,206.2607142857143,55,False,22610.119199802826
CUST004681,8312.960000000001,22,2024-10-05,377.86181818181825,504,True,41420.882205957045
CUST004682,10606.39,37,2026-01-30,286.6591891891892,22,False,31423.329739410787
CUST004683,5162.16,9,2025-09-08,573.5733333333333,166,True,62874.60741811808
CUST004684,6465.63,37,2026-02-20,174.74675675675675,1,False,19155.586723006276
CUST004685,3940.99,18,2025-09-17,218.94388888888886,157,True,24000.437712966002
CUST004686,0.0,9,2025-12-19,0.0,64,False,0.0
CUST004687,22042.41,77,2026-02-16,286.2650649350649,5,False,31380.12618319242
CUST004688,1487.62,12,2025-10-24,123.96833333333332,120,True,13589.300334647825
CUST004689,2159.75,5,2023-09-28,431.95,877,True,47349.98141636543
CUST004690,2644.82,34,2026-02-01,77.78882352941177,20,False,8527.142837176936
CUST004691,1355.05,22,2024-12-31,61.59318181818182,417,True,6751.790750007468
CUST004692,3524.45,31,2026-02-15,113.69193548387096,6,False,12462.810585373092
CUST004693,9939.46,91,2026-02-08,109.22483516483516,13,False,11973.130953259686
CUST004694,1936.45,18,2024-12-16,107.58055555555556,432,True,11792.886459816702
CUST004695,0.0,1,2023-07-20,0.0,947,True,0.0
CUST004698,12666.42,50,2026-02-14,253.3284,7,False,27769.637764180086
CUST004699,1061.14,3,2025-02-21,353.71333333333337,365,True,38773.746405959035
CUST004700,24176.079999999998,247,2026-02-19,97.87886639676113,2,False,10729.395774838647
CUST004701,3428.2200000000003,42,2026-02-05,81.62428571428572,16,False,8947.58284916201
CUST004702,2672.11,33,2025-12-31,80.97303030303031,52,False,8876.192800266883
CUST004703,3360.1400000000003,21,2023-12-16,160.0066666666667,798,True,17539.790932194108
CUST004704,18890.29,126,2025-06-25,149.92293650793653,241,True,16434.42124675941
CUST004705,708.74,28,2024-12-18,25.312142857142856,430,True,2774.694973710154
CUST004706,96.64,14,2023-12-17,6.902857142857143,797,True,756.6851659546501
CUST004707,5218.91,36,2026-02-01,144.96972222222223,20,False,15891.454226549095
CUST004709,1284.9499999999998,28,2025-11-19,45.89107142857142,94,True,5030.539134899769
CUST004710,2331.48,9,2026-02-02,259.05333333333334,19,False,28397.19995180195
CUST004711,3565.71,21,2025-01-31,169.7957142857143,386,True,18612.85777522182
CUST004712,1694.57,10,2026-02-20,169.457,1,False,18575.72821130463
CUST004713,2209.46,7,2024-09-23,315.63714285714286,516,True,34599.86768977982
CUST004714,553.95,2,2025-11-01,276.975,112,True,30361.757385803485
CUST004716,1411.15,14,2025-10-08,100.79642857142858,136,True,11049.216390075584
CUST004717,5198.05,31,2026-01-14,167.67903225806452,38,False,18380.8289416217
CUST004718,3462.5299999999997,17,2025-04-04,203.67823529411763,323,True,22327.03011018538
CUST004719,28519.35,221,2025-10-03,129.04683257918552,141,True,14146.000982672196
CUST004720,18043.4,84,2026-02-10,214.80238095238096,11,False,23546.449233212836
CUST004721,2676.28,9,2025-10-30,297.3644444444445,114,True,32596.830462628255
CUST004722,8112.7300000000005,33,2026-02-14,245.84030303030303,7,False,26948.799119987252
CUST004723,0.0,17,2026-02-10,0.0,11,False,0.0
CUST004724,4113.650000000001,14,2025-12-18,293.8321428571429,65,False,32209.62265034506
CUST004725,33.51,2,2024-05-01,16.755,661,True,1836.6684538284585
CUST004726,4050.78,57,2026-02-09,71.06631578947369,12,False,7790.227415120121
CUST004727,3727.7,11,2025-11-03,338.8818181818182,110,True,37147.9286798315
CUST004728,10381.2,76,2026-02-20,136.59473684210528,1,False,14973.395650068322
CUST004729,7222.43,39,2025-11-19,185.19051282051282,94,True,20300.422133437816
CUST004730,7280.54,58,2025-06-26,125.52655172413793,240,True,13760.110872550908
CUST004731,494.0,10,2026-01-27,49.4,25,False,5415.184817614197
CUST004732,13359.59,44,2026-02-04,303.62704545454545,17,False,33283.33131098198
CUST004733,5626.96,56,2026-02-17,100.48142857142857,4,False,11014.686365428852
CUST004734,10659.380000000001,23,2026-01-23,463.4513043478261,29,False,50803.12686250697
CUST004735,214.59,6,2026-01-23,35.765,29,False,3920.5280364771606
CUST004736,15679.06,129,2026-02-19,121.54310077519379,2,False,13323.448461610964
CUST004737,5042.65,52,2026-01-27,96.97403846153846,25,False,10630.209327523446
CUST004738,9499.85,52,2026-02-10,182.68942307692308,11,False,20026.254862041507
CUST004739,222.06,11,2024-06-10,20.187272727272727,621,True,2212.9111899142595
CUST004740,809.55,8,2025-12-25,101.19375,58,False,11092.770417762076
CUST004741,3526.51,15,2026-01-07,235.10066666666668,45,False,25771.52956972286
CUST004742,982.3799999999999,11,2024-03-19,89.30727272727272,704,True,9789.785169539628
CUST004743,0.0,4,2024-03-21,0.0,702,True,0.0
CUST004744,3954.56,7,2024-06-23,564.9371428571428,608,True,61927.91576733486
CUST004745,0.0,7,2025-09-04,0.0,170,True,0.0
CUST004746,0.0,12,2025-10-18,0.0,126,True,0.0
CUST004747,3327.2799999999997,11,2024-10-15,302.47999999999996,494,True,33157.59319093
CUST004748,4980.53,44,2026-01-16,113.19386363636363,36,False,12408.21238483255
CUST004749,0.0,10,2025-05-24,0.0,273,True,0.0
CUST004750,1425.06,15,2025-12-30,95.00399999999999,53,False,10414.255433453827
CUST004751,0.0,5,2025-06-25,0.0,241,True,0.0
CUST004752,1555.9099999999999,24,2026-02-07,64.82958333333333,14,False,7106.562255038887
CUST004753,67.11,5,2023-10-18,13.422,857,True,1471.3079073282945
CUST004754,2326.71,52,2026-01-14,44.74442307692308,38,False,4904.844544920245
CUST004755,1279.99,21,2026-01-10,60.951904761904764,42,False,6681.494519662614
CUST004756,0.0,7,2025-07-12,0.0,224,True,0.0
CUST004757,6435.16,29,2026-01-10,221.90206896551723,42,False,24324.71082711027
CUST004758,1074.86,10,2025-12-17,107.48599999999999,66,False,11782.521362471243
CUST004759,115.47,26,2025-12-14,4.4411538461538465,69,False,486.83540243686645
CUST004760,6083.61,74,2026-02-18,82.21094594594594,3,False,9011.892030934976
CUST004761,12562.07,72,2026-02-18,174.47319444444443,3,False,19125.599061461642
CUST004762,6026.549999999999,41,2025-11-04,146.98902439024388,109,True,16112.808365060151
CUST004763,6159.3099999999995,13,2025-11-03,473.7930769230769,110,True,51936.78293207614
CUST004765,5538.49,81,2026-02-21,68.37641975308642,0,False,7495.363362949981
CUST004766,6424.610000000001,30,2026-02-10,214.15366666666668,11,False,23475.337740278235
CUST004767,11416.85,47,2025-04-12,242.9117021276596,315,True,26627.768449038955
CUST004768,9005.72,82,2026-01-31,109.82585365853657,21,False,12039.014075166513
CUST004769,8346.16,92,2026-02-21,90.71913043478261,0,False,9944.551777279286
CUST004770,288.68,16,2025-04-10,18.0425,317,True,1977.803078376602
CUST004771,10485.91,59,2026-02-17,177.72728813559323,4,False,19482.30996736049
CUST004772,32191.45,117,2026-02-17,275.1405982905983,4,False,30160.671873937943
CUST004773,10916.0,24,2026-01-20,454.8333333333333,32,False,49858.43241318873
CUST004774,3420.2000000000003,14,2026-01-04,244.3,48,False,26779.952448241867
CUST004775,3013.0299999999997,26,2026-02-01,115.88576923076923,20,False,12703.29672299603
CUST004776,4224.1,43,2026-02-17,98.23488372093024,4,False,10768.42208270602
CUST004777,2973.02,8,2026-01-18,371.6275,34,False,40737.481696516596
CUST004778,7875.36,21,2025-11-23,375.01714285714286,90,False,41109.05138350312
CUST004780,1124.5900000000001,5,2025-10-29,224.91800000000003,115,True,24655.314550772266
CUST004781,8371.29,100,2026-02-11,83.7129,10,False,9176.534921426224
CUST004782,2047.3600000000001,22,2024-08-13,93.06181818181818,557,True,10201.355160278434
CUST004783,1199.09,20,2026-01-05,59.954499999999996,47,False,6572.159881531383
CUST004784,3018.9,50,2026-02-21,60.378,0,False,6618.583581334209
CUST004785,3213.02,20,2026-01-12,160.651,40,False,17610.422188958266
CUST004786,15890.189999999999,76,2026-02-20,209.08144736842104,1,False,22919.325494620956
CUST004787,10579.289999999999,62,2026-01-31,170.63370967741935,21,False,18704.718097537443
CUST004788,792.5899999999999,11,2026-02-14,72.05363636363636,7,False,7898.456633406027
CUST004789,12656.31,40,2025-11-16,316.40774999999996,97,True,34684.34097116332
CUST004790,2991.39,30,2025-11-23,99.713,90,False,10930.451897140978
CUST004791,5063.8,28,2026-02-08,180.85,13,False,19824.61891225764
CUST004792,2726.54,22,2026-02-21,123.93363636363637,0,False,13585.496883159562
CUST004793,13064.1,93,2025-02-05,140.4741935483871,381,True,15398.658303032871
CUST004794,9803.63,70,2026-02-20,140.05185714285713,1,False,15352.36215543871
CUST004795,8084.8099999999995,15,2026-02-15,538.9873333333333,6,False,59083.320331032955
CUST004796,504.23,11,2025-12-28,45.83909090909091,55,False,5024.84107579243
CUST004798,13703.619999999999,56,2026-02-09,244.70749999999998,12,False,26824.622242030888
CUST004799,996.74,10,2024-09-29,99.674,510,True,10926.176751232337
CUST004800,10251.39,65,2026-02-19,157.7136923076923,2,False,17288.437087337898
CUST004801,10347.619999999999,61,2026-01-31,169.63311475409836,21,False,18595.03375670041
CUST004802,8137.889999999999,71,2026-02-19,114.6181690140845,2,False,12564.343495299763
CUST004804,1146.74,12,2025-10-09,95.56166666666667,135,True,10475.386365976557
CUST004805,1732.47,22,2025-09-27,78.74863636363636,147,True,8632.356681056373
CUST004806,18037.51,38,2025-01-31,474.6713157894736,386,True,52033.054708909134
CUST004807,1828.25,16,2026-02-17,114.265625,4,False,12525.697928647716
CUST004808,7785.62,48,2026-02-09,162.20041666666665,12,False,17780.267889555264
CUST004809,3771.3599999999997,51,2025-12-01,73.94823529411764,82,False,8106.14091202567
CUST004810,0.0,2,2023-11-20,0.0,824,True,0.0
CUST004811,5797.74,27,2026-02-03,214.7311111111111,18,False,23538.636695512465
CUST004812,2005.98,37,2026-01-24,54.215675675675676,28,False,5943.074975619721
CUST004813,260.22,24,2026-02-08,10.842500000000001,13,False,1188.545372165626
CUST004814,2383.8,19,2025-11-16,125.46315789473685,97,True,13753.161696386876
CUST004815,599.26,6,2025-03-16,99.87666666666667,342,True,10948.392894073831
CUST004816,13143.07,87,2026-02-18,151.06977011494251,3,False,16560.1361442693
CUST004817,2763.49,18,2025-12-16,153.5272222222222,67,False,16829.519896118596
CUST004818,12982.72,97,2026-02-09,133.84247422680411,12,False,14671.695028034595
CUST004819,9528.939999999999,90,2026-02-20,105.87711111111109,1,False,11606.156368861135
CUST004820,604.86,22,2026-02-14,27.493636363636366,7,False,3013.8283849669883
CUST004821,1058.8700000000001,20,2025-11-23,52.94350000000001,90,False,5803.620190108446
CUST004822,830.0,8,2026-01-30,103.75,22,False,11372.984308248439
CUST004823,67.59,7,2025-12-26,9.655714285714286,57,False,1058.4509595793625
CUST004824,66.48,5,2024-07-13,13.296000000000001,588,True,1457.4958974696024
CUST004825,5914.36,50,2024-11-20,118.2872,458,True,12966.539464738746
CUST004826,2759.71,23,2026-02-03,119.98739130434782,18,False,13152.912949320607
CUST004827,224.47,3,2023-06-21,74.82333333333334,976,True,8202.068394128602
CUST004828,0.0,3,2026-02-07,0.0,14,False,0.0
CUST004829,0.0,11,2026-01-11,0.0,41,False,0.0
CUST004830,1832.42,8,2024-03-10,229.0525,713,True,25108.534826651332
CUST004831,2306.35,19,2024-01-18,121.38684210526316,765,True,13306.319522804712
CUST004832,906.6,27,2026-02-17,33.577777777777776,4,False,3680.766648409829
CUST004833,6454.21,40,2026-02-20,161.35525,1,False,17687.62145834703
CUST004834,13578.81,93,2026-02-15,146.00870967741935,6,False,16005.347123170044
CUST004835,913.6099999999999,21,2026-01-30,43.50523809523809,22,False,4769.006170445831
CUST004836,10717.199999999999,27,2025-10-31,396.9333333333333,113,True,43511.485025742135
CUST004837,1248.43,29,2026-02-10,43.04931034482759,11,False,4719.027768989315
CUST004838,53248.0,210,2026-02-13,253.56190476190477,8,False,27795.23435206485
CUST004839,171.87,6,2025-11-17,28.645,96,True,3140.0398603351955
CUST004840,11080.369999999999,28,2025-05-21,395.72749999999996,276,True,43379.30262980611
CUST004841,3839.0699999999997,8,2024-11-16,479.88374999999996,462,True,52604.43719068353
CUST004842,1817.66,50,2026-02-13,36.3532,8,False,3985.006006309563
CUST004843,174.6,13,2025-07-03,13.430769230769231,233,True,1472.2691827397052
CUST004844,2149.2,28,2025-12-10,76.75714285714285,73,False,8414.05090371344
CUST004845,5673.71,16,2024-08-07,354.606875,563,True,38871.69566238087
CUST004846,42963.07,353,2026-02-21,121.70841359773371,0,False,13341.569908711677
CUST004847,5125.75,50,2026-02-09,102.515,12,False,11237.604687808083
CUST004848,1563.71,17,2026-02-17,91.98294117647059,4,False,10083.089606038931
CUST004849,3244.98,17,2026-01-26,190.88117647058823,26,False,20924.22770833736
CUST004850,1938.0699999999997,23,2026-02-17,84.26391304347825,4,False,9236.93648959122
CUST004851,0.0,3,2024-07-25,0.0,576,True,0.0
CUST004852,4315.23,20,2025-12-13,215.76149999999998,70,False,23651.58702481104
CUST004853,7482.280000000001,45,2026-01-22,166.2728888888889,30,False,18226.68873465513
CUST004854,0.0,5,2025-11-21,0.0,92,True,0.0
CUST004855,12211.32,82,2026-02-10,148.91853658536584,11,False,16324.319805230714
CUST004856,8407.83,65,2026-02-11,129.35123076923077,10,False,14179.368846179123
CUST004857,878.5699999999999,16,2025-09-14,54.910624999999996,160,True,6019.254713070982
CUST004858,726.0899999999999,32,2026-01-03,22.690312499999997,49,False,2487.2922218000326
CUST004859,10978.74,95,2026-02-15,115.56568421052631,6,False,12668.20928287528
CUST004860,898.23,18,2025-02-07,49.90166666666667,379,True,5470.1770790886185
CUST004861,2248.3199999999997,23,2025-10-28,97.75304347826086,116,True,10715.603176499162
CUST004862,4079.1400000000003,25,2026-01-03,163.1656,49,False,17886.070442852448
CUST004863,4424.73,35,2025-11-26,126.42085714285713,87,False,13858.143850805125
CUST004864,0.0,5,2023-12-06,0.0,808,True,0.0
CUST004865,0.0,5,2025-08-19,0.0,186,True,0.0
CUST004866,26980.68,113,2026-02-19,238.7670796460177,2,False,26173.438555570738
CUST004867,5495.75,33,2026-02-05,166.53787878787878,16,False,18255.73669574483
CUST004868,1146.49,31,2025-02-16,36.983548387096775,370,True,4054.1042454920334
CUST004869,1365.1,27,2026-02-14,50.55925925925926,7,False,5542.261804262363
CUST004870,4084.94,24,2026-01-14,170.20583333333335,38,False,18657.81466672144
CUST004871,5164.71,33,2026-02-05,156.50636363636363,16,False,17156.090773757955
CUST004872,1019.06,5,2025-09-15,203.81199999999998,159,True,22341.693280315478
CUST004873,18691.64,183,2026-02-21,102.14010928961748,0,False,11196.50949584193
CUST004874,495.5,2,2023-07-12,247.75,955,True,27158.13843246796
CUST004875,0.0,6,2026-01-20,0.0,32,False,0.0
CUST004876,8007.050000000001,14,2026-02-07,571.9321428571429,14,False,62694.70155274401
CUST004878,1691.7199999999998,18,2026-01-21,93.98444444444443,31,False,10302.492644685433
CUST004879,0.0,2,2024-06-26,0.0,605,True,0.0
CUST004880,16849.12,93,2026-02-17,181.17333333333332,4,False,19860.062429619888
CUST004881,5510.0,36,2026-02-02,153.05555555555554,19,False,16777.81620842005
CUST004882,1104.09,33,2026-02-11,33.45727272727272,10,False,3667.5569901114327
CUST004883,5496.94,64,2026-01-24,85.8896875,28,False,9415.152464364935
CUST004884,26927.54,201,2026-02-16,133.96786069651742,5,False,14685.439783239572
CUST004885,11370.48,143,2026-02-19,79.51384615384615,2,False,8716.2383093607
CUST004886,259.32,16,2026-01-23,16.2075,29,False,1776.6519824186657
CUST004887,1052.32,14,2023-10-15,75.16571428571429,860,True,8239.599894840618
CUST004888,6672.93,37,2026-02-20,180.34945945945947,1,False,19769.750095744774
CUST004889,14358.56,42,2026-01-27,341.87047619047615,25,False,37475.542758242955
CUST004890,0.0,4,2026-02-21,0.0,0,False,0.0
CUST004891,2439.79,18,2026-02-20,135.5438888888889,1,False,14858.202616022201
CUST004892,0.0,1,2023-07-29,0.0,938,True,0.0
CUST004893,9248.56,54,2026-01-19,171.26962962962963,33,False,18774.427086817344
CUST004894,4248.86,34,2025-04-22,124.96647058823528,305,True,13698.715268021107
CUST004895,0.0,4,2025-12-01,0.0,82,False,0.0
CUST004897,7512.42,59,2026-02-20,127.32915254237288,1,False,13957.710398525096
CUST004898,113.28,27,2026-02-17,4.195555555555556,4,False,459.9131325081243
CUST004900,3970.96,12,2023-09-21,330.91333333333336,884,True,36274.43033629094
CUST004901,6342.09,31,2026-02-11,204.58354838709678,10,False,22426.269740069754
CUST004902,11768.43,29,2026-01-20,405.80793103448275,32,False,44484.31066812469
CUST004903,0.0,8,2025-10-01,0.0,143,True,0.0
CUST004904,0.0,9,2025-05-05,0.0,292,True,0.0
CUST004906,2800.1800000000003,30,2025-08-17,93.33933333333334,188,True,10231.776128601163
CUST004907,2409.29,35,2025-12-28,68.83685714285714,55,False,7545.83610713112
CUST004908,8107.450000000001,23,2026-02-13,352.49782608695654,8,False,38640.50356413151
CUST004909,203.12,25,2026-02-01,8.1248,20,False,890.6334738087413
CUST004910,212.9,2,2023-04-16,106.45,1042,True,11668.955948077555
CUST004911,2573.36,26,2025-09-29,98.97538461538463,145,True,10849.59514345661
CUST004912,182.7,5,2024-10-09,36.54,500,True,4005.4828590207026
CUST004913,13508.96,52,2026-02-17,259.7876923076923,4,False,28477.69974064056
CUST004914,1429.27,14,2025-05-30,102.09071428571428,267,True,11191.09485869208
CUST004916,9308.72,122,2026-02-18,76.30098360655737,3,False,8364.047125410103
CUST004917,1465.67,24,2025-08-09,61.069583333333334,196,True,6694.394341795377
CUST004918,8970.3,35,2026-01-20,256.2942857142857,32,False,28094.75556358856
CUST004919,1222.4,16,2026-01-08,76.4,44,False,8374.901215905356
CUST004920,2066.02,30,2026-01-23,68.86733333333333,29,False,7549.176880490744
CUST004921,804.5600000000001,38,2026-01-23,21.17263157894737,29,False,2320.9253658958437
CUST004922,2945.56,11,2025-11-29,267.7781818181818,84,False,29353.610215994977
CUST004923,5852.32,30,2026-02-10,195.0773333333333,11,False,21384.206755613974
CUST004924,686.97,12,2024-08-16,57.2475,554,True,6275.420907821229
CUST004925,9783.06,44,2026-02-03,222.34227272727273,18,False,24372.96557867535
CUST004926,7309.73,86,2026-02-19,84.99686046511627,2,False,9317.281545254453
CUST004927,1503.16,33,2026-01-27,45.550303030303034,25,False,4993.184400959977
CUST004928,7784.78,73,2026-02-01,106.64082191780821,20,False,11689.873679903123
CUST004929,4125.8,16,2026-02-10,257.8625,11,False,28266.661842753863
CUST004930,8459.38,26,2026-01-02,325.3607692307692,50,False,35665.76311307161
CUST004931,7157.29,37,2026-02-17,193.44027027027028,4,False,21204.753333658995
CUST004932,249.42,14,2026-02-21,17.815714285714286,0,False,1952.9430266184686
CUST004933,3211.73,69,2026-02-20,46.5468115942029,1,False,5102.420798649312
CUST004935,1792.1499999999999,27,2026-02-07,66.37592592592593,14,False,7276.070978323048
CUST004936,6081.0199999999995,37,2026-02-12,164.35189189189188,9,False,18016.110723059566
CUST004937,2100.44,17,2025-02-10,123.55529411764707,376,True,13544.023336877308
CUST004938,937.8100000000001,15,2025-11-19,62.52066666666667,94,True,6853.460828349217
CUST004939,89.84,10,2025-12-16,8.984,67,False,984.8182267499178
CUST004940,465.05,23,2026-01-14,20.219565217391306,38,False,2216.451064452986
CUST004941,0.0,4,2023-06-17,0.0,980,True,0.0
CUST004942,1893.31,22,2024-06-20,86.05954545454546,611,True,9433.772144863024
CUST004944,452.9,15,2026-02-21,30.19333333333333,0,False,3309.766806879176
CUST004945,1812.1599999999999,49,2026-01-29,36.98285714285714,23,False,4054.0284719027272
CUST004946,2834.08,8,2025-11-30,354.26,83,False,38833.67152809727
CUST004947,712.6700000000001,10,2025-12-06,71.26700000000001,77,False,7812.22624285245
CUST004948,1344.27,36,2026-02-05,37.340833333333336,16,False,4093.269508982364
CUST004949,9443.24,86,2026-02-21,109.80511627906976,0,False,12036.74086175668
CUST004950,4590.03,36,2026-02-17,127.50083333333333,4,False,13976.529896757584
CUST004951,1420.33,19,2025-05-17,74.75421052631579,280,True,8194.491212446166
CUST004953,1173.9,21,2026-01-20,55.900000000000006,32,False,6127.7091357213285
CUST004954,1910.22,27,2025-09-20,70.74888888888889,154,True,7755.431355752729
CUST004955,468.58,18,2026-01-16,26.03222222222222,36,False,2853.629444261876
CUST004956,1546.25,35,2025-10-26,44.17857142857143,118,True,4842.816381860007
CUST004957,937.7,11,2025-12-04,85.24545454545455,79,False,9344.532211035761
CUST004958,13691.560000000001,38,2026-01-19,360.30421052631584,33,False,39496.232602521755
CUST004959,15244.77,24,2026-02-18,635.19875,3,False,69629.93172403878
CUST004960,27716.12,187,2026-02-15,148.21454545454546,6,False,16247.148912855137
CUST004961,9059.31,34,2026-02-19,266.45029411764705,2,False,29208.048327018612
CUST004962,0.0,4,2024-12-04,0.0,444,True,0.0
CUST004964,8733.72,27,2024-12-10,323.4711111111111,438,True,35458.62044181546
CUST004965,2902.3,21,2024-08-30,138.2047619047619,540,True,15149.885190053676
CUST004966,1180.8799999999999,23,2026-02-19,51.34260869565217,2,False,5628.131884724741
CUST004967,88.33,7,2026-02-03,12.618571428571428,18,False,1383.2367696352285
CUST004968,6627.299999999999,58,2025-11-17,114.26379310344826,96,True,12525.497117749044
CUST004969,0.0,11,2025-10-28,0.0,116,True,0.0
CUST004970,2297.33,20,2026-01-06,114.8665,46,False,12591.565320900427
CUST004971,7090.1900000000005,34,2026-01-21,208.53500000000003,31,False,22859.424411764707
CUST004972,6519.389999999999,30,2026-02-12,217.313,9,False,23821.66109858692
CUST004973,10303.01,45,2026-02-08,228.95577777777777,13,False,25097.932221199837
CUST004974,3941.66,19,2025-10-12,207.4557894736842,132,True,22741.122297248214
CUST004975,7632.05,33,2026-02-14,231.27424242424243,7,False,25352.080289088717
CUST004976,1612.89,30,2025-10-14,53.763000000000005,130,True,5893.453063752876
CUST004977,4019.0400000000004,29,2026-02-12,138.58758620689656,9,False,15191.850055412651
CUST004978,5272.98,33,2026-02-05,159.78727272727272,16,False,17515.74116033818
CUST004979,1900.37,36,2026-01-30,52.78805555555555,22,False,5786.580505988242
CUST004980,12714.07,63,2026-01-22,201.81063492063493,30,False,22122.305389783476
CUST004981,3488.5,35,2026-02-08,99.67142857142858,13,False,10925.89487348012
CUST004982,1237.56,37,2026-01-22,33.44756756756757,30,False,3666.4931189881963
CUST004983,600.53,12,2025-12-06,50.04416666666666,77,False,5485.797804524044
CUST004984,14900.09,37,2025-12-09,402.70513513513515,74,False,44144.18489390804
CUST004985,5954.26,42,2026-02-21,141.76809523809524,0,False,15540.494675210868
CUST004986,5321.01,42,2025-12-16,126.6907142857143,67,False,13887.725354912915
CUST004988,1488.1999999999998,6,2023-09-01,248.0333333333333,904,True,27189.197184795703
CUST004989,7837.42,25,2026-01-16,313.4968,36,False,34365.245176733486
CUST004990,3422.45,42,2026-01-24,81.48690476190475,28,False,8932.523269251835
CUST004991,7342.8,66,2026-02-13,111.25454545454545,8,False,12195.626020972126
CUST004992,897.74,25,2026-02-06,35.9096,15,False,3936.3789620768976
CUST004993,3895.76,54,2026-02-02,72.14370370370371,19,False,7908.329736492983
CUST004994,4550.45,24,2026-01-29,189.60208333333333,23,False,20784.01463673458
CUST004995,3819.79,28,2025-12-14,136.42107142857142,69,False,14954.358599244166
CUST004996,3067.7400000000002,28,2025-10-16,109.56214285714286,128,True,12010.1063276372
CUST004997,2689.07,51,2026-02-08,52.72686274509804,13,False,5779.872603596812
CUST004998,2080.31,33,2026-02-20,63.03969696969697,1,False,6910.356476463618
CUST004999,17539.22,110,2024-10-26,159.44745454545455,483,True,17478.490588295044
CUST005000,0.0,1,2024-02-19,0.0,733,True,0.0
CUST005001,4614.21,35,2025-02-14,131.83457142857142,372,True,14451.59047847519
CUST005002,1645.9499999999998,17,2026-02-09,96.82058823529411,12,False,10613.388247859117
CUST005003,1237.77,12,2026-02-07,103.1475,14,False,11306.9387849162
CUST005005,1704.12,29,2026-02-11,58.76275862068965,10,False,6441.522233277052
CUST005006,13451.28,91,2024-06-14,147.81626373626375,617,True,16203.489619050026
CUST005007,9187.800000000001,36,2025-12-29,255.2166666666667,54,False,27976.627905575642
CUST005008,8114.64,14,2026-02-21,579.6171428571429,0,False,63537.12453499835
CUST005009,3199.63,23,2026-01-24,139.11434782608697,28,False,15249.593203646287
CUST005010,0.0,2,2025-06-13,0.0,253,True,0.0
CUST005011,8968.77,23,2026-02-15,389.94652173913045,6,False,42745.596846218694
CUST005012,2835.19,34,2026-02-10,83.38794117647059,11,False,9140.91321924958
CUST005013,18212.24,62,2026-01-10,293.7458064516129,42,False,32200.15852904074
CUST005014,5534.59,59,2026-01-17,93.80661016949153,35,False,10282.99860691668
CUST005015,2030.79,22,2026-02-08,92.30863636363637,13,False,10118.792027753712
CUST005016,3102.75,31,2026-02-14,100.08870967741936,7,False,10971.636863557822
CUST005017,2976.09,12,2024-12-15,248.00750000000002,433,True,27186.365357377592
CUST005019,2632.08,53,2026-01-25,49.661886792452826,27,False,5443.892618877845
CUST005020,1145.04,8,2025-12-27,143.13,56,False,15689.785484719026
CUST005023,5507.82,55,2026-01-21,100.14218181818181,31,False,10977.498432886205
CUST005024,24235.82,110,2025-11-15,220.32563636363636,98,True,24151.903663310728
CUST005025,0.0,7,2025-07-02,0.0,234,True,0.0
CUST005026,455.24,6,2025-07-31,75.87333333333333,205,True,8317.168476284369
CUST005027,0.0,9,2024-08-02,0.0,568,True,0.0
CUST005028,903.48,21,2026-02-12,43.02285714285714,9,False,4716.127992113046
CUST005029,9141.75,37,2026-02-02,247.07432432432432,19,False,27084.071455533744
CUST005030,2322.62,25,2025-11-30,92.9048,83,False,10184.142964442983
CUST005031,3764.5499999999997,21,2025-05-04,179.2642857142857,293,True,19650.794298389745
CUST005032,2237.1000000000004,26,2026-02-19,86.0423076923077,2,False,9431.882556434693
CUST005033,1220.71,62,2026-02-21,19.688870967741938,0,False,2158.276824706095
CUST005034,0.0,6,2025-08-09,0.0,196,True,0.0
CUST005035,1233.66,13,2024-08-26,94.89692307692309,544,True,10402.517754746075
CUST005036,7085.86,38,2026-02-08,186.47,13,False,20440.67839960565
CUST005037,516.22,9,2026-02-10,57.357777777777784,11,False,6287.509461423304
CUST005038,10991.75,117,2025-12-03,93.94658119658119,80,False,10298.342108552344
CUST005039,116.93,13,2026-02-04,8.994615384615384,17,False,985.981875932152
CUST005040,2769.26,36,2026-02-14,76.9238888888889,7,False,8432.329457954505
CUST005041,3157.65,46,2026-02-08,68.6445652173913,13,False,7524.757234351112
CUST005042,3916.5,13,2026-02-16,301.2692307692308,5,False,33024.86972623171
CUST005043,3611.53,10,2026-02-09,361.153,12,False,39589.27616266842
CUST005044,580.88,15,2025-09-16,38.72533333333333,158,True,4245.037188739183
CUST005045,570.76,4,2023-12-06,142.69,808,True,15641.553069339467
CUST005047,7793.4400000000005,12,2025-11-03,649.4533333333334,110,True,71192.50668857488
CUST005048,14671.14,44,2025-04-17,333.435,310,True,36550.85323200789
CUST005049,3390.38,13,2024-06-13,260.79846153846154,618,True,28588.499380166333
CUST005050,3000.37,14,2026-02-18,214.31214285714285,3,False,23492.709761748272
CUST005051,0.0,18,2024-11-10,0.0,468,True,0.0
CUST005052,896.39,12,2024-03-17,74.69916666666667,706,True,8188.457352667325
CUST005053,23882.06,242,2026-02-21,98.68619834710745,0,False,10817.894797516588
CUST005054,3651.04,60,2026-01-26,60.85066666666667,26,False,6670.396888158615
CUST005055,11962.56,100,2026-01-23,119.62559999999999,29,False,13113.253702793294
CUST005056,4501.84,23,2024-12-18,195.73217391304348,430,True,21455.989807541184
CUST005057,93.76,9,2025-09-10,10.41777777777778,164,True,1141.98769343119
CUST005058,4505.64,27,2026-02-17,166.87555555555556,4,False,18292.75252784168
CUST005059,7675.080000000001,31,2026-02-17,247.58322580645165,4,False,27139.856791154743
CUST005060,338.0,11,2025-12-30,30.727272727272727,53,False,3368.2967765064377
CUST005061,34.72,26,2026-02-15,1.3353846153846154,6,False,146.3836942288733
CUST005062,2333.51,34,2026-01-09,68.63264705882354,43,False,7523.450776227021
CUST005063,1670.7,40,2026-02-10,41.7675,11,False,4578.51683946763
CUST005064,509.16,44,2026-02-11,11.571818181818182,10,False,1268.4925937322619
CUST005065,11077.29,45,2026-01-23,246.162,29,False,26984.063260598094
CUST005066,4227.030000000001,14,2025-08-17,301.9307142857143,188,True,33097.38097108118
CUST005067,7147.22,23,2026-01-18,310.7486956521739,34,False,34064.00038034548
CUST005068,5067.389999999999,11,2026-01-12,460.67181818181814,40,False,50498.44201864189
CUST005069,13240.19,76,2025-02-01,174.21302631578948,385,True,19097.07965862117
CUST005070,3756.61,36,2026-01-01,104.35027777777778,51,False,11438.786233523204
CUST005071,1951.1799999999998,11,2025-11-21,177.38,92,True,19444.240545514294
CUST005073,27252.7,203,2025-08-12,134.24975369458127,193,True,14716.340647274126
CUST005074,3410.81,5,2024-07-21,682.162,580,True,74778.0021367072
CUST005075,64.38,16,2025-11-15,4.02375,98,True,441.0799576897798
CUST005076,17913.18,37,2026-02-18,484.14,3,False,53071.00359513638
CUST005077,4663.86,59,2026-02-21,79.04847457627118,0,False,8665.224683825618
CUST005078,10939.45,68,2026-02-04,160.87426470588235,17,False,17634.896270853067
CUST005079,32345.83,194,2026-02-21,166.7310824742268,0,False,18276.915514955737
CUST005080,343.06,41,2026-02-14,8.367317073170732,7,False,917.2179833764818
CUST005081,3665.7,14,2026-01-22,261.8357142857143,30,False,28702.202119618796
CUST005082,571.7,5,2024-01-26,114.34,757,True,12533.85085113375
CUST005083,1451.42,32,2026-02-15,45.356875,6,False,4971.980989360828
CUST005084,9576.45,156,2026-02-10,61.3875,11,False,6729.24408889254
CUST005086,7010.11,68,2026-01-25,103.08985294117646,27,False,11300.619564719413
CUST005087,6324.37,33,2026-01-02,191.64757575757577,50,False,21008.23972823868
CUST005088,18207.18,72,2026-02-19,252.8775,2,False,27720.210500328623
CUST005089,10157.49,34,2026-02-07,298.74970588235294,14,False,32748.681610543004
CUST005090,103.85,15,2026-02-06,6.923333333333333,15,False,758.9297480556468
CUST005091,9909.65,61,2026-02-02,162.4532786885246,19,False,17807.986403355186
CUST005092,6173.459999999999,37,2025-04-22,166.85027027027024,305,True,18289.980776971515
CUST005093,22053.18,77,2026-01-17,286.40493506493505,35,False,31395.458624563078
CUST005094,246.41,10,2024-08-27,24.641,543,True,2701.1248803812027
CUST005095,4528.89,20,2026-02-02,226.4445,19,False,24822.648146401578
CUST005096,573.46,11,2026-01-14,52.13272727272727,38,False,5714.743992471544
CUST005097,23656.96,61,2026-02-14,387.8190163934426,7,False,42512.381569956306
CUST005098,764.38,27,2026-02-02,28.31037037037037,19,False,3103.358052847458
CUST005099,1326.98,17,2025-09-09,78.05764705882353,165,True,8556.611037482362
CUST005100,0.0,11,2026-02-12,0.0,9,False,0.0
CUST005101,1764.51,23,2026-02-12,76.71782608695652,9,False,8409.741033733872
CUST005102,288.45,7,2025-11-28,41.207142857142856,85,False,4517.090979296746
CUST005103,4851.8,19,2026-01-02,255.35789473684213,50,False,27992.10920317554
CUST005104,2167.15,13,2025-11-16,166.70384615384617,97,True,18273.929893323897
CUST005105,1674.01,15,2025-10-14,111.60066666666667,130,True,12233.56752568737
CUST005106,927.13,13,2025-10-24,71.31769230769231,120,True,7817.783089309639
CUST005107,972.19,8,2025-11-02,121.52375,111,True,13321.327246549457
CUST005108,15989.05,95,2026-02-16,168.3057894736842,5,False,18449.533519726032
CUST005109,13278.46,71,2026-02-16,187.0205633802817,5,False,20501.03067608411
CUST005110,5841.09,11,2025-11-19,531.0081818181818,94,True,58208.65271681654
CUST005111,6954.02,39,2026-02-17,178.30820512820515,4,False,19545.98958028936
CUST005112,5183.21,51,2026-02-14,101.63156862745097,7,False,11140.76371298963
CUST005113,7217.780000000001,77,2026-02-02,93.7374025974026,19,False,10275.412133361218
CUST005114,2943.94,19,2025-11-13,154.9442105263158,100,True,16984.848915370912
CUST005115,7747.58,57,2026-02-09,135.92245614035087,12,False,14899.700827207684
CUST005116,830.62,11,2025-10-04,75.5109090909091,140,True,8277.439847638396
CUST005117,896.85,12,2025-11-10,74.7375,103,True,8192.659419158725
CUST005118,9746.880000000001,41,2026-01-07,237.7287804878049,45,False,26059.621109463547
CUST005119,15670.78,81,2026-02-02,193.46641975308643,19,False,21207.61981710706
CUST005120,39677.08,270,2026-02-19,146.95214814814815,2,False,16108.76602363652
CUST005121,2113.06,10,2026-01-26,211.30599999999998,26,False,23163.179009530068
CUST005122,8074.3,49,2026-01-29,164.78163265306122,23,False,18063.218529646492
CUST005123,6397.68,33,2026-02-05,193.86909090909091,16,False,21251.76027723837
CUST005124,7764.58,49,2026-01-09,158.46081632653062,43,False,17370.336169193935
CUST005125,1161.76,6,2026-02-04,193.62666666666667,17,False,21225.185943695913
CUST005126,1795.24,11,2025-08-22,163.20363636363638,183,True,17890.239955785262
CUST005127,2181.4,5,2024-08-11,436.28000000000003,559,True,47824.632231350646
CUST005128,0.0,1,2023-12-05,0.0,809,True,0.0
CUST005129,688.1,9,2026-01-01,76.45555555555556,51,False,8380.99116734217
CUST005130,1953.93,31,2025-06-10,63.03,256,True,6909.2935031219195
CUST005132,23682.96,58,2025-11-09,408.32689655172413,104,True,44760.43746620281
CUST005133,9551.92,67,2026-02-19,142.56597014925373,2,False,15627.957025519789
CUST005134,3677.66,33,2026-02-06,111.44424242424242,15,False,12216.420436969098
CUST005135,556.21,13,2025-10-30,42.785384615384615,114,True,4690.096461235117
CUST005136,987.49,7,2024-02-24,141.07,728,True,15463.970085441997
CUST005137,5930.83,16,2025-07-24,370.676875,212,True,40633.27501499342
CUST005138,498.53,14,2023-11-23,35.60928571428571,821,True,3903.4587725928354
CUST005140,4095.18,41,2026-01-13,99.88243902439024,39,False,10949.025654881656
CUST005142,5472.53,17,2025-09-26,321.91352941176467,148,True,35287.879697473465
CUST005143,12287.23,76,2026-02-07,161.67407894736843,14,False,17722.571208857255
CUST005144,1094.8,5,2024-03-10,218.95999999999998,713,True,24002.20379888268
CUST005145,1057.45,34,2026-02-13,31.101470588235294,8,False,3409.3160189248224
CUST005146,14301.3,37,2025-12-17,386.5216216216216,66,False,42370.162289170534
CUST005147,2813.3,49,2026-02-19,57.41428571428572,2,False,6293.703812027605
CUST005148,3234.56,38,2025-10-22,85.12,122,True,9330.779993427539
CUST005149,3608.87,31,2026-02-19,116.41516129032257,2,False,12761.32821780289
CUST005150,2246.58,23,2026-02-03,97.67739130434782,18,False,10707.310251325207
CUST005151,6642.02,52,2026-01-31,127.73115384615386,21,False,14001.777430041206
CUST005152,10542.68,56,2026-02-19,188.26214285714286,2,False,20637.13153302662
CUST005153,573.62,7,2024-09-18,81.94571428571429,521,True,8982.817568189286
CUST005154,4230.82,64,2026-02-19,66.1065625,2,False,7246.543595033683
CUST005156,3087.5,11,2026-02-11,280.6818181818182,10,False,30768.095554626114
CUST005157,508.04999999999995,11,2025-07-22,46.18636363636363,214,True,5062.908808591998
CUST005158,0.0,18,2026-01-31,0.0,21,False,0.0
CUST005159,1769.61,36,2025-12-07,49.155833333333334,76,False,5388.419481049404
CUST005160,14776.769999999999,34,2024-08-05,434.61088235294113,565,True,47641.665013918144
CUST005161,2051.34,12,2026-02-09,170.94500000000002,12,False,18738.841470588235
CUST005162,2784.72,33,2026-02-14,84.38545454545454,7,False,9250.259762793892
CUST005164,1942.64,24,2026-02-10,80.94333333333334,11,False,8872.937444407931
CUST005166,5476.04,26,2026-02-12,210.6169230769231,9,False,23087.642999570264
CUST005167,4159.97,19,2025-09-19,218.94578947368421,155,True,24000.646053409895
CUST005168,7221.68,46,2025-12-31,156.9930434782609,52,False,17209.440192601698
CUST005169,7005.5199999999995,38,2026-01-11,184.3557894736842,41,False,20208.920489821332
CUST005171,458.67999999999995,17,2024-07-06,26.98117647058823,595,True,2957.652979451392
CUST005172,4231.66,41,2026-02-17,103.21121951219511,4,False,11313.923662143423
CUST005173,14404.93,26,2026-01-23,554.0357692307692,29,False,60732.91671970981
CUST005174,8198.1,37,2026-02-10,221.57027027027027,11,False,24288.339344174932
CUST005175,794.92,6,2024-09-04,132.48666666666665,535,True,14523.072588454374
CUST005176,132.36,24,2025-11-21,5.515000000000001,92,True,604.5494791324351
CUST005177,10527.3,30,2025-02-14,350.90999999999997,372,True,38466.447456457434
CUST005178,0.0,9,2025-10-22,0.0,122,True,0.0
CUST005179,2174.08,26,2026-01-28,83.61846153846153,24,False,9166.182659824564
CUST005180,2548.4800000000005,14,2026-02-17,182.03428571428574,4,False,19954.43927702925
CUST005181,9108.91,41,2026-01-30,222.16853658536584,22,False,24353.92077466877
CUST005182,417.71000000000004,18,2023-11-22,23.206111111111113,822,True,2543.8336146711945
CUST005183,4221.54,17,2026-01-29,248.32588235294116,23,False,27221.266152597087
CUST005184,2251.9,14,2026-01-13,160.85,39,False,17632.23639500493
CUST005185,1569.4299999999998,20,2026-02-21,78.47149999999999,0,False,8601.977235129805
CUST005186,2781.2799999999997,16,2026-02-20,173.82999999999998,1,False,19055.092648701935
CUST005187,5875.8,20,2026-02-11,293.79,10,False,32205.0029871837
CUST005188,5826.82,60,2026-02-10,97.11366666666666,11,False,10645.515249315367
CUST005189,1018.44,18,2025-08-09,56.580000000000005,196,True,6202.250141307921
CUST005191,0.0,1,2023-08-14,0.0,922,True,0.0
CUST005193,4158.68,20,2026-01-31,207.93400000000003,21,False,22793.543317121264
CUST005194,10474.82,83,2026-02-20,126.20265060240963,1,False,13834.22424058376
CUST005195,8134.0,15,2026-01-31,542.2666666666667,21,False,59442.79798444517
CUST005198,405.12,18,2025-10-24,22.506666666666668,120,True,2467.1611260817176
CUST005199,11861.26,46,2026-02-11,257.85347826086957,10,False,28265.67288759662
CUST005200,5275.1,41,2026-01-31,128.6609756097561,21,False,14103.703678975337
CUST005201,5090.59,39,2026-01-25,130.52794871794873,27,False,14308.359639104463
CUST005202,12764.36,97,2026-02-11,131.59134020618558,10,False,14424.92768449475
CUST005203,1442.5700000000002,31,2026-02-12,46.53451612903226,9,False,5101.0729805052315
CUST005204,3848.84,38,2026-02-17,101.28526315789475,4,False,11102.802010135429
CUST005205,742.01,8,2026-01-13,92.75125,39,False,10167.310947666776
CUST005206,1258.3700000000001,10,2026-02-04,125.83700000000002,17,False,13794.141941176473
CUST005207,4252.09,5,2025-12-05,850.418,78,False,93222.0777778508
CUST005208,0.0,9,2024-07-23,0.0,578,True,0.0
CUST005209,0.0,4,2023-08-06,0.0,930,True,0.0
CUST005210,259.51,36,2026-01-27,7.208611111111111,25,False,790.201648683682
CUST005211,9845.51,33,2025-02-22,298.3487878787879,364,True,32704.73332944961
CUST005212,2009.23,11,2025-11-11,182.65727272727273,102,True,20022.73056881666
CUST005214,0.0,5,2025-05-28,0.0,269,True,0.0
CUST005215,1697.85,7,2023-07-06,242.54999999999998,961,True,26588.11897798225
CUST005217,8213.99,23,2026-02-21,357.13,0,False,39148.27841932304
CUST005218,13352.81,101,2026-02-09,132.2060396039604,12,False,14492.310495147114
CUST005219,200.24,12,2026-01-23,16.686666666666667,29,False,1829.1778135611787
CUST005220,0.0,5,2024-06-09,0.0,622,True,0.0
CUST005221,4558.01,14,2025-12-30,325.57214285714286,53,False,35688.93370522511
CUST005222,1293.03,9,2024-10-11,143.67,498,True,15748.97981268485
CUST005223,5070.07,28,2026-01-18,181.07392857142855,34,False,19849.165766513306
CUST005224,7460.59,57,2026-01-27,130.88754385964913,25,False,14347.778144202108
CUST005225,26788.56,231,2026-02-18,115.96779220779221,3,False,12712.288010037943
CUST005226,0.0,4,2026-02-06,0.0,15,False,0.0
CUST005227,3786.26,55,2025-12-18,68.84109090909091,65,False,7546.3002088847725
CUST005228,2136.83,18,2026-02-12,118.71277777777777,9,False,13013.190928725307
CUST005229,5003.75,24,2025-12-21,208.48958333333334,62,False,22854.44587646511
CUST005230,1214.52,12,2025-12-17,101.21,66,False,11094.551728557344
CUST005232,4427.99,89,2026-02-11,49.75269662921348,10,False,5453.847113803276
CUST005233,3620.52,56,2026-02-15,64.65214285714286,6,False,7087.111385146237
CUST005234,1212.95,25,2025-12-22,48.518,61,False,5318.500748603352
CUST005235,29272.11,100,2026-02-15,292.7211,6,False,32087.831103549124
CUST005236,630.3,7,2026-01-30,90.04285714285713,22,False,9870.41929017417
CUST005237,1580.57,12,2025-03-25,131.71416666666667,333,True,14438.39181372549
CUST005238,0.0,1,2023-10-17,0.0,858,True,0.0
CUST005239,1103.88,11,2025-12-27,100.35272727272728,56,False,11000.578241567831
CUST005240,5605.47,24,2025-06-14,233.56125,252,True,25602.780060384488
CUST005241,6125.86,27,2026-01-29,226.8837037037037,23,False,24870.793272477207
CUST005242,2808.4700000000003,28,2026-01-25,100.30250000000001,27,False,10995.072371837003
CUST005243,0.0,4,2025-08-22,0.0,183,True,0.0
CUST005244,3952.13,41,2026-02-19,96.39341463414634,2,False,10566.561851109704
CUST005245,13394.27,40,2026-02-12,334.85675000000003,9,False,36706.70422420309
CUST005246,1029.56,1,2023-05-24,1029.56,1004,True,112859.46722313504
CUST005247,0.0,6,2025-01-17,0.0,400,True,0.0
CUST005248,7014.8,42,2026-02-10,167.01904761904763,11,False,18308.482002409903
CUST005249,730.8,9,2026-01-17,81.19999999999999,35,False,8901.073020046006
CUST005250,1080.69,8,2024-10-13,135.08625,496,True,14808.036641061453
CUST005251,0.0,38,2026-02-02,0.0,19,False,0.0
CUST005252,12396.56,34,2026-02-04,364.6047058823529,17,False,39967.64914422686
CUST005253,326.04999999999995,17,2024-10-05,19.17941176470588,504,True,2102.430352206607
CUST005254,6159.860000000001,15,2025-07-04,410.6573333333334,232,True,45015.89790908095
CUST005255,0.0,11,2024-08-20,0.0,550,True,0.0
CUST005256,2237.51,60,2026-02-09,37.29183333333334,12,False,4087.898171815095
CUST005257,0.0,4,2024-01-06,0.0,777,True,0.0
CUST005258,1057.3400000000001,5,2024-01-01,211.46800000000002,782,True,23180.93730791982
CUST005259,2519.6499999999996,22,2025-12-16,114.52954545454544,67,False,12554.628658172256
CUST005260,3858.2799999999997,22,2026-01-22,175.37636363636364,30,False,19224.603678785887
CUST005261,2400.0699999999997,12,2025-10-24,200.0058333333333,120,True,21924.464617427973
CUST005262,724.8900000000001,20,2024-12-06,36.2445,442,True,3973.0904073282945
CUST005263,7886.01,15,2025-12-05,525.734,78,False,57630.50151626684
CUST005264,4100.63,15,2024-09-26,273.37533333333334,513,True,29967.165072406617
CUST005265,967.9,29,2026-02-03,33.37586206896552,18,False,3658.632824911895
CUST005266,1033.43,5,2024-09-21,206.686,518,True,22656.73864804469
CUST005267,3407.76,33,2026-01-16,103.26545454545455,36,False,11319.868859080454
CUST005268,1384.8600000000001,10,2026-01-10,138.48600000000002,42,False,15180.714264212951
CUST005269,1762.43,34,2026-01-21,51.836176470588235,31,False,5682.2363527672
CUST005270,0.0,1,2024-01-22,0.0,761,True,0.0
CUST005271,787.9300000000001,5,2024-04-26,157.586,666,True,17274.439568189286
CUST005273,252.96,8,2023-07-25,31.62,942,True,3466.156759776536
CUST005274,2297.35,31,2026-02-01,74.10806451612903,20,False,8123.661251629864
CUST005275,918.63,18,2023-12-21,51.035,793,True,5594.412088399606
CUST005277,70.52,13,2025-12-10,5.424615384615384,73,False,594.6415966025429
CUST005278,3960.43,4,2026-01-18,990.1075,34,False,108534.71866003942
CUST005279,4493.72,13,2026-02-13,345.6707692307692,8,False,37892.12755934174
CUST005280,5722.9,21,2025-12-29,272.5190476190476,54,False,29873.299780917954
CUST005281,3082.77,25,2026-01-24,123.3108,28,False,13517.22210542228
CUST005282,768.21,16,2026-01-05,48.013125,47,False,5263.156792433454
CUST005283,632.42,4,2023-07-02,158.105,965,True,17331.331894511994
CUST005284,1009.49,26,2025-12-24,38.82653846153846,59,False,4256.1312064258445
CUST005285,1536.29,8,2024-12-30,192.03625,418,True,21050.845858938545
CUST005286,2038.52,15,2024-05-20,135.90133333333333,642,True,14897.385363566655
CUST005287,33.51,21,2025-07-11,1.5957142857142856,225,True,174.92080512651987
CUST005288,0.0,1,2023-06-07,0.0,990,True,0.0
CUST005289,2046.23,20,2026-02-12,102.3115,9,False,11215.297195695037
CUST005290,1004.88,16,2026-02-17,62.805,4,False,6884.629199802826
CUST005291,1540.92,19,2025-11-06,81.10105263157895,107,True,8890.226496013283
CUST005292,5595.379999999999,13,2025-10-09,430.41384615384607,135,True,47181.589574559504
CUST005293,3644.7799999999997,65,2026-01-19,56.073538461538455,33,False,6146.73227017872
CUST005294,8927.710000000001,18,2026-01-07,495.98388888888894,45,False,54369.320341950566
CUST005295,0.0,1,2024-03-21,0.0,702,True,0.0
CUST005296,27893.89,126,2026-02-18,221.38007936507935,3,False,24267.49078340088
CUST005297,0.0,1,2023-10-25,0.0,850,True,0.0
CUST005299,1112.13,16,2026-01-11,69.508125,41,False,7619.419902850806
CUST005301,20159.09,115,2026-02-15,175.29643478260869,6,False,19215.841947706067
CUST005302,0.0,4,2023-12-06,0.0,808,True,0.0
CUST005303,14702.58,60,2026-01-30,245.043,22,False,26861.399458757805
CUST005304,7534.06,99,2026-02-19,76.10161616161616,2,False,8342.192640370182
CUST005305,2635.65,5,2025-03-28,527.13,330,True,57783.52981597108
CUST005306,1903.6,11,2024-07-01,173.05454545454543,600,True,18970.087999283
CUST005307,1869.76,9,2025-11-21,207.7511111111111,92,True,22773.495196991273
CUST005308,496.84999999999997,16,2025-12-02,31.053124999999998,81,False,3404.0164178031546
CUST005309,3918.79,24,2026-02-20,163.28291666666667,1,False,17898.930593301568
CUST005310,10418.45,43,2026-01-31,242.28953488372096,21,False,26559.567019618036
CUST005311,21480.33,68,2026-02-13,315.887205882353,8,False,34627.279380013926
CUST005312,6171.28,22,2026-01-18,280.51272727272726,34,False,30749.55995698025
CUST005314,3585.49,26,2026-02-20,137.90346153846153,1,False,15116.856907277737
CUST005315,2209.7,22,2025-05-17,100.44090909090909,280,True,11010.244655393899
CUST005316,2436.96,21,2026-02-11,116.04571428571428,10,False,12720.829760105158
CUST005318,2239.93,25,2026-02-19,89.59719999999999,2,False,9821.56674373973
CUST005319,18339.23,73,2025-11-26,251.2223287671233,87,False,27538.772076627694
CUST005320,3039.65,60,2026-01-18,50.660833333333336,34,False,5553.39626547267
CUST005321,587.73,14,2025-07-18,41.980714285714285,218,True,4601.8892030890565
CUST005322,10793.62,36,2026-02-10,299.8227777777778,11,False,32866.310813707234
CUST005323,0.0,3,2023-12-28,0.0,786,True,0.0
CUST005324,15035.26,91,2026-02-17,165.22263736263736,4,False,18111.561080411535
CUST005325,1660.96,28,2026-02-21,59.32,0,False,6502.606546171542
CUST005326,712.1600000000001,29,2026-02-16,24.557241379310348,5,False,2691.9433335977433
CUST005327,214.56,10,2025-10-26,21.456,118,True,2351.9879645087085
CUST005328,6184.389999999999,66,2026-02-13,93.70287878787877,8,False,10271.627663539766
CUST005329,20570.42,121,2026-02-21,170.00347107438014,0,False,18635.631892787398
CUST005330,9294.82,61,2026-02-10,152.37409836065572,11,False,16703.115466402327
CUST005331,9709.69,8,2024-07-21,1213.71125,580,True,133045.96627464672
CUST005333,1616.06,6,2025-09-09,269.3433333333333,165,True,29525.180756928465
CUST005334,2588.42,31,2025-03-23,83.49741935483871,335,True,9152.914121463327
CUST005335,1309.31,29,2026-02-06,45.14862068965517,15,False,4949.152333903701
CUST005336,5550.889999999999,37,2026-02-18,150.02405405405403,3,False,16445.50566377419
CUST005337,34.68,15,2026-02-03,2.312,18,False,253.4394189944134
CUST005338,1333.12,21,2026-02-08,63.48190476190476,13,False,6958.830908095081
CUST005339,2075.59,10,2024-11-18,207.55900000000003,460,True,22752.436144922776
CUST005340,6190.040000000001,19,2024-01-07,325.79157894736846,776,True,35712.988097618356
CUST005341,5659.99,24,2026-02-06,235.83291666666665,15,False,25851.798174635773
CUST005342,28238.51,157,2026-02-08,179.86312101910826,13,False,19716.43810104008
CUST005343,0.0,1,2023-04-29,0.0,1029,True,0.0
CUST005344,0.0,5,2024-12-24,0.0,424,True,0.0
CUST005345,0.0,2,2023-10-01,0.0,874,True,0.0
CUST005346,0.0,12,2026-02-04,0.0,17,False,0.0
CUST005347,0.0,6,2025-12-19,0.0,64,False,0.0
CUST005348,22805.06,119,2026-02-11,191.63915966386557,10,False,21007.31716340299
CUST005349,9356.59,52,2026-01-22,179.93442307692308,30,False,19724.254170289947
CUST005350,6629.5,28,2026-01-23,236.76785714285714,29,False,25954.285532369373
CUST005351,5274.36,25,2026-02-16,210.97439999999997,5,False,23126.829307394015
CUST005352,85.8,6,2025-02-19,14.299999999999999,367,True,1567.5534998356884
CUST005353,3213.87,21,2025-11-02,153.04142857142855,111,True,16776.267620768976
CUST005354,12491.59,50,2026-01-13,249.83180000000002,39,False,27386.343528688794
CUST005355,233.03,13,2026-02-15,17.925384615384615,6,False,1964.964992289997
CUST005356,2182.48,2,2025-01-17,1091.24,400,True,119620.77490634243
CUST005357,1104.0900000000001,20,2026-02-20,55.20450000000001,1,False,6051.469033683866
CUST005360,5528.5,62,2026-02-18,89.16935483870968,3,False,9774.666731154526
CUST005361,10171.99,48,2026-02-07,211.91645833333334,14,False,23230.09691840563
CUST005362,1368.0,13,2024-04-16,105.23076923076923,676,True,11535.304936929648
CUST005363,14125.66,92,2026-02-07,153.53978260869565,14,False,16830.89675470431
CUST005364,0.0,4,2025-11-06,0.0,107,True,0.0
CUST005365,18820.98,37,2026-02-04,508.6751351351351,17,False,55760.523661571526
CUST005366,10558.55,20,2024-03-03,527.9275,720,True,57870.95106884653
CUST005367,0.0,3,2024-11-26,0.0,452,True,0.0
CUST005368,480.53000000000003,10,2025-11-05,48.053000000000004,108,True,5267.527855077226
CUST005369,2341.44,10,2026-01-07,234.144,45,False,25666.66060598094
CUST005370,634.19,12,2025-08-28,52.84916666666667,177,True,5793.279452568737
CUST005371,7064.71,48,2025-06-04,147.18145833333332,262,True,16133.902805687916
CUST005372,933.13,19,2026-02-05,49.11210526315789,16,False,5383.626048221111
CUST005373,2307.77,16,2025-05-04,144.235625,293,True,15810.983130750903
CUST005374,1919.04,19,2025-07-01,101.00210526315789,235,True,11071.76248923327
CUST005375,12937.41,72,2026-01-02,179.68625,50,False,19697.049654535
CUST005376,5029.7,28,2026-02-05,179.63214285714284,16,False,19691.11847683207
CUST005377,641.66,26,2025-11-19,24.679230769230767,94,True,2705.3157038853356
CUST005378,2437.39,31,2026-02-03,78.62548387096774,18,False,8618.856812462234
CUST005379,17527.61,90,2026-02-13,194.75122222222222,8,False,21348.458740679886
CUST005380,1598.22,25,2025-11-08,63.9288,105,True,7007.819173447256
CUST005381,1033.3600000000001,14,2023-09-16,73.81142857142858,889,True,8091.144278672364
CUST005383,5176.610000000001,33,2026-01-27,156.8669696969697,25,False,17195.62009490236
CUST005384,14019.05,144,2026-02-19,97.35451388888889,2,False,10671.916711281812
CUST005385,1500.51,8,2025-08-23,187.56375,182,True,20560.57431851791
CUST005386,2945.96,19,2026-01-04,155.05052631578948,48,False,16996.503159278414
CUST005387,931.76,4,2025-04-04,232.94,323,True,25534.67917844233
CUST005388,6684.860000000001,54,2026-02-13,123.79370370370371,8,False,13570.157587298112
CUST005389,8230.789999999999,118,2026-02-13,69.75245762711863,8,False,7646.203431855271
CUST005390,12359.85,101,2026-02-10,122.37475247524753,11,False,13414.613393993031
CUST005391,18824.82,87,2026-02-14,216.37724137931033,7,False,23719.084056568492
CUST005392,531.04,19,2026-01-01,27.949473684210524,51,False,3063.7968735838936
CUST005393,8780.05,30,2025-10-19,292.6683333333333,125,True,32082.04686767444
CUST005394,0.0,8,2026-01-08,0.0,44,False,0.0
CUST005395,35488.6,196,2026-02-21,181.06428571428572,0,False,19848.108724942493
CUST005396,2384.94,22,2025-04-02,108.40636363636364,325,True,11883.410819765184
CUST005397,0.0,5,2025-10-04,0.0,140,True,0.0
CUST005399,465.65,3,2023-12-20,155.21666666666667,794,True,17014.715319312083
CUST005400,2140.45,29,2024-09-29,73.80862068965517,510,True,8090.8364811268375
CUST005401,410.59000000000003,14,2026-02-21,29.327857142857145,0,False,3214.894063424252
CUST005402,7910.96,43,2026-02-13,183.97581395348837,8,False,20167.267905448265
CUST005403,7770.65,32,2026-02-05,242.8328125,16,False,26619.12063701528
CUST005404,0.0,5,2026-01-06,0.0,46,False,0.0
CUST005405,1072.78,31,2025-09-14,34.6058064516129,160,True,3793.45825299736
CUST005406,1176.13,14,2024-07-08,84.00928571428572,593,True,9209.024464344398
CUST005407,718.4,24,2025-12-22,29.933333333333334,61,False,3281.265834154891
CUST005408,20488.4,75,2026-01-19,273.1786666666667,33,False,29945.606644320298
CUST005409,2254.7,17,2025-12-27,132.62941176470588,56,False,14538.72018132261
CUST005410,3647.07,22,2026-02-14,165.7759090909091,7,False,18172.210243629193
CUST005411,0.0,5,2025-09-13,0.0,161,True,0.0
CUST005412,695.89,26,2025-04-17,26.765,310,True,2933.955903713441
CUST005413,4952.889999999999,44,2026-01-23,112.5656818181818,29,False,12339.351643040658
CUST005414,3826.71,46,2026-02-03,83.18934782608696,18,False,9119.143589778394
CUST005415,10984.55,41,2026-01-22,267.91585365853655,30,False,29368.701682790568
CUST005416,4857.65,51,2026-02-01,95.24803921568626,20,False,10441.00679895356
CUST005417,2332.45,45,2026-02-03,51.83222222222222,18,False,5681.802891517873
CUST005418,2210.16,12,2026-02-21,184.17999999999998,0,False,20189.650601380214
CUST005419,2186.2200000000003,15,2025-10-04,145.74800000000002,140,True,15976.768356227409
CUST005420,263.06,19,2026-02-20,13.845263157894736,1,False,1517.705644706574
CUST005421,1945.6100000000001,19,2025-11-26,102.40052631578948,87,False,11225.056182610651
CUST005422,4634.51,19,2026-02-11,243.92157894736843,10,False,26738.470263244373
CUST005423,5944.72,17,2025-05-05,349.6894117647059,292,True,38332.64764106629
CUST005424,0.0,5,2025-07-31,0.0,205,True,0.0
CUST005425,0.0,6,2024-10-28,0.0,481,True,0.0
CUST005426,11434.69,33,2026-01-25,346.50575757575757,27,False,37983.65825182485
CUST005428,7325.45,30,2026-01-31,244.18166666666667,21,False,26766.980851681456
CUST005429,20928.59,142,2026-02-14,147.38443661971831,7,False,16156.153108010536
CUST005430,8282.82,39,2025-08-01,212.38,204,True,23280.90995070654
CUST005432,3297.56,25,2026-02-21,131.9024,0,False,14459.025787183698
CUST005433,10887.83,99,2026-02-21,109.9780808080808,0,False,12055.701082232114
CUST005434,4419.47,18,2025-10-10,245.52611111111113,134,True,26914.357676452335
CUST005435,3368.62,22,2025-12-21,153.11909090909091,62,False,16784.780898335972
CUST005436,399.02,1,2025-08-10,399.02,195,True,43740.223601708836
CUST005437,9343.24,54,2026-02-12,173.02296296296296,9,False,18966.625954163166
CUST005438,18958.2,118,2026-02-17,160.6627118644068,4,False,17611.70603329676
CUST005439,975.03,17,2026-02-09,57.35470588235294,12,False,6287.17272293209
CUST005440,0.0,10,2024-08-18,0.0,552,True,0.0
CUST005441,1515.59,21,2026-02-15,72.17095238095237,6,False,7911.316712673895
CUST005442,5428.24,41,2026-02-20,132.3960975609756,1,False,14513.14448225836
CUST005443,7431.61,54,2026-01-30,137.6224074074074,22,False,15086.047999111499
CUST005444,0.0,3,2024-11-06,0.0,472,True,0.0
CUST005445,2349.3599999999997,9,2025-01-08,261.03999999999996,409,True,28614.97661518238
CUST005446,270.67,8,2024-08-22,33.83375,548,True,3708.8260996549457
CUST005447,1416.32,37,2026-01-25,38.27891891891892,27,False,4196.101630858594
CUST005448,15982.42,63,2026-02-10,253.68920634920636,11,False,27809.189040785775
CUST005450,0.0,16,2025-01-28,0.0,389,True,0.0
CUST005451,8873.8,30,2026-01-30,295.7933333333333,22,False,32424.606635995176
CUST005452,11517.169999999998,72,2026-01-31,159.9606944444444,21,False,17534.75149738014
CUST005453,3057.65,31,2026-02-15,98.63387096774194,6,False,10812.158715931859
CUST005454,3160.43,27,2026-02-18,117.05296296296295,3,False,12831.243479631454
CUST005455,913.0,8,2025-12-15,114.125,68,False,12510.282739073282
CUST005456,2726.86,21,2025-04-04,129.8504761904762,323,True,14234.095692846973
CUST005457,8505.51,66,2026-02-10,128.87136363636364,11,False,14126.766230544019
CUST005458,4415.55,22,2025-05-25,200.7068181818182,272,True,22001.305963761835
CUST005459,6144.349999999999,68,2026-01-02,90.3580882352941,50,False,9904.974646971834
CUST005460,21807.920000000002,114,2025-09-06,191.29754385964915,168,True,20969.869537563925
CUST005461,7214.200000000001,63,2026-02-08,114.51111111111112,13,False,12552.607901559135
CUST005462,3768.9700000000003,39,2026-02-19,96.64025641025641,2,False,10593.620430833269
CUST005463,1369.64,18,2025-12-01,76.09111111111112,82,False,8341.041085916677
CUST005464,0.0,3,2025-11-20,0.0,93,True,0.0
CUST005465,3896.57,32,2026-02-21,121.7678125,0,False,13348.081164455309
CUST005466,205.01,22,2026-02-13,9.318636363636363,8,False,1021.500772413587
CUST005467,7616.9,21,2024-10-07,362.7095238095238,502,True,39759.900942052795
CUST005468,4977.41,32,2026-01-07,155.5440625,45,False,17050.60416437315
CUST005469,293.65999999999997,18,2026-01-26,16.314444444444444,26,False,1788.3751389345307
CUST005470,66.52,5,2026-01-25,13.303999999999998,27,False,1458.3728504765031
CUST005471,1683.11,12,2025-05-05,140.25916666666666,292,True,15375.087244221708
CUST005472,328.71000000000004,15,2024-03-24,21.914,699,True,2402.193524153796
CUST005473,23748.34,145,2026-02-19,163.7816551724138,2,False,17953.601872335603
CUST005474,8610.77,36,2026-02-18,239.18805555555556,3,False,26219.58556678351
CUST005475,1811.5199999999998,24,2024-07-17,75.47999999999999,584,True,8274.051620111732
CUST005476,2175.25,59,2026-02-15,36.86864406779661,6,False,4041.5085344525082
CUST005477,50.37,11,2026-01-28,4.579090909090909,24,False,501.9559427000866
CUST005478,1372.3500000000001,6,2023-09-14,228.72500000000002,891,True,25072.634562931322
CUST005479,0.0,3,2024-02-23,0.0,729,True,0.0
CUST005480,3889.74,36,2025-12-07,108.04833333333333,76,False,11844.163850914667
CUST005481,4057.29,19,2025-03-19,213.5415789473684,339,True,23408.241219537504
CUST005482,6096.7300000000005,43,2026-02-13,141.78441860465117,8,False,15542.284028383863
CUST005484,6043.139999999999,46,2026-02-17,131.37260869565216,4,False,14400.950527511462
CUST005485,21033.93,142,2026-02-21,148.1262676056338,0,False,16237.471972224408
CUST005486,1113.0700000000002,11,2026-01-20,101.18818181818183,32,False,11092.160038538525
CUST005487,696.73,21,2026-02-10,33.17761904761905,11,False,3636.901598203527
CUST005488,4421.91,28,2026-01-16,157.92535714285714,36,False,17311.639601544528
CUST005489,5403.53,47,2026-01-27,114.96872340425531,25,False,12602.770961117598
CUST005490,3478.3100000000004,22,2026-01-27,158.10500000000002,25,False,17331.331894511997
CUST005491,435.6,4,2025-11-09,108.9,104,True,11937.522806441013
CUST005492,1546.57,20,2024-08-29,77.32849999999999,541,True,8476.682574268812
CUST005493,11061.98,51,2026-02-17,216.90156862745098,4,False,23776.560351175634
CUST005494,0.0,1,2023-11-22,0.0,822,True,0.0
CUST005495,478.53,7,2025-10-10,68.36142857142856,134,True,7493.720042720997
CUST005496,26688.5,111,2026-02-18,240.43693693693695,3,False,26356.48685211666
CUST005497,8135.25,75,2025-06-04,108.47,262,True,11890.38658232008
CUST005498,3194.15,63,2026-02-16,50.70079365079365,5,False,5557.776680541862
CUST005499,1697.02,13,2026-02-12,130.54,9,False,14309.680690108444
CUST005500,4388.49,25,2026-01-23,175.53959999999998,29,False,19242.497506276697
CUST005502,11549.99,82,2026-01-31,140.85353658536584,21,False,15440.24155514856
CUST005503,1435.3,18,2025-11-04,79.73888888888888,109,True,8740.907297257821
CUST005504,1681.8799999999999,18,2026-01-04,93.43777777777777,48,False,10242.567522547191
CUST005505,910.02,6,2023-08-10,151.67,926,True,16625.932819585934
CUST005506,9764.77,31,2026-01-26,314.9925806451613,26,False,34529.211343538314
CUST005507,15819.42,89,2026-02-21,177.74629213483146,0,False,19484.393169144878
CUST005508,5303.53,21,2026-01-30,252.5490476190476,22,False,27684.205837441117
CUST005509,787.19,25,2026-02-03,31.4876,18,False,3451.6431875123235
CUST005510,10372.59,10,2026-02-10,1037.259,11,False,113703.4248731515
CUST005511,3421.7400000000002,48,2026-01-19,71.28625000000001,33,False,7814.336411025305
CUST005512,2400.54,9,2026-01-10,266.7266666666667,42,False,29238.344044254576
CUST005513,14967.72,34,2026-02-13,440.2270588235294,8,False,48257.30536931433
CUST005514,23.53,6,2025-05-02,3.921666666666667,295,True,429.8896719246358
CUST005515,3402.5,29,2024-12-02,117.32758620689656,446,True,12861.347439573015
CUST005517,0.0,10,2026-01-28,0.0,24,False,0.0
CUST005518,9953.35,76,2026-02-01,130.96513157894736,20,False,14356.283242169256
CUST005519,9887.449999999999,79,2024-09-27,125.15759493670885,512,True,13719.666152031845
CUST005520,7227.16,35,2025-11-02,206.4902857142857,111,True,22635.28461912586
CUST005521,203.54,2,2023-08-06,101.77,930,True,11155.93843904042
CUST005522,25492.77,178,2026-02-08,143.21780898876403,13,False,15699.411029310224
CUST005523,0.0,6,2025-01-17,0.0,400,True,0.0
CUST005524,5803.12,19,2025-12-12,305.4273684210526,71,False,33480.68114084093
CUST005525,4780.7699999999995,47,2026-01-31,101.71851063829786,21,False,11150.294220219406
CUST005526,9573.859999999999,104,2026-02-21,92.05634615384614,0,False,10091.136195492805
CUST005527,5375.83,26,2026-01-22,206.7626923076923,30,False,22665.14559177431
CUST005529,128.76,8,2026-01-19,16.095,33,False,1764.3198307591192
CUST005530,626.4000000000001,9,2024-06-01,69.60000000000001,630,True,7629.491160039435
CUST005531,2199.71,13,2025-10-21,169.20846153846153,123,True,18548.483642407544
CUST005532,1731.81,27,2025-12-26,64.14111111111112,57,False,7031.092531858181
CUST005533,2713.79,16,2026-02-02,169.611875,19,False,18592.705473422608
CUST005534,2084.5,6,2025-04-24,347.4166666666667,303,True,38083.51131011064
CUST005535,13235.98,97,2026-02-19,136.45340206185566,2,False,14957.902655003367
CUST005536,93.97,26,2026-02-16,3.6142307692307694,5,False,396.1888175889178
CUST005538,1432.99,29,2026-02-05,49.413448275862066,16,False,5416.659005858555
CUST005539,2152.37,37,2025-12-31,58.17216216216216,52,False,6376.7815657556985
CUST005540,46.1,10,2026-02-21,4.61,0,False,505.34417022675
CUST005541,0.0,6,2024-04-13,0.0,679,True,0.0
CUST005542,0.0,11,2025-04-05,0.0,322,True,0.0
CUST005543,15544.62,64,2024-12-07,242.8846875,441,True,26624.807129169403
CUST005544,3545.89,34,2025-12-16,104.29088235294117,67,False,11432.275358972376
CUST005545,1034.8,16,2025-11-19,64.675,94,True,7089.616965165954
CUST005546,169.78,12,2026-02-14,14.148333333333333,7,False,1550.9279324131887
CUST005547,5043.6,30,2026-01-25,168.12,27,False,18429.167440026293
CUST005548,7023.71,33,2026-01-21,212.83969696969697,31,False,23331.30153068642
CUST005549,4681.84,16,2026-01-22,292.615,30,False,32076.200514295106
CUST005550,2566.66,21,2026-01-08,122.22190476190475,44,False,13397.858361266293
CUST005551,5357.54,28,2026-02-01,191.34071428571428,20,False,20974.6018419323
CUST005552,5345.41,11,2026-02-17,485.9463636363636,4,False,53269.01559794461
CUST005553,3287.79,24,2025-12-31,136.99125,52,False,15016.861075829773
CUST005555,10768.630000000001,54,2026-02-04,199.4190740740741,17,False,21860.14458033617
CUST005556,8753.1,45,2026-02-17,194.51333333333335,4,False,21322.38156862745
CUST005557,2501.88,14,2026-01-05,178.7057142857143,47,False,19589.564186657906
CUST005558,11675.630000000001,147,2026-02-21,79.42605442176871,0,False,8706.614656432404
CUST005559,12452.48,28,2025-02-10,444.7314285714286,376,True,48751.07044364114
CUST005560,0.0,11,2025-12-24,0.0,59,False,0.0
CUST005561,1227.76,11,2023-12-23,111.61454545454545,791,True,12235.088906282675
CUST005562,913.9000000000001,12,2023-12-08,76.15833333333335,806,True,8348.40992715522
CUST005563,5690.92,31,2026-02-19,183.57806451612905,2,False,20123.666959812577
CUST005564,953.06,23,2025-10-04,41.43739130434783,140,True,4542.330612810584
CUST005565,4356.2,47,2026-02-11,92.68510638297872,10,False,10160.06034218751
CUST005566,8164.8099999999995,21,2026-01-30,388.80047619047616,22,False,42619.968334976445
CUST005568,162.26,8,2025-07-12,20.2825,224,True,2223.3499203089054
CUST005569,4178.29,16,2026-01-21,261.143125,31,False,28626.281087536972
CUST005570,31054.32,119,2026-02-14,260.96067226890756,7,False,28606.280778643366
CUST005571,5121.33,30,2026-02-12,170.71099999999998,9,False,18713.190595136377
CUST005572,5284.719999999999,20,2026-02-11,264.236,10,False,28965.319341439368
CUST005573,4954.56,30,2026-02-12,165.15200000000002,9,False,18103.81787446599
CUST005574,895.79,8,2025-11-30,111.97375,83,False,12274.464594561288
CUST005575,37.66,8,2026-02-04,4.7075,17,False,516.0320349983568
CUST005576,6873.25,18,2025-12-10,381.84722222222223,73,False,41857.75871307555
CUST005577,4438.42,36,2026-02-21,123.28944444444444,0,False,13514.88112808997
CUST005578,10458.119999999999,24,2026-02-03,435.75499999999994,18,False,47767.08219027275
CUST005579,8306.84,30,2026-02-15,276.8946666666667,6,False,30352.951316025854
CUST005580,915.55,25,2025-11-13,36.622,100,True,4014.4716273414397
CUST005581,1106.11,9,2024-08-29,122.9011111111111,541,True,13472.312367546647
CUST005582,5930.860000000001,36,2026-02-07,164.74611111111113,14,False,18059.324689268633
CUST005583,196.8,21,2025-12-21,9.371428571428572,62,False,1027.2878080841274
CUST005584,2353.72,23,2026-01-29,102.33565217391303,23,False,11217.944735887066
CUST005585,5569.18,40,2026-01-30,139.2295,22,False,15262.216084291818
CUST005586,13821.26,117,2026-02-20,118.13042735042735,1,False,12949.354183933423
CUST005587,6274.95,27,2025-08-27,232.40555555555554,178,True,25476.093845620184
CUST005588,1459.83,34,2026-02-11,42.93617647058824,10,False,4706.626132589743
CUST005589,6706.58,36,2026-02-09,186.2938888888889,12,False,20421.373253550955
CUST005590,0.0,14,2026-01-03,0.0,49,False,0.0
CUST005591,7305.17,31,2026-02-21,235.65064516129033,0,False,25831.81773154675
CUST005592,868.68,19,2026-02-16,45.72,5,False,5011.786434439698
CUST005593,3958.28,7,2025-11-27,565.4685714285714,86,False,61986.17050279329
CUST005594,0.0,6,2023-08-10,0.0,926,True,0.0
CUST005595,161.74,6,2024-02-14,26.956666666666667,738,True,2954.966236170446
CUST005596,1891.8300000000002,34,2026-01-16,55.64205882352942,36,False,6099.433849432642
CUST005597,6628.07,28,2026-02-18,236.7167857142857,3,False,25948.687127012814
CUST005598,1535.1,14,2026-01-26,109.64999999999999,26,False,12019.737150837987
CUST005599,992.08,30,2026-02-05,33.06933333333333,16,False,3625.031412860116
CUST005600,0.0,5,2025-12-02,0.0,81,False,0.0
CUST005601,3986.1800000000003,49,2024-12-19,81.35061224489796,429,True,8917.58300267593
CUST005602,1233.68,13,2026-01-08,94.89846153846155,44,False,10402.686399555096
CUST005603,762.04,19,2026-02-12,40.10736842105263,9,False,4396.534666966463
CUST005604,400.2,4,2025-02-16,100.05,370,True,10967.393542556687
CUST005605,2512.3900000000003,30,2026-02-06,83.74633333333334,15,False,9180.199854200899
CUST005606,3327.5,19,2026-01-23,175.1315789473684,29,False,19197.770595153674
CUST005607,845.39,15,2025-10-19,56.35933333333333,125,True,6178.060854200898
CUST005608,3559.1699999999996,3,2023-08-25,1186.3899999999999,911,True,130051.03473217218
CUST005609,6472.6900000000005,35,2026-02-12,184.93400000000003,9,False,20272.303422280645
CUST005611,423.66,10,2026-02-10,42.366,11,False,4644.123886296418
CUST005613,5123.75,37,2025-12-23,138.47972972972974,60,False,15180.026922667
CUST005614,2108.5,22,2025-11-11,95.8409090909091,102,True,10505.996676425775
CUST005615,6329.01,37,2026-02-20,171.05432432432434,1,False,18750.825507456193
CUST005616,1639.98,23,2026-01-19,71.30347826086957,33,False,7816.22495792196
CUST005617,8002.099999999999,33,2026-01-30,242.48787878787877,22,False,26581.309305012
CUST005618,1106.8400000000001,14,2025-12-19,79.06000000000002,64,False,8666.488090699968
CUST005619,10599.36,140,2025-07-06,75.70971428571428,230,True,8299.23269930989
CUST005620,561.53,22,2026-02-12,25.52409090909091,9,False,2797.928533892988
CUST005621,12410.54,49,2026-01-23,253.27632653061227,29,False,27763.929515985168
CUST005623,4604.82,29,2026-02-20,158.78689655172414,1,False,17406.08079844074
CUST005624,220.88,9,2024-12-19,24.54222222222222,429,True,2690.296946726549
CUST005625,4289.59,43,2026-02-16,99.7579069767442,5,False,10935.374560676812
CUST005626,132.96,19,2025-12-12,6.997894736842106,71,False,767.1031039313698
CUST005627,2512.18,35,2026-02-11,71.77657142857143,10,False,7868.085017417023
CUST005628,8520.31,56,2026-01-11,152.14839285714285,41,False,16678.373826404862
CUST005629,3170.56,14,2026-02-17,226.46857142857144,4,False,24825.286835359842
CUST005630,1374.92,16,2026-02-13,85.9325,8,False,9419.84553319093
CUST005631,12685.49,41,2026-01-27,309.4021951219512,25,False,33916.39816924889
CUST005632,55835.28,198,2026-02-18,281.99636363636364,3,False,30912.194878260092
CUST005633,1526.99,25,2026-02-10,61.0796,11,False,6695.492360039434
CUST005634,15899.67,38,2026-02-12,418.41236842105263,9,False,45865.998076430806
CUST005635,4165.24,26,2026-01-23,160.20153846153846,29,False,17561.152608003234
CUST005636,27591.579999999998,133,2026-02-08,207.4554887218045,13,False,22741.08932909006
CUST005637,0.0,2,2024-01-17,0.0,766,True,0.0
CUST005638,2151.0699999999997,27,2026-01-18,79.66925925925925,34,False,8733.274558123683
CUST005639,2310.21,17,2025-11-09,135.89470588235295,104,True,14896.658868183487
CUST005640,158.78,6,2025-05-22,26.463333333333335,275,True,2900.887467411546
CUST005642,4399.87,33,2026-01-18,133.32939393939392,34,False,14615.45161543134
CUST005643,2104.82,26,2026-02-07,80.9546153846154,14,False,8874.174173007408
CUST005644,1399.27,16,2025-11-06,87.454375,107,True,9586.672140363129
CUST005645,30143.47,303,2026-02-19,99.483399339934,2,False,10905.283273487059
CUST005646,1013.57,27,2026-02-13,37.53962962962963,8,False,4115.061385207093
CUST005647,372.29,26,2026-01-11,14.318846153846154,41,False,1569.6193987461766
CUST005648,250.72,7,2026-01-18,35.817142857142855,34,False,3926.243890897141
CUST005649,7995.66,51,2026-01-25,156.77764705882353,27,False,17185.82862538903
CUST005650,460.72,20,2026-01-30,23.036,22,False,2525.186183371673
CUST005651,5252.18,19,2025-11-15,276.4305263157895,98,True,30302.072656485117
CUST005652,17537.67,121,2026-02-10,144.93942148760328,11,False,15888.13268650717
CUST005653,9985.02,64,2026-02-01,156.0159375,20,False,17102.330689389582
CUST005654,4974.73,23,2026-01-20,216.29260869565215,32,False,23709.806695766474
CUST005655,0.0,3,2025-10-03,0.0,141,True,0.0
CUST005656,2968.74,23,2025-12-22,129.07565217391303,61,False,14149.160161453941
CUST005657,50085.26,316,2026-02-21,158.49765822784812,0,False,17374.374746211477
CUST005658,1243.68,6,2024-08-30,207.28,540,True,22721.8524088071
CUST005659,14041.24,90,2026-02-12,156.01377777777776,9,False,17102.093942527474
CUST005660,0.0,29,2024-06-15,0.0,616,True,0.0
CUST005661,916.88,8,2023-12-10,114.61,804,True,12563.44801511666
CUST005662,182.52,5,2024-02-23,36.504000000000005,729,True,4001.536570489649
CUST005663,0.0,1,2024-05-02,0.0,660,True,0.0
CUST005664,5623.4400000000005,31,2026-01-26,181.40129032258065,26,False,19885.05087551546
CUST005665,465.65,7,2024-04-26,66.52142857142857,666,True,7292.02085113375
CUST005666,6055.98,42,2026-01-23,144.19,29,False,15805.981758133421
CUST005667,1484.02,9,2025-09-20,164.89111111111112,154,True,18075.21946251871
CUST005668,2402.27,10,2025-08-05,240.227,200,True,26333.473748603352
CUST005669,3046.9,20,2026-02-20,152.345,1,False,16699.925729543214
CUST005670,2662.0499999999997,30,2025-12-05,88.73499999999999,78,False,9727.053133420963
CUST005671,3549.08,11,2025-12-11,322.64363636363635,72,False,35367.913383323874
CUST005672,5782.25,88,2026-02-21,65.70738636363636,0,False,7202.786255900277
CUST005673,1010.9,6,2024-03-16,168.48333333333332,707,True,18468.995722423046
CUST005674,0.0,6,2025-10-08,0.0,136,True,0.0
CUST005676,6451.97,20,2026-02-03,322.5985,18,False,35362.96557459744
CUST005677,1372.87,21,2026-02-08,65.3747619047619,13,False,7166.3242534779265
CUST005678,2594.61,65,2025-09-01,39.91707692307693,173,True,4375.675079299275
CUST005679,0.0,4,2023-07-05,0.0,962,True,0.0
CUST005680,1466.82,32,2026-02-11,45.838125,10,False,5024.7351936822215
CUST005681,1917.04,13,2025-11-29,147.46461538461537,84,False,16164.942234131295
CUST005682,4199.35,39,2026-02-21,107.67564102564104,0,False,11803.309645929708
CUST005683,6234.639999999999,30,2025-12-12,207.8213333333333,71,False,22781.1928956074
CUST005684,1922.72,16,2026-01-23,120.17,29,False,13172.930354912914
CUST005685,3804.88,5,2025-11-25,760.976,88,False,83417.52392244496
CUST005686,22633.56,108,2026-02-15,209.57000000000002,6,False,22972.880207032533
CUST005687,0.0,4,2025-10-19,0.0,125,True,0.0
CUST005688,596.85,16,2026-01-07,37.303125,45,False,4089.135954444627
CUST005689,2062.84,6,2024-10-06,343.8066666666667,503,True,37687.78626574652
CUST005690,3478.06,16,2025-11-18,217.37875,95,True,23828.86855611239
CUST005691,0.0,5,2025-02-28,0.0,358,True,0.0
CUST005692,1655.57,5,2025-04-26,331.114,301,True,36296.4272408807
CUST005693,2094.48,46,2026-02-10,45.53217391304348,11,False,4991.197102973324
CUST005694,9501.01,21,2026-01-07,452.42904761904765,45,False,49594.87671486472
CUST005695,41331.48,326,2026-02-21,126.7836809815951,0,False,13897.916282849706
CUST005696,559.59,23,2026-02-21,24.330000000000002,0,False,2667.0333322379233
CUST005697,0.0,5,2024-02-14,0.0,738,True,0.0
CUST005698,2347.96,16,2025-12-07,146.7475,76,False,16086.332672527113
CUST005699,1748.01,36,2025-12-20,48.55583333333333,63,False,5322.648005531822
CUST005700,0.0,1,2023-10-26,0.0,849,True,0.0
CUST005701,4117.1,39,2026-01-23,105.56666666666668,29,False,11572.125720232227
CUST005702,2824.5,10,2025-08-28,282.45,177,True,30961.922099901414
CUST005703,508.91999999999996,7,2025-08-02,72.70285714285714,203,True,7969.623647716069
CUST005704,4830.77,13,2026-01-09,371.59769230769234,43,False,40734.21420334185
CUST005705,0.0,4,2025-06-22,0.0,244,True,0.0
CUST005707,2065.34,16,2026-02-14,129.08375,7,False,14150.047838070983
CUST005708,376.90999999999997,15,2026-02-19,25.127333333333333,2,False,2754.4363152590645
CUST005709,12628.42,62,2026-01-18,203.6841935483871,34,False,22327.683248810066
CUST005710,7866.96,103,2026-02-05,76.37825242718446,16,False,8372.517265983683
CUST005711,397.29,15,2026-02-10,26.486,11,False,2903.3721675977654
CUST005712,0.0,15,2025-11-17,0.0,96,True,0.0
CUST005713,1689.5400000000002,8,2024-05-12,211.19250000000002,650,True,23150.737238744663
CUST005714,474.82000000000005,13,2025-12-06,36.52461538461539,77,False,4003.796410930509
CUST005715,1960.44,26,2025-09-21,75.40153846153846,153,True,8265.45073485174
CUST005716,5143.700000000001,23,2026-02-16,223.63913043478263,5,False,24515.125986940806
CUST005717,3972.57,4,2024-06-13,993.1425,618,True,108867.41270703253
CUST005718,3899.56,21,2025-09-12,185.69333333333333,162,True,20355.540878519005
CUST005719,2770.84,24,2025-12-29,115.45166666666667,54,False,12655.71077938438
CUST005721,3917.86,45,2026-01-22,87.06355555555555,30,False,9543.830854493006
CUST005722,6360.25,16,2025-12-31,397.515625,52,False,43575.31532923924
CUST005723,18597.01,120,2026-02-16,154.97508333333332,5,False,16988.2331654891
CUST005724,3776.51,22,2026-01-29,171.65954545454545,23,False,18817.16931870463
CUST005725,3060.35,10,2026-01-29,306.03499999999997,23,False,33547.28918337167
CUST005726,13630.96,61,2026-02-13,223.4583606557377,8,False,24495.31016177952
CUST005727,7895.450000000001,17,2026-01-31,464.4382352941177,21,False,50911.313370126234
CUST005728,5094.88,31,2026-01-26,164.35096774193548,26,False,18016.00941854918
CUST005729,0.0,2,2024-07-19,0.0,582,True,0.0
CUST005730,21720.4,108,2026-02-20,201.11481481481482,1,False,22046.030198025826
CUST005731,3210.58,35,2026-02-10,91.73085714285715,11,False,10055.4563746303
CUST005732,503.16,7,2026-02-17,71.88000000000001,4,False,7879.422767006245
CUST005733,1040.55,11,2025-09-22,94.59545454545454,152,True,10369.471037851401
CUST005734,3761.35,32,2023-12-20,117.5421875,794,True,12884.871845732006
CUST005735,155.7,22,2025-11-10,7.077272727272727,103,True,775.8044498551071
CUST005736,433.17,4,2024-05-08,108.2925,654,True,11870.929187479462
CUST005737,0.0,1,2023-12-24,0.0,790,True,0.0
CUST005739,2817.23,20,2026-02-20,140.8615,1,False,15441.114497699638
CUST005740,9108.4,68,2026-02-17,133.9470588235294,4,False,14683.159500106318
CUST005741,171.1,4,2025-11-18,42.775,95,True,4688.958108774235
CUST005742,0.0,5,2026-01-17,0.0,35,False,0.0
CUST005743,3962.43,53,2026-01-30,74.76283018867925,22,False,8195.436092299678
CUST005746,10826.27,68,2025-12-24,159.20985294117648,59,False,17452.44490813052
CUST005747,3228.9,20,2026-01-25,161.445,27,False,17697.459774893196
CUST005748,8286.33,78,2026-02-16,106.235,5,False,11645.387836017087
CUST005749,635.3199999999999,18,2026-01-31,35.29555555555555,21,False,3869.0679468360895
CUST005750,367.32,7,2025-09-21,52.47428571428571,153,True,5752.185330266184
CUST005752,6730.71,64,2026-02-18,105.16734375,3,False,11528.352291170308
CUST005753,10576.14,8,2024-11-09,1322.0175,469,True,144918.4027251068
CUST005754,4214.47,24,2025-12-07,175.6029166666667,76,False,19249.438223929235
CUST005755,4008.32,34,2025-12-02,117.89176470588235,81,False,12923.192193462335
CUST005757,2732.98,10,2024-05-27,273.298,635,True,29958.687860006572
CUST005758,0.0,6,2026-02-21,0.0,0,False,0.0
CUST005759,6857.0,63,2026-01-27,108.84126984126983,25,False,11931.084857779239
CUST005760,1842.52,27,2026-02-21,68.24148148148149,0,False,7480.571547571233
CUST005761,6084.61,67,2026-02-07,90.81507462686567,14,False,9955.069095747027
CUST005762,3903.86,34,2026-02-03,114.81941176470589,18,False,12586.403549709072
CUST005764,943.6500000000001,16,2025-12-08,58.978125000000006,75,False,6465.130507517253
CUST005765,4680.849999999999,38,2026-02-10,123.18026315789473,11,False,13502.912770897832
CUST005766,0.0,7,2025-12-31,0.0,52,False,0.0
CUST005767,12806.85,83,2026-01-07,154.29939759036145,45,False,16914.16508498668
CUST005768,4469.14,16,2025-10-31,279.32125,113,True,30618.951259858695
CUST005769,5528.01,89,2026-02-18,62.11247191011236,3,False,6808.714875954021
CUST005770,7406.63,32,2026-01-16,231.4571875,36,False,25372.13456837414
CUST005771,1072.53,42,2025-11-09,25.53642857142857,104,True,2799.280977653631
CUST005772,10763.09,30,2026-02-21,358.7696666666667,0,False,39328.017246029136
CUST005773,0.0,6,2025-11-01,0.0,112,True,0.0
CUST005774,48.32,10,2026-01-12,4.832,40,False,529.679616168255
CUST005776,1990.82,21,2024-12-19,94.80095238095238,429,True,10391.997530945338
CUST005777,10104.890000000001,65,2026-02-18,155.45984615384617,3,False,17041.372442124422
CUST005778,13027.11,52,2026-02-18,250.52134615384617,3,False,27461.93097531535
CUST005779,1894.06,9,2026-02-18,210.45111111111112,3,False,23069.46683682039
CUST005780,2837.17,20,2026-01-31,141.8585,21,False,15550.404766184683
CUST005781,9848.050000000001,35,2026-02-19,281.3728571428572,2,False,30843.84664147224
CUST005783,14543.75,100,2026-02-18,145.4375,3,False,15942.73161764706
CUST005784,0.0,5,2024-06-10,0.0,621,True,0.0
CUST005785,4353.85,73,2026-02-11,59.64178082191781,10,False,6537.8798785895315
CUST005786,0.0,7,2025-11-24,0.0,89,False,0.0
CUST005787,15407.35,68,2026-02-17,226.57867647058825,4,False,24837.356453818797
CUST005788,20872.43,152,2025-01-23,137.31861842105263,394,True,15052.746915980595
CUST005789,1791.58,11,2025-12-12,162.8709090909091,71,False,17853.766682998237
CUST005790,4691.78,61,2026-02-04,76.9144262295082,17,False,8431.292169504855
CUST005791,17223.04,45,2026-02-12,382.73422222222223,9,False,41954.9908777157
CUST005792,2447.94,6,2025-10-26,407.99,118,True,44723.50716069668
CUST005793,15081.02,43,2026-01-05,350.72139534883723,47,False,38445.772779463354
CUST005794,15791.2,43,2026-02-10,367.2372093023256,11,False,40256.22186795467
CUST005796,14438.17,60,2026-02-20,240.63616666666667,1,False,26378.326240935483
CUST005797,1428.54,11,2025-12-19,129.86727272727273,64,False,14235.936914528129
CUST005798,0.0,6,2026-01-30,0.0,22,False,0.0
CUST005799,6017.01,44,2026-01-27,136.75022727272727,25,False,14990.440375153108
CUST005800,4551.61,33,2026-02-21,137.92757575757574,0,False,15119.500286897895
CUST005801,5544.75,22,2026-02-01,252.0340909090909,20,False,27627.75673303857
CUST005802,654.25,34,2025-02-02,19.24264705882353,384,True,2109.36214987145
CUST005803,8580.45,41,2026-02-13,209.27926829268296,8,False,22941.01045141589
CUST005804,4261.01,50,2026-02-19,85.2202,2,False,9341.763829838976
CUST005805,227.23,4,2023-11-13,56.8075,831,True,6227.188492441669
CUST005806,8819.69,51,2026-02-01,172.9350980392157,20,False,18956.994278028003
CUST005807,2007.08,21,2026-02-11,95.57523809523809,10,False,10476.874054113265
CUST005808,17767.07,97,2025-02-15,183.1656701030928,371,True,20078.46064474491
CUST005809,0.0,10,2026-02-03,0.0,18,False,0.0
CUST005810,20637.7,111,2026-02-21,185.92522522522523,0,False,20380.96066500283
CUST005811,573.92,26,2026-02-01,22.07384615384615,20,False,2419.715719810915
CUST005812,2363.04,12,2025-12-19,196.92,64,False,21586.198264870192
CUST005813,14307.51,72,2026-02-06,198.71541666666667,15,False,21783.0102704294
CUST005814,2974.18,29,2025-12-26,102.55793103448275,57,False,11242.310750280461
CUST005816,15712.27,108,2025-12-26,145.4839814814815,57,False,15947.82687701586
CUST005817,920.51,25,2025-08-05,36.8204,200,True,4036.220061912586
CUST005818,6535.38,27,2026-01-24,242.0511111111111,28,False,26533.43121407967
CUST005819,5293.66,52,2026-02-19,101.80115384615384,2,False,11159.353496423064
CUST005820,6945.08,26,2025-12-05,267.11846153846153,78,False,29281.29225561819
CUST005821,15434.67,46,2026-01-23,335.5363043478261,29,False,36781.19637778794
CUST005822,640.9,11,2025-11-24,58.26363636363636,89,False,6386.808887760283
CUST005823,3022.51,47,2026-02-12,64.30872340425532,9,False,7049.46604491648
CUST005825,26172.66,134,2026-02-17,195.31835820895523,4,False,21410.6276917908
CUST005826,10194.74,49,2026-02-13,208.05591836734695,8,False,22806.907901976432
CUST005827,8011.410000000001,32,2026-02-10,250.35656250000002,11,False,27443.867535224283
CUST005828,14672.5,44,2026-01-19,333.46590909090907,33,False,36554.24145953455
CUST005829,2241.66,16,2026-02-05,140.10375,16,False,15358.050605077224
CUST005830,29487.91,84,2026-02-12,351.0465476190476,9,False,38481.415687096065
CUST005831,14005.419999999998,142,2026-02-10,98.62971830985914,11,False,10811.70350520474
CUST005832,3486.68,41,2026-02-17,85.04097560975609,4,False,9322.117408847173
CUST005833,9028.47,107,2026-02-18,84.37822429906541,3,False,9249.467189504945
CUST005834,713.47,7,2024-06-14,101.92428571428572,617,True,11172.851104173513
CUST005835,1687.53,19,2025-12-28,88.81736842105263,55,False,9736.08228773544
CUST005836,7202.39,39,2026-02-17,184.67666666666668,4,False,20244.094767225328
CUST005837,18713.21,56,2026-02-20,334.16446428571425,1,False,36630.816469355894
CUST005838,2689.58,22,2026-01-28,122.25363636363636,24,False,13401.336751710332
CUST005839,9650.3,39,2026-02-13,247.4435897435897,8,False,27124.55000800492
CUST005840,5211.83,38,2026-02-02,137.1534210526316,19,False,15034.63812485947
CUST005841,3930.67,14,2026-02-10,280.76214285714286,11,False,30776.900675320405
CUST005842,4629.46,55,2026-02-21,84.172,0,False,9226.86106210976
CUST005843,6659.210000000001,51,2026-02-14,130.57274509803923,7,False,14313.270179131794
CUST005844,6278.29,32,2026-02-15,196.1965625,6,False,21506.89567850394
CUST005845,19064.63,71,2026-02-16,268.5159154929578,5,False,29434.479936543354
CUST005846,1565.82,8,2025-10-19,195.7275,125,True,21455.477457279
CUST005847,4099.24,49,2026-02-12,83.65795918367347,9,False,9170.51235716633
CUST005850,363.83,2,2023-10-08,181.915,867,True,19941.363281301346
CUST005851,242.98,9,2026-02-12,26.997777777777777,9,False,2959.4728002336874
CUST005852,2273.3,23,2026-02-20,98.83913043478262,1,False,10834.659079283887
CUST005853,2585.94,13,2024-09-16,198.91846153846154,523,True,21805.267871786447
CUST005854,8187.77,29,2025-06-19,282.3368965517242,247,True,30949.523798769365
CUST005855,4974.48,29,2026-02-11,171.53379310344826,10,False,18803.38445590218
CUST005856,885.76,8,2025-12-09,110.72,74,False,12137.029615511008
CUST005857,11603.4,77,2026-02-10,150.69350649350648,11,False,16518.890454993576
CUST005858,482.82,4,2024-10-09,120.705,500,True,13231.576587249425
CUST005859,5058.23,14,2025-07-04,361.3021428571428,232,True,39605.625072297065
CUST005860,11898.76,34,2025-09-12,349.96352941176474,162,True,38362.6961779204
CUST005861,4234.6,25,2025-09-05,169.38400000000001,169,True,18567.726015116663
CUST005862,3296.3,21,2024-02-27,156.96666666666667,725,True,17206.548789571694
CUST005863,3567.5499999999997,43,2026-02-17,82.96627906976744,4,False,9094.690987703381
CUST005864,850.0999999999999,22,2026-02-21,38.64090909090908,0,False,4235.782677083022
CUST005865,24415.64,170,2026-02-21,143.62141176470587,0,False,15743.6536128047
CUST005866,3574.4,32,2025-12-02,111.7,81,False,12244.456358856392
CUST005867,2936.21,23,2026-01-24,127.66130434782609,28,False,13994.120589092572
CUST005868,1983.73,48,2026-02-18,41.327708333333334,3,False,4530.307261405959
CUST005869,2682.81,30,2026-02-09,89.42699999999999,12,False,9802.909568517909
CUST005870,350.09000000000003,35,2026-01-09,10.002571428571429,43,False,1096.4731363785736
CUST005871,45290.45,270,2026-02-18,167.7424074074074,3,False,18387.77607009408
CUST005872,499.68,15,2025-10-25,33.312,119,True,3651.6323207361156
CUST005873,6796.28,25,2026-02-15,271.8512,6,False,29800.09090870851
CUST005874,2919.11,33,2025-08-29,88.4578787878788,176,True,9696.675348390245
CUST005875,969.62,34,2025-07-25,28.51823529411765,211,True,3126.144024086138
CUST005876,401.01,9,2025-07-20,44.556666666666665,216,True,4884.262851352832
CUST005877,120.0,8,2025-12-19,15.0,64,False,1644.2868879395332
CUST005878,1537.43,23,2026-02-16,66.84478260869565,5,False,7327.466638043121
CUST005879,268.27,7,2025-06-14,38.324285714285715,252,True,4201.074699309891
CUST005880,757.81,10,2025-09-23,75.78099999999999,151,True,8307.046976996384
CUST005881,2866.88,22,2025-06-28,130.31272727272727,238,True,14284.76725241239
CUST005882,3108.04,15,2025-10-02,207.20266666666666,142,True,22713.375196407054
CUST005883,0.0,5,2026-01-22,0.0,30,False,0.0
CUST005884,311.29,13,2024-03-31,23.94538461538462,692,True,2624.8721299830636
CUST005885,8136.98,55,2025-12-20,147.9450909090909,63,False,16217.611541122695
CUST005886,235.16,5,2025-12-28,47.032,55,False,5155.606727571475
CUST005887,0.0,6,2023-10-30,0.0,845,True,0.0
CUST005888,121.3,5,2024-02-15,24.259999999999998,737,True,2659.3599934275385
CUST005889,19005.24,68,2026-02-14,279.4888235294118,7,False,30637.32052367053
CUST005890,8876.01,39,2025-05-29,227.59,268,True,24948.216855077226
CUST005891,12850.05,155,2026-02-21,82.90354838709676,0,False,9087.814505104256
CUST005892,0.0,1,2023-08-31,0.0,905,True,0.0
CUST005893,2418.87,29,2026-02-12,83.40931034482759,9,False,9143.255688805284
CUST005894,916.55,21,2025-05-08,43.64523809523809,289,True,4784.3528480666
CUST005895,199.63,9,2024-05-06,22.18111111111111,656,True,2431.474010661993
CUST005896,40529.06,115,2026-02-18,352.42660869565213,3,False,38632.6967759505
CUST005897,4559.76,15,2025-10-27,303.98400000000004,117,True,33322.46035622741
CUST005898,1056.54,18,2025-05-19,58.696666666666665,278,True,6434.277291050497
CUST005899,24349.5,73,2026-02-06,333.55479452054794,15,False,36563.98500263348
CUST005900,15563.23,86,2026-02-19,180.96779069767442,2,False,19837.53102557146
CUST005901,538.69,15,2025-11-18,35.912666666666674,95,True,3936.7151273962104
CUST005902,3217.46,34,2025-02-01,94.63117647058823,385,True,10373.386844058687
CUST005903,2055.82,21,2025-06-14,97.89619047619048,252,True,10731.294825282068
CUST005904,21159.74,98,2026-02-04,215.9157142857143,17,False,23668.491860006572
CUST005905,6122.5,7,2024-03-17,874.6428571428571,706,True,95877.58544199802
CUST005906,19026.420000000002,64,2026-02-15,297.28781250000003,6,False,32588.430135865103
CUST005907,45653.55,298,2026-02-20,153.1998322147651,1,False,16793.631689684986
CUST005908,975.0600000000001,10,2024-05-01,97.506,661,True,10688.522486362142
CUST005909,4115.15,40,2026-01-30,102.87875,22,False,11277.478644840618
CUST005910,4160.55,52,2026-02-17,80.01057692307693,4,False,8770.689502072853
CUST005911,1970.15,9,2024-04-11,218.90555555555557,681,True,23996.235646474604
CUST005912,23883.32,163,2026-02-20,146.5234355828221,1,False,16061.770926979147
CUST005913,4142.44,30,2026-02-10,138.08133333333333,11,False,15136.355057947201
CUST005914,2207.0,17,2026-02-03,129.8235294117647,18,False,14231.141810519803
CUST005915,0.0,7,2026-02-03,0.0,18,False,0.0
CUST005916,12425.92,50,2026-02-02,248.5184,19,False,27242.36976878081
CUST005917,8831.33,48,2026-02-14,183.98604166666667,7,False,20168.38905842644
CUST005918,742.1700000000001,17,2025-09-16,43.65705882352942,158,True,4785.6486259689555
CUST005919,5269.610000000001,41,2026-02-11,128.5270731707317,10,False,14089.025410658607
CUST005920,2228.34,4,2025-07-11,557.085,225,True,61067.17073118633
CUST005921,3777.58,19,2025-12-10,198.82,73,False,21794.4746040092
CUST005922,793.71,33,2025-02-11,24.051818181818184,375,True,2636.5392844979538
CUST005923,16913.67,130,2026-02-16,130.10515384615383,5,False,14262.013234839098
CUST005924,990.05,13,2024-10-30,76.1576923076923,479,True,8348.339658484794
CUST005925,0.0,6,2025-11-18,0.0,95,True,0.0
CUST005926,1789.89,13,2026-02-12,137.68384615384616,9,False,15092.782860790212
CUST005928,20374.45,96,2026-02-13,212.23385416666667,8,False,23264.88957220807
CUST005929,11480.14,106,2025-09-17,108.3032075471698,157,True,11872.102939440347
CUST005931,18193.66,81,2026-02-21,224.61308641975307,0,False,24621.89019064195
CUST005932,3831.09,44,2026-01-27,87.07022727272728,25,False,9544.562202297375
CUST005933,1722.75,31,2025-12-16,55.57258064516129,67,False,6091.8177122534
CUST005934,13456.75,24,2026-02-21,560.6979166666666,0,False,61463.21549800087
CUST005935,0.0,7,2023-09-09,0.0,896,True,0.0
CUST005936,343.13,9,2026-01-02,38.12555555555556,50,False,4179.290073027349
CUST005937,4247.68,35,2026-02-21,121.36228571428572,0,False,13303.627672691424
CUST005938,5871.22,22,2024-08-19,266.87363636363636,551,True,29254.45473396469
CUST005939,15824.78,45,2026-02-21,351.6617777777778,0,False,38548.8566793004
CUST005940,5541.88,43,2026-02-18,128.88093023255814,3,False,14127.814912456342
CUST005941,0.0,3,2023-10-28,0.0,847,True,0.0
CUST005942,326.56,13,2025-11-25,25.12,88,False,2753.632441669405
CUST005943,3088.68,42,2026-01-29,73.53999999999999,23,False,8061.390515938218
CUST005944,3932.72,46,2026-02-13,85.49391304347826,8,False,9371.768014402263
CUST005946,1014.6200000000001,22,2026-02-21,46.119090909090914,0,False,5055.534431033969
CUST005947,6166.860000000001,56,2025-12-30,110.12250000000002,53,False,12071.532187808085
CUST005948,1818.3999999999999,11,2026-02-16,165.30909090909088,5,False,18121.038042601496
CUST005949,1399.55,16,2026-01-13,87.471875,39,False,9588.590475065723
CUST005950,518.34,29,2026-02-06,17.87379310344828,15,False,1959.309575849604
CUST005951,2108.83,15,2026-01-22,140.58866666666665,30,False,15411.206746193448
CUST005952,1341.69,45,2026-02-13,29.815333333333335,8,False,3268.3307773031
CUST005953,2588.7,17,2025-11-29,152.27647058823527,84,False,16692.413595329683
CUST005954,2117.67,43,2026-02-07,49.24813953488372,14,False,5398.538006175057
CUST005955,33717.979999999996,220,2026-02-18,153.26354545454544,3,False,16800.615879335583
CUST005956,1149.35,13,2025-10-23,88.41153846153846,121,True,9691.595562324628
CUST005957,2138.52,24,2025-04-30,89.105,297,True,9767.61220999014
CUST005958,474.27,7,2024-09-06,67.75285714285714,533,True,7427.008974696023
CUST005959,3237.46,51,2026-02-08,63.47960784313725,13,False,6958.57912186761
CUST005960,0.0,8,2025-10-26,0.0,118,True,0.0
CUST005961,2624.86,27,2026-02-07,97.21703703703704,14,False,10656.846618955466
CUST005962,2739.7200000000003,14,2025-11-18,195.69428571428574,95,True,21451.836536312854
CUST005963,4287.11,27,2026-02-19,158.78185185185183,2,False,17405.527802850498
CUST005964,1600.76,10,2026-01-02,160.076,50,False,17547.39119158725
CUST005965,7926.14,35,2026-02-20,226.46114285714287,1,False,24824.472521853433
CUST005966,0.0,1,2023-09-22,0.0,883,True,0.0
CUST005967,11906.929999999998,22,2024-11-06,541.2240909090908,472,True,59328.51174125413
CUST005968,2928.81,19,2025-11-15,154.1478947368421,98,True,16897.55747461819
CUST005969,0.0,1,2023-12-07,0.0,807,True,0.0
CUST005970,7652.78,42,2026-02-02,182.20904761904762,19,False,19973.596524263336
CUST005971,4061.29,13,2024-05-14,312.4069230769231,648,True,34245.773821127936
CUST005972,6162.3,33,2025-12-06,186.73636363636365,77,False,20469.87694858543
CUST005973,8264.92,124,2026-02-17,66.6525806451613,4,False,7306.397626811403
CUST005974,0.0,17,2026-02-07,0.0,14,False,0.0
CUST005975,5444.6,59,2026-02-15,92.2813559322034,6,False,10115.801570706873
CUST005976,6695.74,69,2026-02-12,97.03971014492754,9,False,10637.408200050484
CUST005978,0.0,10,2026-01-07,0.0,45,False,0.0
CUST005979,2864.5299999999997,7,2023-12-26,409.2185714285714,788,True,44858.18208675649
CUST005980,2272.29,29,2026-01-13,78.3548275862069,39,False,8589.187707117522
CUST005981,20980.06,102,2026-02-18,205.68686274509804,3,False,22547.214095545543
CUST005982,1034.51,13,2024-05-03,79.5776923076923,659,True,8723.237068935008
CUST005983,2229.15,22,2026-02-17,101.325,4,False,11107.157928031547
CUST005984,2896.53,9,2024-08-22,321.8366666666667,548,True,35279.45407054442
CUST005985,12328.26,62,2026-02-19,198.84290322580645,2,False,21796.98523560154
CUST005986,238.32,14,2025-12-20,17.02285714285714,63,False,1866.0307196845217
CUST005987,8120.58,34,2026-02-10,238.84058823529412,11,False,26181.49650287062
CUST005988,1198.25,15,2024-03-20,79.88333333333334,703,True,8756.741170993537
CUST005989,129.79,12,2025-08-31,10.815833333333332,174,True,1185.6221954759556
CUST005990,4385.700000000001,33,2026-02-16,132.90000000000003,5,False,14568.381827144267
CUST005991,2372.5,29,2026-02-17,81.8103448275862,4,False,8967.978486520788
CUST005992,10801.39,43,2026-01-23,251.19511627906977,29,False,27535.78906747472
CUST005994,3947.4200000000005,28,2026-01-23,140.97928571428574,29,False,15454.026064738748
CUST005995,5538.69,38,2025-11-06,145.755,107,True,15977.535690108445
CUST005996,3863.26,29,2026-02-11,133.21586206896552,10,False,14603.006351037428
CUST005997,0.0,12,2026-02-06,0.0,15,False,0.0
CUST005998,704.78,35,2026-01-21,20.13657142857143,31,False,2207.3533578705224
CUST005999,27073.47,132,2026-02-21,205.10204545454548,0,False,22483.10693536582
CUST006000,1253.34,13,2025-12-31,96.41076923076922,52,False,10568.464246821202
CUST006001,0.0,10,2024-07-27,0.0,574,True,0.0
CUST006002,684.84,17,2026-02-02,40.284705882352945,19,False,4415.974244456903
CUST006003,9533.880000000001,33,2026-01-24,288.9054545454546,28,False,31669.563384220117
CUST006004,5811.52,28,2024-08-29,207.55428571428573,541,True,22751.919369043706
CUST006005,4133.96,34,2026-02-21,121.58705882352942,0,False,13328.267104444145
CUST006006,324.34000000000003,12,2026-01-27,27.028333333333336,25,False,2962.822273523935
CUST006007,3132.41,29,2025-12-29,108.01413793103448,54,False,11840.415380806146
CUST006008,103.85999999999999,3,2025-05-02,34.62,295,True,3795.014137364443
CUST006009,6659.08,16,2026-02-14,416.1925,7,False,45622.658040584945
CUST006010,5161.02,56,2026-02-19,92.16107142857143,2,False,10102.616088563916
CUST006011,922.1100000000001,8,2025-06-26,115.26375000000002,240,True,12635.11151864936
CUST006012,1178.02,7,2025-08-14,168.28857142857143,191,True,18447.646092671705
CUST006013,1255.02,10,2023-06-04,125.502,993,True,13757.419534012488
CUST006014,3580.09,22,2026-02-18,162.73136363636365,3,False,17838.469832252864
CUST006015,32819.02,106,2026-02-12,309.6133962264151,9,False,33939.54984970145
CUST006016,5967.32,17,2025-12-08,351.01882352941175,75,False,38478.37659662485
CUST006017,1652.68,20,2025-12-27,82.634,56,False,9058.266846533028
CUST006019,0.0,7,2026-02-19,0.0,2,False,0.0
CUST006020,2233.05,43,2026-01-31,51.93139534883721,21,False,5692.674162966473
CUST006022,1279.4,16,2026-02-09,79.9625,12,False,8765.419351790997
CUST006023,266.12,4,2023-05-18,66.53,1010,True,7292.960443641144
CUST006024,12547.07,30,2026-02-15,418.23566666666665,6,False,45846.62818457662
CUST006025,2853.12,14,2024-12-07,203.7942857142857,441,True,22339.751455800197
CUST006026,1126.56,11,2025-12-31,102.41454545454545,52,False,11226.592948346428
CUST006027,11141.29,97,2026-02-17,114.85865979381444,4,False,12590.705884351783
CUST006028,7843.5199999999995,50,2026-02-05,156.8704,16,False,17195.996121721982
CUST006029,5974.81,83,2026-01-17,71.98566265060242,35,False,7891.00541440161
CUST006030,6147.79,28,2026-01-09,219.56392857142856,43,False,24068.40592096615
CUST006031,131.54,7,2025-08-03,18.791428571428572,202,True,2059.8999737101544
CUST006032,16533.79,82,2025-02-26,201.63158536585368,360,True,22102.67813410226
CUST006033,1324.3999999999999,38,2026-02-12,34.85263157894737,9,False,3820.5150076966984
CUST006034,214.05,14,2026-02-20,15.289285714285715,1,False,1675.9981350640815
CUST006035,951.53,10,2025-03-31,95.15299999999999,327,True,10430.58868320736
CUST006036,10294.6,58,2026-02-05,177.49310344827586,16,False,19456.638846646343
CUST006037,532.9,16,2026-01-26,33.30625,26,False,3651.0020107624055
CUST006039,5653.36,48,2026-02-19,117.77833333333332,2,False,12910.75794555811
CUST006040,1179.88,11,2026-01-26,107.26181818181819,26,False,11757.946747527858
CUST006041,0.0,7,2026-02-02,0.0,19,False,0.0
CUST006042,2682.76,60,2026-02-12,44.71266666666667,9,False,4901.363434987403
CUST006043,991.97,3,2026-01-08,330.6566666666667,44,False,36246.29476065287
CUST006044,4104.7,13,2025-05-04,315.74615384615385,293,True,34611.81737910463
CUST006045,2740.95,15,2026-02-04,182.73,17,False,20030.702868879394
CUST006046,227.13,18,2026-02-07,12.618333333333332,14,False,1383.2106698433563
CUST006047,2725.32,13,2026-01-05,209.64000000000001,47,False,22980.55354584292
CUST006048,4340.2300000000005,16,2025-03-01,271.26437500000003,357,True,29735.76366517417
CUST006049,41.46,9,2025-12-06,4.6066666666666665,77,False,504.9787731405411
CUST006050,0.0,8,2025-11-26,0.0,87,False,0.0
CUST006051,23455.48,154,2026-02-01,152.30831168831168,20,False,16695.903988886563
CUST006052,12762.07,103,2025-12-26,123.9035922330097,57,False,13582.203471822964
CUST006053,241.41,8,2024-11-04,30.17625,474,True,3307.894146812356
CUST006054,2371.77,20,2024-01-15,118.5885,768,True,12999.567707361157
CUST006055,3235.48,30,2026-01-16,107.84933333333333,36,False,11822.349644868003
CUST006056,607.73,4,2024-03-21,151.9325,702,True,16654.707840124876
CUST006057,1057.48,2,2023-07-01,528.74,966,True,57960.01660860993
CUST006058,1904.09,11,2025-11-05,173.0990909090909,108,True,18974.97103307143
CUST006059,1384.21,22,2024-03-17,62.91863636363637,706,True,6897.085918650854
CUST006061,0.0,6,2024-04-20,0.0,672,True,0.0
CUST006062,1332.05,14,2026-02-02,95.14642857142857,19,False,10429.868328951692
CUST006063,0.0,1,2024-03-24,0.0,699,True,0.0
CUST006064,1360.2,4,2025-06-16,340.05,250,True,37275.98374958922
CUST006065,2442.27,31,2026-02-13,78.78290322580645,8,False,8636.112984533513
CUST006066,321.01,10,2025-02-28,32.101,358,True,3518.8835593164636
CUST006067,957.7,27,2025-10-06,35.470370370370375,138,True,3888.230994023929
CUST006068,10261.72,80,2026-02-08,128.2715,13,False,14061.009703089056
CUST006069,19845.309999999998,59,2026-01-23,336.36118644067795,29,False,36871.6192317461
CUST006070,3224.12,28,2025-04-27,115.14714285714285,300,True,12622.329145580019
CUST006071,2958.0,6,2024-04-10,493.0,682,True,54042.22905027933
CUST006072,9144.45,115,2026-02-18,79.51695652173913,3,False,8716.579265170241
CUST006073,7031.379999999999,26,2026-01-28,270.43769230769226,24,False,29645.143431077628
CUST006074,1466.04,22,2026-01-02,66.63818181818182,50,False,7304.819239984465
CUST006075,903.26,6,2025-10-01,150.54333333333332,143,True,16502.428604447363
CUST006076,4930.29,48,2026-02-01,102.714375,20,False,11259.460001026946
CUST006077,4477.46,69,2026-02-03,64.89072463768116,18,False,7113.264511375597
CUST006078,0.0,12,2025-11-06,0.0,107,True,0.0
CUST006079,6089.91,52,2026-01-27,117.11365384615384,25,False,12837.89636119467
CUST006080,0.0,4,2023-10-24,0.0,851,True,0.0
CUST006081,3427.55,21,2025-05-29,163.21666666666667,268,True,17891.668326213166
CUST006082,1013.78,5,2025-01-04,202.756,413,True,22225.935483404533
CUST006083,4843.679999999999,16,2025-02-14,302.72999999999996,372,True,33184.99797239566
CUST006084,6126.28,68,2026-02-12,90.09235294117647,9,False,9875.844976319808
CUST006085,7857.860000000001,19,2026-01-10,413.57157894736844,42,False,45335.354965840495
CUST006086,7514.48,30,2026-02-20,250.48266666666666,1,False,27457.690963741916
CUST006087,0.0,5,2026-02-10,0.0,11,False,0.0
CUST006088,6758.46,52,2026-02-21,129.9703846153846,0,False,14247.239949568997
CUST006089,7536.16,32,2026-02-21,235.505,0,False,25815.852236279985
CUST006091,8451.31,70,2026-02-05,120.73299999999999,16,False,13234.645922773576
CUST006092,22596.0,70,2026-02-20,322.8,1,False,35385.05382845876
CUST006093,500.86,16,2026-02-04,31.30375,17,False,3431.489711222478
CUST006094,4587.5199999999995,34,2026-02-10,134.9270588235294,11,False,14790.5862434517
CUST006095,9751.05,35,2026-01-09,278.6014285714285,43,False,30540.045064081496
CUST006096,5505.75,46,2026-01-19,119.69021739130434,33,False,13120.3370047436
CUST006097,0.0,5,2025-04-27,0.0,300,True,0.0
CUST006098,13672.699999999999,88,2026-02-09,155.37159090909088,12,False,17031.697979341556
CUST006099,238.59,12,2026-02-07,19.8825,14,False,2179.502269963851
CUST006100,3538.94,25,2026-01-31,141.5576,21,False,15517.42037121262
CUST006101,24688.09,194,2026-02-20,127.25819587628867,1,False,13949.932190814816
CUST006102,7919.97,31,2025-10-18,255.48290322580647,126,True,28005.812524461217
CUST006103,1794.3000000000002,19,2026-01-16,94.43684210526317,36,False,10352.084080806684
CUST006104,0.0,2,2025-09-20,0.0,154,True,0.0
CUST006105,22598.62,110,2026-02-18,205.44199999999998,3,False,22520.37245547157
CUST006106,7353.91,12,2025-12-03,612.8258333333333,80,False,67177.43215604119
CUST006107,1066.26,10,2025-11-29,106.626,84,False,11688.24891422938
CUST006108,5415.1,27,2026-02-11,200.55925925925928,10,False,21985.1306836577
CUST006110,125.33,5,2023-10-25,25.066,850,True,2747.7130088728227
CUST006111,290.29,5,2024-08-27,58.05800000000001,543,True,6364.267209332895
CUST006112,801.87,34,2026-02-12,23.584411764705884,9,False,2585.3026016315166
CUST006113,0.0,16,2026-02-21,0.0,0,False,0.0
CUST006114,5786.27,55,2026-02-15,105.2049090909091,6,False,11532.470171003497
CUST006115,3949.37,30,2026-02-01,131.64566666666667,20,False,14430.882903603899
CUST006116,6058.9800000000005,72,2026-02-20,84.1525,1,False,9224.723489155438
CUST006117,8093.39,63,2026-02-09,128.46650793650795,12,False,14082.386302625337
CUST006118,7251.259999999999,53,2026-01-02,136.81622641509432,50,False,14997.675143447066
CUST006120,5172.34,42,2026-02-19,123.15095238095239,2,False,13499.699749151056
CUST006121,4694.08,19,2026-01-24,247.05684210526314,28,False,27082.15506996212
CUST006122,0.0,7,2026-01-17,0.0,35,False,0.0
CUST006123,1025.91,13,2024-06-17,78.91615384615385,614,True,8650.71980105665
CUST006124,6259.21,27,2026-01-09,231.8225925925926,43,False,25412.18995520989
CUST006125,31358.49,61,2026-02-10,514.073606557377,11,False,56352.2993798721
CUST006126,4567.88,25,2026-01-24,182.7152,28,False,20029.08050581663
CUST006127,3533.49,10,2025-10-21,353.349,123,True,38733.808504436405
CUST006128,793.46,20,2026-01-31,39.673,21,False,4348.919580348341
CUST006129,4658.99,38,2026-02-08,122.60499999999999,13,False,13439.85292638843
CUST006130,2467.02,32,2026-02-21,77.094375,0,False,8451.017996426224
CUST006131,6326.43,64,2026-02-13,98.85046875,8,False,10835.901975486773
CUST006132,7462.080000000001,85,2026-02-15,87.78917647058825,6,False,9623.372784906536
CUST006133,3279.46,12,2026-01-29,273.28833333333336,23,False,29957.62820845657
CUST006134,2103.08,14,2026-02-19,150.22,2,False,16466.98508708511
CUST006135,1003.53,8,2026-01-30,125.44125,22,False,13750.760172116334
CUST006136,4513.28,62,2026-02-20,72.79483870967742,1,False,7979.706586666384
CUST006137,14333.88,88,2026-02-17,162.885,4,False,17855.31131613539
CUST006138,5954.17,26,2025-12-12,229.00653846153847,71,False,25103.496562981876
CUST006139,1149.8400000000001,24,2025-12-17,47.910000000000004,66,False,5251.8523200788695
CUST006141,6849.46,24,2024-11-19,285.39416666666665,459,True,31284.65907629532
CUST006142,7680.139999999999,37,2025-12-15,207.57135135135132,68,False,22753.79008926113
CUST006143,8688.04,13,2025-10-27,668.3107692307693,117,True,73259.64232766248
CUST006144,7874.139999999999,48,2026-02-07,164.04458333333332,14,False,17982.42382750027
CUST006145,373.5,13,2026-01-12,28.73076923076923,40,False,3149.441808438029
CUST006146,1161.33,10,2025-12-17,116.133,66,False,12730.397943805456
CUST006147,5885.48,26,2026-02-01,226.36461538461538,20,False,24813.89126469324
CUST006148,6361.83,18,2026-02-19,353.435,2,False,38743.235749260595
CUST006149,11197.670000000002,20,2025-12-16,559.8835000000001,67,False,61373.939854912926
CUST006151,7319.5199999999995,46,2026-02-19,159.11999999999998,2,False,17442.595307262567
CUST006152,133.81,7,2024-06-01,19.115714285714287,630,True,2095.447890239895
CUST006154,4051.9,60,2026-02-16,67.53166666666667,5,False,7402.762268046884
CUST006155,1835.08,23,2026-02-21,79.78608695652174,0,False,8746.081108174143
CUST006156,9123.11,25,2024-09-15,364.92440000000005,524,True,40002.69373394676
CUST006157,2575.28,24,2025-08-11,107.30333333333334,194,True,11762.497602147005
CUST006158,2268.6,29,2026-02-10,78.22758620689655,11,False,8575.239618343965
CUST006159,2085.03,22,2026-02-01,94.77409090909092,20,False,10389.052999880501
CUST006160,8973.029999999999,71,2026-02-15,126.38070422535209,6,False,13853.742323087386
CUST006162,9789.36,55,2026-02-20,177.98836363636366,1,False,19510.928835539093
CUST006163,7789.5,54,2026-02-20,144.25,1,False,15812.558905685179
CUST006164,9904.87,39,2026-01-07,253.97102564102565,45,False,27840.081825206234
CUST006165,57439.6,249,2026-02-15,230.68112449799196,6,False,25287.063220479686
CUST006166,2605.5899999999997,20,2026-02-06,130.27949999999998,15,False,14281.124907821228
CUST006167,5084.02,60,2026-01-30,84.73366666666668,22,False,9288.430471135942
CUST006168,5537.07,18,2025-11-30,307.615,83,False,33720.487402234634
CUST006169,9560.400000000001,73,2026-02-02,130.96438356164384,19,False,14356.201245166316
CUST006170,3422.0299999999997,25,2026-02-08,136.88119999999998,13,False,15004.797491028587
CUST006171,1162.79,26,2026-01-27,44.722692307692306,25,False,4902.462436992845
CUST006172,13048.0,103,2026-02-11,126.67961165048544,10,False,13886.508293744355
CUST006173,0.0,12,2025-12-25,0.0,58,False,0.0
CUST006174,2982.88,8,2026-02-13,372.86,8,False,40872.58726914229
CUST006175,1495.6799999999998,19,2026-02-19,78.71999999999998,2,False,8629.217587906669
CUST006176,1628.69,41,2026-02-21,39.72414634146342,0,False,4354.526197590632
CUST006177,10324.47,74,2026-02-17,139.51986486486484,4,False,15294.045626959523
CUST006178,3319.68,35,2026-01-17,94.848,35,False,10397.154849819257
CUST006179,4371.36,86,2026-02-14,50.82976744186046,7,False,5571.914674777797
CUST006180,446.28999999999996,9,2025-11-04,49.587777777777774,109,True,5435.768853470624
CUST006181,1706.85,13,2026-02-21,131.29615384615383,0,False,14392.569613741496
CUST006182,169.72,11,2026-02-13,15.42909090909091,8,False,1691.3234583096826
CUST006183,1924.92,24,2026-01-21,80.205,31,False,8792.001989812685
CUST006184,1195.92,8,2024-05-09,149.49,653,True,16386.963125205388
CUST006185,3920.11,50,2026-02-17,78.40220000000001,4,False,8594.380629707526
CUST006186,601.01,23,2026-02-19,26.13086956521739,2,False,2864.443079769678
CUST006187,11659.36,38,2026-01-15,306.82526315789477,37,False,33633.91713994154
CUST006188,981.35,5,2023-12-10,196.27,804,True,21514.945833059483
CUST006189,7508.82,21,2026-01-16,357.5628571428571,36,False,39195.72784094643
CUST006190,2260.08,31,2026-02-02,72.9058064516129,19,False,7991.870773536301
CUST006191,4525.7699999999995,23,2025-11-02,196.77260869565217,111,True,21570.04135892783
CUST006192,5688.33,30,2025-12-01,189.611,82,False,20784.99207394019
CUST006193,9744.02,29,2026-02-10,336.00068965517244,11,False,36832.101889242695
CUST006194,6156.06,33,2025-12-13,186.54727272727274,70,False,20449.14896842231
CUST006195,0.0,11,2026-02-01,0.0,20,False,0.0
CUST006196,13400.08,118,2026-02-14,113.56,7,False,12448.347932960894
CUST006197,581.25,13,2026-01-28,44.71153846153846,24,False,4901.239762127455
CUST006198,1351.26,24,2026-01-08,56.3025,44,False,6171.830833881038
CUST006199,40327.07,310,2026-02-21,130.08732258064515,0,False,14260.058587101013
CUST006200,0.0,1,2023-10-07,0.0,868,True,0.0
CUST006201,0.0,8,2026-01-29,0.0,23,False,0.0
CUST006202,2742.12,48,2026-02-19,57.1275,2,False,6262.266612717713
CUST006203,1801.74,8,2025-06-14,225.2175,252,True,24688.145478968123
CUST006204,26088.57,28,2026-01-31,931.7346428571428,21,False,102135.93708593491
CUST006205,24807.260000000002,152,2026-02-20,163.20565789473685,1,False,17890.4615542574
CUST006206,374.22,6,2025-05-19,62.370000000000005,278,True,6836.94488005258
CUST006207,4103.05,7,2025-12-08,586.15,75,False,64253.25062438382
CUST006208,2430.8999999999996,6,2025-03-30,405.1499999999999,328,True,44412.18884324678
CUST006209,21622.63,77,2026-02-20,280.81337662337666,1,False,30782.516875989608
CUST006210,8509.38,77,2026-02-20,110.51142857142857,1,False,12114.166197831086
CUST006211,1480.5100000000002,13,2025-11-18,113.88538461538464,95,True,12484.016310068508
CUST006212,7689.6900000000005,46,2025-12-26,167.16717391304348,57,False,18324.719477275
CUST006213,11583.0,90,2026-02-16,128.7,5,False,14107.981498521194
CUST006214,26379.08,160,2026-02-15,164.86925000000002,6,False,18072.823066628327
CUST006215,3020.17,34,2026-01-18,88.8285294117647,34,False,9737.30574578106
CUST006217,362.5,8,2025-05-16,45.3125,281,True,4967.116640650674
CUST006218,6289.879999999999,30,2026-02-11,209.66266666666664,10,False,22983.038246029133
CUST006219,4800.56,14,2025-03-21,342.8971428571429,337,True,37588.085060795274
CUST006220,2871.6600000000003,26,2026-02-20,110.44846153846154,1,False,12107.263806719078
CUST006221,5866.48,56,2026-02-18,104.75857142857141,3,False,11483.543026618467
CUST006222,8470.12,30,2024-12-14,282.33733333333333,434,True,30949.571678387554
CUST006223,248.79,23,2025-11-12,10.81695652173913,101,True,1185.745318407178
CUST006224,4180.84,29,2024-01-24,144.16689655172414,759,True,15803.449178329007
CUST006225,12138.89,47,2025-12-26,258.27425531914895,57,False,28311.798100908258
CUST006226,4715.12,29,2026-01-21,162.5903448275862,31,False,17823.011473704486
CUST006227,8993.16,71,2026-02-10,126.66422535211268,11,False,13884.821661166472
CUST006228,149.7,38,2026-02-09,3.939473684210526,12,False,431.84166162201427
CUST006229,23939.27,178,2026-02-03,134.49028089887642,18,False,14742.707029155146
CUST006230,309.13,9,2026-01-31,34.34777777777778,21,False,3765.1733753240587
CUST006231,11215.86,22,2025-08-19,509.8118181818182,186,True,55885.12586353181
CUST006232,3035.21,30,2026-02-06,101.17366666666666,15,False,11090.568900317669
CUST006233,13031.7,39,2026-02-07,334.1461538461539,14,False,36628.80929497712
CUST006234,11564.51,65,2026-02-14,177.91553846153846,7,False,19502.945803533963
CUST006235,893.69,8,2024-04-22,111.71125,670,True,12245.689574022348
CUST006236,0.0,5,2026-02-03,0.0,18,False,0.0
CUST006237,8680.2,59,2026-02-20,147.1220338983051,1,False,16127.388751065238
CUST006238,2795.82,24,2024-08-08,116.4925,562,True,12769.806019553072
CUST006239,0.0,5,2026-01-09,0.0,43,False,0.0
CUST006240,3452.38,29,2026-02-17,119.04758620689655,4,False,13049.89233605675
CUST006242,8507.39,24,2026-01-07,354.4745833333333,45,False,38857.19396552196
CUST006243,183.82,8,2025-12-03,22.9775,80,False,2518.7734645087085
CUST006244,12751.02,87,2026-02-15,146.56344827586207,6,False,16066.1570834136
CUST006245,9404.12,24,2026-01-28,391.83833333333337,24,False,42952.97557947201
CUST006246,0.0,6,2025-08-01,0.0,204,True,0.0
CUST006247,1352.85,16,2025-03-03,84.553125,355,True,9268.639651454156
CUST006249,479.28,20,2024-06-10,23.964,621,True,2626.9127321721985
CUST006251,0.0,13,2025-04-09,0.0,318,True,0.0
CUST006252,8342.529999999999,48,2026-02-04,173.8027083333333,17,False,19052.1009600586
CUST006253,1481.6399999999999,33,2026-02-11,44.89818181818181,10,False,4921.699443730768
CUST006254,4623.77,79,2026-02-20,58.52873417721519,1,False,6415.868678352891
CUST006255,4417.72,34,2026-02-06,129.9329411764706,15,False,14243.13543252595
CUST006256,2873.1000000000004,51,2026-01-31,56.33529411764707,21,False,6175.425696390946
CUST006257,8783.089999999998,24,2026-02-08,365.9620833333333,13,False,40116.443673868984
CUST006258,3816.88,26,2025-10-25,146.80307692307693,119,True,16092.42496625294
CUST006259,3119.56,26,2025-05-25,119.98307692307692,272,True,13152.440010617052
CUST006260,4033.4,35,2026-02-21,115.24000000000001,0,False,12632.508064410122
CUST006261,0.0,6,2026-01-27,0.0,25,False,0.0
CUST006262,730.69,9,2024-04-17,81.18777777777778,675,True,8899.73323072991
CUST006263,1457.97,8,2023-10-21,182.24625,854,True,19977.674616743345
CUST006264,2823.06,17,2026-01-11,166.06235294117647,41,False,18203.60996810423
CUST006265,3279.77,17,2025-11-18,192.92764705882354,95,True,21148.560025323306
CUST006266,6133.35,83,2026-02-09,73.89578313253013,12,False,8100.39115192284
CUST006267,5052.68,40,2026-02-05,126.31700000000001,16,False,13846.759121590538
CUST006268,2447.08,17,2026-02-04,143.94588235294117,17,False,15779.22179505519
CUST006269,3438.76,20,2025-11-11,171.93800000000002,102,True,18847.693262569835
CUST006271,3609.76,71,2026-02-05,50.841690140845074,16,False,5573.221630618414
CUST006272,532.48,5,2023-10-12,106.49600000000001,863,True,11673.998427867236
CUST006273,4612.26,16,2025-12-09,288.26625,74,False,31599.494340699966
CUST006274,8519.369999999999,34,2026-02-02,250.5697058823529,19,False,27467.232126481216
CUST006275,1925.78,16,2026-01-26,120.36125,26,False,13193.895012734143
CUST006276,14289.800000000001,113,2026-01-19,126.45840707964602,33,False,13862.260042052121
CUST006277,14562.59,83,2026-01-31,175.45289156626507,21,False,19232.99260356576
CUST006278,0.0,13,2026-01-20,0.0,32,False,0.0
CUST006279,603.9,10,2026-01-11,60.39,41,False,6619.8990108445605
CUST006280,0.0,3,2025-02-26,0.0,360,True,0.0
CUST006281,1009.53,10,2026-02-14,100.953,7,False,11066.379613210647
CUST006282,179.68,7,2026-01-13,25.66857142857143,39,False,2813.7663621426223
CUST006283,7774.31,29,2026-01-30,268.0796551724138,22,False,29386.65746155677
CUST006284,2024.1,6,2024-06-11,337.34999999999997,620,True,36980.0121097601
CUST006286,2752.06,17,2025-01-03,161.88588235294117,414,True,17745.78891303087
CUST006287,1070.43,36,2026-01-21,29.734166666666667,31,False,3259.433358253916
CUST006288,4254.15,63,2026-02-17,67.52619047619046,4,False,7402.161972833825
CUST006289,6826.05,11,2025-10-20,620.5500000000001,124,True,68024.1485540585
CUST006290,3819.81,24,2026-01-08,159.15875,44,False,17446.843048389746
CUST006291,0.0,4,2025-04-15,0.0,312,True,0.0
CUST006292,7170.47,39,2026-02-21,183.85820512820513,0,False,20154.375728826984
CUST006293,3138.53,12,2024-04-23,261.5441666666667,669,True,28670.242924471466
CUST006294,503.74,15,2026-02-13,33.58266666666667,8,False,3681.302564136269
CUST006295,597.5,13,2026-01-26,45.96153846153846,26,False,5038.26366945575
CUST006296,4154.21,13,2024-11-23,319.5546153846154,455,True,35029.297603832245
CUST006297,0.0,5,2024-10-15,0.0,494,True,0.0
CUST006298,3091.08,39,2026-01-21,79.25846153846153,31,False,8688.243271063473
CUST006299,3950.47,29,2025-11-19,136.22310344827585,94,True,14932.657522295374
CUST006300,1974.19,17,2024-08-23,116.12882352941176,547,True,12729.940122750382
CUST006301,858.85,10,2025-12-01,85.885,82,False,9414.638624712456
CUST006302,1462.76,10,2024-09-19,146.276,520,True,16034.647254682879
CUST006303,215.4,6,2025-03-05,35.9,353,True,3935.3266184686163
CUST006304,1724.47,18,2026-01-06,95.80388888888889,46,False,10501.938554241064
CUST006305,0.0,5,2024-09-15,0.0,524,True,0.0
CUST006306,4958.82,53,2026-01-20,93.56264150943396,32,False,10256.25497566329
CUST006308,1508.75,31,2026-01-27,48.66935483870968,25,False,5335.092133717787
CUST006309,1697.72,12,2024-11-28,141.47666666666666,450,True,15508.54852995947
CUST006310,214.38,6,2026-02-08,35.73,13,False,3916.691367071968
CUST006311,1922.67,24,2026-02-16,80.11125,5,False,8781.725196763062
CUST006312,2683.11,41,2026-01-13,65.44170731707317,39,False,7173.662751056001
CUST006313,2326.24,12,2025-04-01,193.85333333333332,326,True,21250.032945558112
CUST006314,3927.34,41,2026-02-19,95.78878048780489,2,False,10500.282384521051
CUST006315,1317.1999999999998,20,2025-12-04,65.85999999999999,79,False,7219.515629313177
CUST006316,2240.45,14,2026-02-08,160.03214285714284,13,False,17542.583609924415
CUST006317,1796.25,39,2025-10-06,46.05769230769231,138,True,5048.803970019465
CUST006318,0.0,10,2026-02-14,0.0,7,False,0.0
CUST006319,1510.1,22,2025-12-09,68.64090909090909,74,False,7524.356452962088
CUST006320,317.56,14,2025-12-29,22.68285714285714,54,False,2486.474972067039
CUST006321,1389.7400000000002,22,2024-11-17,63.17000000000001,461,True,6924.640180742689
CUST006322,2808.24,6,2025-06-11,468.03999999999996,255,True,51306.135668747935
CUST006323,120.91,7,2025-12-29,17.27285714285714,54,False,1893.4355011501805
CUST006324,17503.47,50,2026-02-10,350.06940000000003,11,False,38374.30161925732
CUST006326,418.0,6,2024-09-21,69.66666666666667,518,True,7636.799101763611
CUST006327,720.0,17,2025-11-10,42.35294117647059,103,True,4642.692389476329
CUST006328,6874.780000000001,41,2026-02-20,167.67756097560977,1,False,18380.667660925115
CUST006329,4676.17,59,2026-02-14,79.2571186440678,7,False,8688.096064153906
CUST006330,0.0,6,2025-10-18,0.0,126,True,0.0
CUST006331,2595.04,17,2026-02-21,152.6494117647059,0,False,16733.295081092576
CUST006332,1284.64,30,2026-01-08,42.821333333333335,44,False,4694.037128272538
CUST006333,2149.84,50,2026-02-19,42.9968,2,False,4713.271630890568
CUST006334,12337.09,119,2025-08-14,103.67302521008403,191,True,11364.546399064391
CUST006335,2778.95,30,2026-02-16,92.63166666666666,5,False,10154.202327199035
CUST006336,400.2,7,2025-12-01,57.17142857142857,82,False,6267.082024318107
CUST006337,1775.23,35,2025-08-11,50.72085714285714,194,True,5559.9760230036145
CUST006338,1491.9,9,2024-01-20,165.76666666666668,763,True,18171.197097162887
CUST006339,860.02,13,2025-03-16,66.15538461538462,342,True,7251.89543264491
CUST006340,1098.54,3,2023-12-22,366.18,792,True,40140.33150837989
CUST006341,8260.85,52,2026-02-09,158.8625,12,False,17414.368382352943
CUST006342,15450.5,33,2025-09-27,468.1969696969697,147,True,51323.34254971669
CUST006343,3487.9399999999996,12,2025-06-13,290.66166666666663,253,True,31862.077821776747
CUST006344,3743.09,46,2026-02-18,81.37152173913044,3,False,8919.875083155925
CUST006345,9875.54,64,2025-05-29,154.3053125,268,True,16914.813472210815
CUST006346,2972.16,50,2025-04-11,59.4432,316,True,6516.111622477818
CUST006347,2580.92,18,2025-08-17,143.38444444444445,188,True,15717.677462299633
CUST006348,1941.52,22,2025-10-20,88.25090909090909,124,True,9673.987511128373
CUST006349,6649.0199999999995,75,2026-02-11,88.6536,10,False,9718.130136575748
CUST006350,2348.77,14,2025-11-11,167.7692857142857,102,True,18390.72244659875
CUST006351,18894.21,8,2024-02-12,2361.77625,740,True,258895.84800813338
CUST006352,697.23,6,2026-01-05,116.205,47,False,12738.290520867564
CUST006353,4972.26,54,2026-01-30,92.0788888888889,22,False,10093.607310402747
CUST006354,2688.81,27,2026-01-07,99.58555555555556,45,False,10916.48154854493
CUST006355,3761.13,38,2025-02-18,98.9771052631579,368,True,10849.783759361433
CUST006356,4818.59,60,2026-02-07,80.30983333333333,14,False,8803.49372817395
CUST006357,727.11,4,2023-07-29,181.7775,938,True,19926.290651495234
CUST006358,15513.140000000001,110,2026-02-20,141.02854545454548,1,False,15459.42587440624
CUST006359,19734.73,109,2026-02-16,181.05256880733944,5,False,19846.824327845225
CUST006360,11274.33,72,2026-02-08,156.58791666666667,13,False,17165.03054565122
CUST006361,1007.27,7,2024-10-17,143.8957142857143,492,True,15773.722415379561
CUST006362,5917.87,15,2026-01-08,394.52466666666663,44,False,43247.44909124767
CUST006363,12102.880000000001,41,2026-01-31,295.1921951219513,21,False,32358.71039074085
CUST006364,242.2,15,2026-02-15,16.146666666666665,6,False,1769.9834855953552
CUST006365,21284.829999999998,130,2026-02-18,163.72946153846152,3,False,17947.880451806162
CUST006366,4578.96,30,2026-01-29,152.632,23,False,16731.38641866579
CUST006367,0.0,1,2025-08-24,0.0,181,True,0.0
CUST006368,4266.31,31,2026-02-15,137.62290322580645,6,False,15086.10235029099
CUST006369,1066.26,10,2024-10-11,106.626,498,True,11688.24891422938
CUST006370,4229.17,36,2026-02-06,117.47694444444444,15,False,12877.719959013399
CUST006371,2956.51,13,2025-12-14,227.42384615384617,69,False,24930.003215703127
CUST006372,2279.62,53,2026-02-11,43.011698113207544,10,False,4714.904749037381
CUST006373,10145.43,86,2026-02-10,117.97011627906977,11,False,12931.7810244251
CUST006374,5445.51,48,2026-02-20,113.448125,1,False,12436.084293255011
CUST006375,0.0,1,2023-12-11,0.0,803,True,0.0
CUST006376,8806.99,37,2026-02-21,238.02675675675675,0,False,26092.285007593855
CUST006377,4347.26,31,2025-12-12,140.2341935483871,71,False,15372.34971282584
CUST006378,5661.860000000001,25,2026-01-12,226.47440000000003,40,False,24825.92575826487
CUST006379,3495.46,51,2026-01-23,68.53843137254903,29,False,7513.122935055061
CUST006380,3883.7300000000005,17,2025-02-09,228.45470588235298,377,True,25043.00515802904
CUST006381,4816.0,61,2025-08-05,78.95081967213115,200,True,8654.519838597587
CUST006382,1036.37,8,2023-09-27,129.54625,878,True,14200.74668378245
CUST006383,1139.8600000000001,15,2025-08-18,75.99066666666667,187,True,8330.030453718919
CUST006384,786.0,13,2024-04-16,60.46153846153846,676,True,6627.740994463964
CUST006385,1024.46,11,2026-02-14,93.13272727272728,7,False,10209.128152839603
CUST006386,6699.59,36,2026-02-20,186.09972222222223,1,False,20400.088873279292
CUST006387,7843.98,33,2026-01-19,237.69636363636363,33,False,26056.067602545332
CUST006388,209.2,9,2026-02-20,23.244444444444444,1,False,2548.035681162595
CUST006389,211.88,32,2026-02-19,6.62125,2,False,725.8156371179756
CUST006390,622.71,2,2025-05-11,311.355,286,True,34130.462932960894
CUST006391,0.0,6,2025-09-07,0.0,167,True,0.0
CUST006392,4474.22,36,2026-02-21,124.2838888888889,0,False,13623.891258808924
CUST006394,3778.31,33,2026-01-22,114.49424242424243,30,False,12550.758770850138
CUST006395,4918.5,6,2025-11-04,819.75,109,True,89860.27842589549
CUST006396,8015.2,11,2025-05-16,728.6545454545454,281,True,79874.47432856332
CUST006397,1227.2,29,2026-01-22,42.317241379310346,30,False,4638.77900891815
CUST006398,5812.65,38,2026-01-21,152.9644736842105,31,False,16767.831893301274
CUST006399,2217.44,22,2026-02-13,100.79272727272728,8,False,11048.810656947391
CUST006400,6641.62,47,2025-02-25,141.31106382978723,361,True,15490.395291740373
CUST006401,20805.620000000003,48,2026-02-19,433.45041666666674,2,False,47514.455779795164
CUST006402,9416.59,29,2025-12-19,324.71,64,False,35594.42635885639
CUST006403,4693.5,33,2026-01-31,142.22727272727272,21,False,15590.829310190302
CUST006404,126.66,11,2026-01-03,11.514545454545454,49,False,1262.2144074328562
CUST006405,5032.96,7,2023-12-04,718.9942857142858,810,True,78815.52510023004
CUST006406,6611.29,86,2026-02-07,76.87546511627907,14,False,8427.021286330046
CUST006407,11385.04,55,2026-02-13,207.0007272727273,8,False,22691.238776566188
CUST006408,3442.0099999999998,37,2024-05-25,93.0272972972973,637,True,10197.571011093249
CUST006409,0.0,6,2024-04-30,0.0,662,True,0.0
CUST006410,5139.46,68,2026-02-18,75.58029411764706,3,False,8285.045773617367
CUST006411,493.49,29,2026-02-21,17.016896551724138,0,False,1865.3773248948974
CUST006412,16210.62,113,2026-02-18,143.45681415929204,3,False,15725.610567180152
CUST006413,10728.76,37,2026-01-14,289.9664864864865,38,False,31785.872778108373
CUST006414,8959.13,30,2025-05-25,298.63766666666663,272,True,32736.399969657134
CUST006415,2233.2200000000003,17,2023-10-28,131.36588235294118,847,True,14400.213191703233
CUST006416,2614.73,28,2025-07-06,93.38321428571429,230,True,10236.586320243181
CUST006417,8273.31,27,2026-02-20,306.4188888888889,1,False,33589.37074780005
CUST006418,4916.21,32,2024-11-30,153.6315625,448,True,16840.95758616086
CUST006419,1886.16,29,2026-01-16,65.04,36,False,7129.627946105817
CUST006420,1887.34,10,2025-10-31,188.73399999999998,113,True,20688.856100558656
CUST006421,18801.61,132,2026-02-11,142.4364393939394,10,False,15613.757977349902
CUST006422,3100.77,19,2025-10-29,163.19842105263157,115,True,17889.668257951813
CUST006423,1266.5,32,2026-01-29,39.578125,23,False,4338.519465782123
CUST006424,2846.3900000000003,60,2026-02-21,47.43983333333334,0,False,5200.3130610691205
CUST006425,7869.01,24,2025-12-03,327.8754166666667,80,False,35941.41656684741
CUST006426,1225.28,13,2025-12-10,94.2523076923077,73,False,10331.85557976693
CUST006428,217.3,9,2026-01-16,24.144444444444446,36,False,2646.6928944389674
CUST006429,2140.95,26,2026-02-18,82.34423076923076,3,False,9026.502596754215
CUST006430,2532.4,47,2026-01-28,53.88085106382979,24,False,5906.371794351879
CUST006431,3384.38,21,2025-12-14,161.16095238095238,69,False,17666.322723189835
CUST006432,4019.97,11,2025-11-16,365.45181818181817,97,True,40060.50885400173
CUST006433,16238.189999999999,91,2026-02-10,178.44164835164833,11,False,19560.61750979549
CUST006434,3460.73,46,2026-01-20,75.23326086956521,32,False,8247.004292317364
CUST006435,5637.65,66,2026-02-16,85.41893939393938,5,False,9363.54946847708
CUST006436,0.0,9,2024-12-16,0.0,432,True,0.0
CUST006437,0.0,18,2026-01-03,0.0,49,False,0.0
CUST006438,2251.36,34,2026-02-08,66.2164705882353,13,False,7258.591623591271
CUST006439,1464.84,24,2025-03-22,61.035,336,True,6690.603347025961
CUST006440,2379.2,13,2026-01-26,183.0153846153846,26,False,20061.9864809525
CUST006441,13512.279999999999,113,2026-02-07,119.57769911504424,14,False,13108.0028496564
CUST006442,564.61,11,2025-09-20,51.32818181818182,154,True,5626.550423027515
CUST006443,0.0,8,2025-12-16,0.0,67,False,0.0
CUST006444,13451.82,51,2025-01-31,263.7611764705882,386,True,28913.269601206237
CUST006445,2248.27,23,2026-02-20,97.75086956521739,1,False,10715.364874051636
CUST006446,1560.9199999999998,19,2026-01-31,82.15368421052631,21,False,9005.6150495529
CUST006447,646.27,7,2025-12-19,92.32428571428571,64,False,10120.50749589221
CUST006448,11358.23,46,2024-09-21,246.91804347826087,518,True,27066.940085799193
CUST006449,653.64,7,2025-01-17,93.37714285714286,400,True,10235.920775550443
CUST006450,7350.37,35,2026-02-13,210.01057142857144,8,False,23021.175261912587
CUST006451,6901.09,54,2026-02-19,127.79796296296297,2,False,14009.100987025475
CUST006452,2172.94,12,2024-09-29,181.07833333333335,510,True,19849.648612662942
CUST006453,1114.99,36,2026-01-29,30.971944444444446,23,False,3395.117476266112
CUST006454,2541.55,6,2025-12-21,423.5916666666667,62,False,46433.74822269691
CUST006455,222.36,15,2025-09-22,14.824000000000002,152,True,1624.9939217877097
CUST006456,8597.87,42,2026-02-20,204.7111904761905,1,False,22440.261754299485
CUST006457,1845.39,27,2026-02-16,68.34777777777778,5,False,7492.223654653668
CUST006459,10653.51,78,2026-02-05,136.58346153846153,16,False,14972.159661139058
CUST006460,7461.77,63,2026-01-30,118.44079365079365,22,False,12983.376266476796
CUST006461,1452.2,10,2025-11-09,145.22,104,True,15918.889457771935
CUST006462,49978.42,221,2026-02-10,226.14669683257918,11,False,24790.003223509782
CUST006463,10798.49,40,2026-02-17,269.96225,4,False,29593.025860910282
CUST006464,5684.77,21,2025-05-12,270.7033333333334,285,True,29674.262768101657
CUST006465,4713.08,37,2025-01-17,127.38054054054054,400,True,13963.343505964063
CUST006468,1502.27,23,2026-02-02,65.31608695652174,19,False,7159.892356941806
CUST006469,882.11,3,2026-02-19,294.0366666666667,2,False,32232.042371563155
CUST006470,2795.76,39,2026-01-22,71.68615384615386,30,False,7858.173521069795
CUST006471,20584.87,37,2025-10-14,556.3478378378378,130,True,60986.3636593511
CUST006472,2262.86,22,2025-11-21,102.85727272727273,92,True,11275.12432497834
CUST006473,3399.67,27,2026-02-20,125.9137037037037,1,False,13802.550134126897
CUST006474,361.87,5,2025-12-28,72.374,55,False,7933.574615182385
CUST006475,4448.18,41,2026-02-20,108.49219512195123,1,False,11892.819592186786
CUST006476,9729.33,95,2026-02-12,102.414,9,False,11226.533156095958
CUST006477,2908.92,12,2026-02-11,242.41,10,False,26572.772300361485
CUST006478,9790.35,33,2025-11-23,296.67727272727274,90,False,32521.50329967437
CUST006479,0.0,5,2025-10-10,0.0,134,True,0.0
CUST006480,2246.68,23,2026-01-14,97.68173913043478,38,False,10707.786856220262
CUST006481,3042.09,26,2026-02-10,117.00346153846155,11,False,12825.817176748655
CUST006482,1661.08,8,2024-08-18,207.635,552,True,22760.76719848833
CUST006484,7937.04,30,2026-01-13,264.568,39,False,29001.712891225758
CUST006486,708.22,11,2026-02-04,64.38363636363637,17,False,7057.677938039615
CUST006487,1611.43,26,2026-02-09,61.97807692307693,12,False,6793.982614954878
CUST006488,8249.43,27,2025-11-22,305.53444444444443,91,True,33492.41872092598
CUST006489,965.04,8,2025-10-26,120.63,118,True,13223.355152809725
CUST006490,11901.02,112,2026-01-26,106.25910714285715,26,False,11648.030439944134
CUST006492,0.0,15,2025-12-26,0.0,57,False,0.0
CUST006493,3445.67,13,2026-02-01,265.0515384615385,20,False,29054.717954700576
CUST006495,5288.56,63,2026-02-18,83.94539682539683,3,False,9202.021020192062
CUST006496,768.4000000000001,19,2026-02-19,40.4421052631579,2,False,4433.2282269920615
CUST006497,14355.85,42,2024-12-07,341.80595238095236,441,True,37468.46971464563
CUST006498,3630.5299999999997,34,2025-07-12,106.78029411764705,224,True,11705.162500531595
CUST006499,6224.78,37,2026-01-08,168.2372972972973,44,False,18442.02546722207
CUST006500,831.74,3,2024-03-16,277.24666666666667,707,True,30391.5372483295
CUST006501,450.18,18,2026-01-26,25.01,26,False,2741.5743378245156
CUST006502,7359.65,36,2026-01-13,204.4347222222222,39,False,22409.955545970715
CUST006503,13934.43,20,2026-01-01,696.7215,51,False,76374.00179970425
CUST006504,15395.82,136,2026-02-21,113.20455882352941,0,False,12409.3847819006
CUST006505,3072.94,5,2026-01-11,614.588,41,False,67370.59932566546
CUST006506,7275.91,76,2025-06-25,95.73565789473685,241,True,10494.459132305377
CUST006507,2185.4399999999996,21,2025-12-17,104.0685714285714,66,False,11407.905829773248
CUST006508,540.06,19,2026-01-29,28.424210526315786,23,False,3115.8371112302607
CUST006509,16418.41,43,2026-02-03,381.82348837209304,18,False,41855.15702917103
CUST006510,1326.44,6,2024-03-06,221.07333333333335,717,True,24233.865551539053
CUST006511,6651.79,42,2026-02-11,158.37595238095238,10,False,17361.033457662394
CUST006512,940.21,4,2025-08-04,235.0525,201,True,25766.24958182714
CUST006513,4848.72,15,2026-02-04,323.248,17,False,35434.16319684522
CUST006514,0.0,4,2024-05-17,0.0,645,True,0.0
CUST006515,118.51,5,2025-05-13,23.702,284,True,2598.192521196188
CUST006516,588.52,11,2025-11-27,53.50181818181818,86,False,5864.82254115257
CUST006517,3051.61,54,2026-02-17,56.5112962962963,4,False,6194.718901364395
CUST006518,7390.64,47,2026-02-16,157.2476595744681,5,False,17237.350986498488
CUST006519,0.0,1,2024-02-06,0.0,746,True,0.0
CUST006520,78.75,9,2026-01-23,8.75,29,False,959.1673512980611
CUST006521,20499.06,59,2026-02-04,347.44169491525423,17,False,38086.254884842674
CUST006522,5958.59,31,2026-02-06,192.2125806451613,15,False,21070.17507012392
CUST006523,1586.32,27,2025-01-11,58.75259259259259,406,True,6440.407842163556
CUST006524,5056.62,59,2026-01-09,85.70542372881356,43,False,9394.953630839325
CUST006525,0.0,2,2024-02-06,0.0,746,True,0.0
CUST006526,255.94,12,2026-01-17,21.328333333333333,35,False,2337.9932561069118
CUST006527,7989.400000000001,16,2026-02-02,499.33750000000003,19,False,54736.94026043378
CUST006528,1769.8600000000001,11,2025-10-10,160.89636363636365,134,True,17637.318736294925
CUST006529,2525.51,26,2026-02-08,97.135,13,False,10647.853790667104
CUST006530,9394.17,28,2026-02-09,335.50607142857143,12,False,36777.88227160697
CUST006531,3886.83,49,2026-01-24,79.32306122448979,28,False,8695.324632176893
CUST006532,5328.5199999999995,24,2025-10-02,222.02166666666665,142,True,24337.821022565447
CUST006533,3040.55,30,2026-02-05,101.35166666666667,16,False,11110.081104721217
CUST006534,2003.2399999999998,34,2026-01-29,58.91882352941176,23,False,6458.629932149001
CUST006535,4486.91,16,2025-07-14,280.431875,222,True,30740.69700151988
CUST006536,882.1199999999999,12,2025-12-15,73.50999999999999,68,False,8058.101942162339
CUST006537,0.0,3,2024-04-01,0.0,691,True,0.0
CUST006538,4851.51,22,2026-01-31,220.52318181818183,21,False,24173.55842335614
CUST006539,6493.43,45,2026-01-15,144.29844444444444,37,False,15817.86934333808
CUST006540,781.02,14,2025-10-29,55.787142857142854,115,True,6115.337834373973
CUST006541,769.1299999999999,18,2025-09-24,42.72944444444444,150,True,4683.964348596049
CUST006542,8382.49,51,2026-02-19,164.36254901960783,2,False,18017.278948083997
CUST006543,14909.970000000001,43,2026-02-09,346.74348837209305,12,False,38009.718093909774
CUST006544,0.0,5,2025-04-22,0.0,305,True,0.0
CUST006545,5326.29,55,2026-01-31,96.84163636363637,21,False,10615.695525289038
CUST006546,15170.54,95,2026-01-29,159.68989473684212,23,False,17505.06667014892
CUST006547,1582.68,11,2025-07-16,143.88,220,True,15771.999829116003
CUST006548,431.28999999999996,8,2025-02-21,53.911249999999995,365,True,5909.704099162011
CUST006549,9541.6,44,2025-02-09,216.85454545454547,377,True,23771.40571206644
CUST006550,4386.71,21,2025-12-17,208.89095238095237,66,False,22898.443600613427
CUST006551,5656.56,12,2025-09-16,471.38000000000005,158,True,51672.26354912916
CUST006552,353.99,14,2026-02-03,25.285,18,False,2771.71959743674
CUST006553,1634.79,27,2026-02-07,60.547777777777775,14,False,6637.194472925111
CUST006554,0.0,6,2024-03-31,0.0,692,True,0.0
CUST006555,0.0,19,2026-02-13,0.0,8,False,0.0
CUST006556,4492.76,44,2026-02-05,102.10818181818182,16,False,11193.009634332147
CUST006557,26120.379999999997,87,2026-02-16,300.2342528735632,5,False,32911.41635402148
CUST006558,7612.06,18,2025-11-08,422.89222222222224,105,True,46357.07573410743
CUST006559,8109.91,56,2025-12-27,144.81982142857143,56,False,15875.022232582976
CUST006560,5477.14,32,2024-07-18,171.160625,583,True,18762.478094602367
CUST006561,10358.4,93,2026-02-20,111.38064516129032,1,False,12209.448960597034
CUST006563,0.0,8,2026-01-08,0.0,44,False,0.0
CUST006564,525.36,27,2026-01-15,19.45777777777778,37,False,2132.9445912294154
CUST006565,11459.55,75,2026-02-15,152.79399999999998,6,False,16749.144717055533
CUST006566,3495.7700000000004,14,2025-06-30,249.69785714285717,236,True,27371.660829773253
CUST006567,9992.04,136,2026-02-18,73.47088235294119,3,False,8053.8138998859495
CUST006568,8964.75,72,2026-02-05,124.51041666666667,16,False,13648.723035792531
CUST006569,5423.16,9,2023-11-17,602.5733333333333,827,True,66053.5620681345
CUST006570,9984.09,61,2026-02-20,163.67360655737704,1,False,17941.757677604608
CUST006571,1009.1,20,2025-03-30,50.455,328,True,5530.832995399276
CUST006572,636.4,4,2025-05-19,159.1,278,True,17440.402924745318
CUST006573,213.45,15,2025-11-11,14.229999999999999,102,True,1559.8801610253038
CUST006574,19826.21,96,2026-02-20,206.52302083333333,1,False,22638.873014260873
CUST006575,921.87,14,2025-12-23,65.84785714285714,60,False,7218.184539927703
CUST006576,684.65,21,2025-08-28,32.602380952380955,177,True,3573.84450104064
CUST006577,3869.3199999999997,16,2025-08-21,241.83249999999998,184,True,26509.467255175812
CUST006578,10719.9,116,2026-02-16,92.41293103448275,5,False,10130.224718404024
CUST006579,7243.22,60,2025-04-09,120.72033333333334,318,True,13233.257413845984
CUST006580,0.0,2,2023-11-26,0.0,818,True,0.0
CUST006581,5592.32,37,2025-08-15,151.1437837837838,190,True,16568.249457949572
CUST006582,939.66,20,2025-12-23,46.983,60,False,5150.235390404206
CUST006583,15176.37,53,2025-10-21,286.34660377358495,123,True,31389.06439939484
CUST006584,4645.03,51,2026-01-18,91.07901960784314,34,False,9984.002513837608
CUST006585,10569.44,59,2026-02-01,179.14305084745763,20,False,19637.504638263978
CUST006586,9982.57,36,2026-02-16,277.2936111111111,5,False,30396.683257293604
CUST006588,5473.18,7,2025-08-02,781.8828571428572,203,True,85709.31532697997
CUST006589,0.0,14,2025-12-13,0.0,70,False,0.0
CUST006590,1996.4299999999998,13,2024-12-16,153.57153846153844,432,True,16834.37780353396
CUST006591,118.66,10,2025-11-23,11.866,90,False,1300.7405474860334
CUST006592,0.0,11,2025-11-29,0.0,84,False,0.0
CUST006593,2838.3,11,2025-11-14,258.02727272727276,99,True,28284.724085083504
CUST006594,363.98,11,2026-01-06,33.08909090909091,46,False,3627.1972210438266
CUST006595,1317.44,9,2025-07-03,146.38222222222223,233,True,16046.291241830066
CUST006596,20763.43,25,2026-02-17,830.5372,4,False,91042.76186040092
CUST006597,4008.75,18,2025-12-31,222.70833333333334,52,False,24413.092822324463
CUST006598,1463.27,33,2026-01-21,44.34151515151515,31,False,4860.678130333901
CUST006599,4439.32,31,2025-06-12,143.20387096774192,254,True,15697.883155629524
CUST006600,4632.49,17,2025-12-20,272.4994117647059,63,False,29871.147315729442
CUST006601,0.0,1,2023-10-17,0.0,858,True,0.0
CUST006602,5390.969999999999,12,2024-10-12,449.24749999999995,497,True,49246.11824597436
CUST006603,2879.87,5,2025-10-09,575.9739999999999,135,True,63137.76639960564
CUST006604,67.36,5,2025-09-10,13.472,164,True,1476.7888636214261
CUST006605,897.62,12,2024-11-17,74.80166666666666,461,True,8199.693313068243
CUST006606,11504.72,45,2026-01-17,255.66044444444444,35,False,28025.2744376529
CUST006608,726.12,6,2024-07-08,121.02,593,True,13266.106611896155
CUST006609,5396.49,47,2026-01-27,114.81893617021277,25,False,12586.351415456471
CUST006610,4441.6,22,2025-04-07,201.8909090909091,320,True,22131.10497415828
CUST006611,3488.1,28,2026-01-14,124.575,38,False,13655.802604337823
CUST006612,18789.11,107,2026-02-19,175.59915887850468,2,False,19249.026298475743
CUST006613,0.0,3,2024-01-14,0.0,769,True,0.0
CUST006614,6034.99,54,2025-12-04,111.75907407407406,79,False,12250.932007217534
CUST006615,26862.920000000002,152,2026-02-19,176.72973684210527,2,False,19372.959266565194
CUST006616,0.0,1,2023-10-27,0.0,848,True,0.0
CUST006617,9417.86,77,2026-02-20,122.30987012987013,1,False,13407.501048008844
CUST006618,5169.570000000001,13,2025-12-08,397.6592307692308,75,False,43591.05726813115
CUST006619,3355.42,31,2026-01-11,108.23935483870967,41,False,11865.103461354985
CUST006620,5692.339999999999,46,2026-01-25,123.74652173913042,27,False,13564.985541585105
CUST006621,1447.77,5,2026-02-09,289.554,12,False,31740.656370029574
CUST006622,710.25,13,2026-01-18,54.63461538461539,34,False,5988.998780302839
CUST006623,1870.62,7,2026-02-02,267.2314285714286,19,False,29293.675603023334
CUST006624,1319.42,7,2024-04-10,188.48857142857145,682,True,20661.952435096944
CUST006625,11205.369999999999,55,2026-02-18,203.73399999999998,3,False,22333.142988498188
CUST006627,6611.93,56,2026-02-19,118.07017857142857,2,False,12942.749765445285
CUST006628,7665.45,23,2025-12-19,333.28043478260867,64,False,36533.90992798868
CUST006629,15441.619999999999,80,2026-01-12,193.02024999999998,40,False,21158.711078787375
CUST006631,3898.28,30,2026-02-05,129.94266666666667,16,False,14244.20153225983
CUST006632,1676.5500000000002,16,2026-02-19,104.78437500000001,2,False,11486.371591562603
CUST006633,9979.33,48,2026-01-28,207.90270833333332,24,False,22790.113151974478
CUST006634,4347.88,19,2026-02-14,228.83578947368423,7,False,25084.77920819136
CUST006635,4560.88,39,2026-02-02,116.94564102564102,19,False,12819.47894267634
CUST006637,0.0,14,2026-02-15,0.0,6,False,0.0
CUST006638,2124.43,58,2026-02-12,36.62810344827586,9,False,4015.140682006187
CUST006639,981.71,16,2025-01-23,61.356875,394,True,6725.887003162997
CUST006640,2386.02,16,2026-02-05,149.12625,16,False,16347.089168172857
CUST006641,4955.62,46,2026-02-21,107.73086956521739,0,False,11809.363750160739
CUST006642,85.78,7,2024-09-12,12.254285714285714,527,True,1343.3040880709825
CUST006643,69.24,26,2026-02-02,2.6630769230769227,19,False,291.92416441264936
CUST006644,8732.46,80,2026-02-19,109.15574999999998,2,False,11965.55789788038
CUST006645,18776.09,82,2026-02-16,228.97670731707316,5,False,25100.226499002107
CUST006646,7560.75,93,2026-02-20,81.29838709677419,1,False,8911.858127590556
CUST006647,2966.65,28,2025-12-31,105.95178571428572,52,False,11614.342133585278
CUST006648,6198.99,75,2026-01-16,82.6532,36,False,9060.371533749589
CUST006649,296.57,13,2025-10-29,22.813076923076924,115,True,2500.749550544756
CUST006650,238.92,13,2024-12-13,18.378461538461536,435,True,2014.630888546222
CUST006651,65.35,2,2025-06-24,32.675,242,True,3581.8049375616165
CUST006652,31014.68,132,2026-02-20,234.95969696969698,1,False,25756.076594767925
CUST006653,3006.69,10,2026-02-10,300.669,11,False,32959.07295399276
CUST006654,1591.38,30,2026-02-20,53.04600000000001,1,False,5814.856150509367
CUST006655,731.66,17,2025-12-19,43.038823529411765,64,False,4717.878213450349
CUST006656,4649.5,47,2025-06-23,98.92553191489361,243,True,10844.130334006893
CUST006657,970.1,7,2025-02-15,138.5857142857143,371,True,15191.644857048965
CUST006658,260.84,6,2026-01-22,43.47333333333333,30,False,4765.508798334976
CUST006659,2167.41,36,2026-01-26,60.20583333333333,26,False,6599.710821831525
CUST006660,0.0,3,2024-06-07,0.0,624,True,0.0
CUST006661,1992.0,11,2025-07-30,181.0909090909091,206,True,19851.02715621546
CUST006662,482.54,8,2025-09-04,60.3175,170,True,6611.95162421952
CUST006663,0.0,7,2026-01-31,0.0,21,False,0.0
CUST006664,4392.05,36,2025-12-04,122.0013888888889,79,False,13373.68560402746
CUST006665,1545.99,7,2025-09-22,220.8557142857143,152,True,24210.010341767993
CUST006666,1040.62,9,2025-12-02,115.62444444444444,81,False,12674.650528352868
CUST006667,126.48,7,2024-05-30,18.068571428571428,632,True,1980.661005586592
CUST006668,0.0,15,2025-10-21,0.0,123,True,0.0
CUST006669,28226.08,124,2026-02-14,227.62967741935486,7,False,24952.56625910339
CUST006670,26664.21,138,2026-02-20,193.21891304347827,1,False,21180.488347954677
CUST006671,1543.58,5,2025-07-16,308.716,220,True,33841.1780598094
CUST006672,2370.25,18,2024-04-12,131.68055555555554,680,True,14434.707393106215
CUST006673,9426.49,40,2026-02-19,235.66225,2,False,25833.089843821886
CUST006674,225.42,20,2026-01-28,11.270999999999999,24,False,1235.5171675977654
CUST006675,2330.41,7,2025-09-01,332.9157142857143,173,True,36493.92958593493
CUST006676,16698.51,35,2026-02-12,477.1002857142857,9,False,52299.316268813665
CUST006677,732.46,13,2026-02-06,56.34307692307693,15,False,6176.278840718926
CUST006678,2652.16,23,2026-02-09,115.31130434782608,12,False,12640.324384689022
CUST006679,17985.84,36,2026-01-27,499.6066666666667,25,False,54766.44607514514
CUST006680,4220.55,15,2025-12-21,281.37,62,False,30843.53344396977
CUST006681,4095.3,9,2026-02-09,455.03333333333336,12,False,49880.356238361266
CUST006682,1673.48,24,2026-01-06,69.72833333333334,46,False,7643.558947858473
CUST006683,1373.71,36,2025-12-30,38.158611111111114,53,False,4182.913594132253
CUST006684,1387.06,16,2026-01-16,86.69125,36,False,9503.019044939203
CUST006685,4414.18,81,2026-01-30,54.49604938271605,22,False,5973.809296300354
CUST006686,0.0,6,2025-12-14,0.0,69,False,0.0
CUST006687,200.77,13,2025-12-17,15.443846153846154,66,False,1692.9409153416416
CUST006688,3075.44,23,2026-02-07,133.71478260869566,14,False,14657.69758447756
CUST006689,1066.26,13,2024-10-02,82.02,507,True,8990.960703253368
CUST006690,2741.01,25,2025-08-07,109.64040000000001,198,True,12018.684807229709
CUST006691,11046.11,83,2026-02-14,133.08566265060242,7,False,14588.734004608643
CUST006692,2787.6,15,2026-01-17,185.84,35,False,20371.61835031219
CUST006693,27380.57,199,2026-02-14,137.5908040201005,7,False,15082.583663420619
CUST006694,5033.42,46,2026-02-06,109.42217391304348,15,False,11994.76305433711
CUST006695,2380.26,34,2026-02-01,70.00764705882354,20,False,7674.1770742881445
CUST006697,21468.5,193,2026-02-17,111.23575129533678,4,False,12193.565821668348
CUST006698,3816.16,17,2026-01-25,224.48,27,False,24607.301373644426
CUST006699,0.0,3,2025-09-01,0.0,173,True,0.0
CUST006700,1579.2499999999998,16,2026-02-12,98.70312499999999,9,False,10819.750282410449
CUST006701,2343.09,24,2026-02-17,97.62875000000001,4,False,10701.978234061782
CUST006702,1073.82,9,2025-11-21,119.31333333333333,92,True,13079.023303757256
CUST006703,0.0,33,2026-01-15,0.0,37,False,0.0
CUST006704,8985.51,93,2026-02-06,96.6183870967742,15,False,10591.223135806133
CUST006705,2639.94,31,2026-02-19,85.15935483870967,2,False,9335.094036445358
CUST006706,340.66,11,2024-08-31,30.969090909090912,539,True,3394.8046742150395
CUST006707,1456.21,18,2025-08-22,80.90055555555556,183,True,8868.248181801584
CUST006708,10989.89,63,2026-02-04,174.4426984126984,17,False,19122.25611311936
CUST006709,0.0,7,2025-11-24,0.0,89,False,0.0
CUST006710,27186.06,128,2026-02-15,212.39109375,6,False,23282.126037884078
CUST006711,28927.78,170,2026-02-13,170.16341176470587,8,False,18653.16445145077
CUST006712,904.04,30,2026-01-24,30.134666666666664,28,False,3303.3358181619014
CUST006713,2733.73,26,2026-01-11,105.14346153846154,41,False,11525.734344017796
CUST006714,4033.81,67,2025-06-26,60.206119402985074,240,True,6599.742180536685
CUST006715,5440.16,49,2026-02-20,111.02367346938775,1,False,12170.318035772967
CUST006716,691.42,20,2026-02-03,34.571,18,False,3789.642800197173
CUST006717,1056.0700000000002,14,2026-01-11,75.43357142857144,41,False,8268.962160696681
CUST006718,0.0,2,2024-06-18,0.0,613,True,0.0
CUST006719,1951.61,49,2026-02-10,39.82877551020408,11,False,4365.995555607718
CUST006720,3912.38,55,2026-02-13,71.13418181818182,8,False,7797.666829862874
CUST006721,0.0,9,2026-01-28,0.0,24,False,0.0
CUST006722,368.7,12,2025-07-12,30.724999999999998,224,True,3368.047642129477
CUST006723,0.0,4,2025-12-30,0.0,53,False,0.0
CUST006724,3334.72,13,2025-07-22,256.51692307692304,214,True,28119.16087666523
CUST006725,2263.01,44,2026-02-09,51.43204545454546,12,False,5637.935864054612
CUST006727,5753.34,23,2026-01-25,250.14521739130436,27,False,27420.700069153725
CUST006728,209.0,8,2025-08-27,26.125,178,True,2863.799663161354
CUST006729,2102.21,7,2023-09-15,300.3157142857143,890,True,32920.34608281301
CUST006730,569.3,18,2024-08-09,31.627777777777776,561,True,3467.00935297769
CUST006731,449.28,18,2026-02-18,24.959999999999997,3,False,2736.093381531383
CUST006732,4890.65,15,2024-10-28,326.0433333333333,481,True,35740.5851933399
CUST006733,9804.73,29,2026-01-10,338.0941379310345,42,False,37061.58385928134
CUST006734,1800.25,9,2025-09-20,200.02777777777777,154,True,21926.870148245514
CUST006735,0.0,15,2026-01-10,0.0,42,False,0.0
CUST006736,4951.89,40,2024-02-28,123.79725,724,True,13570.54632919816
CUST006737,3770.63,19,2026-01-25,198.4542105263158,27,False,21754.377081654184
CUST006738,853.94,20,2025-12-09,42.697,74,False,4680.40781695695
CUST006739,4360.83,76,2026-02-21,57.379342105263156,0,False,6289.873324152066
CUST006740,59945.96,366,2026-02-21,163.78677595628415,0,False,17954.1632081872
CUST006741,3606.2200000000003,12,2025-09-19,300.5183333333334,155,True,32942.55700569614
CUST006743,3622.17,20,2026-01-13,181.1085,39,False,19852.955456293133
CUST006744,800.01,15,2025-12-23,53.333999999999996,60,False,5846.426458757804
CUST006745,1037.74,13,2026-02-05,79.82615384615384,16,False,8750.473205591647
CUST006746,0.0,11,2025-11-11,0.0,102,True,0.0
CUST006747,4098.99,21,2026-01-17,195.19,35,False,21396.557177127834
CUST006748,238.56,15,2026-01-20,15.904,32,False,1743.3825777193558
CUST006749,10165.99,51,2026-01-12,199.33313725490197,40,False,21850.724261339106
CUST006750,5487.69,36,2026-02-18,152.43583333333333,3,False,16709.882800142404
CUST006751,3614.27,40,2026-02-11,90.35675,10,False,9904.827950788696
CUST006752,0.0,13,2025-11-01,0.0,112,True,0.0
CUST006753,2563.3199999999997,18,2026-01-17,142.40666666666664,35,False,15610.494317011719
CUST006754,1909.46,37,2026-01-18,51.60702702702703,34,False,5657.1171910721105
CUST006755,822.71,9,2025-05-23,91.41222222222223,274,True,10020.527893160988
CUST006757,1302.57,9,2025-09-03,144.73,171,True,15865.176086099242
CUST006758,200.77,6,2024-10-26,33.461666666666666,483,True,3668.03864990689
CUST006759,356.15999999999997,6,2025-10-28,59.35999999999999,116,True,6506.991311206045
CUST006760,12333.63,93,2026-02-15,132.61967741935484,6,False,14537.653110894385
CUST006761,4403.33,30,2026-01-06,146.77766666666668,46,False,16089.639516157302
CUST006762,6598.65,58,2026-01-25,113.76982758620689,27,False,12471.34904954276
CUST006763,9292.539999999999,31,2024-09-23,299.75935483870967,516,True,32859.35844656695
CUST006764,723.8599999999999,13,2026-01-23,55.68153846153845,29,False,6103.761572840566
CUST006765,3794.01,12,2026-01-15,316.1675,37,False,34658.00497617482
CUST006766,26731.670000000002,177,2026-02-20,151.02638418079098,1,False,16555.38021609288
CUST006767,40262.62,147,2026-02-17,273.89537414965986,4,False,30024.171492105223
CUST006768,4377.33,26,2026-02-17,168.35884615384614,4,False,18455.349546626556
CUST006769,5535.1900000000005,45,2025-11-19,123.00422222222224,94,True,13483.615317413374
CUST006770,5920.14,14,2026-02-17,422.8671428571429,4,False,46354.32655603024
CUST006771,11686.47,49,2026-02-16,238.49938775510202,5,False,26144.094404488053
CUST006774,0.0,14,2025-09-26,0.0,148,True,0.0
CUST006775,3078.16,30,2025-12-13,102.60533333333333,70,False,11247.506948844342
CUST006776,356.35,9,2026-01-18,39.59444444444445,34,False,4340.308389016687
CUST006777,8292.6,33,2026-02-17,251.2909090909091,4,False,27546.289791772473
CUST006778,367.9,8,2026-02-14,45.9875,7,False,5041.109550607953
CUST006779,458.44,4,2024-01-26,114.61,757,True,12563.44801511666
CUST006780,11045.06,64,2026-02-20,172.5790625,1,False,18917.965973443148
CUST006781,10271.5,27,2026-01-20,380.4259259259259,32,False,41701.957455483745
CUST006782,2726.5299999999997,27,2026-01-22,100.98259259259258,30,False,11069.623527342656
CUST006783,522.72,4,2023-11-25,130.68,819,True,14325.027367729215
CUST006784,5092.25,26,2025-03-16,195.85576923076923,342,True,21469.538218230995
CUST006785,2018.5700000000002,8,2023-09-22,252.32125000000002,883,True,27659.234861567533
CUST006786,3617.73,9,2025-04-18,401.97,309,True,44063.600023003615
CUST006787,526.17,12,2026-02-02,43.8475,19,False,4806.524621261912
CUST006788,7240.610000000001,14,2025-11-01,517.1864285714286,112,True,56693.5242080184
CUST006789,11497.45,26,2025-12-26,442.2096153846154,57,False,48474.63148651381
CUST006790,0.0,1,2024-01-26,0.0,757,True,0.0
CUST006791,13689.38,78,2025-12-07,175.50487179487178,76,False,19238.69063078777
CUST006792,9476.210000000001,41,2025-11-08,231.12707317073173,105,True,25335.94772416502
CUST006793,2179.61,9,2025-09-07,242.1788888888889,167,True,26547.438102384345
CUST006794,15420.17,108,2026-02-11,142.77935185185186,10,False,15651.347741233676
CUST006795,0.0,6,2025-09-07,0.0,167,True,0.0
CUST006796,1890.1399999999999,74,2026-02-16,25.54243243243243,5,False,2799.9391156486754
CUST006797,0.0,4,2024-08-04,0.0,566,True,0.0
CUST006798,4354.0199999999995,56,2026-02-16,77.75035714285714,5,False,8522.926185507722
CUST006799,1178.06,3,2024-08-25,392.68666666666667,545,True,43045.96913791214
CUST006800,3011.42,41,2024-09-12,73.44926829268293,527,True,8051.444585494098
CUST006802,6765.849999999999,21,2026-02-06,322.1833333333333,15,False,35317.45536751013
CUST006803,8902.97,13,2026-01-16,684.8438461538461,36,False,75071.98376778988
CUST006804,628.04,6,2025-12-21,104.67333333333333,62,False,11474.199301128272
CUST006805,805.3000000000001,36,2026-02-20,22.369444444444447,1,False,2452.118946032789
CUST006806,25282.170000000002,141,2026-02-14,179.30617021276598,7,False,19655.38564050035
CUST006807,41399.26,246,2026-02-21,168.289674796748,0,False,18447.767042926724
CUST006808,3190.57,40,2026-01-24,79.76425,28,False,8743.687360088728
CUST006809,550.39,10,2024-07-17,55.039,584,True,6033.327068353598
CUST006810,2746.37,24,2026-02-19,114.43208333333332,2,False,12543.944945640265
CUST006811,2155.82,22,2024-11-30,97.99181818181819,448,True,10741.777450781226
CUST006812,10322.4,27,2025-10-23,382.3111111111111,121,True,41908.60980757293
CUST006813,4991.349999999999,34,2026-02-17,146.80441176470586,4,False,16092.571290425469
CUST006814,14875.26,35,2026-02-20,425.0074285714286,1,False,46588.94280512652
CUST006815,1556.31,13,2025-01-03,119.71615384615384,414,True,13123.18013625218
CUST006816,218.52,18,2026-01-29,12.14,23,False,1330.7761879723955
CUST006817,2520.14,34,2025-10-06,74.12176470588236,138,True,8125.163054454776
CUST006818,843.57,6,2023-09-22,140.595,883,True,15411.901000657246
CUST006819,960.61,11,2025-10-28,87.32818181818182,116,True,9572.838954082396
CUST006820,6715.700000000001,24,2025-07-03,279.8208333333334,233,True,30673.71514815424
CUST006821,13037.6,125,2026-02-20,104.30080000000001,1,False,11433.36252277358
CUST006822,9755.67,52,2025-07-20,187.60903846153846,216,True,20565.53880008342
CUST006823,11258.34,70,2026-02-19,160.83342857142858,2,False,17630.419849490638
CUST006824,3034.9700000000003,14,2024-07-28,216.78357142857143,573,True,23763.62560138022
CUST006825,9873.34,33,2026-02-13,299.1921212121212,8,False,32797.17879226043
CUST006826,13270.34,66,2026-02-19,201.06575757575757,2,False,22040.65258636314
CUST006827,18186.43,99,2026-02-07,183.70131313131313,14,False,20137.177365272837
CUST006828,361.88,8,2026-02-11,45.235,10,False,4958.6211583963195
CUST006829,5991.530000000001,15,2025-12-01,399.4353333333334,82,False,43785.75207865046
CUST006830,12003.66,99,2026-01-06,121.24909090909091,46,False,13291.219357093778
CUST006831,4576.2,30,2026-02-14,152.54,7,False,16721.301459086426
CUST006832,1242.32,15,2025-11-09,82.82133333333333,104,True,9078.80216277796
CUST006833,227.13,8,2025-07-30,28.39125,206,True,3112.2240071475517
CUST006834,1500.69,14,2026-01-22,107.19214285714285,30,False,11750.308999342753
CUST006835,0.0,4,2024-06-04,0.0,627,True,0.0
CUST006836,19899.71,157,2026-02-21,126.74974522292993,0,False,13894.196274649346
CUST006838,0.0,1,2024-05-23,0.0,639,True,0.0
CUST006839,2458.5699999999997,49,2026-02-02,50.17489795918367,19,False,5500.12845453265
CUST006840,8151.76,49,2026-02-13,166.36244897959185,8,False,18236.506233510165
CUST006842,7767.2,69,2026-02-17,112.56811594202898,4,False,12339.618469569026
CUST006843,3916.9900000000002,10,2026-01-07,391.699,45,False,42937.70198126849
CUST006844,0.0,18,2026-02-20,0.0,1,False,0.0
CUST006845,8695.65,50,2026-01-18,173.91299999999998,34,False,19064.191036148535
CUST006846,1338.01,15,2026-01-17,89.20066666666666,35,False,9778.099106364332
CUST006847,5022.91,8,2024-08-11,627.86375,559,True,68825.87543583635
CUST006848,4154.43,45,2026-02-20,92.32066666666667,1,False,10120.110779055756
CUST006849,10599.5,46,2026-02-19,230.42391304347825,2,False,25258.867925674032
CUST006850,3000.02,4,2025-01-25,750.005,392,True,82214.89249260598
CUST006851,4545.48,49,2026-01-26,92.76489795918367,26,False,10168.807025022299
CUST006852,2458.23,20,2025-12-30,122.9115,53,False,13473.45118846533
CUST006853,19006.75,65,2026-02-11,292.41153846153844,10,False,32053.89723830228
CUST006854,8425.39,53,2026-02-02,158.96962264150943,19,False,17426.1110726753
CUST006855,18991.53,89,2026-02-15,213.38797752808986,6,False,23391.40356622493
CUST006856,5872.639999999999,67,2026-02-14,87.65134328358208,7,False,9608.263631432059
CUST006857,4114.68,52,2025-03-08,79.12846153846155,350,True,8673.992784701333
CUST006858,17089.48,94,2026-02-10,181.80297872340424,11,False,19929.0836068829
CUST006859,5992.54,41,2026-01-23,146.15951219512195,29,False,16021.877963338487
CUST006860,2955.05,30,2026-02-12,98.50166666666668,9,False,10797.666596012708
CUST006861,9520.69,45,2026-02-15,211.5708888888889,6,False,23192.215897980797
CUST006862,10301.09,61,2026-02-14,168.87032786885246,7,False,18511.41772512027
CUST006863,6373.0199999999995,30,2026-01-30,212.434,22,False,23286.82938350312
CUST006864,8999.41,28,2025-11-06,321.40749999999997,107,True,35232.40919569503
CUST006865,4246.07,33,2026-02-17,128.66878787878787,4,False,14104.560053077603
CUST006866,447.02,25,2026-02-12,17.8808,9,False,1960.077665724614
CUST006867,8381.8,78,2026-02-20,107.45897435897434,1,False,11779.558835326136
CUST006868,2937.21,48,2026-02-01,61.191875,20,False,6707.799847395661
CUST006869,13350.84,58,2024-11-12,230.18689655172415,466,True,25232.886385032918
CUST006870,0.0,10,2026-02-20,0.0,1,False,0.0
CUST006871,0.0,8,2025-08-31,0.0,174,True,0.0
CUST006872,441.98,13,2024-07-03,33.99846153846154,598,True,3726.8816345205896
CUST006873,10903.99,85,2026-02-17,128.28223529411764,4,False,14062.18649664611
CUST006874,2272.94,42,2026-02-21,54.11761904761905,0,False,5932.326093767116
CUST006875,5881.37,51,2025-12-30,115.32098039215686,53,False,12641.385064210368
CUST006876,0.0,10,2025-07-20,0.0,216,True,0.0
CUST006877,927.74,9,2026-01-21,103.08222222222223,31,False,11299.783091977946
CUST006878,3808.16,24,2026-01-26,158.67333333333332,26,False,17393.63209771059
CUST006879,507.04,9,2024-12-29,56.33777777777778,419,True,6175.697953043415
CUST006880,187.76,14,2026-01-13,13.411428571428571,39,False,1470.1490765691751
CUST006881,4177.51,53,2026-02-20,78.82094339622643,1,False,8640.282914762618
CUST006882,2179.43,8,2025-06-05,272.42875,261,True,29863.40143485047
CUST006884,10485.94,85,2026-02-20,123.364,1,False,13523.053842918174
CUST006885,3929.03,16,2026-02-20,245.564375,1,False,26918.552130504435
CUST006887,4006.62,7,2026-01-25,572.3742857142857,27,False,62743.16886625041
CUST006890,3664.96,14,2024-01-10,261.78285714285715,773,True,28696.407965823204
CUST006891,8457.36,67,2026-02-12,126.22925373134329,9,False,13837.14045232268
CUST006892,2192.4900000000002,7,2026-02-20,313.21285714285716,1,False,34334.11960893855
CUST006893,674.5699999999999,12,2024-03-04,56.214166666666664,719,True,6162.147811096505
CUST006894,3576.7200000000003,19,2025-12-17,188.24842105263158,66,False,20635.627360810835
CUST006895,7857.5599999999995,31,2026-01-23,253.4696774193548,29,False,27785.124471393887
CUST006896,622.51,21,2026-02-09,29.643333333333334,12,False,3249.476287654727
CUST006897,0.0,1,2024-03-18,0.0,705,True,0.0
CUST006898,1112.98,8,2025-09-16,139.1225,158,True,15250.486837824516
CUST006899,15988.02,53,2026-02-12,301.66075471698116,9,False,33067.78823913839
CUST006900,5186.530000000001,33,2026-02-12,157.16757575757578,9,False,17228.572268495005
CUST006901,3241.94,55,2025-06-26,58.94436363636364,240,True,6461.429616347504
CUST006902,90.48,20,2024-06-07,4.524,624,True,495.9169254025632
CUST006904,3015.2599999999998,4,2025-09-29,753.8149999999999,145,True,82632.54136214261
CUST006905,5263.41,30,2026-02-07,175.447,14,False,19232.34677522182
CUST006906,646.88,34,2026-02-13,19.025882352941178,8,False,2085.6005922947556
CUST006907,21717.760000000002,143,2026-02-20,151.87244755244757,1,False,16648.124943318267
CUST006908,2326.77,48,2026-02-20,48.474375,1,False,5313.718614237595
CUST006909,10707.69,85,2026-02-08,125.97282352941177,13,False,13809.030797742167
CUST006910,2440.08,40,2026-02-07,61.001999999999995,14,False,6686.985915872494
CUST006911,0.0,10,2026-02-13,0.0,8,False,0.0
CUST006912,9351.46,41,2026-01-06,228.08439024390242,46,False,25002.411481448824
CUST006913,5112.58,23,2024-08-28,222.28608695652173,542,True,24366.80654359971
CUST006914,2863.12,12,2025-04-10,238.59333333333333,317,True,26154.392636652425
CUST006915,1996.4099999999999,12,2025-09-10,166.36749999999998,164,True,18237.05992195202
CUST006916,2522.74,20,2026-01-08,126.13699999999999,44,False,13827.027678935261
CUST006917,11144.42,103,2026-02-20,108.19825242718447,1,False,11860.597850932747
CUST006918,0.0,6,2025-12-07,0.0,76,False,0.0
CUST006919,5864.21,63,2025-07-20,93.08269841269842,216,True,10203.644032935335
CUST006920,2716.1,11,2024-06-25,246.9181818181818,606,True,27066.9552505004
CUST006921,5505.8099999999995,12,2026-01-25,458.81749999999994,27,False,50295.17328047978
CUST006922,10742.22,65,2026-01-24,165.26492307692305,28,False,18116.19640344801
CUST006923,3396.59,23,2025-02-24,147.67782608695651,362,True,16188.314204946491
CUST006924,1038.74,26,2024-09-30,39.95153846153846,509,True,4379.45272302131
CUST006925,3288.8999999999996,73,2026-02-19,45.053424657534244,2,False,4938.717028077014
CUST006926,5614.51,76,2024-09-17,73.87513157894738,522,True,8098.127346671395
CUST006927,9281.43,42,2026-02-12,220.98642857142858,9,False,24224.33912750575
CUST006928,0.0,1,2023-06-02,0.0,995,True,0.0
CUST006929,3935.42,31,2026-01-28,126.94903225806452,24,False,13916.041945236555
CUST006930,11640.7,80,2026-02-14,145.50875000000002,7,False,15950.541980364773
CUST006931,4962.65,15,2026-02-20,330.8433333333333,1,False,36266.75699748055
CUST006932,3179.75,21,2025-12-28,151.41666666666666,55,False,16598.162641034065
CUST006933,8009.09,30,2025-10-17,266.9696666666667,127,True,29264.981491839197
CUST006934,240.16,7,2025-07-17,34.308571428571426,219,True,3760.8756095957933
CUST006935,5536.110000000001,34,2026-02-20,162.82676470588237,1,False,17848.927614099863
CUST006936,0.0,8,2025-04-20,0.0,307,True,0.0
CUST006937,5668.88,23,2026-01-03,246.47304347826088,49,False,27018.159574790323
CUST006938,12950.57,57,2025-11-14,227.20298245614035,99,True,24905.792330225824
CUST006939,4405.9,18,2025-07-15,244.7722222222222,221,True,26831.717035454774
CUST006940,6273.96,85,2026-02-17,73.81129411764707,4,False,8091.129539966365
CUST006942,3228.56,22,2024-04-15,146.75272727272727,677,True,16086.90568159412
CUST006943,11938.16,63,2026-02-15,189.49460317460318,6,False,20772.232755687008
CUST006944,0.0,5,2026-01-27,0.0,25,False,0.0
CUST006946,3762.94,25,2025-12-06,150.51760000000002,77,False,16499.607738941835
CUST006947,2142.2799999999997,11,2025-12-21,194.75272727272724,62,False,21348.623723000623
CUST006948,0.0,8,2026-01-08,0.0,44,False,0.0
CUST006949,10196.64,23,2026-01-24,443.33217391304345,28,False,48597.685371129744
CUST006950,1115.31,21,2025-12-24,53.11,59,False,5821.8717745645745
CUST006951,237.98,8,2024-07-31,29.7475,570,True,3260.8949465987507
CUST006952,2309.81,17,2025-05-07,135.87117647058824,290,True,14894.079594633778
CUST006953,6711.71,52,2026-02-19,129.07134615384615,2,False,14148.688139298261
CUST006954,8359.44,27,2026-02-12,309.6088888888889,9,False,33939.05575930186
CUST006955,0.0,8,2026-02-21,0.0,0,False,0.0
CUST006956,723.25,7,2024-06-14,103.32142857142857,617,True,11326.004682878738
CUST006957,182.7,2,2024-05-20,91.35,642,True,10013.707147551757
CUST006958,4738.12,27,2026-02-18,175.48592592592593,3,False,19236.613801195213
CUST006960,3527.4700000000003,24,2026-02-21,146.9779166666667,0,False,16111.590746111297
CUST006961,13583.32,89,2026-02-08,152.62157303370788,13,False,16730.243423735446
CUST006962,0.0,4,2024-04-26,0.0,666,True,0.0
CUST006963,3134.6,50,2026-02-20,62.692,1,False,6872.242238580348
CUST006965,950.22,16,2023-07-27,59.38875,940,True,6510.142861074597
CUST006966,4473.32,21,2025-12-17,213.0152380952381,66,False,23350.544195421182
CUST006967,2124.27,11,2025-11-09,193.11545454545455,104,True,21169.14731783826
CUST006968,0.0,8,2023-09-28,0.0,877,True,0.0
CUST006969,377.87,11,2025-08-21,34.35181818181818,184,True,3765.6162808830995
CUST006970,4216.38,17,2025-11-28,248.02235294117648,85,False,27187.993523805842
CUST006971,0.0,2,2024-02-28,0.0,724,True,0.0
CUST006972,7501.23,28,2026-01-17,267.9010714285714,35,False,29367.081267663485
CUST006973,12326.4,73,2026-02-16,168.85479452054793,5,False,18509.71497305741
CUST006974,4888.86,8,2025-08-28,611.1075,177,True,66989.06995810055
CUST006975,5401.27,23,2026-01-08,234.83782608695654,44,False,25742.71721513381
CUST006976,11223.84,72,2026-01-22,155.88666666666666,30,False,17088.16013364005
CUST006977,6660.72,35,2026-01-30,190.30628571428574,22,False,20861.20868616497
CUST006978,19356.34,106,2026-02-09,182.60698113207548,12,False,20017.217648112895
CUST006979,0.0,5,2023-12-18,0.0,796,True,0.0
CUST006980,417.6,4,2024-08-21,104.4,549,True,11444.236740059152
CUST006981,1930.9,52,2026-01-20,37.13269230769231,32,False,4070.4532716954423
CUST006982,10968.63,26,2025-11-01,421.8703846153846,112,True,46245.06278887231
CUST006983,0.0,15,2025-04-10,0.0,317,True,0.0
CUST006984,8310.95,48,2026-01-02,173.1447916666667,50,False,18979.980710168147
CUST006985,2374.41,16,2025-10-10,148.400625,134,True,16267.54678996878
CUST006986,3359.6,12,2025-04-15,279.96666666666664,312,True,30689.701270675865
CUST006987,5944.650000000001,21,2026-02-18,283.0785714285715,3,False,31030.825550443646
CUST006988,9967.24,84,2026-02-20,118.65761904761905,1,False,13007.144476941614
CUST006989,176.66,3,2025-07-05,58.88666666666666,231,True,6455.104924964399
CUST006991,2508.95,24,2025-01-08,104.53958333333333,409,True,11459.537743044144
CUST006992,403.78,8,2025-12-28,50.4725,55,False,5532.751330101873
CUST006993,5034.98,30,2026-02-10,167.83266666666665,11,False,18397.67021119509
CUST006994,2526.97,44,2026-02-10,57.43113636363636,11,False,6295.55096547964
CUST006995,7873.58,48,2026-02-12,164.03291666666667,9,False,17981.144937698544
CUST006996,752.16,4,2025-05-25,188.04,272,True,20612.780427209986
CUST006997,0.0,1,2023-09-04,0.0,901,True,0.0
CUST006999,10664.77,57,2026-02-04,187.10122807017544,17,False,20509.87306887824
CUST007000,13612.57,64,2026-02-18,212.69640625,3,False,23315.594127249013
CUST007001,955.66,8,2025-08-12,119.4575,193,True,13094.826727735788
CUST007002,9985.15,49,2026-01-31,203.7785714285714,21,False,22338.02886953664
CUST007003,1647.6,13,2026-01-03,126.73846153846154,49,False,13892.95936702141
CUST007004,1334.4099999999999,6,2024-11-01,222.40166666666664,477,True,24379.47629039325
CUST007005,1198.34,29,2024-05-06,41.32206896551724,656,True,4529.689078835541
CUST007006,2202.0,12,2025-12-05,183.5,78,False,20115.109595793623
CUST007007,3561.5200000000004,14,2025-07-14,254.39428571428576,222,True,27886.47922444956
CUST007008,634.16,13,2025-08-19,48.78153846153846,186,True,5347.3896043883815
CUST007009,3087.79,26,2026-02-12,118.76115384615385,9,False,13018.493871053362
CUST007010,2315.82,24,2024-11-06,96.4925,472,True,10577.423502300362
CUST007011,5924.58,43,2025-06-27,137.78093023255815,239,True,15103.4251326338
CUST007012,0.0,6,2025-12-16,0.0,67,False,0.0
CUST007013,0.0,5,2025-05-11,0.0,286,True,0.0
CUST007014,260.84,27,2026-01-26,9.66074074074074,26,False,1059.0019551855503
CUST007015,17821.989999999998,111,2026-02-21,160.55846846846845,0,False,17600.278963357046
CUST007016,1025.96,29,2025-12-19,35.377931034482756,64,False,3878.0978748286057
CUST007017,528.74,9,2023-09-06,58.74888888888889,899,True,6440.001845401102
CUST007018,3979.23,25,2025-01-20,159.1692,397,True,17447.988568255012
CUST007019,244.85,9,2024-10-28,27.205555555555556,481,True,2982.249218607368
CUST007020,1365.07,11,2025-02-21,124.09727272727272,365,True,13603.43455830072
CUST007021,2604.75,31,2026-02-04,84.0241935483871,17,False,9210.658648087096
CUST007022,2722.04,42,2025-08-31,64.8104761904762,174,True,7104.467746741155
CUST007023,17138.43,100,2026-02-09,171.3843,12,False,18786.99715257969
CUST007024,5966.82,49,2026-02-10,121.77183673469388,11,False,13348.522297544716
CUST007025,0.0,1,2023-09-23,0.0,882,True,0.0
CUST007026,242.46,11,2025-12-29,22.041818181818183,54,False,2416.204841514056
CUST007027,1814.9199999999998,24,2026-01-31,75.62166666666666,21,False,8289.580996275603
CUST007028,1140.81,9,2024-11-10,126.75666666666666,468,True,13894.954997261473
CUST007029,2087.6,36,2026-01-28,57.98888888888889,24,False,6356.6913097455
CUST007030,3548.64,16,2026-02-05,221.79,16,False,24312.425925073938
CUST007031,9097.119999999999,46,2025-09-18,197.76347826086953,156,True,21678.65961451085
CUST007032,410.3,1,2023-08-26,410.3,910,True,44976.72734143937
CUST007033,4821.0,30,2025-11-10,160.7,103,True,17615.793526125533
CUST007034,4464.95,31,2026-01-26,144.03064516129032,26,False,15788.513420012083
CUST007035,3735.02,11,2025-12-26,339.54727272727274,57,False,37220.87522540555
CUST007036,13846.220000000001,137,2026-02-20,101.06729927007301,1,False,11078.908999282788
CUST007037,4041.31,18,2026-02-02,224.51722222222222,19,False,24611.38164110709
CUST007038,0.0,4,2024-07-20,0.0,581,True,0.0
CUST007039,4898.59,20,2024-11-29,244.92950000000002,449,True,26848.957687972397
CUST007040,0.0,10,2025-01-01,0.0,416,True,0.0
CUST007041,4353.05,22,2025-12-20,197.8659090909091,63,False,21689.88799256117
CUST007042,7267.37,45,2026-02-12,161.4971111111111,9,False,17703.172149340928
CUST007043,7661.16,47,2026-02-18,163.00340425531914,3,False,17868.290687101893
CUST007044,5730.34,30,2026-01-14,191.01133333333334,38,False,20938.4953898565
CUST007045,5798.5599999999995,46,2026-01-31,126.05565217391303,21,False,13818.110401348782
CUST007046,2113.11,27,2026-02-12,78.26333333333334,9,False,8579.158187096067
CUST007047,11852.63,97,2026-01-29,122.19206185567009,23,False,13394.587007971648
CUST007048,35.0,4,2024-02-11,8.75,741,True,959.1673512980611
CUST007049,7737.86,39,2026-02-20,198.40666666666667,1,False,21749.16536531931
CUST007050,0.0,8,2024-05-22,0.0,640,True,0.0
CUST007051,14144.74,40,2025-12-09,353.6185,74,False,38763.35085885639
CUST007052,10678.23,16,2026-01-20,667.389375,32,False,73158.63989751069
CUST007053,0.0,8,2026-02-07,0.0,14,False,0.0
CUST007054,1281.9499999999998,38,2026-02-07,33.73552631578947,14,False,3698.0589052527803
CUST007055,11717.97,40,2025-09-30,292.94925,144,True,32112.84070711469
CUST007056,8117.03,110,2026-01-09,73.79118181818181,43,False,8088.924847279896
CUST007057,479.28,4,2024-01-16,119.82,767,True,13134.563660860993
CUST007058,1252.72,12,2023-07-18,104.39333333333333,949,True,11443.505945886734
CUST007059,19767.48,159,2026-02-15,124.32377358490565,6,False,13628.263384321577
CUST007060,12303.52,13,2025-06-15,946.4246153846154,251,True,103746.23903334262
CUST007061,714.08,9,2026-01-18,79.34222222222223,34,False,8697.42504399898
CUST007062,2931.8,22,2026-01-30,133.26363636363638,22,False,14608.243327457953
CUST007063,4344.17,21,2025-11-30,206.8652380952381,83,False,22676.38657136598
CUST007064,5058.63,34,2025-10-30,148.78323529411765,114,True,16309.488195956
CUST007065,1727.6499999999999,28,2025-11-12,61.70178571428571,101,True,6763.695814163654
CUST007066,31058.33,136,2026-02-14,228.37007352941177,7,False,25033.727833479927
CUST007067,4718.6,17,2026-02-02,277.56470588235294,19,False,30426.400429143065
CUST007068,965.04,7,2026-01-01,137.86285714285714,51,False,15112.405888925401
CUST007069,16251.720000000001,62,2026-02-15,262.12451612903226,6,False,28733.86032523083
CUST007070,0.0,2,2025-05-15,0.0,282,True,0.0
CUST007071,5779.63,24,2025-12-18,240.81791666666666,65,False,26398.249517061013
CUST007072,16546.42,128,2024-04-13,129.26890625,679,True,14170.344504343984
CUST007073,412.82000000000005,33,2025-11-29,12.509696969696972,84,False,1371.302046624643
CUST007074,0.0,17,2025-11-23,0.0,90,False,0.0
CUST007075,9108.64,30,2025-12-28,303.6213333333333,55,False,33282.70515324789
CUST007076,12345.76,34,2026-02-20,363.11058823529413,1,False,39803.86527382034
CUST007077,3477.63,40,2026-02-15,86.94075000000001,6,False,9530.369016841933
CUST007078,12717.86,52,2026-02-15,244.57423076923078,6,False,26810.013385449583
CUST007080,13024.64,102,2026-02-21,127.69254901960784,0,False,13997.545602701151
CUST007081,7886.46,37,2026-02-09,213.14756756756756,12,False,23365.050036503802
CUST007082,2478.39,13,2024-04-09,190.64538461538461,683,True,20898.380411284412
CUST007084,15181.869999999999,71,2025-07-12,213.82915492957744,224,True,23439.76504732635
CUST007085,398.24,7,2024-04-17,56.89142857142857,675,True,6236.3886690765685
CUST007086,2894.88,34,2026-02-05,85.1435294117647,16,False,9333.359266977246
CUST007088,0.0,7,2025-12-04,0.0,79,False,0.0
CUST007089,7488.860000000001,56,2026-02-06,133.72964285714286,15,False,14659.326551922444
CUST007091,0.0,9,2026-01-30,0.0,22,False,0.0
CUST007093,3714.5,24,2026-02-12,154.77083333333334,9,False,16965.843459031657
CUST007094,404.89,16,2025-04-02,25.305625,325,True,2773.980491907657
CUST007095,2898.22,28,2026-02-13,103.50785714285713,8,False,11346.440819914556
CUST007096,2757.98,42,2026-02-08,65.66619047619048,13,False,7198.2703987293235
CUST007097,3955.64,1,2023-09-26,3955.64,879,True,433613.7990272757
CUST007098,0.0,2,2023-11-06,0.0,838,True,0.0
CUST007099,4374.12,32,2026-02-19,136.69125,2,False,14983.97533807098
CUST007101,19285.99,46,2025-03-04,419.26065217391306,354,True,45958.98619990284
CUST007102,580.37,26,2024-11-10,22.321923076923078,468,True,2446.9096952653
CUST007103,9932.140000000001,55,2026-01-30,180.58436363636366,22,False,19795.500086278495
CUST007104,15125.61,88,2026-02-11,171.8819318181818,10,False,18841.547117490216
CUST007105,7284.53,30,2026-01-04,242.81766666666667,48,False,26617.46036400482
CUST007106,16804.25,68,2026-02-17,247.12132352941177,4,False,27089.22346731167
CUST007107,680.47,10,2025-09-25,68.047,149,True,7459.2526575747615
CUST007108,22474.48,225,2026-02-20,99.88657777777777,1,False,10949.479341410157
CUST007109,11403.3,134,2026-02-19,85.09925373134328,2,False,9328.505805592476
CUST007110,0.0,2,2023-09-03,0.0,902,True,0.0
CUST007111,9351.86,31,2026-02-16,301.67290322580646,5,False,33069.11994805636
CUST007112,6081.17,84,2026-02-05,72.39488095238096,16,False,7935.863566929565
CUST007113,5269.22,19,2026-01-20,277.32736842105265,32,False,30400.383704100874
CUST007115,6445.099999999999,64,2026-01-27,100.70468749999999,25,False,11039.15981401988
CUST007116,3460.2200000000003,35,2025-12-21,98.86342857142859,62,False,10837.32261978311
CUST007117,5480.51,30,2026-02-20,182.68366666666668,1,False,20025.623849381092
CUST007118,1297.52,16,2025-12-30,81.095,53,False,8889.56301183043
CUST007119,218.23,5,2026-02-18,43.646,3,False,4784.436367400592
CUST007120,2615.77,22,2026-02-15,118.89863636363636,6,False,13033.56458444119
CUST007122,0.0,8,2024-03-28,0.0,695,True,0.0
CUST007123,10003.4,108,2026-02-06,92.62407407407407,15,False,10153.370033836003
CUST007124,9705.380000000001,25,2026-01-31,388.21520000000004,21,False,42555.81087058824
CUST007125,1124.32,13,2025-12-29,86.48615384615384,54,False,9480.5365838368
CUST007126,2232.2799999999997,20,2026-01-14,111.61399999999999,38,False,12235.029114032204
CUST007127,2576.32,31,2025-12-01,83.10709677419355,82,False,9110.127301368557
CUST007128,3982.4100000000003,57,2026-02-07,69.86684210526316,14,False,7658.742158361728
CUST007129,1118.3600000000001,14,2026-02-13,79.88285714285715,8,False,8756.688971409792
CUST007130,10628.95,64,2025-07-24,166.07734375,212,True,18205.25324746344
CUST007132,1314.94,24,2026-01-27,54.78916666666667,25,False,6005.94055674225
CUST007133,15666.58,89,2026-01-21,176.02898876404495,31,False,19296.1438747983
CUST007134,3490.0,14,2026-02-04,249.28571428571428,17,False,27326.482090042722
CUST007135,123.47,8,2024-01-09,15.43375,774,True,1691.8341837824512
CUST007136,4992.5599999999995,33,2024-10-21,151.28969696969696,488,True,16584.244333841205
CUST007137,17088.600000000002,64,2025-06-06,267.00937500000003,260,True,29269.334284628658
CUST007138,1596.4,29,2026-02-12,55.04827586206897,9,False,6034.343880245221
CUST007139,0.0,3,2026-02-17,0.0,4,False,0.0
CUST007140,871.01,17,2025-12-29,51.235882352941175,54,False,5616.432636330247
CUST007141,1085.9099999999999,7,2025-10-05,155.12999999999997,139,True,17005.214995070648
CUST007142,3143.72,14,2025-12-19,224.55142857142854,64,False,24615.13131120604
CUST007143,7117.54,20,2026-02-20,355.877,1,False,39010.92565461715
CUST007144,412.5,19,2026-02-05,21.710526315789473,16,False,2379.8889167545876
CUST007145,276.03,6,2025-02-16,46.004999999999995,370,True,5043.027885310548
CUST007146,83.84,6,2025-08-05,13.973333333333334,200,True,1531.7445853872275
CUST007147,1034.1100000000001,9,2025-08-25,114.90111111111112,180,True,12595.359360645562
CUST007148,11746.77,63,2026-01-14,186.45666666666668,38,False,20439.216811260816
CUST007149,4837.5,19,2026-02-06,254.60526315789474,15,False,27909.606387394713
CUST007150,1484.48,23,2026-02-20,64.54260869565218,1,False,7075.104346111532
CUST007151,5613.58,32,2026-01-08,175.424375,44,False,19229.86664249918
CUST007152,0.0,3,2023-10-11,0.0,864,True,0.0
CUST007153,1332.97,28,2026-02-11,47.60607142857143,10,False,5218.53593575419
CUST007155,11342.14,73,2026-02-12,155.3717808219178,9,False,17031.71879741963
CUST007156,5127.8099999999995,58,2025-07-11,88.4105172413793,225,True,9691.483617063468
CUST007157,0.0,1,2024-02-18,0.0,734,True,0.0
CUST007158,0.0,8,2025-11-29,0.0,84,False,0.0
CUST007159,8976.449999999999,33,2026-01-27,272.01363636363635,25,False,29817.897040898635
CUST007160,994.7199999999999,13,2026-01-02,76.51692307692306,50,False,8387.718221390833
CUST007161,6229.120000000001,10,2025-01-03,622.912,414,True,68283.06892934605
CUST007162,0.0,5,2025-07-17,0.0,219,True,0.0
CUST007163,1299.36,11,2025-11-26,118.12363636363635,87,False,12948.609761897647
CUST007166,12552.390000000001,66,2026-02-16,190.1877272727273,5,False,20848.2124134377
CUST007167,2092.28,37,2026-01-29,56.54810810810811,23,False,6198.754179996626
CUST007168,0.0,3,2025-10-16,0.0,128,True,0.0
CUST007169,1985.26,66,2026-02-03,30.07969696969697,18,False,3297.3100880311495
CUST007170,2001.97,29,2026-01-27,69.03344827586207,25,False,7567.386255283465
CUST007171,284.03,11,2024-03-29,25.820909090909087,694,True,2830.4654835240335
CUST007172,1218.34,8,2024-06-27,152.2925,604,True,16694.170725435422
CUST007173,808.34,14,2024-08-29,57.73857142857143,541,True,6329.251728557345
CUST007174,9215.82,58,2026-02-18,158.89344827586206,3,False,17417.760905299896
CUST007175,10203.77,78,2026-02-16,130.81756410256412,5,False,14340.10702440237
CUST007176,8699.64,36,2026-01-25,241.65666666666664,27,False,26490.192558878294
CUST007177,2958.3900000000003,8,2025-06-14,369.79875000000004,252,True,40537.0157200953
CUST007178,866.7,13,2025-10-20,66.66923076923078,124,True,7308.222798857404
CUST007179,2494.62,16,2023-11-25,155.91375,819,True,17091.128984965493
CUST007180,2913.0,76,2026-02-12,38.328947368421055,9,False,4201.585705761281
CUST007181,609.84,4,2023-10-06,152.46,869,True,16712.531929017416
CUST007182,7944.86,57,2026-02-07,139.38350877192983,14,False,15279.098391245943
CUST007183,1045.74,44,2026-01-27,23.76681818181818,25,False,2605.297833627102
CUST007184,2902.7799999999997,3,2023-04-11,967.5933333333332,1047,True,106066.73539051373
CUST007185,5618.36,19,2025-12-26,295.7031578947368,57,False,32414.72168324195
CUST007186,445.1,5,2026-02-10,89.02000000000001,11,False,9758.294584291818
CUST007187,2155.1,2,2024-03-29,1077.55,694,True,118120.08907328293
CUST007188,10131.88,81,2025-10-17,125.08493827160493,127,True,13711.70159191506
CUST007189,4012.4500000000003,21,2026-01-18,191.06904761904764,34,False,20944.82197940629
CUST007190,8420.92,34,2026-02-18,247.67411764705884,3,False,27149.820275270147
CUST007191,13089.76,54,2026-02-21,242.40296296296296,0,False,26572.00090651282
CUST007192,1486.02,12,2025-09-17,123.835,157,True,13574.684451199473
CUST007193,1830.13,18,2025-12-01,101.6738888888889,82,False,11145.402823054736
CUST007194,2221.25,15,2025-11-06,148.08333333333334,107,True,16232.765554825284
CUST007195,0.0,10,2025-07-30,0.0,206,True,0.0
CUST007196,0.0,1,2024-02-07,0.0,745,True,0.0
CUST007197,1066.08,13,2026-01-25,82.00615384615384,27,False,8989.442899972193
CUST007198,9534.2,67,2025-04-13,142.30149253731344,314,True,15598.965220888656
CUST007199,0.0,15,2026-02-13,0.0,8,False,0.0
CUST007200,153.36,35,2026-01-30,4.381714285714286,22,False,480.3196897798225
CUST007201,1277.92,19,2026-01-22,67.25894736842106,30,False,7372.867016967329
CUST007202,7137.7,100,2026-02-08,71.377,13,False,7824.284346697337
CUST007203,0.0,9,2023-10-09,0.0,866,True,0.0
CUST007204,6892.19,43,2026-01-26,160.28348837209302,26,False,17570.135885562748
CUST007205,10967.4,49,2026-02-11,223.82448979591837,10,False,24535.444918078963
CUST007206,886.81,18,2026-01-14,49.267222222222216,38,False,5400.629833680213
CUST007207,4467.63,7,2026-01-14,638.2328571428571,38,False,69962.52789681235
CUST007208,33123.2,119,2025-07-17,278.34621848739494,219,True,30512.0691577584
CUST007209,1758.95,20,2026-01-29,87.9475,23,False,9640.72807180414
CUST007210,1235.82,37,2025-12-25,33.40054054054054,58,False,3661.3380573935747
CUST007211,11586.07,65,2026-02-10,178.24723076923075,11,False,19539.305624358552
CUST007212,3072.94,18,2025-11-29,170.7188888888889,84,False,18714.055368240406
CUST007213,9949.34,65,2026-02-01,153.06676923076924,20,False,16779.045441694685
CUST007214,4007.58,44,2026-02-20,91.08136363636363,1,False,9984.259464195022
CUST007215,32513.33,141,2026-02-21,230.59099290780142,0,False,25277.183074350385
CUST007216,2286.94,26,2026-01-17,87.95923076923077,35,False,9642.013988472914
CUST007217,2143.44,11,2025-07-14,194.85818181818183,222,True,21360.183558091598
CUST007218,4786.31,27,2025-09-02,177.27074074074076,172,True,19432.2636410219
CUST007220,3846.18,32,2026-02-01,120.193125,20,False,13175.465297198487
CUST007221,0.0,7,2023-09-09,0.0,896,True,0.0
CUST007222,25.42,9,2025-10-26,2.8244444444444445,118,True,309.6131310475773
CUST007223,406.97,7,2024-05-14,58.13857142857143,648,True,6373.0993789024
CUST007224,10365.8,80,2024-09-11,129.5725,528,True,14203.624185836345
CUST007225,3685.31,40,2026-01-28,92.13275,24,False,10099.511518320736
CUST007226,1561.53,42,2025-10-12,37.17928571428571,132,True,4075.5608001971736
CUST007227,3372.49,43,2026-02-20,78.42999999999999,1,False,8597.428041406505
CUST007228,0.0,9,2024-03-04,0.0,719,True,0.0
CUST007229,6738.719999999999,58,2026-02-14,116.18482758620688,7,False,12736.079238501023
CUST007230,2996.4300000000003,32,2026-02-16,93.63843750000001,5,False,10264.563665893034
CUST007231,2621.56,18,2026-01-26,145.64222222222222,26,False,15965.173088691714
CUST007232,0.0,11,2025-12-20,0.0,63,False,0.0
CUST007233,4928.780000000001,17,2026-02-21,289.9282352941177,0,False,31781.679715837705
CUST007234,7011.19,46,2026-01-14,152.41717391304346,38,False,16707.837370801124
CUST007235,1321.22,4,2024-07-17,330.305,584,True,36207.74536805784
CUST007236,5211.33,33,2026-02-21,157.9190909090909,0,False,17310.95270247662
CUST007237,5214.86,41,2026-01-31,127.19170731707317,21,False,13942.643773073745
CUST007238,5330.38,53,2026-02-06,100.57320754716982,15,False,11024.747096522176
CUST007239,6719.55,62,2026-02-16,108.37983870967743,5,False,11880.503180488271
CUST007240,115.49,33,2026-02-12,3.4996969696969695,9,False,383.63372260229636
CUST007242,3952.95,22,2026-02-20,179.67954545454543,1,False,19696.31470812296
CUST007243,1470.66,29,2026-02-13,50.71241379310345,8,False,5559.050470384263
CUST007244,131.21,6,2025-11-20,21.868333333333336,93,True,2397.1875840727353
CUST007245,5603.8,79,2026-02-21,70.93417721518988,0,False,7775.742500114394
CUST007246,3117.47,27,2026-02-04,115.46185185185185,17,False,12656.82727048113
CUST007247,9477.1,37,2025-12-17,256.1378378378378,66,False,28077.605884129276
CUST007248,13105.44,92,2026-02-19,142.4504347826087,2,False,15615.29213962194
CUST007249,168.11,6,2024-06-15,28.018333333333334,616,True,3071.345208127944
CUST007250,8328.98,51,2026-02-02,163.31333333333333,19,False,17902.264841713222
CUST007251,0.0,2,2023-03-26,0.0,1063,True,0.0
CUST007252,3567.9,25,2026-01-26,142.716,26,False,15644.403166611895
CUST007253,1018.6299999999999,9,2026-02-20,113.1811111111111,1,False,12406.814464161826
CUST007254,5220.76,98,2026-02-19,53.2730612244898,2,False,5839.746403455238
CUST007255,2592.93,23,2026-02-14,112.73608695652173,7,False,12358.031305347982
CUST007256,6531.48,40,2025-09-22,163.28699999999998,152,True,17899.37820473217
CUST007258,8363.54,60,2026-02-02,139.39233333333334,19,False,15280.065731953116
CUST007259,6560.75,47,2026-02-15,139.5904255319149,6,False,15301.780425601833
CUST007260,1111.1,12,2024-08-16,92.59166666666665,554,True,10149.817562164528
CUST007261,815.4000000000001,29,2026-02-04,28.117241379310347,17,False,3082.187421668725
CUST007262,5139.15,50,2026-02-16,102.78299999999999,5,False,11266.982613539269
CUST007263,47664.07,206,2026-02-18,231.37898058252426,3,False,25363.561594444036
CUST007264,1237.96,7,2025-03-19,176.85142857142858,339,True,19386.299007558333
CUST007265,7089.28,60,2026-02-15,118.15466666666666,6,False,12952.011276591084
CUST007266,5584.42,15,2025-12-03,372.29466666666667,80,False,40810.61592332129
CUST007268,225.32,3,2024-01-25,75.10666666666667,758,True,8233.127146456349
CUST007269,953.9499999999999,20,2025-12-15,47.6975,68,False,5228.558255833059
CUST007270,3552.83,44,2026-02-02,80.74613636363637,19,False,8851.320884966988
CUST007271,153.91,12,2026-01-17,12.825833333333334,35,False,1405.9566384598531
CUST007272,13557.54,94,2026-02-04,144.22914893617022,17,False,15810.273230294852
CUST007273,240.2,1,2023-10-08,240.2,867,True,26330.514032205057
CUST007275,1086.8600000000001,26,2026-02-13,41.8023076923077,8,False,4582.332428271697
CUST007276,2484.93,13,2025-12-26,191.14846153846153,57,False,20953.527263833766
CUST007277,4258.83,40,2026-02-21,106.47075,0,False,11671.230544939204
CUST007278,0.0,11,2025-10-26,0.0,118,True,0.0
CUST007279,8475.87,26,2025-08-16,325.995,189,True,35735.28693558988
CUST007280,0.0,6,2025-08-04,0.0,201,True,0.0
CUST007282,1953.12,7,2024-03-15,279.01714285714286,708,True,30585.61530069011
CUST007283,36.4,29,2026-02-07,1.2551724137931033,14,False,137.59090280689426
CUST007284,8188.8099999999995,37,2026-02-21,221.3191891891892,0,False,24260.81605554618
CUST007285,94.47,18,2026-01-23,5.248333333333333,29,False,575.3177122357322
CUST007286,6053.23,27,2026-02-12,224.19370370370368,9,False,24575.917823906715
CUST007287,979.36,6,2025-04-01,163.22666666666666,326,True,17892.764517471795
CUST007288,2426.55,57,2026-01-03,42.57105263157895,49,False,4666.601576525935
CUST007289,13567.72,142,2026-02-17,95.54732394366197,4,False,10473.814129218294
CUST007290,43449.08,265,2026-02-14,163.95879245283018,7,False,17973.01950617253
CUST007291,1870.8,22,2025-12-26,85.03636363636363,57,False,9321.611848355391
CUST007292,14966.44,48,2026-02-21,311.80083333333334,0,False,34179.334793241316
CUST007293,227.16,4,2025-09-25,56.79,149,True,6225.270157739073
CUST007294,14866.36,73,2025-05-12,203.64876712328768,285,True,22323.799835058227
CUST007295,3701.07,69,2026-01-19,53.638695652173915,33,False,5879.826929803256
CUST007296,34.53,1,2023-04-19,34.53,1039,True,3785.1484160368054
CUST007297,7238.46,46,2024-10-28,157.35782608695652,481,True,17249.427343296804
CUST007299,2730.08,25,2025-12-10,109.2032,73,False,11970.759325402561
CUST007300,3523.31,50,2026-01-20,70.4662,32,False,7724.44324686165
CUST007301,5482.73,14,2025-10-18,391.6235714285714,126,True,42929.433567203414
CUST007302,3567.63,51,2026-02-14,69.9535294117647,7,False,7668.244745123813
CUST007303,2503.1600000000003,17,2026-02-03,147.24470588235295,18,False,16140.835946724403
CUST007304,773.83,8,2026-02-13,96.72875,8,False,10603.32102078541
CUST007305,6426.25,13,2025-12-16,494.3269230769231,67,False,54187.6851980586
CUST007306,4725.26,84,2026-02-08,56.25309523809524,13,False,6166.415127067587
CUST007307,377.37,8,2026-01-20,47.17125,32,False,5170.871190847847
CUST007308,1165.74,13,2026-02-04,89.6723076923077,17,False,9829.79998331606
CUST007309,12993.97,15,2025-08-13,866.2646666666666,192,True,94959.17552568736
CUST007310,135.92,10,2024-03-03,13.591999999999999,720,True,1489.9431587249424
CUST007311,0.0,9,2026-01-27,0.0,25,False,0.0
CUST007312,0.0,2,2024-07-16,0.0,585,True,0.0
CUST007313,34460.57,157,2026-02-16,219.49407643312102,5,False,24060.748790625243
CUST007315,2828.48,22,2025-09-17,128.56727272727272,157,True,14093.4320509067
CUST007316,1710.8100000000002,12,2025-12-04,142.56750000000002,79,False,15628.124726421298
CUST007317,1319.0,24,2026-01-12,54.958333333333336,40,False,6024.484458867346
CUST007318,4926.5599999999995,33,2026-02-17,149.28969696969696,4,False,16365.006082115933
CUST007319,4733.52,36,2025-04-28,131.48666666666668,299,True,14413.45346259174
CUST007320,8466.51,25,2025-01-09,338.6604,408,True,37123.657012290496
CUST007321,0.0,7,2026-01-23,0.0,29,False,0.0
CUST007322,4994.0599999999995,80,2026-02-14,62.425749999999994,7,False,6843.056146319421
CUST007324,24734.28,157,2026-02-16,157.54318471337578,5,False,17269.746193895982
CUST007325,68.64,4,2026-02-08,17.16,13,False,1881.0641998028261
CUST007326,12977.27,38,2026-02-02,341.5071052631579,19,False,37435.71035482643
CUST007327,13035.84,103,2026-02-12,126.56155339805825,9,False,13873.566851312418
CUST007328,4394.35,14,2025-07-29,313.88214285714287,207,True,34407.48612389089
CUST007330,954.04,26,2025-12-05,36.69384615384615,78,False,4022.3473399226473
CUST007331,2062.81,13,2025-11-13,158.6776923076923,100,True,17394.10992466948
CUST007332,2304.57,18,2025-08-31,128.03166666666667,174,True,14034.719382736334
CUST007333,3685.95,27,2026-01-27,136.51666666666665,25,False,14964.837665680796
CUST007334,4203.719999999999,16,2026-02-05,262.73249999999996,16,False,28800.506985704895
CUST007336,1086.65,15,2024-06-19,72.44333333333334,612,True,7941.174874575529
CUST007337,11752.26,47,2026-01-09,250.04808510638298,43,False,27410.052512987604
CUST007338,3509.49,50,2026-01-31,70.18979999999999,21,False,7694.144520473216
CUST007339,1820.46,36,2026-02-14,50.568333333333335,7,False,5543.256496330376
CUST007340,0.0,5,2024-10-21,0.0,488,True,0.0
CUST007341,1245.37,22,2026-01-25,56.60772727272727,27,False,6205.289580706837
CUST007342,0.0,2,2024-02-21,0.0,731,True,0.0
CUST007343,4609.02,15,2026-01-16,307.26800000000003,36,False,33682.44956556031
CUST007344,4442.07,21,2026-01-22,211.52714285714285,30,False,23187.42049622083
CUST007345,1758.1,26,2026-01-02,67.61923076923077,50,False,7412.360968426906
CUST007346,1970.52,43,2024-10-15,45.82604651162791,494,True,5023.41116034513
CUST007347,0.0,1,2023-11-16,0.0,828,True,0.0
CUST007348,3655.83,18,2025-03-19,203.10166666666666,339,True,22263.827161244386
CUST007349,7163.28,118,2026-02-20,60.7057627118644,1,False,6654.512643299153
CUST007351,2023.3,47,2026-02-17,43.04893617021276,4,False,4718.986752295117
CUST007352,4457.57,26,2025-11-18,171.445,95,True,18793.651033519553
CUST007353,4677.24,12,2025-11-14,389.77,99,True,42726.24668747946
CUST007354,2727.08,5,2026-01-20,545.4159999999999,32,False,59788.025151495225
CUST007355,14266.19,35,2026-01-23,407.6054285714286,29,False,44681.350776864936
CUST007356,0.0,2,2024-07-08,0.0,593,True,0.0
CUST007358,2125.6499999999996,21,2025-09-27,101.22142857142856,147,True,11095.804518567202
CUST007359,8964.33,26,2024-03-16,344.7819230769231,707,True,37794.69302093076
CUST007360,27018.87,151,2026-02-17,178.93291390728476,4,False,19614.469610570777
CUST007361,7454.64,52,2026-02-10,143.35846153846154,11,False,15714.829238858414
CUST007363,2211.71,16,2026-02-11,138.231875,10,False,15152.857303853107
CUST007364,11531.189999999999,29,2026-01-23,397.6272413793103,29,False,43587.55061917118
CUST007365,15303.47,147,2026-02-13,104.1052380952381,8,False,11411.925197721546
CUST007366,1857.75,36,2026-02-12,51.604166666666664,9,False,5656.803640869755
CUST007367,0.0,2,2024-06-01,0.0,630,True,0.0
CUST007368,4588.42,58,2026-01-22,79.11068965517242,30,False,8672.044646390246
CUST007369,2635.38,71,2026-02-20,37.11802816901409,1,False,4068.845801632007
CUST007370,0.0,11,2026-02-01,0.0,20,False,0.0
CUST007371,4692.610000000001,25,2025-12-01,187.70440000000002,82,False,20575.992248570492
CUST007372,4924.26,47,2026-02-04,104.77148936170214,17,False,11484.95907915621
CUST007373,1502.08,25,2026-01-03,60.0832,49,False,6586.267863029904
CUST007374,943.31,7,2025-12-26,134.75857142857143,57,False,14772.116802497534
CUST007375,1323.91,37,2024-08-07,35.781351351351354,563,True,3922.3204573189687
CUST007376,6801.26,31,2026-01-21,219.39548387096775,31,False,24049.94116014544
CUST007377,620.54,10,2026-01-15,62.053999999999995,37,False,6802.305236279985
CUST007378,832.89,10,2025-12-09,83.289,74,False,9130.067373973054
CUST007379,10678.02,89,2026-02-18,119.97775280898877,3,False,13151.856385884717
CUST007380,248.07,24,2026-02-19,10.33625,2,False,1133.0506896976667
CUST007381,207.5,16,2025-04-04,12.96875,323,True,1421.6230385310548
CUST007382,10831.380000000001,36,2026-02-19,300.87166666666667,2,False,32981.28909683426
CUST007383,2301.0299999999997,13,2025-05-20,177.00230769230768,277,True,19402.83824490002
CUST007384,160.28,7,2026-01-16,22.897142857142857,36,False,2509.9647847518895
CUST007385,804.14,22,2026-01-24,36.551818181818184,28,False,4006.778357780898
CUST007386,0.0,5,2025-06-05,0.0,261,True,0.0
CUST007387,2917.31,20,2026-02-15,145.8655,6,False,15989.648603516267
CUST007388,509.31,27,2026-02-09,18.863333333333333,12,False,2067.7821108555154
CUST007389,5025.45,52,2026-01-05,96.64326923076922,47,False,10593.950693584266
CUST007390,1370.79,5,2023-09-04,274.158,901,True,30052.96030824844
CUST007391,4555.64,45,2026-02-03,101.23644444444446,18,False,11097.45054544127
CUST007392,12720.92,103,2026-02-11,123.50407766990291,10,False,13538.409034645803
CUST007393,3517.76,48,2026-02-16,73.28666666666668,5,False,8033.620337386352
CUST007394,246.1,39,2026-01-29,6.31025641025641,23,False,691.7247916614002
CUST007395,2467.8100000000004,30,2026-02-12,82.26033333333335,9,False,9017.305833169023
CUST007396,2168.44,14,2026-02-05,154.88857142857142,16,False,16978.749806112388
CUST007397,7488.95,49,2026-02-01,152.8357142857143,20,False,16753.717400591522
CUST007399,13492.2,44,2026-02-14,306.64090909090913,7,False,33613.708408269355
CUST007400,16153.58,140,2025-12-01,115.38271428571429,82,False,12648.152279658232
CUST007401,4145.01,8,2025-12-14,518.12625,69,False,56796.546611485384
CUST007402,1651.81,12,2026-01-10,137.65083333333334,42,False,15089.164024263338
CUST007403,11288.6,51,2026-01-04,221.34509803921569,48,False,24263.65616103819
CUST007404,879.92,20,2026-02-20,43.995999999999995,1,False,4822.803061452513
CUST007405,0.0,11,2023-12-01,0.0,813,True,0.0
CUST007406,1023.55,22,2026-02-15,46.525,6,False,5100.029830759118
CUST007407,718.21,16,2026-01-16,44.888125,36,False,4920.597024112718
CUST007408,5488.59,42,2026-01-25,130.6807142857143,27,False,14325.105667104832
CUST007409,134.18,17,2025-11-11,7.892941176470589,102,True,865.2173122499082
CUST007410,0.0,11,2025-11-24,0.0,89,False,0.0
CUST007411,8681.51,61,2026-01-03,142.31983606557378,49,False,15600.976022421792
CUST007412,1433.49,40,2026-01-12,35.83725,40,False,3928.4480183207356
CUST007413,1654.81,42,2026-02-20,39.400238095238095,1,False,4319.019658779713
CUST007414,632.09,3,2024-03-20,210.6966666666667,703,True,23096.384422171104
CUST007415,1720.8600000000001,27,2026-01-21,63.73555555555556,31,False,6986.635886369445
CUST007416,0.0,6,2025-12-19,0.0,64,False,0.0
CUST007417,8301.67,55,2026-02-18,150.93945454545454,3,False,16545.85106545574
CUST007418,3044.11,16,2026-01-27,190.256875,25,False,20855.79232685672
CUST007420,234.29,6,2024-07-20,39.04833333333333,581,True,4280.444166392814
CUST007421,2268.37,29,2025-07-23,78.2196551724138,213,True,8574.37022527678
CUST007422,21939.2,141,2026-02-05,155.5971631205674,16,False,17056.42500798251
CUST007423,1775.45,20,2026-02-02,88.77250000000001,19,False,9731.163850640816
CUST007424,3429.53,7,2026-01-05,489.9328571428572,47,False,53706.0115313835
CUST007426,10866.62,36,2026-01-27,301.85055555555556,25,False,33088.59404115091
CUST007427,3998.2700000000004,21,2026-01-31,190.39380952380955,21,False,20870.80296965714
CUST007428,1132.58,3,2025-01-27,377.52666666666664,390,True,41384.14318983459
CUST007429,8280.8,79,2026-02-13,104.82025316455696,8,False,11490.304524598892
CUST007430,6807.3099999999995,51,2026-02-18,133.47666666666666,3,False,14631.595523058384
CUST007431,0.0,20,2025-04-30,0.0,297,True,0.0
CUST007432,6951.54,57,2025-03-23,121.95684210526316,335,True,13368.802424546413
CUST007433,3734.79,42,2026-01-28,88.92357142857142,24,False,9747.724168583634
CUST007434,1857.83,17,2026-02-08,109.28411764705882,13,False,11979.629447140012
CUST007435,1083.35,21,2025-12-11,51.588095238095235,72,False,5655.041904918391
CUST007436,6867.5,56,2025-09-04,122.63392857142857,170,True,13443.024051100887
CUST007437,8314.03,37,2026-02-13,224.70351351351354,8,False,24631.80272961427
CUST007438,404.17,13,2024-07-19,31.09,582,True,3408.0586230693393
CUST007439,3236.4300000000003,10,2026-01-23,323.64300000000003,29,False,35477.46275156096
CUST007441,1909.5,16,2026-01-08,119.34375,44,False,13082.35755216891
CUST007442,448.90999999999997,26,2026-02-04,17.26576923076923,17,False,1892.6585304229125
CUST007443,13633.42,97,2026-02-16,140.55072164948453,5,False,15407.0472465791
CUST007444,2594.27,23,2025-12-01,112.79434782608696,82,False,12364.417810941719
CUST007445,344.05,8,2025-08-31,43.00625,174,True,4714.307531629971
CUST007446,6505.490000000001,16,2026-01-04,406.59312500000004,48,False,44570.38294425731
CUST007447,4407.15,54,2026-01-29,81.61388888888888,23,False,8946.443158250264
CUST007448,657.37,5,2023-09-11,131.474,894,True,14412.064953664147
CUST007449,2207.25,38,2026-01-22,58.08552631578947,30,False,6367.284620007956
CUST007450,1166.98,16,2025-11-22,72.93625,91,True,7995.207968698653
CUST007451,13120.130000000001,53,2026-01-26,247.54962264150944,26,False,27136.17324158756
CUST007452,1016.7700000000001,19,2025-10-31,53.51421052631579,113,True,5866.180979123787
CUST007453,5485.389999999999,38,2026-02-21,144.3523684210526,0,False,15823.780442516903
CUST007454,547.44,18,2025-10-04,30.413333333333338,140,True,3333.8830145689562
CUST007455,3429.8,15,2025-12-13,228.65333333333334,70,False,25064.77852557783
CUST007457,390.6,23,2025-12-21,16.982608695652175,62,False,1861.6187200845848
CUST007458,4688.12,12,2024-11-09,390.6766666666667,469,True,42825.634694928245
CUST007459,353.8,8,2024-03-04,44.225,719,True,4847.905841275057
CUST007461,3679.76,7,2025-05-15,525.6800000000001,282,True,57624.58208347026
CUST007462,3229.12,35,2025-09-26,92.26057142857142,148,True,10113.523191587248
CUST007463,1504.09,21,2024-03-15,71.62333333333333,708,True,7851.287191368167
CUST007464,1453.66,16,2026-02-20,90.85375,1,False,9959.308656342426
CUST007465,6072.64,32,2026-02-20,189.77,1,False,20802.421514952348
CUST007466,15252.03,92,2025-09-22,165.7829347826087,152,True,18172.980393811882
CUST007467,521.11,10,2025-11-28,52.111000000000004,85,False,5712.362267827802
CUST007468,2224.62,39,2026-02-19,57.04153846153846,2,False,6252.843584013751
CUST007469,2875.35,14,2026-01-17,205.38214285714284,35,False,22513.810967794936
CUST007470,5236.4,21,2026-01-22,249.35238095238094,30,False,27333.790031766897
CUST007471,1251.6200000000001,15,2025-07-03,83.44133333333335,233,True,9146.766020812795
CUST007472,3378.65,9,2024-11-02,375.40555555555557,476,True,41151.62884397707
CUST007473,47005.5,349,2026-02-17,134.6862464183381,4,False,14764.188598097751
CUST007474,3214.79,49,2026-02-19,65.60795918367347,2,False,7191.887135345758
CUST007475,17946.89,96,2026-02-20,186.94677083333332,1,False,20492.94160159245
CUST007476,4745.43,37,2026-01-15,128.25486486486489,37,False,14059.18617411694
CUST007478,2061.49,15,2024-01-18,137.43266666666665,765,True,15065.24878497097
CUST007479,9991.3,47,2024-10-04,212.58085106382978,505,True,23302.92706875214
CUST007480,0.0,18,2026-01-22,0.0,30,False,0.0
CUST007481,257.22,5,2023-07-19,51.444,948,True,5639.246310877424
CUST007482,4758.95,40,2026-02-15,118.97375,6,False,13041.798475599735
CUST007483,19354.35,147,2026-02-21,131.66224489795917,0,False,14432.700194826533
CUST007484,933.81,1,2023-11-15,933.81,829,True,102363.43592178769
CUST007485,447.98,11,2025-12-30,40.72545454545455,53,False,4464.288727631226
CUST007486,0.0,3,2023-07-19,0.0,948,True,0.0
CUST007487,3844.0,36,2024-03-14,106.77777777777777,709,True,11704.88666155475
CUST007488,0.0,4,2025-07-29,0.0,207,True,0.0
CUST007489,1570.32,5,2026-01-26,314.06399999999996,26,False,34427.421144922766
CUST007490,3453.94,25,2026-01-21,138.1576,31,False,15144.715343279659
CUST007491,364.07,7,2024-12-31,52.01,417,True,5701.290736115675
CUST007492,121.49,4,2024-05-18,30.3725,644,True,3329.406900262898
CUST007493,6180.57,80,2026-02-12,77.257125,9,False,8468.858509160367
CUST007494,314.78999999999996,13,2026-01-23,24.21461538461538,29,False,2654.3849715614647
CUST007495,477.18,9,2025-08-30,53.02,175,True,5812.006053236937
CUST007496,15545.54,128,2026-02-20,121.44953125,1,False,13313.191452051842
CUST007497,0.0,1,2023-09-27,0.0,878,True,0.0
CUST007498,0.0,1,2023-09-14,0.0,891,True,0.0
CUST007499,6640.09,66,2025-01-17,100.60742424242424,400,True,11028.497900745873
CUST007500,0.0,7,2024-11-08,0.0,470,True,0.0
CUST007501,2655.2,23,2026-01-15,115.44347826086955,37,False,12654.813173498691
CUST007502,0.0,4,2023-07-15,0.0,952,True,0.0
CUST007503,8424.42,87,2026-02-01,96.83241379310346,20,False,10614.684555169015
CUST007504,3781.05,29,2026-02-07,130.38103448275862,14,False,14292.255029066144
CUST007505,14249.18,89,2026-02-21,160.10314606741574,0,False,17550.36691976797
CUST007506,0.0,4,2026-01-29,0.0,23,False,0.0
CUST007507,0.0,27,2024-02-15,0.0,737,True,0.0
CUST007508,2692.2400000000002,20,2026-01-15,134.61200000000002,37,False,14756.049770621099
CUST007509,5901.45,30,2024-04-08,196.715,684,True,21563.726344068353
CUST007510,1407.3600000000001,23,2025-12-30,61.18956521739131,53,False,6707.546651045164
CUST007511,1349.54,14,2026-01-19,96.39571428571428,33,False,10566.81393690437
CUST007512,221.9,5,2023-11-23,44.38,821,True,4864.8968057837665
CUST007513,7245.8,55,2026-01-22,131.7418181818182,30,False,14441.422948645177
CUST007514,5644.25,27,2024-05-20,209.0462962962963,642,True,22915.47226482151
CUST007515,3082.2799999999997,13,2026-01-12,237.09846153846152,40,False,25990.526097221868
CUST007516,1878.94,13,2025-12-28,144.53384615384616,55,False,15843.673872949264
CUST007517,1471.0700000000002,21,2025-12-28,70.0509523809524,55,False,7678.924165845111
CUST007518,0.0,2,2023-09-17,0.0,888,True,0.0
CUST007519,6545.35,63,2026-02-18,103.89444444444445,3,False,11388.818181984154
CUST007520,124.56,4,2025-02-07,31.14,379,True,3413.5395793624716
CUST007522,0.0,6,2024-06-23,0.0,608,True,0.0
CUST007523,179.13,10,2026-02-21,17.913,0,False,1963.6074015773909
CUST007524,359.35,13,2025-06-18,27.642307692307693,248,True,3030.1256060567757
CUST007525,1962.4299999999998,33,2025-12-23,59.46757575757575,60,False,6518.7836717155105
CUST007527,454.26,17,2026-02-02,26.721176470588233,19,False,2929.152006727107
CUST007528,3055.06,2,2024-05-08,1527.53,654,True,167446.5033289517
CUST007529,6799.639999999999,58,2026-02-16,117.2351724137931,5,False,12851.217120355366
CUST007531,3372.81,14,2024-08-16,240.915,554,True,26408.891707196843
CUST007532,16542.87,80,2026-01-22,206.78587499999998,30,False,22667.68685824022
CUST007533,7862.05,66,2026-02-21,119.1219696969697,0,False,13058.04618921718
CUST007534,7899.21,68,2026-02-10,116.16485294117648,11,False,12733.889635373374
CUST007535,0.0,3,2023-10-18,0.0,857,True,0.0
CUST007536,4901.91,35,2026-02-16,140.05457142857142,5,False,15352.65969306605
CUST007537,3251.72,23,2025-12-05,141.3791304347826,78,False,15497.856693480406
CUST007538,5986.59,21,2026-01-29,285.0757142857143,23,False,31249.75060466645
CUST007539,5375.32,31,2026-02-19,173.3974193548387,2,False,19007.67353651426
CUST007540,773.57,15,2025-03-19,51.571333333333335,339,True,5653.204479570599
CUST007541,5909.57,115,2026-02-16,51.387565217391305,5,False,5633.05997933961
CUST007542,4914.64,21,2026-01-01,234.0304761904762,51,False,25654.216225216347
CUST007543,3109.02,27,2025-05-14,115.14888888888889,283,True,12622.520544053747
CUST007544,764.9,14,2024-01-10,54.635714285714286,773,True,5989.119240880709
CUST007545,0.0,2,2024-03-23,0.0,700,True,0.0
CUST007546,946.64,14,2026-02-13,67.61714285714285,8,False,7412.132093328951
CUST007547,3332.67,42,2026-02-08,79.34928571428571,13,False,8698.199337824515
CUST007549,5718.84,66,2026-02-15,86.64909090909092,6,False,9498.397602246587
CUST007550,6713.84,21,2025-09-24,319.70666666666665,150,True,35045.965332457
CUST007551,2022.8799999999999,19,2026-02-03,106.46736842105263,18,False,11670.859859210957
CUST007552,9131.09,48,2026-01-20,190.23104166666667,32,False,20852.960499438603
CUST007554,4607.22,30,2026-02-15,153.574,6,False,16834.647635228393
CUST007555,14152.720000000001,92,2026-02-11,153.83391304347828,10,False,16863.13907585478
CUST007556,609.9399999999999,12,2024-07-02,50.828333333333326,599,True,5571.75746905466
CUST007557,2514.7799999999997,12,2026-01-27,209.56499999999997,25,False,22972.332111403215
CUST007558,2116.61,7,2025-11-05,302.3728571428572,108,True,33145.84828458758
CUST007559,1487.22,28,2026-02-14,53.115,7,False,5822.419870193888
CUST007561,1868.43,23,2025-12-20,81.23608695652175,63,False,8905.028840674962
CUST007562,995.32,5,2024-01-28,199.06400000000002,755,True,21821.221670719686
CUST007563,14311.57,98,2026-02-10,146.03642857142856,11,False,16008.385644101214
CUST007564,4101.35,49,2025-12-13,83.70102040816327,70,False,9175.232690953477
CUST007565,0.0,9,2025-12-29,0.0,54,False,0.0
CUST007566,14146.73,88,2026-02-16,160.75829545454545,5,False,17622.18382289457
CUST007567,724.62,14,2025-05-16,51.75857142857143,281,True,5673.729355898784
CUST007568,0.0,6,2025-09-26,0.0,148,True,0.0
CUST007569,1095.37,24,2025-10-07,45.64041666666666,137,True,5003.062579006462
CUST007570,12905.47,82,2026-02-03,157.38378048780487,18,False,17252.272442030087
CUST007571,1836.84,11,2024-08-10,166.98545454545453,560,True,18304.799559047588
CUST007572,1390.99,21,2025-07-02,66.23761904761905,234,True,7260.909899222259
CUST007573,19573.01,112,2026-02-10,174.75901785714285,11,False,19156.930774112716
CUST007574,1872.42,12,2026-01-14,156.035,38,False,17104.420303976338
CUST007575,754.97,13,2025-10-26,58.074615384615385,118,True,6366.088573270305
CUST007576,2813.7400000000002,9,2025-09-26,312.6377777777778,148,True,34271.07991163691
CUST007577,808.5,29,2026-01-27,27.879310344827587,25,False,3056.105629653133
CUST007578,732.25,31,2026-02-17,23.620967741935484,4,False,2589.30983590048
CUST007579,4535.04,92,2026-02-19,49.29391304347826,2,False,5403.555658174856
CUST007580,690.35,3,2024-02-12,230.11666666666667,740,True,25225.187846423487
CUST007581,1369.96,29,2025-12-27,47.24,56,False,5178.407505750904
CUST007582,462.14,27,2025-12-01,17.116296296296294,82,False,1876.2734380058662
CUST007583,3843.01,26,2026-01-25,147.80807692307692,27,False,16202.592187744887
CUST007584,4520.79,11,2025-12-17,410.9809090909091,66,False,45051.36800077675
CUST007585,48042.84,272,2026-02-19,176.62808823529411,2,False,19361.816635141404
CUST007586,6842.93,56,2026-02-03,122.19517857142857,18,False,13394.928659628657
CUST007587,5042.91,12,2024-10-30,420.2425,479,True,46066.615500328626
CUST007588,1592.78,23,2025-03-08,69.25130434782609,350,True,7591.267447456029
CUST007589,3222.2999999999997,40,2026-01-18,80.55749999999999,34,False,8830.642731679263
CUST007590,1132.2,37,2026-02-20,30.6,1,False,3354.3452513966486
CUST007591,244.44,17,2025-11-28,14.378823529411765,85,False,1576.1940662272139
CUST007592,449.75,39,2026-02-07,11.532051282051283,14,False,1264.133380941547
CUST007593,5789.0599999999995,50,2026-02-21,115.78119999999998,0,False,12691.833935326978
CUST007594,124.56,16,2026-02-09,7.785,12,False,853.3848948406179
CUST007595,15917.449999999999,77,2026-02-19,206.72012987012985,2,False,22660.47993457413
CUST007596,2789.17,61,2026-02-19,45.72409836065574,2,False,5012.235693152249
CUST007597,12420.990000000002,53,2026-02-18,234.35830188679247,3,False,25690.15219148184
CUST007598,10998.82,88,2026-02-05,124.9865909090909,16,False,13700.920840005378
CUST007599,3020.98,29,2026-02-06,104.17172413793104,15,False,11419.213339603612
CUST007601,4262.77,47,2025-12-25,90.6972340425532,58,False,9942.151513903555
CUST007602,744.08,13,2026-02-17,57.23692307692308,4,False,6274.26147475922
CUST007603,8301.14,32,2025-12-27,259.410625,56,False,28436.36595197995
CUST007604,0.0,3,2024-01-11,0.0,772,True,0.0
CUST007605,0.0,6,2024-07-29,0.0,572,True,0.0
CUST007606,35610.6,211,2026-02-14,168.77061611374407,7,False,18500.48740968706
CUST007607,2247.89,18,2025-12-20,124.88277777777778,63,False,13689.540935297768
CUST007608,688.26,7,2026-02-06,98.32285714285715,15,False,10778.065652316793
CUST007609,15393.98,96,2026-02-10,160.35395833333334,11,False,17577.860741113484
CUST007610,3721.33,44,2026-02-18,84.57568181818182,3,False,9271.11231014549
CUST007611,526.19,9,2025-06-23,58.46555555555556,243,True,6408.943093073356
CUST007612,9478.37,61,2026-02-19,155.3831147540984,2,False,17032.961213157854
CUST007613,17670.15,144,2026-02-21,122.70937500000001,0,False,13451.294422650346
CUST007614,1816.59,24,2025-06-16,75.69125,250,True,8297.208660450213
CUST007615,41670.86,278,2026-02-19,149.8951798561151,2,False,16431.378586849878
CUST007616,0.0,4,2026-02-08,0.0,13,False,0.0
CUST007617,3722.16,59,2026-02-10,63.08745762711864,11,False,6915.591957980805
CUST007618,5365.4400000000005,62,2026-02-20,86.53935483870968,1,False,9486.368430135795
CUST007619,12186.73,64,2026-02-21,190.41765625,0,False,20873.417026936822
CUST007620,5592.92,30,2026-01-07,186.43066666666667,45,False,20436.366713988387
CUST007621,6405.72,32,2026-02-13,200.17875,8,False,21943.41959127506
CUST007622,12355.77,54,2026-02-10,228.81055555555557,11,False,25082.01308814401
CUST007623,7310.01,59,2026-02-01,123.89847457627118,20,False,13581.642478764823
CUST007624,155.59,15,2024-08-06,10.372666666666667,564,True,1137.0426528644978
CUST007625,10024.27,72,2026-02-15,139.22597222222223,6,False,15261.82937237558
CUST007626,245.42,10,2025-11-28,24.541999999999998,85,False,2690.2725869208016
CUST007627,2562.54,14,2024-09-24,183.03857142857143,515,True,20064.52819914558
CUST007628,305.71000000000004,13,2025-10-21,23.51615384615385,123,True,2577.8202282666402
CUST007629,3111.3700000000003,28,2026-01-02,111.12035714285716,50,False,12180.916415543874
CUST007630,6715.53,39,2026-02-08,172.19307692307692,13,False,18875.654571905252
CUST007631,5301.2699999999995,50,2026-02-17,106.02539999999999,4,False,11622.411667236278
CUST007632,32717.21,210,2025-04-15,155.7962380952381,312,True,17078.24743268704
CUST007633,2253.87,14,2024-10-29,160.9907142857143,480,True,17647.661372001316
CUST007634,11528.98,30,2026-02-13,384.2993333333333,8,False,42126.556989593606
CUST007635,0.0,9,2023-11-23,0.0,821,True,0.0
CUST007636,0.0,10,2026-02-08,0.0,13,False,0.0
CUST007637,1095.47,29,2026-01-30,37.7748275862069,22,False,4140.843579611772
CUST007638,11727.46,63,2026-02-17,186.15015873015872,4,False,20405.617679190855
CUST007639,18145.87,30,2026-02-16,604.8623333333333,5,False,66304.48024723408
CUST007640,936.1800000000001,9,2025-07-29,104.02000000000001,207,True,11402.581472231352
CUST007641,228.0,14,2026-01-26,16.285714285714285,26,False,1785.2257640486362
CUST007642,8676.91,22,2026-02-18,394.405,3,False,43234.331335852774
CUST007643,2070.9900000000002,28,2026-02-17,73.96392857142858,4,False,8107.861195366416
CUST007644,1009.39,25,2025-01-05,40.3756,412,True,4425.937978179428
CUST007645,691.63,10,2026-02-06,69.163,15,False,7581.587602037463
CUST007646,7288.12,26,2025-12-28,280.3123076923077,55,False,30727.5901377689
CUST007647,4282.94,25,2025-05-03,171.31759999999997,294,True,18779.68555688465
CUST007648,0.0,9,2025-10-01,0.0,143,True,0.0
CUST007649,4171.150000000001,18,2026-01-22,231.73055555555558,30,False,25402.100935662907
CUST007650,6804.74,20,2026-02-19,340.23699999999997,2,False,37296.48252612553
CUST007652,2638.14,13,2024-12-06,202.93384615384613,442,True,22245.430823327177
CUST007653,9681.93,40,2026-01-03,242.04825,49,False,26533.117581580675
CUST007654,1493.33,14,2026-01-26,106.66642857142857,26,False,11692.680658889254
CUST007655,12599.869999999999,40,2026-02-13,314.99674999999996,8,False,34529.668384571145
CUST007656,10572.17,65,2024-12-19,162.64876923076923,429,True,17829.41590571046
CUST007657,6206.88,42,2024-10-15,147.78285714285715,494,True,16199.827617482748
CUST007658,2356.42,6,2025-09-09,392.7366666666667,165,True,43051.45009420528
CUST007659,8946.15,47,2025-12-28,190.3436170212766,55,False,20865.300911404618
CUST007660,0.0,2,2023-11-30,0.0,814,True,0.0
CUST007661,8476.46,38,2026-02-18,223.06473684210525,3,False,24452.16146341041
CUST007662,3993.09,18,2026-01-05,221.83833333333334,47,False,24317.724182823968
CUST007664,2097.16,9,2024-07-15,233.01777777777775,586,True,25543.205110453862
CUST007665,3601.37,22,2025-11-30,163.69863636363635,83,False,17944.501423087262
CUST007666,3478.77,13,2025-11-12,267.5976923076923,101,True,29333.825113627743
CUST007667,456.64,13,2025-10-30,35.12615384615385,114,True,3850.4982795318388
CUST007668,5335.179999999999,34,2026-01-03,156.9170588235294,49,False,17201.110821171056
CUST007670,13637.42,45,2025-11-26,303.0537777777778,87,False,33220.4902093694
CUST007671,3593.66,21,2025-12-21,171.12666666666667,62,False,18758.75561178661
CUST007672,6653.65,36,2026-02-08,184.8236111111111,13,False,20260.202688775695
CUST007673,10830.17,55,2026-02-14,196.9121818181818,7,False,21585.34124261345
CUST007674,12428.449999999999,56,2026-02-21,221.93660714285713,0,False,24328.496871919157
CUST007675,5612.37,34,2026-01-25,165.06970588235293,27,False,18094.79686522588
CUST007676,1798.28,19,2026-01-07,94.64631578947369,45,False,10375.046402961067
CUST007677,10681.37,21,2025-12-05,508.6366666666667,78,False,55756.30678168474
CUST007678,1069.78,11,2026-02-08,97.25272727272727,13,False,10660.75895139366
CUST007679,538.36,14,2026-02-18,38.45428571428572,3,False,4215.325185672034
CUST007680,8362.029999999999,51,2026-02-21,163.9613725490196,0,False,17973.302334061456
CUST007681,1491.47,16,2024-07-14,93.216875,587,True,10218.352353146565
CUST007682,4180.54,36,2026-02-15,116.12611111111111,6,False,12729.64278982729
CUST007683,0.0,25,2026-02-08,0.0,13,False,0.0
CUST007684,925.46,18,2025-11-24,51.41444444444445,89,False,5636.006456713039
CUST007685,6438.07,45,2026-02-12,143.0682222222222,9,False,15683.013458721287
CUST007686,4219.870000000001,25,2026-01-23,168.79480000000004,29,False,18503.1384261584
CUST007687,1122.91,15,2025-11-01,74.86066666666667,112,True,8206.16084149414
CUST007688,9979.0,19,2025-12-07,525.2105263157895,76,False,57573.11878859159
CUST007689,2233.83,18,2024-12-16,124.10166666666666,432,True,13603.916218096176
CUST007690,2011.56,20,2025-11-16,100.578,97,True,11025.27244101216
CUST007691,2701.87,51,2026-01-11,52.9778431372549,41,False,5807.384854793709
CUST007692,786.79,10,2025-12-15,78.679,68,False,8624.723203746304
CUST007693,5247.3099999999995,107,2026-02-07,49.04028037383177,14,False,5375.752666638001
CUST007694,4465.57,75,2026-02-20,59.54093333333333,1,False,6526.825065045459
CUST007695,2037.03,9,2025-06-29,226.33666666666667,237,True,24810.827550662725
CUST007696,4268.01,24,2026-02-07,177.83375,14,False,19493.980223874467
CUST007697,1694.22,12,2025-12-04,141.185,79,False,15476.5762849162
CUST007698,2295.84,18,2026-02-17,127.54666666666668,4,False,13981.554106692956
CUST007699,2854.7,59,2025-01-05,48.38474576271186,412,True,5303.893535594333
CUST007700,4224.17,15,2025-12-15,281.61133333333333,68,False,30869.98819301128
CUST007701,3658.26,24,2025-08-25,152.4275,180,True,16708.969307426883
CUST007702,7105.85,30,2026-01-16,236.86166666666668,36,False,25964.568850366963
CUST007703,6391.6,3,2024-05-26,2130.5333333333333,636,True,233547.20162120715
CUST007704,4775.0199999999995,25,2025-11-29,191.00079999999997,84,False,20937.340735064077
CUST007705,549.27,10,2025-01-14,54.927,403,True,6021.049726256983
CUST007706,3826.16,1,2023-06-16,3826.16,981,True,419420.31461058167
CUST007707,205.67,3,2025-12-26,68.55666666666666,57,False,7515.121872056084
CUST007709,19095.74,81,2025-05-02,235.7498765432099,295,True,25842.695388890916
CUST007710,3035.5600000000004,43,2026-02-20,70.59441860465117,1,False,7738.498458222837
CUST007711,234.9,13,2025-12-02,18.06923076923077,81,False,1980.733281933315
CUST007712,875.63,14,2025-11-13,62.545,100,True,6856.128227078541
CUST007713,6640.82,22,2025-09-18,301.8554545454545,156,True,33089.13106414124
CUST007714,2693.05,13,2025-12-01,207.15769230769232,82,False,22708.445146490052
CUST007715,4143.0,39,2025-11-01,106.23076923076923,112,True,11644.924062792285
CUST007716,19470.5,52,2026-01-27,374.4326923076923,25,False,41044.984425162416
CUST007717,0.0,5,2023-09-15,0.0,890,True,0.0
CUST007718,9790.5,73,2026-02-13,134.1164383561644,8,False,14701.726736412786
CUST007719,18384.21,98,2026-02-08,187.59397959183673,13,False,20563.888059950234
CUST007720,12105.61,110,2026-02-19,110.051,2,False,12063.694420308906
CUST007721,44531.83,344,2026-02-19,129.4529941860465,2,False,14190.52406297526
CUST007722,0.0,10,2026-02-09,0.0,12,False,0.0
CUST007723,58574.0,295,2026-02-21,198.55593220338983,0,False,21765.527722976323
CUST007725,1714.5,15,2026-01-21,114.3,31,False,12529.466086099244
CUST007726,2464.17,30,2025-12-14,82.139,69,False,9004.005379231021
CUST007727,120.49,15,2026-02-02,8.032666666666666,19,False,880.5338983459304
CUST007728,9203.51,48,2026-01-15,191.73979166666666,37,False,21018.348355583854
CUST007729,0.0,5,2025-10-27,0.0,117,True,0.0
CUST007730,3360.29,31,2026-02-03,108.39645161290322,18,False,11882.324272417924
CUST007731,9692.25,67,2025-11-24,144.66044776119404,89,False,15857.551830479544
CUST007732,15377.16,31,2026-02-16,496.03741935483873,5,False,54375.18830483501
CUST007733,1346.26,36,2026-01-09,37.39611111111111,43,False,4099.329010661993
CUST007734,9559.19,47,2026-01-29,203.38702127659576,23,False,22295.107484145687
CUST007735,9324.23,71,2026-01-15,131.32718309859155,37,False,14395.971013269893
CUST007736,0.0,3,2025-08-27,0.0,178,True,0.0
CUST007737,11916.7,27,2025-03-18,441.35925925925926,340,True,48381.41619138033
CUST007738,1669.56,30,2026-01-31,55.652,21,False,6100.523592507394
CUST007739,4162.81,32,2026-02-04,130.0878125,17,False,14260.112291632437
CUST007740,8123.82,46,2024-07-24,176.60478260869564,577,True,19359.261892725997
CUST007741,19353.739999999998,14,2026-01-05,1382.4099999999999,47,False,151538.575783766
CUST007742,0.0,8,2026-02-13,0.0,8,False,0.0
CUST007743,34.5,6,2025-11-20,5.75,93,True,630.3099737101545
CUST007744,0.0,1,2023-04-24,0.0,1034,True,0.0
CUST007745,20047.05,86,2026-01-28,233.10523255813953,24,False,25552.79182702963
CUST007746,3742.13,27,2026-01-13,138.59740740740742,39,False,15192.926646827571
CUST007747,1127.65,8,2025-05-02,140.95625,295,True,15451.500909875123
CUST007748,11100.880000000001,15,2026-02-12,740.0586666666667,9,False,81124.58412706759
CUST007749,0.0,5,2026-02-20,0.0,1,False,0.0
CUST007750,5455.75,16,2025-11-17,340.984375,96,True,37378.40912031712
CUST007751,711.25,5,2023-05-22,142.25,1006,True,15593.320653959907
CUST007752,2914.96,12,2026-02-15,242.91333333333333,6,False,26627.947260379013
CUST007753,9617.81,59,2026-01-04,163.0137288135593,48,False,17869.4224561511
CUST007754,1699.45,13,2024-10-29,130.72692307692307,480,True,14330.171034404306
CUST007755,2410.7599999999998,31,2026-02-02,77.76645161290323,19,False,8524.690447245397
CUST007756,0.0,14,2026-02-07,0.0,14,False,0.0
CUST007758,5948.39,65,2026-02-05,91.51369230769231,16,False,10031.650955231427
CUST007759,3042.9700000000003,36,2026-01-27,84.52694444444445,25,False,9265.76976183956
CUST007760,3459.47,45,2026-02-13,76.8771111111111,8,False,8427.201718844706
CUST007761,5299.14,30,2026-01-21,176.638,31,False,19362.90315412422
CUST007762,9101.12,34,2026-02-16,267.68,5,False,29342.84761091029
CUST007764,4411.719999999999,22,2025-10-20,200.53272727272724,124,True,21982.222270486658
CUST007765,1860.72,18,2026-02-18,103.37333333333333,3,False,11331.694437506845
CUST007766,2494.94,11,2024-11-24,226.81272727272727,454,True,24863.01289815672
CUST007768,5136.530000000001,46,2026-02-21,111.66369565217393,0,False,12240.476707982685
CUST007769,7852.4800000000005,74,2026-02-11,106.1145945945946,10,False,11632.189100727413
CUST007770,14615.12,71,2026-02-13,205.8467605633803,8,False,22564.741954612986
CUST007771,1396.3600000000001,10,2026-02-15,139.63600000000002,6,False,15306.77625895498
CUST007772,13611.7,121,2026-02-12,112.49338842975207,9,False,12331.426904995342
CUST007773,3268.36,21,2026-02-06,155.63619047619048,15,False,17060.703152590646
CUST007774,7355.08,44,2026-01-26,167.1609090909091,26,False,18324.03273294894
CUST007776,3949.9900000000002,38,2026-02-15,103.9471052631579,6,False,11394.590814898731
CUST007777,4513.9,26,2026-01-31,173.61153846153846,21,False,19031.145085821176
CUST007778,121.33,9,2026-02-19,13.481111111111112,2,False,1477.7876156570635
CUST007779,3229.48,55,2026-02-16,58.71781818181818,5,False,6436.5959016520765
CUST007780,7315.75,34,2023-12-08,215.1691176470588,806,True,23586.65058910518
CUST007781,469.03999999999996,21,2025-11-04,22.335238095238093,109,True,2448.369275933837
CUST007782,11436.8,95,2026-02-16,120.38736842105263,5,False,13196.758091218846
CUST007783,6029.8,22,2026-02-08,274.08181818181816,13,False,30044.60932393272
CUST007784,6106.08,83,2026-02-10,73.56722891566265,11,False,8064.375325871347
CUST007785,0.0,2,2024-07-02,0.0,599,True,0.0
CUST007786,20453.37,193,2026-02-16,105.9760103626943,5,False,11616.997618368156
CUST007788,4590.75,30,2026-02-03,153.025,18,False,16774.466735129805
CUST007789,158.97,6,2025-08-27,26.495,178,True,2904.358739730529
CUST007790,0.0,5,2023-05-25,0.0,1003,True,0.0
CUST007791,0.0,7,2025-09-25,0.0,149,True,0.0
CUST007792,18833.24,44,2026-02-20,428.02818181818185,1,False,46920.07513548233
CUST007793,5793.5,40,2026-01-18,144.8375,34,False,15876.960142129477
CUST007794,3032.41,13,2025-09-18,233.26230769230767,156,True,25570.010265931895
CUST007795,4021.78,41,2026-02-08,98.09219512195122,13,False,10752.780683215376
CUST007796,12972.07,63,2025-10-24,205.905873015873,120,True,22571.221809982835
CUST007797,1766.4099999999999,41,2024-12-02,43.08317073170731,446,True,4722.7395150004395
CUST007798,3449.32,27,2026-01-25,127.75259259259259,27,False,14004.12752668541
CUST007799,3650.67,7,2025-12-31,521.5242857142857,52,False,57169.036316135396
CUST007800,7155.459999999999,51,2026-02-19,140.30313725490194,2,False,15379.907261667728
CUST007801,4753.91,21,2025-12-30,226.37666666666667,53,False,24815.212315697227
CUST007802,45.11,5,2026-02-07,9.022,14,False,988.983753532698
CUST007803,17109.9,78,2026-02-18,219.35769230769233,3,False,24045.79848201421
CUST007804,44480.56,205,2026-02-16,216.97834146341464,5,False,23784.976122343964
CUST007805,240.16,24,2026-01-20,10.006666666666666,32,False,1096.922052798773
CUST007807,3335.5499999999997,30,2025-12-21,111.18499999999999,62,False,12188.002509037133
CUST007808,1433.79,15,2025-05-17,95.586,280,True,10478.053764705883
CUST007809,0.0,1,2023-05-30,0.0,998,True,0.0
CUST007810,4976.76,36,2024-07-31,138.24333333333334,570,True,15154.11335633695
CUST007811,0.0,1,2023-12-03,0.0,811,True,0.0
CUST007812,2716.72,66,2025-12-01,41.16242424242424,82,False,4512.188963841503
CUST007813,0.0,1,2023-09-03,0.0,902,True,0.0
CUST007814,9781.380000000001,18,2026-02-16,543.4100000000001,5,False,59568.12918501479
CUST007815,9686.78,64,2026-02-18,151.3559375,3,False,16591.505562869705
CUST007816,829.0,13,2026-02-06,63.76923076923077,15,False,6990.32733385576
CUST007817,568.56,5,2024-07-10,113.71199999999999,591,True,12465.010040092013
CUST007818,4233.900000000001,37,2025-03-23,114.42972972972974,335,True,12543.686945670614
CUST007819,6963.13,96,2025-07-11,72.53260416666667,225,True,7950.960665290559
CUST007820,2595.03,48,2026-01-17,54.06312500000001,35,False,5926.3525039024
CUST007822,5106.1,16,2025-11-01,319.13125,112,True,34982.88866045021
CUST007823,15193.34,17,2024-12-01,893.7258823529412,447,True,97969.44998434208
CUST007824,511.40999999999997,19,2026-02-15,26.916315789473682,6,False,2950.54300828476
CUST007825,1112.34,6,2024-01-01,185.39,782,True,20322.289743674006
CUST007826,15084.73,50,2026-02-04,301.6946,17,False,33071.49832947749
CUST007827,854.73,11,2026-01-17,77.70272727272727,35,False,8517.705040779136
CUST007828,171.48,8,2025-02-16,21.435,370,True,2349.685962865593
CUST007830,206.54,24,2026-02-09,8.605833333333333,12,False,943.3639273195311
CUST007831,1062.83,21,2025-11-20,50.61095238095238,93,True,5547.928359075473
CUST007832,9301.66,100,2026-02-15,93.0166,6,False,10196.398382714426
CUST007833,2858.87,30,2026-02-11,95.29566666666666,10,False,10446.227678497096
CUST007834,259.23,15,2025-12-28,17.282,55,False,1894.4377331580677
CUST007836,245.28,4,2023-09-28,61.32,877,True,6721.844797896812
CUST007837,8540.22,42,2026-02-21,203.3385714285714,0,False,22289.79645415708
CUST007838,5168.78,47,2026-02-04,109.97404255319148,17,False,12055.258412261135
CUST007839,9936.81,39,2024-04-11,254.79,681,True,27929.85707854091
CUST007840,1513.6100000000001,15,2026-02-07,100.90733333333334,14,False,11061.373673129588
CUST007841,11254.619999999999,111,2026-02-19,101.39297297297297,2,False,11114.609065911129
CUST007842,6862.94,57,2026-02-16,120.40245614035086,5,False,13198.411993819578
CUST007843,344.49,17,2025-12-07,20.264117647058825,76,False,2221.334862848196
CUST007844,13834.39,105,2025-06-05,131.75609523809524,261,True,14442.987987074159
CUST007845,4008.6200000000003,48,2026-02-05,83.51291666666667,16,False,9154.612923239127
CUST007846,371.84,3,2024-08-15,123.94666666666666,555,True,13586.925253587466
CUST007847,2281.2799999999997,20,2023-11-01,114.064,843,True,12503.595972395662
CUST007848,30029.7,166,2026-02-13,180.90180722891566,8,False,19830.29797540474
CUST007849,2894.21,30,2026-02-07,96.47366666666667,14,False,10575.359008763282
CUST007850,2768.31,20,2025-11-13,138.4155,100,True,15172.98611583963
CUST007851,0.0,2,2023-10-02,0.0,873,True,0.0
CUST007852,5897.7699999999995,52,2026-02-08,113.41865384615383,13,False,12432.85369113223
CUST007853,10882.33,92,2026-02-13,118.28619565217392,8,False,12966.429369007988
CUST007854,1581.6,14,2023-12-06,112.97142857142856,808,True,12383.82924745317
CUST007855,2205.6,37,2026-01-09,59.61081081081081,43,False,6534.484973044027
CUST007856,8001.98,35,2024-07-18,228.628,583,True,25062.001507722638
CUST007857,496.68,2,2023-11-01,248.34,843,True,27222.813716726912
CUST007858,9619.98,52,2026-02-21,184.99961538461537,0,False,20279.49612338532
CUST007859,5426.240000000001,23,2026-02-11,235.9234782608696,10,False,25861.725457429024
CUST007860,0.0,16,2025-01-16,0.0,401,True,0.0
CUST007861,6595.68,35,2025-12-28,188.448,55,False,20657.505030561944
CUST007862,3424.69,30,2026-02-09,114.15633333333334,12,False,12513.717471683645
CUST007863,824.19,24,2026-01-29,34.34125,23,False,3764.4578060302338
CUST007864,14961.69,106,2026-02-20,141.14801886792452,1,False,15472.522445544677
CUST007866,4820.82,18,2026-02-04,267.8233333333333,17,False,29358.55968561726
CUST007867,13274.89,160,2025-04-24,82.9680625,303,True,9094.886485766514
CUST007868,14949.9,64,2026-02-10,233.5921875,11,False,25606.171402090862
CUST007869,1366.78,1,2025-12-10,1366.78,73,False,149825.22884653302
CUST007870,0.0,9,2024-05-06,0.0,656,True,0.0
CUST007871,451.22,9,2025-08-01,50.135555555555555,204,True,5495.815774637601
CUST007872,212.8,11,2026-02-03,19.345454545454547,18,False,2120.631816688077
CUST007873,0.0,2,2025-09-25,0.0,149,True,0.0
CUST007874,6643.47,32,2025-12-01,207.6084375,82,False,22757.855440457606
CUST007875,2389.45,10,2025-12-16,238.945,67,False,26192.942029247453
CUST007876,4397.25,23,2025-11-25,191.18478260869566,88,False,20957.508747803226
CUST007877,501.3,8,2026-02-02,62.6625,19,False,6869.0084743674015
CUST007878,1257.3400000000001,27,2026-02-05,46.568148148148154,16,False,5104.759693041711
CUST007879,1614.69,17,2025-12-17,94.98176470588236,66,False,10411.818019949353
CUST007880,9640.25,79,2026-02-20,122.02848101265823,1,False,13376.655418952814
CUST007881,5775.41,60,2026-02-15,96.25683333333333,6,False,10551.589928305399
CUST007882,14227.98,40,2025-10-28,355.6995,116,True,38991.468259776535
CUST007883,7351.21,27,2026-02-14,272.267037037037,7,False,29845.67460120982
CUST007885,0.0,2,2024-03-19,0.0,704,True,0.0
CUST007886,393.98,8,2025-12-08,49.2475,75,False,5398.4679009201445
CUST007887,1801.18,25,2026-02-15,72.0472,6,False,7897.751084850477
CUST007888,12382.4,150,2026-02-19,82.54933333333334,2,False,9048.985760543324
CUST007889,606.84,12,2025-03-05,50.57,353,True,5543.43919487348
CUST007890,2140.52,13,2026-01-31,164.6553846153846,21,False,18049.379330114512
CUST007891,251.52,12,2025-10-28,20.96,116,True,2297.6168780808416
CUST007892,948.26,10,2023-12-13,94.826,801,True,10394.743229050278
CUST007893,9143.22,82,2026-02-14,111.50268292682927,7,False,12222.826633777642
CUST007894,3818.7400000000002,59,2026-01-08,64.72440677966102,44,False,7095.032893164083
CUST007895,9016.43,21,2025-11-12,429.35380952380956,101,True,47065.38928579253
CUST007896,0.0,12,2025-04-02,0.0,325,True,0.0
CUST007897,936.66,5,2024-06-29,187.332,602,True,20535.170086099242
CUST007898,2105.5299999999997,23,2026-01-26,91.54478260869564,26,False,10035.059046850218
CUST007899,1772.54,15,2025-11-05,118.16933333333333,108,True,12953.619023770401
CUST007900,0.0,8,2026-01-04,0.0,48,False,0.0
CUST007901,122.56,3,2023-05-07,40.85333333333333,1021,True,4478.306688574871
CUST007902,158.78,12,2025-12-17,13.231666666666667,66,False,1450.443733705773
CUST007903,937.66,8,2026-01-09,117.2075,43,False,12848.183694544856
CUST007904,3207.89,30,2026-01-16,106.92966666666666,36,False,11721.536588782998
CUST007905,2094.4700000000003,30,2025-12-23,69.81566666666667,60,False,7653.132351517143
CUST007906,4049.71,29,2026-01-28,139.6451724137931,24,False,15307.781730937028
CUST007907,6633.38,38,2026-02-14,174.56263157894736,7,False,19135.40308196551
CUST007908,0.0,9,2025-12-26,0.0,57,False,0.0
CUST007909,11298.43,19,2026-01-27,594.6542105263158,25,False,65185.47474843039
CUST007911,1809.9,8,2025-11-25,226.2375,88,False,24799.956987348014
CUST007912,16831.53,75,2026-02-16,224.42039999999997,5,False,24600.768073743013
CUST007913,0.0,7,2026-01-25,0.0,27,False,0.0
CUST007914,7309.55,34,2026-01-31,214.98676470588236,21,False,23566.661219094934
CUST007915,4589.84,55,2025-03-07,83.45163636363637,351,True,9147.895429988348
CUST007916,8307.21,57,2026-02-02,145.74052631578945,19,False,15975.949097497272
CUST007917,2231.44,16,2024-05-13,139.465,649,True,15288.031388432468
CUST007918,4157.78,21,2026-01-04,197.9895238095238,48,False,21703.43852995947
CUST007919,5195.16,53,2026-02-07,98.02188679245283,14,False,10745.073545594902
CUST007920,2951.27,42,2026-02-16,70.26833333333333,5,False,7702.753275824296
CUST007921,9655.22,23,2026-02-10,419.7921739130434,11,False,46017.2511483233
CUST007922,1960.6200000000001,13,2026-02-20,150.81692307692308,1,False,16532.419272984655
CUST007923,0.0,2,2024-07-28,0.0,573,True,0.0
CUST007924,4916.469999999999,39,2026-01-24,126.06333333333332,28,False,13818.952403330044
CUST007925,4578.27,19,2024-12-28,240.96157894736845,420,True,26413.997650690973
CUST007926,11472.42,70,2026-01-29,163.8917142857143,23,False,17965.666456128823
CUST007927,4179.72,44,2026-02-02,94.99363636363637,19,False,10413.119380694889
CUST007928,12992.5,91,2026-02-20,142.77472527472528,1,False,15650.840579893324
CUST007929,188.31,10,2026-02-15,18.831,6,False,2064.23775911929
CUST007930,9066.06,65,2026-02-10,139.47784615384614,11,False,15289.439572587778
CUST007931,301.46999999999997,14,2025-12-14,21.533571428571427,69,False,2360.491276700624
CUST007932,1966.92,11,2024-04-25,178.8109090909091,667,True,19601.09554924865
CUST007933,856.46,11,2025-08-12,77.86,193,True,8534.945139664804
CUST007934,1899.47,20,2024-10-21,94.9735,488,True,10410.912050115017
CUST007935,120.98,3,2024-08-25,40.32666666666667,545,True,4420.573948953884
CUST007936,236.5,10,2025-05-28,23.65,269,True,2592.4923266513306
CUST007937,3639.6,40,2025-11-12,90.99,101,True,9974.244262241209
CUST007938,169.38,12,2026-02-03,14.115,18,False,1547.273961551101
CUST007939,3985.35,20,2026-02-17,199.26749999999998,4,False,21843.52916283273
CUST007940,5281.99,66,2026-02-05,80.03015151515152,16,False,8772.835251745188
CUST007941,2799.36,26,2026-02-15,107.6676923076923,6,False,11802.438314416442
CUST007942,135.26,3,2024-03-04,45.086666666666666,719,True,4942.360988060029
CUST007943,955.27,23,2025-12-01,41.533478260869565,82,False,4552.8635809912985
CUST007944,56772.09,216,2026-02-15,262.83375,6,False,28811.605922198487
CUST007945,4489.71,73,2026-02-20,61.50287671232877,1,False,6741.891583242925
CUST007946,2676.56,14,2024-03-03,191.18285714285713,720,True,20957.29767992113
CUST007947,4956.84,27,2026-02-06,183.58666666666667,15,False,20124.609920035055
CUST007948,4508.4,25,2026-01-22,180.33599999999998,30,False,19768.274681564246
CUST007949,468.0,7,2025-10-01,66.85714285714286,143,True,7328.821557673349
CUST007950,1278.12,18,2026-01-11,71.00666666666666,41,False,7783.688730419541
CUST007951,4231.86,24,2024-08-07,176.3275,563,True,19328.866415543867
CUST007952,1293.62,12,2025-10-20,107.80166666666666,124,True,11817.124466535217
CUST007953,473.49,12,2026-01-10,39.4575,42,False,4325.296658724943
CUST007954,1682.31,6,2025-04-24,280.385,303,True,30735.558604995073
CUST007955,2113.94,25,2025-09-08,84.55760000000001,166,True,9269.130197042392
CUST007956,5100.280000000001,37,2026-01-06,137.84540540540542,46,False,15110.49284472116
CUST007957,85.74,9,2024-07-29,9.526666666666666,572,True,1044.304872384708
CUST007958,1235.28,43,2026-02-18,28.727441860465117,3,False,3149.0770650138707
CUST007959,5101.03,25,2026-02-15,204.0412,6,False,22366.817983963196
CUST007960,83.84,10,2025-10-21,8.384,123,True,919.0467512323365
CUST007961,0.0,2,2025-05-19,0.0,278,True,0.0
CUST007962,2222.95,12,2026-01-05,185.2458333333333,47,False,20306.486319695472
CUST007963,4772.549999999999,14,2025-09-04,340.89642857142854,170,True,37368.768509694375
CUST007964,1429.73,8,2024-07-09,178.71625,592,True,19590.71910244824
CUST007965,911.12,10,2026-02-06,91.112,15,False,9987.61779559645
CUST007966,2100.4,11,2024-06-09,190.94545454545457,622,True,20931.27381471634
CUST007967,162.3,22,2026-01-10,7.377272727272728,42,False,808.6901876138978
CUST007968,2372.04,8,2024-01-26,296.505,757,True,32502.618913900755
CUST007970,87.3,11,2026-01-26,7.9363636363636365,26,False,869.9772443461895
CUST007971,559.72,30,2026-02-17,18.657333333333334,4,False,2045.2005709278124
CUST007972,0.0,10,2023-08-29,0.0,907,True,0.0
CUST007973,5988.21,22,2026-01-11,272.19136363636363,41,False,29837.379349176947
CUST007974,2808.8,41,2026-02-17,68.50731707317074,4,False,7509.712212755385
CUST007975,2729.71,20,2024-12-20,136.4855,428,True,14961.421202924746
CUST007976,195.85,9,2026-01-29,21.76111111111111,23,False,2385.4339777996856
CUST007977,4880.88,26,2026-02-15,187.72615384615386,6,False,20578.376886170026
CUST007978,2268.69,37,2026-02-09,61.31594594594595,12,False,6721.400396035207
CUST007979,1621.88,26,2026-01-06,62.38,46,False,6838.041071311206
CUST007980,8388.35,34,2026-02-12,246.71617647058824,9,False,27044.811600877616
CUST007981,2115.48,38,2025-10-27,55.67052631578947,117,True,6102.554431049691
CUST007982,12765.359999999999,127,2026-02-21,100.51464566929133,0,False,11018.32759466026
CUST007983,1195.74,8,2025-12-22,149.4675,61,False,16384.49669487348
CUST007984,3765.66,27,2025-12-11,139.46888888888887,72,False,15288.457685033043
CUST007985,3964.48,6,2025-10-09,660.7466666666667,135,True,72430.47201665024
CUST007986,5311.99,23,2024-11-01,230.95608695652172,477,True,25317.204364828754
CUST007987,614.46,7,2025-07-10,87.78,226,True,9622.366868222149
CUST007988,5636.14,39,2026-01-28,144.51641025641027,24,False,15841.762565113713
CUST007989,0.0,4,2024-02-15,0.0,737,True,0.0
CUST007991,496.0,10,2025-07-21,49.6,215,True,5437.108642786724
CUST007992,2560.42,17,2026-01-31,150.6129411764706,21,False,16510.058955365253
CUST007993,5953.49,45,2024-09-18,132.29977777777776,521,True,14502.585991820935
CUST007994,1026.07,29,2026-01-21,35.38172413793103,31,False,3878.513671512912
CUST007995,2372.69,6,2024-03-15,395.4483333333333,708,True,43348.70062383612
CUST007996,206.42,6,2023-10-14,34.40333333333333,861,True,3771.2633267608717
CUST007997,494.81,22,2026-01-20,22.491363636363637,32,False,2465.48362127685
CUST007998,2134.21,14,2025-05-06,152.44357142857143,291,True,16710.731043378244
CUST007999,6548.15,35,2025-06-14,187.09,252,True,20508.642257640488
CUST008001,3346.06,21,2026-01-17,159.33619047619047,35,False,17466.293918282397
CUST008002,68.86,11,2026-02-02,6.26,19,False,686.2157279000985
CUST008003,697.8100000000001,15,2024-02-09,46.52066666666667,743,True,5099.554814547048
CUST008004,1000.66,10,2026-02-02,100.066,19,False,10969.14744857049
CUST008005,7693.25,33,2025-10-18,233.12878787878788,126,True,25555.373940688514
CUST008006,2472.92,14,2026-02-14,176.63714285714286,7,False,19362.80919487348
CUST008007,17170.489999999998,42,2026-02-13,408.82119047619045,8,False,44814.62153412202
CUST008008,9860.019999999999,14,2026-02-16,704.2871428571427,5,False,77203.34095629312
CUST008009,3305.3500000000004,21,2026-01-05,157.39761904761906,47,False,17253.789412860115
CUST008010,11577.44,48,2026-02-19,241.1966666666667,2,False,26439.767760981493
CUST008011,7013.54,55,2026-02-06,127.51890909090909,15,False,13978.511345502346
CUST008012,3468.96,23,2025-12-15,150.82434782608695,68,False,16533.233167497747
CUST008013,123.78,6,2024-05-16,20.63,646,True,2261.4425665461713
CUST008014,71499.34,437,2026-02-16,163.61405034324943,5,False,17935.22917747225
CUST008015,965.8600000000001,36,2024-11-26,26.829444444444448,452,True,2941.020247380144
CUST008016,1481.78,49,2026-02-14,30.240408163265304,7,False,3314.927108586451
CUST008017,705.1299999999999,16,2025-12-13,44.07062499999999,70,False,4830.983388720012
CUST008018,5037.72,23,2026-01-15,219.0313043478261,37,False,24010.02011916158
CUST008019,163.45,14,2025-12-29,11.674999999999999,54,False,1279.80329444627
CUST008020,5405.47,75,2026-02-18,72.07293333333334,3,False,7900.571950356009
CUST008021,6535.83,30,2026-02-16,217.861,5,False,23881.732379559642
CUST008023,3382.6400000000003,25,2026-01-15,135.30560000000003,37,False,14832.081596319424
CUST008024,2911.1400000000003,8,2023-07-23,363.89250000000004,944,True,39889.57775796911
CUST008025,15439.279999999999,93,2026-02-20,166.0137634408602,1,False,18198.28362955346
CUST008026,17260.2,118,2026-02-19,146.2728813559322,2,False,16034.305391646292
CUST008027,9056.68,41,2025-08-25,220.89463414634147,180,True,24214.27670286864
CUST008028,8709.64,23,2026-02-14,378.67999999999995,7,False,41510.570581662825
CUST008030,0.0,3,2023-10-01,0.0,874,True,0.0
CUST008031,1048.15,20,2026-01-27,52.407500000000006,25,False,5744.8643386460735
CUST008032,2501.1,20,2025-10-31,125.05499999999999,113,True,13708.41978475189
CUST008033,4765.87,32,2026-02-10,148.9334375,11,False,16325.953230467467
CUST008034,351.77,12,2026-01-26,29.314166666666665,26,False,3213.393325391609
CUST008035,12138.46,43,2026-01-05,282.2897674418604,47,False,30944.357546943414
CUST008036,3843.45,45,2026-02-14,85.41,7,False,9362.569539927701
CUST008037,2948.94,54,2026-01-21,54.61,31,False,5986.300463358528
CUST008038,381.94,47,2026-02-21,8.126382978723404,0,False,890.80699855266
CUST008039,2545.2,36,2025-08-24,70.69999999999999,181,True,7750.072198488332
CUST008040,3506.27,31,2026-02-09,113.10548387096775,12,False,12398.52427220591
CUST008041,1832.48,19,2026-02-13,96.44631578947369,8,False,10572.360829513811
CUST008042,2391.8500000000004,24,2026-02-17,99.66041666666668,4,False,10924.687758106036
CUST008044,0.0,12,2024-02-14,0.0,738,True,0.0
CUST008045,4167.34,33,2025-04-15,126.2830303030303,312,True,13843.035393102899
CUST008046,28297.78,157,2026-01-26,180.24063694267514,26,False,19757.821066580706
CUST008047,12737.210000000001,76,2024-11-20,167.59486842105264,458,True,18371.602975379214
CUST008049,4753.93,3,2024-12-09,1584.6433333333334,439,True,173707.21700405303
CUST008050,4321.83,80,2026-01-31,54.022875,21,False,5921.940334086427
CUST008051,1140.33,11,2025-12-30,103.66636363636363,53,False,11363.81616317629
CUST008052,332.13,20,2026-02-16,16.6065,5,False,1820.3900136378575
CUST008053,2136.16,22,2025-10-06,97.09818181818181,138,True,10643.817813760343
CUST008054,4640.01,23,2025-12-11,201.73956521739132,72,False,22114.514791038593
CUST008055,6933.6900000000005,57,2026-02-07,121.64368421052633,14,False,13334.474329868379
CUST008056,206.25,2,2024-06-12,103.125,619,True,11304.472354584292
CUST008057,3540.79,14,2026-02-09,252.91357142857143,12,False,27724.16461879724
CUST008058,10172.98,43,2026-02-03,236.58093023255813,18,False,25933.79476786219
CUST008059,1778.8999999999999,29,2026-02-13,61.34137931034482,8,False,6724.188379208358
CUST008061,985.88,19,2026-02-17,51.88842105263158,4,False,5687.96335818185
CUST008062,2685.82,2,2024-07-11,1342.91,590,True,147208.62031219192
CUST008063,894.26,20,2025-11-22,44.713,91,True,4901.3999746960235
CUST008064,8879.46,37,2025-05-20,239.98540540540537,277,True,26306.990360330754
CUST008065,11000.09,52,2024-12-08,211.5401923076923,440,True,23188.85096558305
CUST008066,0.0,6,2025-08-20,0.0,185,True,0.0
CUST008067,2106.1,25,2026-01-20,84.244,32,False,9234.75363917187
CUST008068,4765.389999999999,10,2025-07-21,476.53899999999993,215,True,52237.78861945447
CUST008069,893.75,10,2025-11-14,89.375,99,True,9797.209373973054
CUST008070,9131.7,70,2026-02-20,130.45285714285714,1,False,14300.128166283272
CUST008072,4504.490000000001,39,2026-01-30,115.4997435897436,22,False,12660.980929666237
CUST008073,12300.26,84,2026-02-14,146.43166666666667,7,False,16051.711298608829
CUST008074,6690.57,24,2026-02-21,278.77375,0,False,30558.9347884489
CUST008075,68.64,10,2025-09-24,6.864,150,True,752.4256799211304
CUST008076,15880.22,141,2025-11-07,112.62567375886525,106,True,12345.92790713718
CUST008077,931.49,12,2025-01-02,77.62416666666667,415,True,8509.093295815534
CUST008078,1632.19,43,2025-12-24,37.95790697674419,59,False,4160.912582365933
CUST008079,1283.3899999999999,31,2026-02-04,41.39967741935484,17,False,4538.196449704769
CUST008081,1105.53,8,2025-12-14,138.19125,69,False,15148.404026864935
CUST008082,3162.84,22,2026-02-03,143.76545454545456,18,False,15759.443456517194
CUST008083,10976.78,69,2026-02-11,159.08376811594204,10,False,17438.62359980378
CUST008084,12850.1,46,2026-02-09,279.35,12,False,30622.102809727243
CUST008085,2725.57,39,2025-02-14,69.88641025641026,372,True,7660.887201985221
CUST008086,25.42,13,2026-02-03,1.9553846153846155,18,False,214.34755226370737
CUST008087,22360.99,115,2026-02-20,194.44339130434784,1,False,21314.714584549
CUST008088,1069.76,15,2025-11-28,71.31733333333334,85,False,7817.743738854201
CUST008090,4459.52,24,2025-12-25,185.81333333333336,58,False,20368.695173622524
CUST008091,8564.48,30,2026-02-06,285.48266666666666,15,False,31294.360368934165
CUST008092,7102.84,72,2026-02-14,98.65055555555556,7,False,10813.987665863366
CUST008093,925.4100000000001,11,2026-01-28,84.12818181818183,24,False,9222.057751321961
CUST008094,2069.24,12,2026-02-17,172.43666666666664,4,False,18902.356666666663
CUST008095,4954.05,38,2026-02-17,130.36973684210525,4,False,14291.016591573412
CUST008096,7679.9400000000005,27,2026-01-31,284.44222222222226,21,False,31180.30775842553
CUST008097,44566.14,404,2026-02-16,110.31222772277228,5,False,12092.32997493029
CUST008098,7516.3899999999985,32,2025-05-02,234.88718749999995,295,True,25748.12817008297
CUST008100,4771.17,8,2025-03-21,596.39625,337,True,65376.43559275386
CUST008101,0.0,2,2024-06-11,0.0,620,True,0.0
CUST008102,1426.8200000000002,7,2025-06-24,203.8314285714286,242,True,22343.82302333224
CUST008103,5322.68,19,2024-11-17,280.141052631579,461,True,30708.81730771227
CUST008104,12602.85,96,2026-02-17,131.2796875,4,False,14390.764587269963
CUST008105,9373.07,69,2026-02-14,135.84159420289853,7,False,14890.836812308598
CUST008106,9289.42,33,2026-01-21,281.49757575757576,31,False,30857.518186996487
CUST008107,676.49,3,2023-08-01,225.49666666666667,935,True,24718.747484938107
CUST008108,1736.06,13,2025-07-05,133.5430769230769,231,True,14638.875357314388
CUST008109,0.0,11,2026-02-04,0.0,17,False,0.0
CUST008110,14938.1,104,2026-02-11,143.63557692307694,10,False,15745.20638508304
CUST008111,1743.92,32,2026-02-09,54.4975,12,False,5973.968311698982
CUST008112,5303.05,38,2026-02-14,139.55394736842106,7,False,15297.781721206567
CUST008113,0.0,3,2025-03-27,0.0,331,True,0.0
CUST008114,0.0,16,2026-02-20,0.0,1,False,0.0
CUST008116,1845.3000000000002,11,2026-02-14,167.75454545454548,7,False,18389.10663221104
CUST008117,578.76,8,2026-01-07,72.345,45,False,7930.395660532369
CUST008118,7377.0199999999995,67,2025-11-16,110.10477611940298,97,True,12069.589311510144
CUST008119,0.0,7,2025-10-28,0.0,116,True,0.0
CUST008120,8850.94,60,2026-02-12,147.51566666666668,9,False,16170.538431043926
CUST008121,747.98,19,2025-09-23,39.36736842105263,151,True,4315.416513828113
CUST008122,507.74,16,2026-02-17,31.73375,4,False,3478.625935343411
CUST008123,0.0,2,2024-06-21,0.0,610,True,0.0
CUST008124,6014.68,40,2026-02-01,150.36700000000002,20,False,16483.099098586925
CUST008125,27424.4,232,2026-02-19,118.20862068965518,2,False,12957.925669427857
CUST008126,3950.17,37,2026-02-03,106.76135135135135,18,False,11703.08601104884
CUST008127,845.46,14,2025-05-31,60.39,266,True,6619.8990108445605
CUST008128,5539.53,58,2026-01-04,95.50913793103447,48,False,10469.628211893887
CUST008129,2139.11,20,2026-02-14,106.9555,7,False,11724.368416201118
CUST008130,9290.12,89,2026-02-14,104.38337078651686,7,False,11442.413860213348
CUST008131,0.0,4,2023-05-26,0.0,1002,True,0.0
CUST008133,0.0,4,2024-05-31,0.0,631,True,0.0
CUST008134,15206.91,75,2026-02-09,202.7588,12,False,22226.242416956953
CUST008135,1113.8,23,2025-06-03,48.426086956521736,263,True,5308.42532112189
CUST008136,163.01,12,2026-01-27,13.584166666666667,25,False,1489.0844755723517
CUST008137,1380.17,16,2026-01-01,86.260625,51,False,9455.814308864608
CUST008138,0.0,1,2023-08-03,0.0,933,True,0.0
CUST008139,2693.0,19,2025-06-23,141.73684210526315,243,True,15537.068734109343
CUST008140,1848.96,16,2023-12-09,115.56,805,True,12667.586184686164
CUST008141,808.19,39,2026-02-18,20.722820512820515,3,False,2271.617470023678
CUST008142,33361.25,165,2026-02-15,202.18939393939394,6,False,22163.824622332424
CUST008143,1241.3400000000001,40,2026-01-24,31.033500000000004,28,False,3401.8651424581008
CUST008144,9595.94,77,2026-02-08,124.6225974025974,13,False,13661.020190003883
CUST008145,23631.71,150,2026-02-20,157.54473333333334,1,False,17269.91595226202
CUST008146,8280.35,35,2026-02-04,236.58142857142857,17,False,25933.849395333553
CUST008147,0.0,14,2025-12-21,0.0,62,False,0.0
CUST008148,1576.04,55,2025-09-17,28.655272727272727,157,True,3141.165947719057
CUST008149,18845.2,75,2026-02-20,251.26933333333335,1,False,27543.924676087197
CUST008150,928.71,12,2025-09-10,77.3925,164,True,8483.698198324022
CUST008151,0.0,4,2023-11-15,0.0,829,True,0.0
CUST008152,4017.45,6,2024-06-11,669.5749999999999,620,True,73398.22619947419
CUST008153,8946.37,44,2026-02-12,203.32659090909092,9,False,22288.483160084248
CUST008154,1520.0,50,2026-02-20,30.4,1,False,3332.4214262241203
CUST008155,1941.3200000000002,7,2026-02-01,277.3314285714286,20,False,30400.828774235953
CUST008156,25497.94,155,2026-02-11,164.5028387096774,10,False,18032.657381276964
CUST008157,0.0,3,2024-04-20,0.0,672,True,0.0
CUST008158,3677.86,27,2026-01-22,136.21703703703704,30,False,14931.992527598253
CUST008161,9234.87,36,2026-02-05,256.5241666666667,16,False,28119.954912641035
CUST008162,0.0,10,2025-08-13,0.0,192,True,0.0
CUST008163,11769.76,69,2026-02-06,170.57623188405796,15,False,18698.417432072656
CUST008164,9411.0,78,2026-02-19,120.65384615384616,2,False,13225.969147349528
CUST008165,0.0,1,2024-02-02,0.0,750,True,0.0
CUST008166,3932.2799999999997,18,2025-04-12,218.45999999999998,315,True,23947.39423595136
CUST008167,254.99,17,2025-10-06,14.999411764705883,138,True,1644.2224061007907
CUST008168,163.4,12,2026-01-31,13.616666666666667,21,False,1492.6470971628873
CUST008169,1422.57,7,2025-11-10,203.2242857142857,103,True,22277.268554058497
CUST008170,0.0,3,2023-11-23,0.0,821,True,0.0
CUST008171,5010.01,22,2024-03-15,227.7277272727273,708,True,24963.314398321036
CUST008172,12410.82,102,2026-02-17,121.67470588235294,4,False,13337.87489841681
CUST008173,3992.1400000000003,45,2026-02-18,88.71422222222223,3,False,9724.7754915836
CUST008174,11409.82,109,2026-02-09,104.67724770642202,12,False,11474.628391284556
CUST008175,3004.2400000000002,24,2025-11-09,125.17666666666668,104,True,13721.75677839851
CUST008177,3751.2799999999997,23,2024-11-06,163.0991304347826,472,True,17878.784107216845
CUST008178,4536.84,27,2026-02-15,168.03111111111113,6,False,18419.42351772739
CUST008179,7344.55,34,2026-01-07,216.01617647058825,45,False,23679.504436894706
CUST008180,3790.19,14,2024-09-30,270.72785714285715,509,True,29676.951046664475
CUST008182,12169.84,59,2026-02-11,206.2684745762712,10,False,22610.969876070114
CUST008183,11621.9,63,2026-02-10,184.47460317460317,11,False,20221.944743856573
CUST008184,6175.47,37,2026-02-17,166.9045945945946,4,False,18295.93576191703
CUST008185,3620.8599999999997,14,2026-02-05,258.6328571428571,16,False,28351.107719355892
CUST008186,6001.21,13,2025-11-13,461.63153846153847,100,True,50603.64571677747
CUST008187,2322.64,17,2024-09-06,136.62588235294118,533,True,14976.809793740696
CUST008188,1987.67,25,2026-02-10,79.5068,11,False,8715.465916135392
CUST008189,11345.96,25,2026-01-30,453.8384,22,False,49749.368690897136
CUST008190,2394.25,18,2026-01-26,133.01388888888889,26,False,14580.866227589731
CUST008191,38059.18,250,2026-02-19,152.23672,2,False,16688.05617059481
CUST008192,122.22,6,2024-12-10,20.37,438,True,2232.9415938218863
CUST008193,0.0,6,2025-06-15,0.0,251,True,0.0
CUST008194,0.0,2,2023-11-11,0.0,833,True,0.0
CUST008195,3137.8900000000003,21,2026-02-16,149.42333333333335,5,False,16379.655183481216
CUST008196,115.51,5,2023-12-02,23.102,812,True,2532.4210456786063
CUST008197,7097.63,49,2026-02-19,144.8495918367347,2,False,15878.28563870241
CUST008198,29447.45,109,2026-02-17,270.16009174311927,4,False,29614.71309985016
CUST008199,207.5,5,2026-01-27,41.5,25,False,4549.193723299376
CUST008200,9212.33,23,2026-01-22,400.53608695652173,30,False,43906.41572861449
CUST008201,1773.31,33,2026-02-09,53.736666666666665,12,False,5890.566426771826
CUST008202,8298.66,53,2026-02-14,156.57849056603774,7,False,17163.997264739985
CUST008204,1445.22,51,2026-02-06,28.33764705882353,15,False,3106.348099592121
CUST008205,5653.54,33,2026-01-12,171.31939393939393,40,False,18779.882206952865
CUST008206,196.87,13,2025-07-08,15.143846153846154,228,True,1660.055177582851
CUST008208,2406.68,19,2026-02-20,126.66736842105263,1,False,13885.166201636197
CUST008209,201.93,14,2024-04-04,14.42357142857143,688,True,1581.0992918172856
CUST008210,9074.189999999999,29,2025-12-28,312.90310344827583,55,False,34300.16467970582
CUST008211,205.98,4,2025-08-05,51.495,200,True,5644.836886296418
CUST008212,976.5,22,2026-02-13,44.38636363636363,8,False,4865.594382039255
CUST008213,7491.75,40,2025-02-23,187.29375,363,True,20530.977154534998
CUST008214,7371.32,62,2026-01-17,118.89225806451613,35,False,13032.86540086714
CUST008216,16615.24,41,2025-12-05,405.24975609756103,78,False,44423.124019460905
CUST008217,5404.08,120,2026-02-20,45.034,1,False,4936.587714097929
CUST008218,13453.62,37,2025-07-25,363.61135135135135,211,True,39858.758488866784
CUST008219,3286.56,19,2025-12-06,172.97684210526316,77,False,18961.57022605808
CUST008220,1778.67,19,2026-02-04,93.61421052631579,17,False,10261.907926215472
CUST008221,7923.89,33,2026-01-05,240.1178787878788,47,False,26321.511976717553
CUST008222,0.0,1,2023-08-03,0.0,933,True,0.0
CUST008223,3560.0900000000006,21,2025-09-17,169.52809523809526,157,True,18583.521609157633
CUST008224,3116.7000000000003,17,2025-11-08,183.33529411764707,105,True,20097.05468094566
CUST008226,702.12,13,2025-12-27,54.00923076923077,56,False,5920.4446654364365
CUST008227,2917.9100000000003,46,2026-01-27,63.43282608695653,25,False,6953.450946648761
CUST008228,1511.92,15,2024-11-05,100.79466666666667,473,True,11049.02325161573
CUST008229,5286.72,33,2026-01-25,160.20363636363638,27,False,17561.382578197354
CUST008230,1092.19,32,2025-06-19,34.1309375,247,True,3741.403533622248
CUST008231,3400.75,23,2026-02-10,147.8586956521739,11,False,16208.140968580776
CUST008232,1876.85,30,2024-10-27,62.56166666666666,482,True,6857.955212509583
CUST008233,3521.1800000000003,24,2026-02-16,146.71583333333334,5,False,16082.861400208127
CUST008234,1773.44,10,2026-02-21,177.344,0,False,19440.29425698324
CUST008235,28980.26,155,2026-02-18,186.9694193548387,3,False,20495.424312721952
CUST008236,5228.02,65,2026-02-16,80.43107692307693,5,False,8816.784344498092
CUST008237,7235.68,17,2025-06-07,425.62823529411764,259,True,46656.995095397346
CUST008238,1649.59,12,2026-02-05,137.46583333333334,16,False,15068.884485978748
CUST008239,5919.650000000001,26,2026-01-17,227.67884615384617,35,False,24957.9560927981
CUST008240,4183.33,26,2025-12-27,160.8973076923077,56,False,17637.422222882276
CUST008241,12832.5,94,2026-02-20,136.5159574468085,1,False,14964.7599216199
CUST008242,1799.92,32,2025-12-13,56.2475,70,False,6165.801781958594
CUST008243,203.12,18,2026-02-08,11.284444444444444,13,False,1236.9909358454743
CUST008244,12808.51,37,2024-05-24,346.17594594594595,638,True,37947.50458926557
CUST008245,4854.48,46,2026-02-05,105.53217391304347,16,False,11568.344654731456
CUST008246,6756.87,27,2026-01-05,250.25444444444443,47,False,27432.673443239488
CUST008247,2917.6,47,2025-12-30,62.07659574468085,53,False,6804.782162060116
CUST008248,1108.94,25,2026-02-08,44.357600000000005,13,False,4862.441337364444
CUST008249,1967.4,14,2025-02-04,140.52857142857144,382,True,15404.619158724945
CUST008250,12593.39,79,2026-02-16,159.41,5,False,17474.384853762735
CUST008251,6441.700000000001,60,2026-02-15,107.36166666666668,6,False,11768.892051155659
CUST008252,3879.1,14,2025-03-19,277.0785714285714,339,True,30373.110795267825
CUST008253,25761.32,121,2026-02-04,212.90347107438015,17,False,23338.292392294465
CUST008254,1145.49,5,2026-02-19,229.098,2,False,25113.522496878082
CUST008255,17861.32,166,2026-02-08,107.59831325301205,13,False,11794.833043089215
CUST008256,417.54,9,2026-02-07,46.39333333333334,14,False,5085.596645853872
CUST008257,1608.39,22,2025-11-21,73.10863636363636,92,True,8014.10481119111
CUST008258,4408.38,34,2026-01-10,129.65823529411765,42,False,14213.022413833098
CUST008259,4912.91,40,2026-02-08,122.82275,13,False,13463.72249104502
CUST008260,14494.56,74,2026-02-21,195.87243243243242,0,False,21471.364823831387
CUST008261,0.0,18,2026-02-11,0.0,10,False,0.0
CUST008262,9268.05,50,2026-02-16,185.361,5,False,20319.110789023987
CUST008263,8470.89,24,2026-02-18,352.95374999999996,3,False,38690.4815449392
CUST008264,1477.9,8,2024-01-21,184.7375,762,True,20250.763264048637
CUST008265,0.0,13,2025-04-03,0.0,324,True,0.0
CUST008266,3568.52,13,2025-11-08,274.5015384615385,105,True,30090.618694102483
CUST008268,2631.47,6,2025-03-13,438.5783333333333,345,True,48076.57352229159
CUST008269,9543.130000000001,40,2026-01-14,238.57825000000003,38,False,26152.739214837333
CUST008270,9473.92,66,2026-02-19,143.5442424242424,2,False,15735.1943771597
CUST008271,3717.02,16,2026-01-19,232.31375,33,False,25466.03020087085
CUST008273,2442.6000000000004,11,2024-09-13,222.0545454545455,526,True,24341.425166552148
CUST008274,2559.12,22,2026-02-02,116.32363636363635,19,False,12751.295335344903
CUST008275,6775.03,61,2026-02-10,111.06606557377049,11,False,12174.965021198881
CUST008276,1716.13,9,2025-01-10,190.68111111111114,407,True,20902.29671851609
CUST008279,90.0,7,2024-10-11,12.857142857142858,498,True,1409.3887610910285
CUST008280,4175.73,16,2025-09-10,260.983125,164,True,28608.742027398945
CUST008281,2775.76,21,2025-11-02,132.17904761904762,111,True,14489.351657355679
CUST008282,3400.03,54,2026-02-16,62.96351851851852,5,False,6902.005861235866
CUST008283,4377.63,14,2025-11-29,312.6878571428571,84,False,34276.56956786066
CUST008284,421.0,27,2026-01-07,15.592592592592593,45,False,1709.2463699322063
CUST008285,2858.39,27,2026-01-30,105.8662962962963,22,False,11604.970858314771
CUST008286,2549.1000000000004,31,2026-01-30,82.22903225806452,22,False,9013.874636659495
CUST008287,6507.93,39,2025-12-28,166.87,55,False,18292.143532697995
CUST008288,14945.4,43,2025-11-12,347.5674418604651,101,True,38100.03915505659
CUST008289,2213.4,8,2025-09-03,276.675,171,True,30328.871648044693
CUST008290,15971.81,81,2026-02-16,197.18283950617283,5,False,21615.010501779027
CUST008291,1627.66,21,2026-02-16,77.50761904761904,5,False,8496.31744769416
CUST008292,615.96,16,2026-01-13,38.4975,39,False,4220.062297896812
CUST008293,3417.77,25,2026-02-20,136.7108,1,False,14986.118391981598
CUST008294,741.65,17,2026-01-05,43.62647058823529,47,False,4782.295570354333
CUST008295,0.0,10,2024-03-08,0.0,715,True,0.0
CUST008296,18923.02,199,2026-02-19,95.0905527638191,2,False,10423.743271764673
CUST008297,686.97,14,2025-12-21,49.06928571428572,62,False,5378.932206703911
CUST008298,327.73,12,2024-02-22,27.310833333333335,730,True,2993.7896765801293
CUST008299,0.0,13,2026-02-09,0.0,12,False,0.0
CUST008300,11885.830000000002,60,2026-01-29,198.0971666666667,23,False,21715.238245864828
CUST008301,211.1,14,2026-01-18,15.078571428571427,34,False,1652.8998192573117
CUST008302,1687.35,20,2026-02-21,84.36749999999999,0,False,9248.291601215904
CUST008303,380.84,7,2025-12-06,54.40571428571428,77,False,5963.906841932303
CUST008304,3778.9399999999996,16,2024-07-21,236.18374999999997,580,True,25890.25621795925
CUST008305,1004.94,13,2024-08-09,77.30307692307693,561,True,8473.895718799768
CUST008307,230.28,19,2025-09-24,12.12,150,True,1328.5838054551427
CUST008308,9922.73,91,2026-02-02,109.04098901098901,19,False,11952.977898581865
CUST008309,6988.43,7,2025-08-26,998.3471428571429,179,True,109437.94110745974
CUST008310,0.0,2,2024-06-20,0.0,611,True,0.0
CUST008311,5640.98,40,2026-02-17,141.0245,4,False,15458.982415215247
CUST008312,791.3,12,2025-10-26,65.94166666666666,118,True,7228.467857925291
CUST008313,11877.14,52,2026-02-02,228.40653846153845,19,False,25037.725087464292
CUST008314,2413.75,15,2025-12-16,160.91666666666666,67,False,17639.544336729105
CUST008315,4826.24,57,2026-02-17,84.67087719298246,4,False,9281.547543917302
CUST008317,2169.33,12,2025-10-09,180.7775,135,True,19816.6715256326
CUST008318,681.3100000000001,9,2026-01-06,75.70111111111112,46,False,8298.289626830248
CUST008320,19100.05,139,2026-02-17,137.41043165467624,4,False,15062.811402393036
CUST008321,1908.3799999999999,19,2025-12-07,100.44105263157894,76,False,11010.260390196654
CUST008322,1568.1,19,2025-11-01,82.53157894736842,112,True,9047.039540273621
CUST008323,409.23,1,2023-06-03,409.23,994,True,44859.43487676635
CUST008324,2504.3900000000003,27,2026-02-16,92.7551851851852,5,False,10167.742319226885
CUST008325,337.94,30,2026-01-18,11.264666666666667,34,False,1234.8229131339685
CUST008326,925.32,4,2024-11-22,231.33,456,True,25358.192385803482
CUST008327,3774.38,56,2024-04-23,67.39964285714287,669,True,7388.289933453829
CUST008328,223.28,12,2025-10-26,18.606666666666666,118,True,2039.646535217439
CUST008329,640.22,20,2025-11-13,32.011,100,True,3509.017837988827
CUST008330,6518.43,27,2025-12-25,241.42333333333335,58,False,26464.61476284369
CUST008331,29838.489999999998,137,2026-02-20,217.79919708029195,1,False,23874.95759752549
CUST008332,382.24,8,2024-09-23,47.78,516,True,5237.601833716727
CUST008333,14811.79,147,2026-02-13,100.7604761904762,8,False,11045.275321502902
CUST008334,14257.93,50,2026-02-16,285.1586,5,False,31258.836464212945
CUST008335,6055.4400000000005,43,2026-02-17,140.82418604651164,4,False,15437.024174735765
CUST008337,1997.83,61,2026-02-01,32.751311475409835,20,False,3590.1701347893313
CUST008338,4092.89,23,2025-11-21,177.9517391304348,92,True,19506.91408921402
CUST008339,5590.08,89,2026-01-30,62.80988764044944,22,False,6885.164978676425
CUST008340,2474.82,19,2026-02-03,130.25368421052633,18,False,14278.295003545672
CUST008341,1967.28,7,2024-06-12,281.04,619,True,30807.3591324351
CUST008342,218.11,16,2026-01-15,13.631875,37,False,1494.3142213687152
CUST008343,4971.7,9,2026-02-15,552.411111111111,6,False,60554.82311680724
CUST008344,12417.390000000001,67,2026-02-20,185.33417910447764,1,False,20316.170705901975
CUST008345,13099.749999999998,59,2025-10-21,222.02966101694912,123,True,24338.697356255252
CUST008346,26899.29,89,2026-02-10,302.2392134831461,11,False,33131.19838343297
CUST008347,323.35,7,2025-11-21,46.19285714285714,92,True,5063.6206210976015
CUST008348,6368.73,76,2026-02-15,83.79907894736841,6,False,9185.98178230451
CUST008349,19345.64,207,2026-02-16,93.45719806763285,5,False,10244.696357745106
CUST008350,5182.469999999999,12,2024-07-24,431.87249999999995,577,True,47341.485934111064
CUST008351,10456.16,105,2026-02-17,99.58247619047619,4,False,10916.143991236717
CUST008352,625.16,26,2026-02-07,24.044615384615383,14,False,2635.7497201648166
CUST008353,2226.0299999999997,13,2026-01-04,171.2330769230769,48,False,18770.420211077122
CUST008355,2017.31,47,2024-10-10,42.92148936170213,499,True,4705.016144552198
CUST008356,374.96000000000004,11,2025-09-26,34.08727272727273,148,True,3736.617039404894
CUST008357,4439.08,24,2026-01-29,184.96166666666667,23,False,20275.336218096178
CUST008358,11921.57,47,2026-02-20,253.6504255319149,1,False,27804.93792149404
CUST008359,4193.59,17,2025-05-04,246.68176470588236,293,True,27041.03941331117
CUST008360,10524.289999999999,40,2025-06-07,263.10724999999996,259,True,28841.586753121916
CUST008361,4404.97,26,2026-01-24,169.4219230769231,28,False,18571.88310965899
CUST008362,16598.11,48,2026-01-13,345.79395833333336,39,False,37905.63144108062
CUST008363,765.17,17,2025-10-01,45.01,143,True,4933.9568550772265
CUST008364,2613.49,31,2026-01-16,84.30612903225806,36,False,9241.56416937869
CUST008366,11104.99,73,2026-02-09,152.12315068493152,12,False,16675.60680155218
CUST008367,4238.4400000000005,17,2026-02-09,249.32000000000002,12,False,27330.2404600723
CUST008368,6850.9,77,2026-02-19,88.97272727272727,2,False,9753.112589251037
CUST008369,249.93,6,2024-08-17,41.655,553,True,4566.184687808084
CUST008370,5446.18,30,2025-05-18,181.53933333333333,279,True,19900.183029685617
CUST008371,781.58,17,2026-02-20,45.97529411764706,1,False,5039.771552454041
CUST008372,0.0,5,2023-11-30,0.0,814,True,0.0
CUST008373,0.0,3,2024-09-05,0.0,534,True,0.0
CUST008374,0.0,3,2023-09-06,0.0,899,True,0.0
CUST008375,3225.25,17,2025-05-16,189.72058823529412,281,True,20797.00504049796
CUST008377,5509.09,26,2024-10-07,211.88807692307694,502,True,23226.985773022574
CUST008378,47.46,16,2026-02-14,2.96625,7,False,325.1577320900427
CUST008379,324.62,8,2025-09-28,40.5775,146,True,4448.070079691094
CUST008380,343.06,6,2026-02-01,57.17666666666667,20,False,6267.656219739292
CUST008381,10329.630000000001,54,2026-02-12,191.28944444444446,9,False,20968.98168674919
CUST008382,14072.609999999999,65,2025-02-16,216.50169230769228,370,True,23732.726258550516
CUST008383,6526.56,65,2025-12-28,100.40861538461539,55,False,11006.70464753912
CUST008384,7148.29,39,2026-02-20,183.28948717948717,1,False,20092.03336442613
CUST008385,12556.32,62,2026-02-09,202.52129032258065,12,False,22200.206813734323
CUST008387,16782.579999999998,46,2026-01-22,364.8386956521739,30,False,39993.29889825544
CUST008388,9369.83,56,2026-02-20,167.31839285714287,1,False,18341.295965741047
CUST008389,2667.87,19,2025-10-30,140.41421052631577,114,True,15392.083016586816
CUST008390,758.86,8,2025-12-26,94.8575,57,False,10398.196231514952
CUST008391,1182.95,10,2026-02-15,118.295,6,False,12967.394493920474
CUST008392,6754.78,26,2026-01-30,259.79923076923075,22,False,28478.964576708204
CUST008393,2224.4300000000003,22,2025-02-16,101.11045454545456,370,True,11083.639642846474
CUST008394,32553.989999999998,153,2026-02-20,212.77117647058822,1,False,23323.79037347045
CUST008395,10683.0,37,2026-01-24,288.72972972972974,28,False,31650.300583527987
CUST008396,12291.69,82,2026-02-17,149.89865853658537,4,False,16431.75991676218
CUST008397,690.01,26,2026-01-11,26.538846153846155,41,False,2909.165116787583
CUST008398,1149.83,18,2026-02-08,63.87944444444444,13,False,7002.408860590791
CUST008399,343.47999999999996,6,2025-12-23,57.24666666666666,60,False,6275.329558549676
CUST008400,0.0,16,2025-07-15,0.0,221,True,0.0
CUST008401,3210.12,40,2025-12-29,80.253,54,False,8797.26370785409
CUST008402,224.58,3,2023-11-14,74.86,830,True,8206.087762076897
CUST008403,16458.8,85,2026-02-13,193.63294117647058,8,False,21225.873749975835
CUST008404,0.0,3,2024-05-28,0.0,634,True,0.0
CUST008405,2775.5699999999997,34,2025-11-18,81.63441176470587,95,True,8948.692857957509
CUST008406,15685.11,159,2026-01-31,98.64849056603774,21,False,10813.761303517505
CUST008407,5110.17,24,2026-02-02,212.92375,19,False,23340.515350394347
CUST008408,10399.42,53,2026-02-11,196.21547169811322,10,False,21508.96848827188
CUST008409,2980.33,25,2026-02-21,119.2132,0,False,13068.046775287545
CUST008410,5017.76,37,2026-01-21,135.61513513513515,31,False,14866.01256725671
CUST008411,12593.170000000002,60,2026-01-25,209.8861666666667,27,False,23007.53812065944
CUST008412,8255.25,40,2026-02-14,206.38125,7,False,22623.332219438053
CUST008413,0.0,2,2024-01-24,0.0,759,True,0.0
CUST008414,2656.0,29,2026-02-04,91.58620689655173,17,False,10039.599941074484
CUST008415,20328.72,86,2026-02-18,236.38046511627908,3,False,25911.81995704973
CUST008416,15098.66,42,2026-02-10,359.4919047619048,11,False,39407.18835469383
CUST008417,8853.25,39,2026-02-13,227.00641025641025,8,False,24884.244257522518
CUST008418,3480.59,4,2024-05-05,870.1475,657,True,95384.80832155768
CUST008419,1863.8899999999999,17,2025-12-09,109.6405882352941,74,False,12018.705441418102
CUST008420,5000.59,49,2026-02-21,102.05285714285715,0,False,11186.944991784423
CUST008421,11483.119999999999,46,2026-01-13,249.63304347826084,39,False,27364.55601251625
CUST008422,11319.1,56,2025-12-22,202.12678571428572,61,False,22156.96156342425
CUST008423,6253.01,33,2026-02-17,189.48515151515153,4,False,20771.196673039965
CUST008424,12563.16,41,2026-01-09,306.41853658536587,43,False,33589.33212859582
CUST008425,2710.56,24,2026-01-16,112.94,36,False,12380.38407492606
CUST008426,3808.9700000000003,12,2025-06-03,317.4141666666667,263,True,34794.66348641692
CUST008427,1067.56,3,2026-02-12,355.8533333333333,9,False,39008.33133530506
CUST008428,7056.75,38,2025-11-28,185.70394736842104,85,False,20356.704379767194
CUST008429,6432.84,33,2026-02-14,194.93454545454546,7,False,21368.55447315747
CUST008430,3689.15,8,2025-11-19,461.14375,94,True,50550.174772017745
CUST008431,1329.07,8,2025-09-06,166.13375,168,True,18211.43645128163
CUST008432,8809.880000000001,36,2025-12-20,244.71888888888893,63,False,26825.87068207544
CUST008433,9947.85,32,2026-02-14,310.8703125,7,False,34077.33191289435
CUST008434,16461.33,52,2026-02-06,316.5640384615385,15,False,34701.47317569959
CUST008435,14841.66,133,2026-02-17,111.59142857142857,4,False,12232.554853762733
CUST008436,435.32,5,2025-10-16,87.064,128,True,9543.879574104501
CUST008437,392.57000000000005,14,2026-02-04,28.04071428571429,17,False,3073.7985885639177
CUST008438,1329.5900000000001,23,2026-02-16,57.808260869565224,5,False,6336.891024160939
CUST008439,5660.3,66,2026-02-19,85.76212121212122,2,False,9401.168759398122
CUST008440,0.0,5,2025-09-02,0.0,172,True,0.0
CUST008441,23726.46,150,2026-02-13,158.1764,8,False,17339.15870009859
CUST008442,740.84,16,2025-08-20,46.3025,185,True,5075.639575254683
CUST008443,287.25,4,2024-08-21,71.8125,549,True,7872.023476010516
CUST008445,5399.93,28,2026-01-04,192.85464285714286,48,False,21140.55736855077
CUST008447,7195.009999999999,14,2025-05-13,513.9292857142857,284,True,56336.47905520867
CUST008448,3126.75,36,2025-11-18,86.85416666666667,95,True,9520.87782752766
CUST008449,959.84,10,2024-01-14,95.98400000000001,769,True,10521.682176799211
CUST008450,2398.17,22,2026-02-05,109.00772727272728,16,False,11949.331775908942
CUST008451,41258.64,269,2026-02-21,153.377843866171,0,False,16813.14517130546
CUST008452,10134.060000000001,32,2025-11-11,316.68937500000004,102,True,34715.2124574844
CUST008453,13553.0,67,2026-02-20,202.28358208955223,1,False,22174.149445019397
CUST008454,19089.05,94,2025-12-28,203.075,55,False,22260.903984554716
CUST008456,6706.71,90,2025-11-16,74.519,97,True,8168.70764015774
CUST008457,0.0,4,2025-11-24,0.0,89,False,0.0
CUST008458,5758.93,17,2026-02-19,338.7605882352941,2,False,37134.63955906517
CUST008460,10957.71,40,2026-02-16,273.94275,5,False,30029.3647914065
CUST008461,5756.87,30,2026-02-06,191.89566666666667,15,False,21035.435236827692
CUST008462,818.7,28,2025-12-16,29.239285714285717,67,False,3205.184940847848
CUST008463,1677.92,32,2026-02-10,52.435,11,False,5747.878864607295
CUST008464,118.44,12,2026-02-14,9.87,7,False,1081.9407722642127
CUST008465,603.9,7,2025-11-18,86.27142857142857,95,True,9456.998586920801
CUST008466,13836.6,79,2026-01-12,175.146835443038,40,False,19199.4429988727
CUST008467,10816.49,57,2026-02-12,189.76298245614035,9,False,20801.652257928752
CUST008468,26990.66,97,2026-02-18,278.25422680412373,3,False,30501.985109851576
CUST008469,1072.83,18,2026-02-16,59.60166666666666,5,False,6533.482599956182
CUST008470,2263.85,45,2026-02-17,50.30777777777777,4,False,5514.694624091721
CUST008471,2408.84,19,2025-09-29,126.78105263157896,145,True,13897.628165418475
CUST008472,6587.66,70,2026-01-26,94.10942857142857,26,False,10316.193295432138
CUST008473,5235.33,58,2026-02-06,90.26431034482758,15,False,9894.69479659365
CUST008474,9002.67,35,2026-02-13,257.21914285714286,8,False,28196.137595136377
CUST008475,3553.72,22,2026-01-22,161.53272727272727,30,False,17707.076361843872
CUST008476,10851.9,48,2026-02-15,226.08124999999998,6,False,24782.828998931975
CUST008478,1999.6599999999999,17,2025-08-18,117.62705882352941,187,True,12894.175366028107
CUST008479,564.84,4,2024-12-25,141.21,423,True,15479.316763062767
CUST008480,787.18,17,2025-09-13,46.30470588235294,161,True,5075.881382149968
CUST008481,19832.53,103,2026-02-03,192.54883495145629,18,False,21107.034973247526
CUST008482,8275.71,75,2025-11-25,110.34279999999998,88,False,12095.68128123562
CUST008483,0.0,10,2026-01-23,0.0,29,False,0.0
CUST008484,0.0,13,2026-01-23,0.0,29,False,0.0
CUST008485,14431.27,89,2026-02-18,162.1491011235955,3,False,17774.642724580637
CUST008486,212.8,8,2025-12-30,26.6,53,False,2915.868747946106
CUST008487,919.52,21,2025-04-15,43.78666666666667,312,True,4799.856124438603
CUST008488,2524.05,38,2026-02-01,66.42236842105264,20,False,7281.161964041718
CUST008489,26749.04,121,2026-02-02,221.06644628099176,19,False,24233.110598881594
CUST008490,2354.45,20,2026-02-19,117.7225,2,False,12904.637544364115
CUST008491,4775.38,64,2025-08-23,74.6153125,182,True,8179.265332217385
CUST008492,821.1100000000001,31,2026-01-28,26.487419354838714,24,False,2903.527756034474
CUST008493,7778.88,37,2025-03-12,210.24,346,True,23046.325021360502
CUST008494,913.0,5,2026-01-15,182.6,37,False,20016.45238251725
CUST008495,227.62,4,2025-11-11,56.905,102,True,6237.876357213276
CUST008496,2804.76,4,2023-08-01,701.19,935,True,76863.83486362144
CUST008497,7747.030000000001,45,2026-02-03,172.15622222222223,18,False,18871.614591813635
CUST008498,0.0,5,2025-08-13,0.0,192,True,0.0
CUST008499,615.28,16,2026-02-14,38.455,7,False,4215.40348504765
CUST008500,1318.52,17,2024-08-19,77.56,551,True,8502.059401906014
CUST008501,14042.82,48,2026-02-04,292.55875,17,False,32070.03443846533
CUST008502,7303.3,29,2026-01-11,251.83793103448278,41,False,27606.2538590547
CUST008503,18092.87,68,2026-02-16,266.0716176470588,5,False,29166.53814332798
CUST008504,2560.55,10,2025-09-19,256.055,155,True,28068.525272757146
CUST008505,0.0,1,2023-11-24,0.0,820,True,0.0
CUST008506,7632.0599999999995,39,2024-10-10,195.69384615384615,499,True,21451.788352081698
CUST008508,7412.1,29,2026-01-19,255.5896551724138,33,False,28017.51457953245
CUST008509,11538.72,154,2026-02-20,74.92675324675324,1,False,8213.40519463448
CUST008510,2797.2799999999997,8,2026-02-17,349.65999999999997,4,False,38329.42354912914
CUST008511,4019.66,57,2026-02-14,70.52035087719298,7,False,7730.379218684239
CUST008513,403.33,21,2026-01-01,19.206190476190475,51,False,2105.365811151276
CUST008514,8753.69,57,2026-02-06,153.57350877192982,15,False,16834.593787236743
CUST008515,0.0,4,2024-07-26,0.0,575,True,0.0
CUST008516,352.14,18,2025-10-30,19.563333333333333,114,True,2144.5154989593602
CUST008517,3883.25,32,2026-02-19,121.3515625,2,False,13302.452203314984
CUST008518,6392.17,55,2026-02-19,116.22127272727273,2,False,12740.074323006604
CUST008519,8347.220000000001,83,2026-02-19,100.56891566265061,2,False,11024.276623892876
CUST008520,6104.2,86,2026-02-20,70.97906976744186,1,False,7780.663582449999
CUST008521,934.67,30,2025-12-16,31.155666666666665,67,False,3415.256945667652
CUST008522,16947.91,92,2026-02-10,184.21641304347827,11,False,20193.642167376303
CUST008523,3854.06,34,2026-01-24,113.35470588235295,28,False,12425.843771239683
CUST008524,9944.95,75,2026-01-21,132.59933333333333,31,False,14535.423009968232
CUST008525,1518.12,27,2026-02-21,56.22666666666666,0,False,6163.518050169787
CUST008526,11256.17,46,2026-02-17,244.69934782608695,4,False,26823.728607852663
CUST008527,633.22,31,2026-02-15,20.426451612903225,6,False,2239.129770281874
CUST008528,1377.7,11,2025-09-25,125.24545454545455,149,True,13729.297245541182
CUST008529,646.96,7,2025-07-20,92.42285714285715,216,True,10131.312809727244
CUST008530,2992.75,14,2024-09-27,213.76785714285714,512,True,23433.045637528754
CUST008531,984.8700000000001,7,2025-07-04,140.6957142857143,232,True,15422.941212619126
CUST008532,3016.59,44,2026-02-13,68.55886363636364,8,False,7515.3627019538135
CUST008533,8343.34,46,2026-02-04,181.37695652173915,17,False,19882.3834255383
CUST008534,2482.94,45,2026-02-15,55.17644444444444,6,False,6048.393608208274
CUST008535,136.84,14,2026-02-13,9.774285714285714,8,False,1071.4486559316465
CUST008536,995.32,12,2024-01-09,82.94333333333334,774,True,9092.175696133203
CUST008537,2393.26,35,2024-10-17,68.37885714285714,492,True,7495.630547486034
CUST008538,8903.0,33,2025-12-30,269.7878787878788,53,False,29573.91144106195
CUST008539,4173.87,35,2026-02-20,119.25342857142857,1,False,13072.456596122247
CUST008540,2739.57,34,2026-02-20,80.57558823529412,1,False,8832.625548220602
CUST008541,6184.669999999999,32,2025-02-16,193.27093749999997,370,True,21186.191223402067
CUST008542,6591.74,26,2026-02-18,253.52846153846153,3,False,27791.568335144973
CUST008543,1091.24,21,2025-07-29,51.96380952380952,207,True,5696.227376492497
CUST008544,7239.1,79,2026-01-31,91.63417721518988,21,False,10044.85840547095
CUST008545,16745.6,155,2026-02-18,108.03612903225806,3,False,11842.82602609903
CUST008546,1522.6100000000001,8,2025-11-28,190.32625000000002,85,False,20863.397153713442
CUST008547,3142.86,25,2026-02-16,125.71440000000001,5,False,13780.702636345713
CUST008548,0.0,3,2024-04-06,0.0,686,True,0.0
CUST008549,6564.16,111,2026-02-08,59.13657657657657,13,False,6482.499830833133
CUST008550,486.99,17,2026-02-20,28.646470588235296,1,False,3140.2010649320523
CUST008551,8291.9,9,2025-08-01,921.3222222222222,204,True,100994.53663782086
CUST008552,7757.700000000001,53,2026-02-15,146.37169811320757,6,False,16045.137598199395
CUST008553,18968.5,148,2026-02-06,128.16554054054055,15,False,14049.394519766234
CUST008554,24741.18,54,2026-02-21,458.17,0,False,50224.194896483736
CUST008555,128.84,22,2026-01-06,5.856363636363636,46,False,641.9694625519074
CUST008556,672.67,25,2026-02-02,26.906799999999997,19,False,2949.4998957607622
CUST008558,872.1299999999999,6,2025-09-13,145.355,161,True,15933.68803976339
CUST008559,7524.110000000001,18,2025-04-19,418.0061111111111,308,True,45821.46450523971
CUST008560,3998.0299999999997,15,2025-11-02,266.5353333333333,111,True,29217.370251506185
CUST008561,0.0,10,2025-12-12,0.0,71,False,0.0
CUST008562,5014.030000000001,15,2025-12-03,334.2686666666667,80,False,36642.23904326871
CUST008563,4848.03,68,2026-02-12,71.29455882352941,9,False,7815.2472169975445
CUST008564,6199.0,44,2026-01-29,140.88636363636363,23,False,15443.840027783586
CUST008565,7466.04,51,2026-02-13,146.3929411764706,8,False,16047.466244224934
CUST008566,1605.6,29,2026-02-09,55.36551724137931,12,False,6069.1196029326775
CUST008567,7858.56,37,2026-02-14,212.3935135135135,7,False,23282.39129024522
CUST008568,1412.51,7,2024-05-12,201.78714285714287,650,True,22119.730210318765
CUST008569,5974.3,33,2026-01-15,181.03939393939393,37,False,19845.380110337683
CUST008570,2104.44,39,2026-02-20,53.96,1,False,5915.048031547814
CUST008571,10679.89,50,2026-02-20,213.59779999999998,1,False,23414.404122182055
CUST008572,0.0,1,2023-12-28,0.0,786,True,0.0
CUST008573,2424.5,24,2026-02-11,101.02083333333333,10,False,11073.815443914995
CUST008575,63379.11,488,2026-02-18,129.87522540983608,3,False,14236.808680638984
CUST008576,5567.52,53,2026-02-12,105.04754716981132,9,False,11515.220294768693
CUST008577,5358.24,50,2026-01-18,107.1648,34,False,11747.311699244166
CUST008578,2894.32,22,2025-12-26,131.56,57,False,14421.492198488333
CUST008579,1148.71,22,2026-01-31,52.21409090909091,21,False,5723.663003166732
CUST008580,2728.4300000000003,37,2026-02-18,73.74135135135135,3,False,8083.462475064615
CUST008581,0.0,6,2024-01-19,0.0,764,True,0.0
CUST008582,0.0,3,2025-05-25,0.0,272,True,0.0
CUST008583,2760.04,5,2026-02-16,552.008,5,False,60510.63442918174
CUST008584,607.73,10,2025-05-20,60.773,277,True,6661.883136049951
CUST008585,1901.77,33,2025-07-23,57.629393939393935,213,True,6317.283787629831
CUST008586,5822.51,31,2026-02-05,187.82290322580647,16,False,20588.9824685953
CUST008587,10324.59,85,2026-02-11,121.46576470588235,10,False,13314.970949295393
CUST008588,226.24,16,2026-02-05,14.14,16,False,1550.0144396976668
CUST008589,0.0,3,2024-04-12,0.0,680,True,0.0
CUST008590,9587.56,104,2026-02-18,92.18807692307692,3,False,10105.576407265096
CUST008591,2354.44,40,2025-11-28,58.861000000000004,85,False,6452.291367400592
CUST008592,2495.74,56,2026-02-16,44.56678571428571,5,False,4885.372092507393
CUST008593,41515.57,163,2026-02-18,254.69674846625767,3,False,27919.634926926727
CUST008594,2275.03,10,2026-01-04,227.50300000000001,48,False,24938.679991127177
CUST008595,1949.6000000000001,17,2026-01-24,114.68235294117648,28,False,12571.379281282016
CUST008596,7588.25,19,2025-12-04,399.38157894736844,79,False,43779.8595698497
CUST008597,477.89,8,2025-09-23,59.73625,151,True,6548.235507311863
CUST008598,2254.1499999999996,22,2026-01-20,102.46136363636361,32,False,11231.725116511812
CUST008599,9341.7,63,2026-02-20,148.28095238095239,1,False,16254.428382079088
CUST008600,126.07,12,2024-04-19,10.505833333333333,673,True,1151.6402664585387
CUST008601,8030.37,47,2026-02-18,170.85893617021276,3,False,18729.40722879857
CUST008602,3692.0800000000004,31,2026-01-15,119.09935483870969,37,False,13055.567168223211
CUST008603,2553.63,20,2025-10-10,127.6815,134,True,13996.3344188301
CUST008604,13836.27,78,2026-02-19,177.38807692307694,2,False,19445.12593076165
CUST008605,1535.09,16,2025-10-16,95.943125,128,True,10517.201495029574
CUST008606,2631.47,8,2024-02-27,328.93375,725,True,36057.430141718694
CUST008607,0.0,7,2023-08-17,0.0,919,True,0.0
CUST008608,3231.76,52,2024-08-30,62.149230769230776,540,True,6812.7443499582905
CUST008609,4929.21,52,2026-02-19,94.7925,2,False,10391.07098833388
CUST008610,923.74,6,2025-02-02,153.95666666666668,384,True,16876.59522072516
CUST008611,4707.76,18,2025-07-20,261.5422222222222,216,True,28670.029776171177
CUST008612,5424.1900000000005,35,2026-02-21,154.97685714285717,0,False,16988.42760893855
CUST008613,5555.45,28,2026-02-19,198.40892857142856,2,False,21749.413313342095
CUST008614,2789.68,8,2024-05-27,348.71,635,True,38225.285379559646
CUST008615,7517.84,71,2026-02-15,105.88507042253521,6,False,11607.028861621917
CUST008616,3125.08,29,2026-02-19,107.76137931034482,2,False,11812.7082017519
CUST008617,14261.47,40,2026-01-05,356.53675,47,False,39083.24687290502
CUST008618,11639.63,48,2026-01-24,242.49229166666666,28,False,26581.793040927267
CUST008619,0.0,7,2024-10-16,0.0,493,True,0.0
CUST008620,19218.93,107,2026-02-18,179.61616822429906,3,False,19689.36735154376
CUST008621,1476.74,13,2026-01-12,113.59538461538462,40,False,12452.22676356834
CUST008622,5161.06,42,2026-01-30,122.88238095238096,22,False,13470.25918391938
CUST008623,5295.04,82,2026-01-22,64.57365853658537,30,False,7078.508002532802
CUST008624,273.68,5,2025-08-01,54.736000000000004,204,True,6000.11247321722
CUST008626,6128.29,50,2026-02-04,122.5658,17,False,13435.555856654617
CUST008627,0.0,1,2023-05-16,0.0,1012,True,0.0
CUST008628,434.18,15,2025-02-09,28.945333333333334,377,True,3172.962137802607
CUST008629,5292.389999999999,20,2025-11-28,264.61949999999996,85,False,29007.35827620768
CUST008630,10516.86,68,2026-02-18,154.65970588235294,3,False,16953.661764995843
CUST008631,4198.71,51,2025-09-28,82.32764705882353,146,True,9024.684704915815
CUST008632,4181.120000000001,8,2026-02-17,522.6400000000001,4,False,57291.33994084786
CUST008633,0.0,8,2025-06-10,0.0,256,True,0.0
CUST008634,677.86,27,2026-01-27,25.105925925925927,25,False,2752.0896539720793
CUST008635,6002.84,43,2026-02-03,139.60093023255814,18,False,15302.931941703795
CUST008637,6006.17,52,2026-02-18,115.50326923076923,3,False,12661.367407353573
CUST008638,211.97,4,2024-10-07,52.9925,502,True,5808.991527275714
CUST008639,0.0,3,2026-01-13,0.0,39,False,0.0
CUST008640,2532.56,24,2025-11-09,105.52333333333333,104,True,11567.375558111511
CUST008641,841.4399999999999,34,2026-02-18,24.748235294117645,3,False,2712.8799195840015
CUST008642,1254.1100000000001,17,2026-02-07,73.77117647058824,14,False,8086.731878564112
CUST008643,2961.3,17,2026-01-17,174.19411764705885,35,False,19095.00690688369
CUST008644,4046.89,9,2025-02-26,449.65444444444444,360,True,49290.72714024902
CUST008645,922.94,3,2023-11-08,307.6466666666667,836,True,33723.95867455362
CUST008646,15076.29,31,2025-03-02,486.331935483871,356,True,53311.28164682561
CUST008647,16242.17,49,2026-02-20,331.47285714285715,1,False,36335.76484719027
CUST008648,8123.030000000001,67,2026-01-05,121.2392537313433,47,False,13290.141014268129
CUST008649,1991.73,21,2025-11-23,94.84428571428572,90,False,10396.747693066054
CUST008650,1015.58,15,2026-02-16,67.70533333333334,5,False,7421.799456238361
CUST008651,813.65,23,2025-04-29,35.37608695652174,298,True,3877.8957286144964
CUST008652,11569.57,59,2026-02-21,196.094406779661,0,False,21495.697457738515
CUST008653,3791.86,35,2026-01-31,108.33885714285715,21,False,11876.01081695695
CUST008654,574.2,3,2024-11-23,191.4,455,True,20981.100690108444
CUST008655,408.59,11,2026-01-27,37.14454545454545,25,False,4071.7526032922046
CUST008656,14363.619999999999,26,2025-12-05,552.446923076923,78,False,60558.748793194965
CUST008657,1999.01,28,2026-02-21,71.39321428571428,0,False,7826.061742523824
CUST008659,2499.1400000000003,30,2025-05-15,83.30466666666668,282,True,9131.784740278235
CUST008660,3323.88,14,2024-03-07,237.42000000000002,716,True,26025.772862306934
CUST008661,7913.97,31,2025-12-22,255.2893548387097,61,False,27984.59591945555
CUST008662,6457.28,21,2025-04-08,307.4895238095238,319,True,33706.73281191806
CUST008663,5857.8,36,2026-02-18,162.71666666666667,3,False,17836.85876328185
CUST008664,2719.54,30,2026-02-19,90.65133333333333,2,False,9937.119918282397
CUST008665,581.75,30,2026-02-14,19.391666666666666,7,False,2125.6975490196073
CUST008666,2027.62,32,2026-01-24,63.363125,28,False,6945.810374424909
CUST008667,12474.27,38,2025-05-10,328.27026315789476,287,True,35984.69929406576
CUST008668,4198.47,40,2026-02-21,104.96175000000001,0,False,11505.815284012488
CUST008670,7878.03,89,2025-11-19,88.51719101123595,94,True,9703.177102467625
CUST008672,261.25,15,2026-02-17,17.416666666666668,4,False,1909.1997754409028
CUST008673,4553.96,65,2026-01-31,70.06092307692307,21,False,7680.017144821659
CUST008674,1038.5,4,2025-12-23,259.625,60,False,28459.865552086758
CUST008675,1647.1100000000001,10,2025-09-06,164.711,168,True,18055.475839960567
CUST008676,5869.389999999999,31,2026-01-17,189.33516129032256,35,False,20754.754875706272
CUST008677,2315.71,40,2026-02-17,57.89275,4,False,6346.152648784094
CUST008679,3407.6400000000003,21,2026-01-27,162.26857142857145,25,False,17787.738954978642
CUST008680,831.01,15,2025-12-16,55.400666666666666,67,False,6072.9726522072515
CUST008681,9259.7,19,2026-02-02,487.3526315789474,19,False,53423.169460539284
CUST008682,5049.1,23,2024-03-04,219.52608695652177,719,True,24064.257756218838
CUST008683,15424.88,60,2026-02-14,257.0813333333333,7,False,28181.031035600827
CUST008684,9663.220000000001,33,2026-01-23,292.82484848484853,29,False,32099.203921767796
CUST008685,1836.72,7,2024-02-27,262.3885714285714,725,True,28762.805836345713
CUST008686,0.0,9,2026-01-01,0.0,51,False,0.0
CUST008687,7830.51,65,2025-06-20,120.46938461538461,246,True,13205.748634748097
CUST008689,3139.4,19,2026-01-24,165.23157894736843,28,False,18112.541249113583
CUST008690,4529.86,50,2025-06-02,90.59719999999999,264,True,9931.185869602365
CUST008691,3811.3700000000003,31,2026-02-21,122.94741935483871,0,False,13477.3886367443
CUST008692,0.0,3,2024-02-03,0.0,749,True,0.0
CUST008693,6549.37,42,2025-12-15,155.93738095238095,68,False,17093.719389308793
CUST008694,0.0,3,2024-06-30,0.0,601,True,0.0
CUST008695,3710.24,26,2026-02-06,142.70153846153846,15,False,15642.817905407113
CUST008696,5713.5199999999995,27,2025-12-09,211.61185185185184,74,False,23196.706222173536
CUST008697,2964.21,26,2026-01-31,114.00807692307693,21,False,12497.465733587806
CUST008698,2735.1400000000003,38,2026-02-17,71.97736842105265,4,False,7890.09620820866
CUST008699,32904.979999999996,126,2026-02-20,261.1506349206349,1,False,28627.104318472266
CUST008701,753.12,9,2025-08-15,83.68,190,True,9172.928452185344
CUST008702,0.0,1,2024-06-08,0.0,623,True,0.0
CUST008703,1401.56,15,2025-07-19,93.43733333333333,217,True,10242.5188029357
CUST008704,3354.48,22,2026-02-15,152.47636363636363,6,False,16714.325696531534
CUST008705,3506.0,30,2026-01-09,116.86666666666666,43,False,12810.821842480007
CUST008706,8733.83,36,2026-02-11,242.6063888888889,10,False,26594.30027869062
CUST008707,0.0,9,2025-12-05,0.0,78,False,0.0
CUST008708,2221.64,6,2025-05-17,370.2733333333333,280,True,40589.03913024427
CUST008709,7530.13,38,2026-01-17,198.1613157894737,35,False,21722.270216631787
CUST008710,4092.39,44,2026-02-07,93.00886363636363,14,False,10195.55032929525
CUST008711,1385.28,23,2026-01-29,60.229565217391304,23,False,6602.3122902170335
CUST008712,261.84000000000003,10,2025-04-07,26.184000000000005,320,True,2870.2671915872497
CUST008713,5113.46,43,2026-02-20,118.91767441860465,1,False,13035.65151938494
CUST008714,12808.859999999999,98,2026-01-11,130.70265306122448,41,False,14327.510576498753
CUST008715,4404.27,37,2026-02-01,119.03432432432433,20,False,13048.438580081889
CUST008716,1289.02,14,2026-01-18,92.07285714285715,34,False,10092.94611567532
CUST008717,2396.09,20,2025-10-30,119.8045,114,True,13132.864564410122
CUST008718,83.92,3,2025-12-16,27.973333333333333,67,False,3066.412347464125
CUST008719,11068.41,95,2026-01-18,116.50957894736842,34,False,12771.678198834254
CUST008720,0.0,30,2026-02-20,0.0,1,False,0.0
CUST008721,3540.32,8,2024-10-26,442.54,483,True,48510.84795925074
CUST008722,2956.14,28,2025-11-17,105.57642857142856,96,True,11573.195811698979
CUST008723,2165.43,34,2026-02-15,63.68911764705882,6,False,6981.545403433145
CUST008724,1813.73,17,2026-01-06,106.69,46,False,11695.264538284586
CUST008725,5390.25,17,2025-07-16,317.0735294117647,220,True,34757.32312829831
CUST008726,5077.88,14,2026-02-13,362.7057142857143,8,False,39759.48334538285
CUST008727,13685.11,47,2025-12-31,291.1725531914894,52,False,31918.08075604282
CUST008728,2007.1599999999999,22,2025-11-23,91.23454545454545,90,False,10001.051121202163
CUST008730,1405.89,28,2026-02-16,50.21035714285715,5,False,5504.01545925074
CUST008731,5059.06,44,2026-02-08,114.97863636363637,13,False,12603.85761105966
CUST008732,1894.5,16,2025-02-18,118.40625,368,True,12979.58962167269
CUST008733,17178.15,136,2026-02-14,126.30992647058825,7,False,13845.983727479655
CUST008734,6796.1,31,2026-02-20,219.22903225806454,1,False,24031.694879840565
CUST008735,3178.8500000000004,47,2026-02-17,67.63510638297873,4,False,7414.101239328492
CUST008736,3694.46,25,2026-02-02,147.7784,19,False,16199.339029378902
CUST008737,4428.9400000000005,30,2026-01-28,147.63133333333334,24,False,16183.217709935372
CUST008738,2987.9700000000003,25,2025-12-16,119.51880000000001,67,False,13101.546380151169
CUST008739,793.27,28,2026-02-18,28.331071428571427,3,False,3105.627284751889
CUST008740,19916.84,47,2026-02-20,423.76255319148936,1,False,46452.48065416967
CUST008741,206.25,7,2024-10-02,29.464285714285715,507,True,3229.8492441669405
CUST008742,1012.69,10,2025-09-27,101.269,147,True,11101.01925698324
CUST008743,2396.0,16,2026-01-16,149.75,36,False,16415.464097929675
CUST008744,27155.84,159,2026-02-09,170.79144654088051,12,False,18722.009074626374
CUST008745,10886.51,53,2025-11-29,205.40584905660378,84,False,22516.40962065737
CUST008746,4628.650000000001,60,2026-02-17,77.14416666666668,4,False,8456.476115401469
CUST008747,197.22,13,2026-01-19,15.170769230769231,33,False,1663.006461740691
CUST008749,4412.650000000001,16,2025-05-29,275.79062500000003,268,True,30231.927233609927
CUST008750,3971.9500000000003,37,2026-02-05,107.35000000000001,16,False,11767.613161353927
CUST008751,1737.94,14,2025-05-05,124.13857142857144,292,True,13607.961685836348
CUST008752,8841.89,48,2026-02-13,184.20604166666666,8,False,20192.505266116223
CUST008753,1740.74,9,2025-07-19,193.41555555555556,217,True,21202.044128236023
CUST008754,1471.86,27,2026-02-18,54.51333333333333,3,False,5975.703947858472
CUST008755,1571.1,35,2025-10-05,44.888571428571424,139,True,4920.645961222477
CUST008756,0.0,4,2026-02-18,0.0,3,False,0.0
CUST008757,5283.51,54,2026-02-21,97.84277777777778,0,False,10725.439771972104
CUST008758,3299.97,51,2026-02-10,64.70529411764706,11,False,7092.937779861205
CUST008759,988.47,7,2026-02-19,141.21,2,False,15479.316763062767
CUST008760,1885.56,16,2026-01-29,117.8475,23,False,12918.339935096941
CUST008761,4987.25,20,2026-02-17,249.3625,4,False,27334.89927292146
CUST008762,1024.55,39,2026-02-09,26.27051282051282,12,False,2879.750651347776
CUST008763,8577.029999999999,27,2025-12-01,317.66777777777776,82,False,34822.46411472596
CUST008764,7746.23,43,2026-02-19,180.1448837209302,2,False,19747.324682114497
CUST008766,2503.91,15,2025-12-06,166.92733333333334,77,False,18298.428362580788
CUST008768,5703.7,64,2026-01-31,89.1203125,21,False,9769.290752854911
CUST008769,15754.85,97,2026-02-19,162.42113402061855,2,False,17804.462732958185
CUST008770,4949.89,42,2026-02-14,117.85452380952381,7,False,12919.10987895717
CUST008771,1660.09,17,2026-01-27,97.65235294117646,25,False,10704.565567841331
CUST008772,833.2,15,2025-12-21,55.54666666666667,62,False,6088.977044583196
CUST008773,1501.23,8,2025-10-21,187.65375,123,True,20570.440039845547
CUST008774,118.44,9,2023-10-22,13.16,853,True,1442.587696352284
CUST008775,0.0,4,2023-10-02,0.0,873,True,0.0
CUST008776,234.78,9,2026-02-20,26.086666666666666,1,False,2859.597596669953
CUST008777,290.29,11,2024-11-18,26.39,460,True,2892.8487315149523
CUST008778,762.42,9,2024-02-26,84.71333333333332,726,True,9286.201548910065
CUST008779,3132.26,9,2024-11-03,348.0288888888889,475,True,38150.62257494432
CUST008780,3810.52,37,2026-02-13,102.98702702702703,8,False,11289.347877894324
CUST008781,2540.46,21,2026-02-21,120.97428571428571,0,False,13261.09545185672
CUST008782,7151.46,14,2026-02-06,510.81857142857143,15,False,55995.48527440026
CUST008783,17596.91,39,2026-01-23,451.2028205128205,29,False,49460.45877137103
CUST008784,965.07,27,2026-02-16,35.74333333333333,5,False,3918.1529554168033
CUST008785,6838.139999999999,11,2026-02-06,621.6490909090909,15,False,68144.62993875661
CUST008786,30050.5,192,2026-02-14,156.51302083333334,7,False,17156.820529870467
CUST008787,2692.05,39,2026-02-15,69.02692307692308,6,False,7566.670968679694
CUST008788,11291.78,24,2026-01-28,470.49083333333334,24,False,51574.79387638295
CUST008789,12502.93,106,2026-02-06,117.95216981132076,15,False,12929.81374831813
CUST008790,16858.65,119,2026-01-22,141.66932773109244,30,False,15529.667867429587
CUST008791,3213.13,16,2026-01-17,200.820625,35,False,22013.781367688138
CUST008792,3007.3500000000004,34,2026-02-03,88.45147058823531,18,False,9695.972887146972
CUST008793,962.0699999999999,20,2025-12-09,48.1035,74,False,5273.063620933289
CUST008794,2862.42,23,2025-12-10,124.45304347826087,73,False,13642.433837031533
CUST008795,120.0,20,2026-01-31,6.0,21,False,657.7147551758133
CUST008796,1802.56,27,2026-01-24,66.76148148148148,28,False,7318.3352412945305
CUST008797,13954.87,44,2026-02-06,317.1561363636364,15,False,34766.37843015266
CUST008798,10168.880000000001,48,2026-02-02,211.8516666666667,19,False,23222.99451254245
CUST008799,8641.07,30,2025-12-27,288.03566666666666,56,False,31574.217997261472
CUST008800,2036.4199999999998,12,2026-02-10,169.70166666666665,11,False,18602.548357432355
CUST008801,826.04,13,2025-10-18,63.54153846153846,126,True,6965.367902120883
CUST008802,5501.08,17,2026-01-18,323.59294117647056,34,False,35471.97534708395
CUST008803,4901.28,26,2026-02-16,188.51076923076923,5,False,20664.38573876994
CUST008804,6855.6,103,2026-01-23,66.55922330097087,29,False,7296.163876348391
CUST008805,193.82,7,2025-08-15,27.68857142857143,190,True,3035.196996385146
CUST008806,1294.52,22,2025-03-18,58.841818181818184,340,True,6450.188673259044
CUST008807,3193.58,57,2026-01-20,56.027719298245614,32,False,6141.709613550801
CUST008808,7486.429999999999,19,2026-02-16,394.0226315789473,5,False,43192.416443779504
CUST008809,3181.95,52,2026-02-07,61.19134615384615,14,False,6707.741875742561
CUST008810,8263.36,22,2025-08-15,375.60727272727274,190,True,41173.74090401219
CUST008811,4460.42,44,2026-01-22,101.37318181818182,30,False,11112.43957682311
CUST008812,3198.09,34,2026-02-13,94.0614705882353,8,False,10310.936183236357
CUST008813,1423.26,39,2025-09-20,36.49384615384616,154,True,4000.4235147501204
CUST008814,0.0,4,2024-10-30,0.0,479,True,0.0
CUST008815,3130.87,21,2025-10-05,149.08904761904762,139,True,16343.011075692846
CUST008816,2490.27,32,2026-01-24,77.8209375,28,False,8530.663142560796
CUST008817,7142.67,38,2026-01-13,187.965,39,False,20604.558992770293
CUST008818,17312.54,92,2026-02-08,188.17978260869566,13,False,20628.103274586007
CUST008819,0.0,2,2023-11-13,0.0,831,True,0.0
CUST008820,7259.96,78,2026-02-14,93.07641025641026,7,False,10202.954730739739
CUST008821,637.71,7,2024-03-23,91.10142857142857,700,True,9986.458964837331
CUST008822,10732.27,102,2026-02-17,105.21833333333333,4,False,11533.941724723409
CUST008823,2149.27,7,2024-06-16,307.0385714285714,615,True,33657.29980611239
CUST008825,1661.31,18,2024-07-10,92.295,591,True,10117.29722149195
CUST008826,5347.5,28,2026-02-06,190.98214285714286,15,False,20935.295555372988
CUST008827,2659.97,40,2026-02-16,66.49924999999999,5,False,7289.5896555208665
CUST008828,0.0,2,2024-03-24,0.0,699,True,0.0
CUST008830,10129.32,76,2026-02-01,133.28052631578947,20,False,14610.094789248837
CUST008831,2203.61,29,2026-02-13,75.98655172413794,8,False,8329.579377315942
CUST008832,5573.27,51,2026-01-11,109.27980392156864,41,False,11979.156580322568
CUST008833,4831.0,29,2025-09-03,166.58620689655172,171,True,18261.03438077215
CUST008834,16808.94,111,2026-02-14,151.4318918918919,7,False,16599.831616914318
CUST008835,1003.4100000000001,19,2026-02-05,52.81105263157895,16,False,5789.101425359324
CUST008836,4213.59,15,2026-02-15,280.906,6,False,30792.670169569505
CUST008837,24506.32,109,2026-01-18,224.828623853211,34,False,24645.517215688284
CUST008838,3859.7299999999996,24,2025-12-11,160.82208333333332,72,False,17629.17619440793
CUST008839,6402.05,51,2024-07-25,125.53039215686275,576,True,13760.531857429136
CUST008840,6949.61,25,2024-06-30,277.9844,601,True,30472.406931449226
CUST008841,0.0,1,2024-01-11,0.0,772,True,0.0
CUST008843,7093.42,22,2026-02-11,322.4281818181818,10,False,35344.295444388015
CUST008844,0.0,5,2024-01-16,0.0,767,True,0.0
CUST008845,16142.19,51,2026-02-05,316.5135294117647,16,False,34695.93641781523
CUST008846,15177.880000000001,95,2026-02-16,159.76715789473684,5,False,17513.536189978724
CUST008847,4544.53,14,2026-01-20,324.6092857142857,32,False,35583.38614689451
CUST008848,6472.160000000001,40,2026-02-09,161.80400000000003,12,False,17736.813041077887
CUST008849,11353.95,45,2026-02-16,252.31,5,False,27658.00164640158
CUST008850,24234.21,70,2026-01-24,346.203,28,False,37950.47023102202
CUST008851,8011.450000000001,54,2026-02-18,148.3601851851852,3,False,16263.113812818734
CUST008853,0.0,2,2023-09-21,0.0,884,True,0.0
CUST008854,3379.7700000000004,11,2026-01-20,307.25181818181824,32,False,33680.67572879635
CUST008855,7890.74,25,2025-12-06,315.6296,77,False,34599.04084837331
CUST008856,1119.71,25,2025-01-15,44.7884,402,True,4909.6652567860665
CUST008857,6454.57,30,2026-01-20,215.15233333333333,32,False,23584.810707306387
CUST008858,9653.94,81,2026-02-21,119.18444444444445,0,False,13064.894616423853
CUST008859,4497.76,39,2026-02-08,115.32717948717949,13,False,12642.064603587889
CUST008860,0.0,7,2025-11-23,0.0,90,False,0.0
CUST008861,2071.8,2,2025-12-05,1035.9,78,False,113554.45248110418
CUST008862,2650.87,19,2025-06-02,139.5194736842105,264,True,15294.00274607814
CUST008863,0.0,2,2023-11-05,0.0,839,True,0.0
CUST008865,0.0,2,2024-10-27,0.0,482,True,0.0
CUST008866,2402.79,22,2026-02-10,109.21772727272727,11,False,11972.351792340094
CUST008867,6239.25,22,2026-02-14,283.60227272727275,7,False,31088.233229020407
CUST008868,7155.09,41,2026-02-03,174.51439024390245,18,False,19130.11490898744
CUST008869,2725.83,34,2026-02-06,80.1714705882353,15,False,8788.32652500435
CUST008870,10407.210000000001,122,2026-02-13,85.305,8,False,9351.059531712126
CUST008871,1133.46,10,2026-02-05,113.346,16,False,12424.88944002629
CUST008872,13219.28,75,2026-01-08,176.25706666666667,44,False,19321.14557511228
CUST008874,2822.3900000000003,35,2026-01-12,80.63971428571429,40,False,8839.654989812685
CUST008876,7149.66,58,2026-02-10,123.27,11,False,13512.749645087084
CUST008877,1181.7,17,2024-10-11,69.51176470588236,498,True,7619.818884228025
CUST008878,965.11,12,2025-03-01,80.42583333333333,357,True,8816.209546774016
CUST008879,3618.64,20,2025-12-04,180.932,79,False,19833.607680578374
CUST008880,2037.3,20,2026-01-22,101.865,30,False,11166.35225599737
CUST008881,247.64,5,2023-06-13,49.528,984,True,5429.216065724613
CUST008882,975.2,15,2025-12-01,65.01333333333334,82,False,7126.704769416146
CUST008883,4133.549999999999,24,2025-12-30,172.23124999999996,53,False,18879.839071229046
CUST008884,6895.469999999999,22,2024-06-28,313.4304545454545,603,True,34357.97244600125
CUST008885,417.48,14,2024-06-22,29.82,609,True,3268.842333223792
CUST008886,7708.96,77,2026-02-16,100.11636363636363,5,False,10974.668266363933
CUST008887,104.38,17,2023-12-14,6.14,800,True,673.0614327965823
CUST008888,6119.88,31,2026-02-07,197.41548387096773,14,False,21640.512773684713
CUST008889,2375.3199999999997,21,2025-06-15,113.11047619047618,251,True,12399.071525906451
CUST008890,9506.18,63,2026-02-14,150.89174603174604,7,False,16540.621299886807
CUST008891,2381.93,33,2026-01-22,72.17969696969696,30,False,7912.275286848106
CUST008892,456.0,6,2026-01-10,76.0,42,False,8331.053565560302
CUST008893,1587.4099999999999,21,2025-09-21,75.59095238095237,153,True,8286.21412312411
CUST008894,1664.26,7,2025-03-21,237.75142857142856,337,True,26062.103772592833
CUST008895,14574.31,88,2026-02-18,165.6171590909091,3,False,18154.808207398502
CUST008896,3465.94,32,2026-02-17,108.310625,4,False,11872.91603413572
CUST008897,7410.4800000000005,21,2026-01-23,352.88,29,False,38682.397134406834
CUST008898,11540.36,67,2026-02-02,172.2441791044776,19,False,18881.25634836007
CUST008899,5152.44,51,2026-01-19,101.02823529411764,33,False,11074.62684038584
CUST008900,844.4,17,2026-01-14,49.67058823529412,38,False,5444.846463435851
CUST008901,7789.610000000001,33,2026-02-19,236.0487878787879,2,False,25875.461788207413
CUST008902,2736.65,14,2025-01-31,195.475,386,True,21427.798627998684
CUST008903,73.4,3,2025-10-31,24.46666666666667,113,True,2682.0146127724834
CUST008904,6521.209999999999,16,2025-03-29,407.57562499999995,329,True,44678.08373541734
CUST008905,9610.07,19,2026-02-10,505.79315789473685,11,False,55444.60383572305
CUST008906,4794.76,21,2026-01-31,228.32190476190476,21,False,25028.447615291927
CUST008907,36.51,8,2026-01-17,4.56375,35,False,500.27428565560297
CUST008908,14260.38,88,2026-02-16,162.0497727272727,5,False,17763.754432602393
CUST008909,4188.9,25,2025-07-29,167.55599999999998,207,True,18367.342253039762
CUST008910,268.88,31,2026-02-10,8.673548387096774,11,False,950.786792320821
CUST008911,5347.36,51,2026-02-18,104.85019607843137,3,False,11493.586840643584
CUST008912,2657.2799999999997,10,2025-09-28,265.72799999999995,146,True,29128.871077226413
CUST008914,867.11,21,2026-01-17,41.29095238095238,35,False,4526.27810603571
CUST008915,110.0,11,2026-01-24,10.0,28,False,1096.1912586263556
CUST008916,2357.45,40,2025-12-28,58.936249999999994,55,False,6460.540206621754
CUST008917,16843.59,92,2026-02-15,183.0825,6,False,20069.343610745975
CUST008918,570.24,1,2023-12-30,570.24,784,True,62509.2103319093
CUST008919,11564.85,84,2026-02-10,137.67678571428573,11,False,15092.00890157739
CUST008921,0.0,10,2025-04-09,0.0,318,True,0.0
CUST008922,6838.22,81,2026-02-16,84.42246913580247,5,False,9254.317269831996
CUST008923,18496.67,108,2026-02-21,171.26546296296294,0,False,18773.970340459582
CUST008924,15001.72,104,2026-02-12,144.2473076923077,9,False,15812.263777269392
CUST008925,6017.4800000000005,26,2025-11-25,231.44153846153847,88,False,25370.419134457396
CUST008926,386.82000000000005,9,2025-07-08,42.980000000000004,228,True,4711.430029576077
CUST008927,903.29,10,2026-01-22,90.329,30,False,9901.786020046007
CUST008929,1695.06,31,2025-12-10,54.67935483870968,73,False,5993.903080152227
CUST008930,29022.68,118,2026-01-16,245.95491525423728,36,False,26961.362811788098
CUST008931,6282.21,25,2026-01-27,251.2884,25,False,27546.014747420308
CUST008933,10004.25,100,2026-01-11,100.0425,41,False,10966.571399112718
CUST008934,199.39,14,2025-09-14,14.242142857142856,160,True,1561.2112504107786
CUST008935,51523.54,183,2026-02-07,281.5493989071038,14,False,30863.1989953472
CUST008936,14835.31,112,2026-02-09,132.458125,12,False,14519.943875903713
CUST008937,4990.88,21,2026-02-20,237.66095238095238,1,False,26052.185851681454
CUST008938,2809.99,4,2024-07-10,702.4975,591,True,77007.16187068682
CUST008939,13449.01,61,2026-02-13,220.47557377049182,8,False,24168.339670784335
CUST008940,6120.19,26,2026-01-15,235.39192307692306,37,False,25803.456842817053
CUST008941,926.05,7,2026-02-11,132.29285714285714,10,False,14501.827357870523
CUST008942,12571.16,103,2026-02-20,122.05009708737865,1,False,13379.024954168248
CUST008943,8240.26,76,2026-02-16,108.42447368421053,5,False,11885.396027379491
CUST008944,0.0,6,2024-01-19,0.0,764,True,0.0
CUST008945,3164.91,12,2025-07-29,263.7425,207,True,28911.222302826158
CUST008946,804.76,10,2025-09-17,80.476,157,True,8821.708772921458
CUST008947,1519.15,38,2026-02-10,39.977631578947374,11,False,4382.313027742706
CUST008948,5522.780000000001,20,2025-12-21,276.139,62,False,30270.11579658232
CUST008949,2747.81,29,2026-01-19,94.75206896551724,33,False,10386.638973676158
CUST008950,4388.37,65,2026-02-16,67.51338461538461,5,False,7400.758205566368
CUST008951,9604.49,57,2026-02-14,168.4998245614035,7,False,18470.8034764285
CUST008952,17374.06,94,2026-02-19,184.8304255319149,2,False,20260.94967962747
CUST008953,1459.8,10,2025-05-18,145.98,279,True,16002.199993427537
CUST008954,3259.2799999999997,8,2024-05-20,407.40999999999997,642,True,44659.928067696346
CUST008955,7601.91,53,2026-02-21,143.43226415094338,0,False,15722.919416725052
CUST008956,5344.0,42,2026-01-17,127.23809523809524,35,False,13947.728776426773
CUST008957,16568.27,110,2026-02-20,150.62063636363638,1,False,16510.902495055718
CUST008958,10931.56,53,2026-01-29,206.25584905660375,23,False,22609.585877640606
CUST008959,10370.49,109,2026-01-17,95.14211009174312,35,False,10429.394940983517
CUST008960,0.0,1,2023-07-23,0.0,944,True,0.0
CUST008961,12509.31,60,2026-02-13,208.4885,8,False,22854.32712241209
CUST008962,1431.0,22,2025-12-04,65.04545454545455,79,False,7130.2258686105215
CUST008963,2678.5,28,2026-01-16,95.66071428571429,36,False,10486.243879395333
CUST008964,8887.8,51,2026-02-18,174.2705882352941,3,False,19103.38954592024
CUST008965,18502.8,132,2026-02-21,140.17272727272726,0,False,15365.611833417976
CUST008966,2768.29,28,2026-02-09,98.86749999999999,12,False,10837.76892622412
CUST008967,7251.1900000000005,27,2026-01-23,268.56259259259264,29,False,29439.59663940313
CUST008968,5254.46,74,2026-01-27,71.00621621621622,25,False,7783.63935243492
CUST008969,0.0,7,2025-06-10,0.0,256,True,0.0
CUST008970,1090.7,6,2025-12-31,181.78333333333333,52,False,19926.9300963961
CUST008971,5770.26,61,2026-02-13,94.5944262295082,8,False,10369.358314756253
CUST008972,6311.46,20,2026-01-12,315.573,40,False,34592.836405849484
CUST008973,9840.45,63,2026-02-12,156.19761904761907,9,False,17122.246461824954
CUST008974,7039.61,33,2026-02-13,213.32151515151514,8,False,23384.118018602057
CUST008975,2888.62,67,2026-02-13,43.11373134328358,8,False,4726.089542527258
CUST008976,1699.62,20,2026-02-17,84.981,4,False,9315.542934932631
CUST008977,10047.72,47,2026-01-31,213.78127659574466,21,False,23434.516666223837
CUST008978,3010.9,57,2026-02-19,52.82280701754386,2,False,5790.389930873848
CUST008979,8870.76,56,2026-02-05,158.40642857142856,16,False,17364.374231022015
CUST008980,22925.04,154,2026-02-09,148.8638961038961,12,False,16318.33016341529
CUST008981,5259.55,42,2026-01-29,125.22738095238095,23,False,13727.316034067258
CUST008982,3719.8300000000004,47,2025-12-07,79.14531914893618,76,False,8675.840701225694
CUST008983,88.33,9,2025-07-31,9.814444444444444,205,True,1075.8508208273997
CUST008984,2018.38,28,2025-11-07,72.08500000000001,106,True,7901.894687808084
CUST008985,344.05,15,2026-02-06,22.936666666666667,15,False,2514.2973502026507
CUST008986,6986.24,58,2026-02-16,120.45241379310345,5,False,13203.888308044467
CUST008987,395.88,24,2026-02-18,16.495,3,False,1808.1674811041735
CUST008988,13354.53,54,2026-02-14,247.30611111111114,7,False,27109.479720487823
CUST008989,8069.43,26,2025-11-14,310.3626923076923,99,True,34021.68703114336
CUST008990,5891.36,37,2026-02-13,159.22594594594594,8,False,17454.209009245853
CUST008991,2165.89,26,2024-06-04,83.30346153846153,627,True,9131.652635177834
CUST008993,2765.98,19,2025-12-15,145.5778947368421,68,False,15958.121565975403
CUST008994,0.0,5,2025-08-31,0.0,174,True,0.0
CUST008995,6020.95,33,2026-02-12,182.4530303030303,9,False,20000.341692807135
CUST008996,6989.36,16,2025-12-01,436.835,82,False,47885.4708462044
CUST008997,1529.57,14,2026-01-07,109.255,45,False,11976.437596122247
CUST008998,7901.7,30,2026-01-27,263.39,25,False,28872.581560959577
CUST008999,2842.13,47,2026-02-01,60.47085106382979,20,False,6628.761833786647
CUST009000,8697.16,40,2026-01-23,217.429,29,False,23834.376917186986
CUST009001,0.0,8,2023-12-15,0.0,799,True,0.0
CUST009003,1468.42,22,2026-01-16,66.74636363636364,36,False,7316.678036327786
CUST009004,3379.92,16,2025-11-24,211.245,89,False,23156.492242852448
CUST009005,7962.07,20,2024-11-25,398.1035,453,True,43639.75767285573
CUST009006,1490.4399999999998,16,2024-06-02,93.15249999999999,629,True,10211.295621919158
CUST009007,1918.75,9,2024-03-03,213.19444444444446,720,True,23370.188638770218
CUST009008,14172.45,107,2026-02-16,132.45280373831775,5,False,14519.36056384962
CUST009009,274.21000000000004,27,2026-02-07,10.155925925925928,14,False,1113.283722325678
CUST009010,4620.59,36,2025-12-20,128.34972222222223,63,False,14069.584354712091
CUST009011,3229.29,46,2026-01-27,70.20195652173913,25,False,7695.477107759791
CUST009012,545.02,50,2026-02-20,10.9004,1,False,1194.8923195530726
CUST009013,4845.13,30,2025-03-11,161.50433333333334,347,True,17703.963843027712
CUST009014,1767.85,22,2026-02-19,80.35681818181818,2,False,8808.644166193648
CUST009015,0.0,8,2025-12-21,0.0,62,False,0.0
CUST009016,1886.67,8,2026-01-04,235.83375,48,False,25851.889523907328
CUST009017,4431.889999999999,34,2026-02-02,130.34970588235294,19,False,14288.820815275172
CUST009018,0.0,2,2024-02-27,0.0,725,True,0.0
CUST009019,4655.99,15,2025-12-26,310.39933333333335,57,False,34025.70358834484
CUST009020,2747.91,41,2026-02-19,67.02219512195121,2,False,7346.914442663289
CUST009021,6692.139999999999,52,2026-01-27,128.695,25,False,14107.43340289188
CUST009022,5024.38,7,2024-11-18,717.7685714285715,460,True,78681.1633716727
CUST009023,3882.65,73,2026-02-19,53.18698630136986,2,False,5830.310945624136
CUST009024,1149.75,13,2026-01-26,88.4423076923077,26,False,9694.968458505018
CUST009025,9909.869999999999,64,2026-01-02,154.84171874999998,50,False,16973.613856443062
CUST009028,11440.01,17,2026-02-21,672.9417647058824,0,False,73767.2880035182
CUST009029,2916.3199999999997,46,2026-02-02,63.39826086956521,19,False,6949.661937733072
CUST009030,4175.23,24,2025-12-26,173.96791666666664,57,False,19070.210953143825
CUST009031,5895.71,27,2026-02-17,218.35962962962964,4,False,23936.391723688856
CUST009032,3168.7799999999997,42,2026-01-24,75.44714285714285,28,False,8270.449848833388
CUST009033,5229.84,35,2025-12-29,149.424,54,False,16379.728262898456
CUST009034,678.69,24,2026-01-17,28.278750000000002,35,False,3099.8918554880056
CUST009035,0.0,4,2025-02-14,0.0,372,True,0.0
CUST009036,3176.27,32,2025-10-01,99.2584375,143,True,10880.623153241044
CUST009037,3682.2,21,2025-03-31,175.34285714285713,327,True,19220.930726256982
CUST009038,5011.07,56,2025-03-12,89.48339285714285,346,True,9809.091304222806
CUST009039,1754.54,20,2025-11-25,87.727,88,False,9616.55705455143
CUST009040,483.14,12,2025-10-18,40.26166666666666,126,True,4413.448705772811
CUST009041,7158.46,42,2025-05-26,170.43952380952382,271,True,18683.43161244386
CUST009042,5314.17,33,2026-01-17,161.03545454545454,35,False,17652.565760164907
CUST009043,12706.0,12,2025-11-23,1058.8333333333333,90,False,116068.3844342206
CUST009044,651.0,11,2026-02-18,59.18181818181818,3,False,6487.459176052341
CUST009045,10189.880000000001,91,2026-02-16,111.9767032967033,5,False,12274.788332364318
CUST009046,11636.36,66,2026-02-06,176.30848484848485,15,False,19326.781991256634
CUST009047,0.0,1,2024-01-23,0.0,760,True,0.0
CUST009048,241.54,20,2026-01-04,12.077,48,False,1323.8701830430496
CUST009049,16102.7,92,2026-02-03,175.02934782608696,18,False,19186.564109002844
CUST009050,3297.55,15,2025-06-08,219.83666666666667,258,True,24098.30323255559
CUST009051,2092.58,17,2026-01-27,123.09294117647059,25,False,13493.340611625525
CUST009052,1785.1000000000001,27,2026-02-10,66.11481481481482,11,False,7247.448206570027
CUST009053,1310.18,14,2025-11-18,93.58428571428571,95,True,10258.627594479132
CUST009054,4217.02,8,2025-11-25,527.1275,88,False,57783.25576815643
CUST009055,6582.68,63,2026-02-13,104.48698412698413,8,False,11453.771864023076
CUST009056,351.85,7,2025-04-15,50.26428571428572,312,True,5509.92706210976
CUST009058,5582.85,58,2026-01-05,96.25603448275862,47,False,10551.502359003705
CUST009059,446.34000000000003,7,2025-10-16,63.76285714285715,128,True,6989.628662504108
CUST009060,2125.07,17,2025-09-20,125.00411764705883,154,True,13702.842105700645
CUST009061,4701.91,52,2025-09-06,90.42134615384614,168,True,9911.908924707399
CUST009062,21568.73,44,2026-01-20,490.1984090909091,32,False,53735.12110380008
CUST009063,780.98,14,2026-02-11,55.784285714285716,10,False,6115.024636871508
CUST009064,6923.46,68,2026-02-20,101.81558823529411,1,False,11160.935781542981
CUST009065,20473.68,46,2026-02-04,445.08,17,False,48789.28053894183
CUST009067,0.0,8,2025-08-14,0.0,191,True,0.0
CUST009068,8019.49,25,2026-01-12,320.7796,40,False,35163.57934656589
CUST009069,3987.66,28,2026-01-25,142.41642857142855,27,False,15611.564408478473
CUST009070,3501.33,20,2025-10-09,175.0665,135,True,19190.636697831087
CUST009071,7839.7699999999995,58,2026-02-13,135.16844827586206,8,False,14817.047144208866
CUST009072,63.33,4,2024-09-28,15.8325,511,True,1735.5448102201774
CUST009073,8393.12,7,2025-12-13,1199.017142857143,70,False,131435.2110943148
CUST009074,11770.04,31,2026-02-12,379.67870967741936,9,False,41620.0482634921
CUST009075,1505.44,4,2024-02-15,376.36,737,True,41256.25420966152
CUST009076,4224.41,24,2025-10-16,176.01708333333332,128,True,19294.838811890673
CUST009077,0.0,2,2025-06-06,0.0,260,True,0.0
CUST009078,2435.1000000000004,28,2026-02-14,86.96785714285716,7,False,9533.340478146567
CUST009079,1126.19,24,2026-01-15,46.92458333333334,37,False,5143.831806468398
CUST009080,10126.52,45,2026-01-26,225.0337777777778,26,False,24668.006009566583
CUST009081,4699.07,35,2026-01-24,134.25914285714285,28,False,14717.369879066708
CUST009082,1329.4,2,2023-10-24,664.7,851,True,72863.83296089387
CUST009083,3454.5699999999997,51,2026-01-29,67.73666666666666,23,False,7425.2341888487235
CUST009084,66.42,7,2025-04-28,9.48857142857143,299,True,1040.128905685179
CUST009085,7714.74,60,2026-02-08,128.579,13,False,14094.717584291819
CUST009086,714.2,9,2025-10-31,79.35555555555555,113,True,8698.886632343812
CUST009087,2720.94,19,2026-02-20,143.20736842105262,1,False,15698.266543404186
CUST009088,1282.73,11,2025-10-29,116.61181818181818,115,True,12782.885574343502
CUST009089,3219.04,43,2025-11-01,74.8613953488372,112,True,8206.240718996705
CUST009090,7532.93,30,2026-02-11,251.09766666666667,10,False,27525.106726147438
CUST009091,10261.95,43,2026-02-21,238.65,0,False,26160.60438711798
CUST009092,0.0,7,2024-11-08,0.0,470,True,0.0
CUST009093,925.32,5,2024-09-17,185.06400000000002,522,True,20286.55390864279
CUST009094,3932.58,11,2025-09-08,357.5072727272727,166,True,39189.63472589848
CUST009095,0.0,24,2025-11-13,0.0,100,True,0.0
CUST009096,3169.8700000000003,15,2026-01-25,211.3246666666667,27,False,23165.22523321284
CUST009097,30673.76,108,2026-02-11,284.0162962962963,10,False,31133.618130743293
CUST009098,1951.16,4,2024-11-20,487.79,458,True,53471.113404535
CUST009100,9568.89,72,2024-11-13,132.90125,465,True,14568.518851051595
CUST009101,0.0,8,2024-09-09,0.0,530,True,0.0
CUST009102,756.78,10,2026-02-14,75.678,7,False,8295.756207032533
CUST009103,7367.61,38,2025-11-18,193.88447368421052,95,True,21253.446523600323
CUST009104,493.25,16,2024-11-27,30.828125,451,True,3379.3521144840615
CUST009105,5163.2,11,2025-08-17,469.3818181818182,188,True,51453.224604905445
CUST009106,1918.3799999999999,6,2024-09-11,319.72999999999996,528,True,35048.52311206046
CUST009107,22320.66,166,2024-12-25,134.46180722891566,423,True,14739.585770343945
CUST009108,10382.22,32,2026-01-30,324.444375,22,False,35565.30877854912
CUST009109,422.18,6,2025-10-07,70.36333333333333,137,True,7713.1670927812465
CUST009110,5140.71,110,2026-02-20,46.73372727272727,1,False,5122.910331939174
CUST009111,915.9300000000001,31,2026-01-16,29.546129032258065,36,False,3238.8208371407673
CUST009112,5655.02,10,2026-01-28,565.5020000000001,24,False,61989.834913572144
CUST009113,2254.04,8,2025-11-09,281.755,104,True,30885.736807426878
CUST009114,6023.04,52,2026-02-21,115.8276923076923,0,False,12696.930381455546
CUST009115,2097.84,19,2025-12-09,110.41263157894737,74,False,12103.336157877442
CUST009116,740.14,7,2026-01-11,105.73428571428572,41,False,11590.499973710153
CUST009117,18988.47,143,2026-02-13,132.7865034965035,8,False,14555.940439642514
CUST009118,2453.82,9,2024-05-20,272.6466666666667,642,True,29887.28926936138
CUST009119,22076.3,133,2026-02-19,165.98721804511277,2,False,18195.373746475947
CUST009120,9699.96,101,2026-02-12,96.03920792079207,9,False,10527.73402081713
CUST009121,823.62,13,2025-04-01,63.355384615384615,326,True,6944.961880229531
CUST009122,11994.74,70,2026-02-09,171.35342857142857,12,False,18783.613053565557
CUST009123,2217.9700000000003,19,2026-01-26,116.73526315789475,26,False,12796.417504713148
CUST009124,116.47,4,2024-11-24,29.1175,454,True,3191.834897305291
CUST009125,10529.95,21,2026-02-21,501.4261904761905,0,False,54965.9006846314
CUST009126,3010.7,16,2024-06-29,188.16875,602,True,20626.893889664803
CUST009128,3687.3999999999996,30,2026-02-20,122.91333333333333,1,False,13473.652156862745
CUST009129,9185.369999999999,74,2026-02-19,124.12662162162161,2,False,13606.651758444279
CUST009130,6697.45,30,2026-02-05,223.24833333333333,16,False,24472.287150290285
CUST009131,34.5,9,2026-02-14,3.8333333333333335,7,False,420.206649140103
CUST009132,508.07000000000005,48,2026-01-26,10.584791666666668,26,False,1160.2956099381092
CUST009133,743.86,7,2023-06-29,106.26571428571428,968,True,11648.754709168583
CUST009134,270.61,2,2025-02-26,135.305,360,True,14832.015824843904
CUST009135,3036.42,29,2025-08-08,104.70413793103448,197,True,11477.576074200822
CUST009136,6619.15,47,2026-01-29,140.83297872340424,23,False,15437.988020290724
CUST009137,2250.98,24,2026-01-09,93.79083333333334,43,False,10281.269163928142
CUST009138,3695.92,32,2025-02-08,115.4975,378,True,12660.73498931975
CUST009139,0.0,18,2026-01-13,0.0,39,False,0.0
CUST009140,4584.03,27,2026-02-12,169.77888888888887,9,False,18611.013389929525
CUST009141,1923.32,9,2026-01-06,213.70222222222222,46,False,23425.85079490269
CUST009142,8488.26,34,2026-02-18,249.65470588235294,3,False,27366.93062631691
CUST009143,12333.36,135,2026-02-14,91.35822222222222,7,False,10014.608460364407
CUST009144,170.94,9,2026-02-14,18.993333333333332,7,False,2082.032597217658
CUST009145,8474.75,19,2026-02-09,446.0394736842105,12,False,48894.45720549319
CUST009146,4430.889999999999,27,2026-01-13,164.107037037037,39,False,17989.269947907153
CUST009147,6038.37,30,2025-04-17,201.279,310,True,22064.02803450542
CUST009148,969.61,11,2026-01-29,88.14636363636363,23,False,9662.527329788187
CUST009150,2737.92,34,2024-10-31,80.52705882352942,478,True,8827.305796524328
CUST009151,3984.06,43,2026-02-10,92.65255813953489,11,False,10156.492432192834
CUST009152,425.3,6,2025-11-22,70.88333333333334,91,True,7770.1690382298175
CUST009153,6142.96,52,2025-02-23,118.13384615384615,363,True,12949.728950175686
CUST009154,15322.19,64,2026-02-19,239.40921875,2,False,26243.8292828315
CUST009155,8006.72,43,2026-02-09,186.20279069767443,12,False,20411.387149462356
CUST009156,0.0,7,2024-02-09,0.0,743,True,0.0
CUST009157,549.27,9,2024-06-16,61.03,615,True,6690.055251396649
CUST009158,676.26,17,2024-04-10,39.78,682,True,4360.648826815643
CUST009159,9880.9,127,2026-02-21,77.8023622047244,0,False,8528.626934930044
CUST009160,2823.34,12,2025-10-16,235.27833333333334,128,True,25791.00523441779
CUST009161,0.0,14,2024-03-12,0.0,711,True,0.0
CUST009162,2284.4,34,2026-02-08,67.18823529411765,13,False,7365.115621194255
CUST009163,1936.08,32,2026-01-16,60.5025,36,False,6632.2311625041075
CUST009164,35.1,4,2025-10-19,8.775,125,True,961.907829444627
CUST009165,2799.29,27,2026-01-30,103.6774074074074,22,False,11365.026771704335
CUST009166,148.01,13,2025-05-11,11.385384615384615,286,True,1248.0559091483606
CUST009167,3909.8500000000004,16,2026-02-06,244.36562500000002,15,False,26787.146203376604
CUST009168,3632.33,12,2025-12-06,302.69416666666666,77,False,33181.069953718914
CUST009169,2178.47,13,2026-02-10,167.57461538461536,11,False,18369.382855228894
CUST009170,1136.94,19,2026-02-15,59.83894736842105,6,False,6559.493103066572
CUST009171,1802.68,28,2025-12-31,64.38142857142857,52,False,7057.435921787709
CUST009172,1034.98,7,2025-09-29,147.8542857142857,145,True,16207.657555044363
CUST009173,0.0,7,2024-11-05,0.0,473,True,0.0
CUST009174,7910.84,48,2026-02-07,164.80916666666667,14,False,18066.236784149412
CUST009175,1420.8700000000001,14,2025-08-05,101.49071428571429,200,True,11125.323383174498
CUST009176,7443.12,75,2025-12-24,99.2416,59,False,10878.777441209333
CUST009177,89.84,38,2026-02-16,2.3642105263157895,5,False,259.16269124997837
CUST009178,2592.46,25,2025-08-25,103.6984,180,True,11367.327961353927
CUST009179,12410.74,85,2025-10-11,146.00870588235293,133,True,16005.34670715818
CUST009180,2481.0099999999998,21,2025-11-28,118.14333333333332,85,False,12950.76892649797
CUST009181,414.01,10,2024-12-24,41.400999999999996,424,True,4538.341429838974
CUST009182,8364.16,50,2026-02-17,167.2832,4,False,18337.438155504435
CUST009183,6151.99,47,2026-02-20,130.89340425531915,1,False,14348.420555652667
CUST009184,5727.400000000001,33,2026-01-25,173.55757575757576,27,False,19025.229741383602
CUST009185,6791.89,68,2026-02-15,99.88073529411766,6,False,10948.83889345847
CUST009186,3953.79,33,2026-01-04,119.81181818181818,48,False,13133.666777103934
CUST009187,4977.1,36,2026-02-14,138.2527777777778,7,False,15155.148648081207
CUST009188,234.9,28,2026-01-08,8.389285714285714,44,False,919.6261666118961
CUST009189,1725.0700000000002,14,2025-07-24,123.21928571428573,212,True,13507.19038941834
CUST009190,6755.95,27,2025-11-07,250.22037037037038,106,True,27428.938273024916
CUST009191,22448.75,101,2026-01-19,222.2648514851485,33,False,24364.47872979049
CUST009192,7437.42,59,2026-02-21,126.05796610169492,0,False,13818.36405208954
CUST009193,2620.67,36,2026-02-18,72.79638888888888,3,False,7979.876515956475
CUST009194,605.78,26,2026-02-13,23.299230769230768,8,False,2554.0413101948984
CUST009195,4059.13,28,2026-01-10,144.96892857142856,42,False,15891.367227242852
CUST009196,9559.06,60,2026-02-19,159.31766666666667,2,False,17464.26335447475
CUST009197,4591.150000000001,64,2026-02-18,71.73671875000001,3,False,7863.71640162874
CUST009199,4850.9800000000005,43,2026-02-13,112.81348837209303,8,False,12366.515980863438
CUST009200,4134.63,35,2026-02-19,118.13228571428571,2,False,12949.55789615511
CUST009201,718.23,11,2026-01-24,65.29363636363637,28,False,7157.431342574612
CUST009202,2776.27,32,2026-02-08,86.7584375,13,False,9510.3840799581
CUST009203,0.0,3,2025-10-26,0.0,118,True,0.0
CUST009204,4471.8,56,2025-12-03,79.85357142857143,80,False,8753.478697009528
CUST009205,1657.99,9,2023-11-27,184.2211111111111,817,True,20194.157165443456
CUST009206,2641.12,29,2025-10-04,91.07310344827586,140,True,9983.353989597379
CUST009207,421.35,17,2025-12-05,24.78529411764706,78,False,2716.9422754247935
CUST009208,2281.0,32,2026-02-15,71.28125,6,False,7813.78831539599
CUST009209,13953.95,117,2026-02-13,119.26452991452992,8,False,13073.67351564892
CUST009210,2188.49,65,2025-08-21,33.66907692307692,184,True,3690.774780909527
CUST009211,1801.61,29,2026-01-21,62.12448275862069,31,False,6810.031494668374
CUST009212,6584.03,38,2026-02-20,173.26394736842104,1,False,18993.042454036007
CUST009213,119.28,14,2023-10-07,8.52,868,True,933.9549523496548
CUST009214,4923.3,8,2025-10-21,615.4125,123,True,67460.9802949392
CUST009215,1564.8600000000001,11,2026-02-03,142.26000000000002,18,False,15594.416845218535
CUST009216,16582.64,75,2026-02-16,221.10186666666667,5,False,24236.993350596997
CUST009217,10343.86,64,2026-02-11,161.6228125,10,False,17716.95142571065
CUST009218,8437.869999999999,45,2026-01-18,187.5082222222222,34,False,20554.487412056813
CUST009219,1333.97,10,2025-11-24,133.397,89,False,14622.862532697993
CUST009220,2478.1,35,2026-02-19,70.80285714285714,2,False,7761.347308577061
CUST009221,237.25,10,2025-04-25,23.725,302,True,2600.7137610910286
CUST009223,722.6,14,2026-02-06,51.614285714285714,15,False,5657.912882024318
CUST009224,3621.88,7,2025-09-15,517.4114285714286,159,True,56718.188511337496
CUST009225,2463.26,4,2025-11-28,615.815,85,False,67505.10199309891
CUST009226,13419.98,95,2026-02-09,141.26294736842104,12,False,15485.120807305808
CUST009227,3661.56,26,2026-01-31,140.82923076923078,21,False,15437.577172830457
CUST009228,5992.6900000000005,29,2026-01-20,206.6444827586207,32,False,22652.187564336466
CUST009229,931.0,26,2026-01-27,35.80769230769231,25,False,3925.2079299274496
CUST009230,1914.9099999999999,8,2025-02-01,239.36374999999998,385,True,26238.845038202428
CUST009231,2779.08,9,2025-12-19,308.78666666666663,64,False,33848.92447803702
CUST009232,2061.6,5,2024-06-15,412.32,616,True,45198.15797568189
CUST009233,0.0,1,2023-03-21,0.0,1068,True,0.0
CUST009234,2483.69,50,2025-12-25,49.6738,58,False,5445.198534275386
CUST009237,12259.28,93,2026-02-21,131.82021505376343,0,False,14450.01674521818
CUST009238,4455.5,52,2026-02-21,85.6826923076923,0,False,9392.461832326399
CUST009239,7042.8,16,2024-10-29,440.175,480,True,48251.59872658561
CUST009240,7777.63,104,2026-02-19,74.78490384615385,2,False,8197.855787336637
CUST009241,3104.38,10,2025-05-28,310.438,269,True,34029.942194544856
CUST009242,2221.2799999999997,33,2026-02-18,67.31151515151514,3,False,7378.629451398638
CUST009243,7565.88,25,2026-01-17,302.6352,35,False,33174.60607926388
CUST009244,4957.83,51,2026-02-07,97.21235294117646,14,False,10656.333152461773
CUST009245,2420.62,18,2024-09-11,134.4788888888889,528,True,14741.458246978495
CUST009246,1160.24,21,2025-09-09,55.24952380952381,165,True,6056.40450432687
CUST009247,1860.0700000000002,14,2025-11-09,132.86214285714286,104,True,14564.231960236608
CUST009248,11438.19,56,2026-02-18,204.25339285714287,3,False,22390.07837947749
CUST009249,6054.1,58,2026-02-18,104.38103448275862,3,False,11442.15775663762
CUST009250,470.21,13,2025-12-29,36.17,54,False,3964.923782451528
CUST009251,0.0,3,2025-06-12,0.0,254,True,0.0
CUST009252,1949.3799999999999,19,2025-06-15,102.59894736842105,251,True,11246.806924952869
CUST009253,3784.45,50,2026-02-16,75.689,5,False,8296.962017417021
CUST009254,14965.74,99,2026-02-21,151.1690909090909,0,False,16571.02360290383
CUST009255,218.52,9,2025-10-27,24.28,117,True,2661.552375944791
CUST009257,1687.61,20,2026-02-09,84.3805,12,False,9249.716649852118
CUST009258,6266.5,85,2026-02-18,73.7235294117647,3,False,8081.508849625949
CUST009259,5470.31,23,2026-01-29,237.8395652173913,23,False,26071.765234679737
CUST009260,3994.35,12,2024-05-28,332.8625,634,True,36488.09628245153
CUST009261,5140.76,54,2026-02-08,95.19925925925926,13,False,10435.659582770415
CUST009262,3396.33,16,2025-12-12,212.270625,71,False,23268.920358815314
CUST009263,334.82,7,2025-11-26,47.83142857142857,87,False,5243.239388761091
CUST009264,1726.1599999999999,9,2026-01-27,191.79555555555555,25,False,21024.461144338555
CUST009265,9612.15,89,2024-12-07,108.00168539325843,441,True,11839.050344500363
CUST009266,1671.36,38,2026-02-19,43.98315789473684,2,False,4821.39532109933
CUST009267,7398.0599999999995,39,2026-01-07,189.69384615384615,45,False,20794.073596905884
CUST009268,5386.3,37,2026-02-05,145.57567567567568,16,False,15957.878314430105
CUST009269,5722.09,45,2026-02-17,127.15755555555556,4,False,13938.900086829517
CUST009270,1701.72,42,2026-02-18,40.51714285714286,3,False,4441.453782451528
CUST009272,1168.4,10,2024-09-03,116.84,536,True,12807.898665790337
CUST009273,17839.08,73,2026-01-22,244.3709589041096,30,False,26787.730901282528
CUST009274,417.6,4,2024-04-15,104.4,677,True,11444.236740059152
CUST009275,811.6800000000001,7,2026-01-23,115.95428571428572,29,False,12710.80744002629
CUST009277,0.0,5,2025-03-28,0.0,330,True,0.0
CUST009278,10343.41,110,2026-02-15,94.03099999999999,6,False,10307.596023989483
CUST009280,4048.17,16,2025-12-31,253.010625,52,False,27734.803546459087
CUST009281,1614.48,31,2026-02-11,52.08,10,False,5708.96407492606
CUST009282,3139.55,7,2026-02-19,448.50714285714287,2,False,49164.96094314821
CUST009283,13067.88,94,2025-06-15,139.01999999999998,251,True,15239.250877423592
CUST009284,1379.47,12,2025-03-26,114.95583333333333,332,True,12601.357962810822
CUST009285,2142.7200000000003,24,2025-03-10,89.28000000000002,348,True,9786.795557016105
CUST009286,3115.15,30,2026-01-26,103.83833333333334,26,False,11382.667331032972
CUST009287,9728.5,69,2026-02-12,140.9927536231884,9,False,15455.502405139854
CUST009288,2183.91,26,2026-02-08,83.99653846153845,13,False,9207.627121641091
CUST009289,413.48,6,2025-07-28,68.91333333333334,208,True,7554.2193602804255
CUST009290,324.49,13,2024-08-30,24.96076923076923,540,True,2736.177703935893
CUST009291,2540.9,14,2026-02-06,181.49285714285716,15,False,19895.088350312195
CUST009292,1568.59,52,2026-02-15,30.165192307692305,6,False,3306.6820122475287
CUST009293,16164.81,78,2026-02-14,207.24115384615385,7,False,22717.594127379358
CUST009294,955.66,4,2025-11-28,238.915,85,False,26189.653455471576
CUST009295,445.16,8,2025-07-22,55.645,214,True,6099.756258626356
CUST009296,4501.76,23,2026-01-06,195.7286956521739,46,False,21455.60852362514
CUST009297,1927.1100000000001,20,2026-02-19,96.3555,2,False,10562.40568205718
CUST009298,2209.82,36,2026-02-19,61.38388888888889,2,False,6728.848242049147
CUST009299,134.86,22,2025-10-11,6.130000000000001,133,True,671.965241537956
CUST009300,10079.09,42,2026-01-08,239.97833333333332,44,False,26306.215125972172
CUST009302,4081.5200000000004,29,2025-08-20,140.74206896551726,185,True,15428.02257209877
CUST009304,2315.18,19,2026-02-21,121.85157894736841,0,False,13357.26356919245
CUST009305,5837.06,47,2026-01-13,124.19276595744682,39,False,13613.902442718203
CUST009306,3280.8500000000004,15,2025-10-19,218.72333333333336,125,True,23976.26060576186
CUST009307,3157.52,61,2026-02-14,51.76262295081967,7,False,5674.173480226049
CUST009308,0.0,16,2026-02-21,0.0,0,False,0.0
CUST009309,5045.8099999999995,53,2026-02-07,95.20396226415093,14,False,10436.175122055567
CUST009310,5299.63,12,2024-06-26,441.6358333333333,605,True,48411.733999616605
CUST009311,946.16,25,2025-12-15,37.846399999999996,68,False,4148.68928504765
CUST009312,2801.7,36,2025-12-31,77.82499999999999,52,False,8531.10847025961
CUST009314,819.9599999999999,6,2024-08-05,136.66,565,True,14980.549740387776
CUST009315,14453.599999999999,74,2026-02-21,195.3189189189189,0,False,21410.68915632688
CUST009316,0.0,4,2025-09-03,0.0,171,True,0.0
CUST009317,4739.92,21,2026-02-16,225.7104761904762,5,False,24742.185098039216
CUST009318,1285.5700000000002,22,2026-01-30,58.43500000000001,22,False,6405.59361978311
CUST009319,933.5799999999999,14,2023-11-30,66.6842857142857,814,True,7309.873108774234
CUST009320,14486.82,120,2026-02-16,120.7235,5,False,13233.604541077882
CUST009321,0.0,3,2025-11-20,0.0,93,True,0.0
CUST009322,998.5200000000001,6,2024-03-08,166.42000000000002,715,True,18242.81492605981
CUST009323,402.82,11,2026-02-10,36.62,11,False,4014.2523890897137
CUST009324,3776.2400000000002,24,2026-01-25,157.34333333333333,27,False,17247.838660313286
CUST009325,6449.030000000001,33,2026-02-06,195.42515151515153,15,False,21422.334280664018
CUST009326,6716.099999999999,34,2024-09-09,197.53235294117644,530,True,21653.323859001368
CUST009327,4073.6,27,2026-02-12,150.87407407407406,9,False,16538.684115334523
CUST009328,18979.28,60,2026-02-03,316.3213333333333,18,False,34674.86805170336
CUST009329,11969.59,59,2026-01-08,202.87440677966103,44,False,22238.915131087186
CUST009331,3323.9,9,2025-12-11,369.32222222222225,72,False,40484.77916164604
CUST009332,3690.2,31,2026-02-13,119.03870967741935,8,False,13048.919298654764
CUST009333,1162.8899999999999,11,2025-12-29,105.71727272727271,54,False,11588.635024945477
CUST009334,12145.31,65,2026-02-14,186.85092307692307,7,False,20482.434854318864
CUST009335,1685.6699999999998,10,2024-06-20,168.56699999999998,611,True,18478.167189286884
CUST009336,8830.96,81,2026-02-07,109.02419753086419,14,False,11951.137231208642
CUST009337,291.59000000000003,6,2023-10-05,48.598333333333336,870,True,5327.306818380984
CUST009338,4447.16,44,2026-02-10,101.07181818181817,11,False,11079.404358438143
CUST009339,7773.5,36,2025-11-16,215.93055555555554,97,True,23670.118747033262
CUST009340,325.35,25,2026-02-21,13.014000000000001,0,False,1426.5833039763393
CUST009342,2570.53,42,2026-02-16,61.203095238095244,5,False,6709.029800087633
CUST009343,2558.48,14,2025-08-24,182.74857142857144,181,True,20032.738652645417
CUST009344,70.14,11,2026-01-26,6.376363636363636,26,False,698.9714080004779
CUST009345,18890.64,93,2026-02-14,203.12516129032258,7,False,22266.40262135202
CUST009346,1647.85,53,2026-02-08,31.091509433962262,13,False,3408.22408590083
CUST009347,1403.99,25,2026-01-29,56.1596,23,False,6156.166260795268
CUST009348,7857.19,42,2025-02-08,187.07595238095237,378,True,20507.102369920034
CUST009350,32234.69,96,2026-02-18,335.7780208333333,3,False,36807.69312763582
CUST009351,5908.349999999999,28,2026-02-02,211.0125,19,False,23131.005796089383
CUST009352,2565.48,6,2024-12-04,427.58,444,True,46870.94583634571
CUST009353,27089.050000000003,134,2025-07-04,202.15708955223883,232,True,22160.283443650955
CUST009355,137.56,26,2026-01-09,5.2907692307692304,43,False,579.9694982178518
CUST009356,984.0,34,2025-02-26,28.941176470588236,360,True,3172.5064661421584
CUST009357,19798.32,21,2025-12-22,942.7771428571428,61,False,103346.40628327309
CUST009358,2540.6,51,2026-02-20,49.8156862745098,1,False,5460.751983659056
CUST009359,446.0300000000001,7,2026-02-08,63.718571428571444,13,False,6984.774101215907
CUST009360,1384.21,18,2026-01-13,76.90055555555556,39,False,8429.771678351042
CUST009361,7599.58,59,2026-02-02,128.8064406779661,19,False,14119.649432596065
CUST009362,5119.98,29,2026-02-13,176.5510344827586,8,False,19353.370070144025
CUST009364,448.23,11,2025-09-12,40.74818181818182,162,True,4466.780071400831
CUST009365,13981.63,85,2026-02-16,164.48976470588235,5,False,18031.224220409425
CUST009366,15970.11,59,2025-08-29,270.6798305084746,176,True,29671.686408985333
CUST009367,3055.22,12,2024-06-06,254.60166666666666,625,True,27909.212143170116
CUST009368,4443.39,18,2026-01-25,246.85500000000002,27,False,27060.029314820902
CUST009369,3898.44,56,2026-02-20,69.615,1,False,7631.135446927374
CUST009370,12701.59,153,2026-02-20,83.01692810457516,1,False,9100.24309062479
CUST009371,14392.060000000001,62,2026-02-06,232.13000000000002,15,False,25445.887686493596
CUST009372,30406.44,120,2026-02-18,253.387,3,False,27776.061444955634
CUST009374,577.63,10,2025-09-17,57.763,157,True,6331.929567203417
CUST009375,1393.3600000000001,5,2024-06-17,278.672,614,True,30547.78104239238
CUST009376,3522.2200000000003,47,2025-08-12,74.9408510638298,193,True,8214.950585018985
CUST009377,0.0,3,2023-10-07,0.0,868,True,0.0
CUST009378,339.17,19,2026-01-06,17.85105263157895,46,False,1956.8167852015843
CUST009379,15253.279999999999,49,2026-01-30,311.2914285714285,22,False,34123.49428853105
CUST009381,126.0,8,2026-01-29,15.75,23,False,1726.50123233651
CUST009382,3758.05,17,2025-07-26,221.06176470588235,210,True,24232.597408710444
CUST009383,2178.1499999999996,44,2026-02-02,49.50340909090908,19,False,5426.5204317659
CUST009384,246.7,17,2026-01-01,14.511764705882353,51,False,1590.76696178307
CUST009385,3853.8100000000004,21,2026-01-27,183.5147619047619,25,False,20116.72778288969
CUST009386,2072.86,61,2026-02-05,33.98131147540984,16,False,3725.001659600373
CUST009387,232.78,11,2025-12-18,21.16181818181818,65,False,2319.7400107549365
CUST009388,5177.709999999999,17,2025-11-24,304.57117647058817,89,False,33386.82612766039
CUST009389,5767.76,49,2026-02-10,117.70938775510204,11,False,12903.200191540303
CUST009390,0.0,4,2023-11-23,0.0,821,True,0.0
CUST009391,1166.03,3,2023-09-16,388.6766666666667,889,True,42606.39644320298
CUST009392,3660.54,17,2026-01-07,215.32588235294116,45,False,23603.83499913011
CUST009393,8026.22,59,2026-02-13,136.03762711864408,8,False,14912.32576917293
CUST009394,1704.5700000000002,21,2026-01-09,81.17,43,False,8897.784446270127
CUST009395,1952.62,49,2026-02-16,39.849387755102036,5,False,4368.255051875498
CUST009396,4176.0199999999995,47,2026-01-22,88.85148936170212,30,False,9739.82259542305
CUST009397,7523.2300000000005,20,2025-12-25,376.16150000000005,58,False,41234.494813177786
CUST009398,474.66999999999996,5,2025-08-22,94.934,183,True,10406.582094643443
CUST009399,6465.96,43,2026-02-13,150.37116279069767,8,False,16483.55542006435
CUST009400,8733.6,28,2025-12-13,311.9142857142857,70,False,34191.77134406835
CUST009401,594.76,32,2026-01-02,18.58625,50,False,2037.40847806441
CUST009402,1152.68,8,2024-09-10,144.085,529,True,15794.471749917844
CUST009403,1174.22,14,2026-02-09,83.87285714285714,12,False,9194.06928360171
CUST009404,19573.100000000002,141,2026-02-11,138.81631205673762,10,False,15216.922783134412
CUST009405,2348.18,6,2025-01-19,391.3633333333333,398,True,42900.90649468726
CUST009406,5231.96,50,2026-02-20,104.6392,1,False,11470.457634965494
CUST009407,135.42000000000002,14,2026-02-08,9.672857142857143,13,False,1060.3301445941506
CUST009408,6407.51,26,2026-02-08,246.4426923076923,13,False,27014.83250600369
CUST009410,669.5300000000001,9,2025-11-06,74.39222222222223,107,True,8154.810370978933
CUST009411,1534.57,42,2026-02-16,36.53738095238095,5,False,4005.1957613101104
CUST009412,3215.04,65,2026-02-12,49.462153846153846,9,False,5421.998067898582
CUST009414,9404.74,37,2025-12-21,254.18216216216214,62,False,27863.226426090896
CUST009415,0.0,8,2025-12-07,0.0,76,False,0.0
CUST009416,4892.96,21,2025-08-16,232.99809523809523,189,True,25541.04752765911
CUST009417,16356.41,155,2026-02-16,105.52522580645162,5,False,11567.583009360458
CUST009418,0.0,14,2026-01-17,0.0,35,False,0.0
CUST009419,450.64,16,2025-07-11,28.165,225,True,3087.42267992113
CUST009420,3064.2799999999997,17,2026-01-05,180.25176470588235,47,False,19759.040882256286
CUST009422,3035.57,2,2025-05-19,1517.785,278,True,166378.2649474203
CUST009423,3033.8,41,2026-01-06,73.99512195121952,46,False,8111.280586391799
CUST009424,169.14,14,2025-11-15,12.081428571428571,98,True,1324.3556391718698
CUST009425,1715.02,9,2026-01-31,190.55777777777777,21,False,20888.777026326356
CUST009426,3962.59,41,2026-02-01,96.64853658536586,20,False,10594.528096390757
CUST009427,0.0,11,2026-01-24,0.0,28,False,0.0
CUST009428,1181.6,21,2025-11-02,56.266666666666666,111,True,6167.902815204294
CUST009429,23110.78,83,2026-02-17,278.44313253012047,4,False,30522.69279040579
CUST009430,0.0,1,2024-08-30,0.0,540,True,0.0
CUST009431,386.19,3,2025-02-03,128.73,383,True,14111.270072297075
CUST009432,0.0,1,2023-04-04,0.0,1054,True,0.0
CUST009433,12495.119999999999,63,2026-02-17,198.33523809523808,4,False,21741.335427757695
CUST009434,2656.0,5,2025-03-16,531.2,342,True,58229.67965823201
CUST009435,5339.94,51,2026-01-13,104.70470588235294,39,False,11477.638332527884
CUST009436,14304.0,62,2026-02-10,230.70967741935485,11,False,25290.193166760306
CUST009437,0.0,2,2025-04-07,0.0,320,True,0.0
CUST009438,20263.21,63,2026-02-15,321.63825396825393,6,False,35257.704243984364
CUST009439,9446.619999999999,55,2026-02-05,171.75672727272726,16,False,18827.82230466346
CUST009440,2996.59,22,2025-12-18,136.20863636363637,65,False,14931.071653123414
CUST009441,9438.47,99,2026-02-12,95.3380808080808,9,False,10450.87707960313
CUST009442,4604.04,64,2026-02-21,71.938125,0,False,7885.79437869701
CUST009443,4585.7,26,2026-01-14,176.37307692307692,38,False,19333.862518011072
CUST009445,1331.4499999999998,14,2025-09-29,95.10357142857141,145,True,10425.17036641472
CUST009446,6253.4400000000005,24,2026-01-02,260.56,50,False,28562.35943476832
CUST009447,1084.23,16,2024-02-11,67.764375,741,True,7428.271552127834
CUST009448,1505.06,11,2025-01-11,136.82363636363635,406,True,14998.48741552893
CUST009449,675.48,6,2026-02-06,112.58,15,False,12340.92118961551
CUST009450,10239.23,44,2024-08-26,232.7097727272727,544,True,25509.44186605622
CUST009451,5982.429999999999,37,2026-02-09,161.68729729729728,12,False,17724.020192821805
CUST009452,3560.39,19,2026-02-03,187.38894736842104,18,False,20541.412606845737
CUST009453,11347.779999999999,89,2026-02-15,127.50314606741571,6,False,13976.783416646049
CUST009454,17887.54,106,2026-02-04,168.75037735849057,17,False,18498.26885502762
CUST009455,415.13,4,2025-02-12,103.7825,374,True,11376.546929838974
CUST009456,4032.59,49,2025-12-20,82.29775510204082,63,False,9021.407974742971
CUST009457,198.45,3,2024-08-23,66.14999999999999,547,True,7251.3051758133415
CUST009458,7096.3,47,2026-02-17,150.98510638297873,4,False,16550.855379979163
CUST009459,2352.3599999999997,37,2025-12-25,63.577297297297285,58,False,6969.28775443863
CUST009460,1333.8,10,2024-03-17,133.38,706,True,14620.999007558332
CUST009462,70.80000000000001,8,2025-02-20,8.850000000000001,366,True,970.1292638843248
CUST009463,1534.65,11,2025-12-12,139.51363636363638,71,False,15293.362864099425
CUST009464,3485.61,31,2026-01-18,112.43903225806451,34,False,12325.468428969712
CUST009465,9796.07,79,2026-01-23,124.00088607594937,29,False,13592.868737837825
CUST009466,468.11,13,2026-02-15,36.00846153846154,6,False,3947.216077504487
CUST009467,3155.38,18,2024-09-27,175.29888888888888,512,True,19216.110964691274
CUST009468,2516.24,12,2025-03-18,209.68666666666664,340,True,22985.669105049838
CUST009469,6801.74,16,2024-12-04,425.10875,444,True,46600.04957155767
CUST009470,2724.1,22,2026-01-26,123.82272727272726,26,False,13573.339125563885
CUST009471,5241.25,31,2026-01-29,169.07258064516128,23,False,18533.588497662535
CUST009472,10035.67,62,2026-02-01,161.86564516129033,20,False,17743.57052977219
CUST009473,1541.4,17,2025-05-23,90.67058823529412,274,True,9939.230623803907
CUST009474,1877.85,17,2026-02-17,110.46176470588235,4,False,12108.722088302951
CUST009475,1662.77,29,2026-02-07,57.33689655172414,14,False,6285.220479676363
CUST009476,32605.5,202,2026-02-12,161.41336633663366,9,False,17693.992120367147
CUST009477,1175.81,21,2025-12-11,55.99095238095238,72,False,6137.679256216453
CUST009478,25133.28,126,2025-06-13,199.47047619047618,253,True,21865.779235403657
CUST009479,14884.17,156,2026-02-19,95.41134615384615,2,False,10458.908362761951
CUST009480,13191.89,29,2026-02-21,454.8927586206896,0,False,49864.94656124287
CUST009481,0.0,6,2024-08-12,0.0,558,True,0.0
CUST009482,0.0,2,2023-11-10,0.0,834,True,0.0
CUST009484,247.71,9,2025-12-25,27.523333333333333,58,False,3017.0837408259395
CUST009485,2034.74,21,2026-02-05,96.89238095238095,16,False,10621.258102749478
CUST009486,6978.29,78,2026-02-11,89.46525641025642,10,False,9807.10320276886
CUST009487,1184.6,17,2024-08-27,69.68235294117646,543,True,7638.5186174634155
CUST009488,66.69,18,2026-02-17,3.705,4,False,406.1388613210648
CUST009489,211.88,4,2026-02-05,52.97,16,False,5806.525096943805
CUST009490,1030.51,47,2026-02-03,21.925744680851064,18,False,2403.4809658022245
CUST009491,10395.4,46,2026-01-09,225.98695652173913,43,False,24772.49263027047
CUST009493,2546.25,30,2026-02-14,84.875,7,False,9303.923307591192
CUST009494,1581.43,24,2026-02-07,65.89291666666666,14,False,7223.123925539489
CUST009495,3859.17,37,2026-01-26,104.3018918918919,26,False,11433.482215008304
CUST009496,4230.28,27,2026-01-31,156.67703703703702,21,False,17174.799842747776
CUST009497,26831.600000000002,43,2026-02-09,623.9906976744187,12,False,68401.31482548587
CUST009498,1782.7800000000002,24,2026-02-15,74.28250000000001,6,False,8142.782716891227
CUST009499,10313.75,87,2026-02-12,118.54885057471265,9,False,12995.2213720202
CUST009500,5991.49,44,2026-02-02,136.17022727272726,19,False,14926.861282152779
CUST009501,4588.530000000001,32,2026-01-12,143.39156250000002,40,False,15718.457737327475
CUST009502,12338.35,107,2026-02-19,115.31168224299066,2,False,12640.365809226629
CUST009504,9688.65,77,2026-02-19,125.82662337662337,2,False,13793.004464792519
CUST009505,3918.92,40,2026-02-13,97.973,8,False,10739.714618139993
CUST009506,426.82,4,2025-01-01,106.705,416,True,11696.908825172526
CUST009507,12364.04,95,2026-01-30,130.1477894736842,22,False,14266.686915059585
CUST009508,2175.6400000000003,30,2025-12-24,72.52133333333335,59,False,7949.725166392815
CUST009509,64.75,1,2023-06-14,64.75,983,True,7097.838399605652
CUST009510,3833.24,26,2025-11-15,147.4323076923077,98,True,16161.400693141888
CUST009511,5086.36,16,2024-08-14,317.8975,556,True,34847.646063917186
CUST009513,0.0,1,2023-10-10,0.0,865,True,0.0
CUST009514,2018.88,66,2026-01-20,30.58909090909091,32,False,3353.1494063872374
CUST009515,1138.6,15,2024-03-12,75.90666666666667,711,True,8320.822447146456
CUST009516,3837.5,20,2026-02-19,191.875,2,False,21033.1697748932
CUST009517,998.39,9,2025-09-15,110.93222222222222,159,True,12160.293229999634
CUST009518,5393.34,52,2026-02-12,103.71807692307692,9,False,11369.484928461285
CUST009519,7103.48,53,2026-01-05,134.02792452830187,47,False,14692.023927975742
CUST009520,5665.8,42,2026-01-29,134.9,23,False,14787.620078869537
CUST009521,45.46,14,2025-12-19,3.2471428571428573,64,False,355.9489615511009
CUST009522,66.48,2,2024-01-19,33.24,764,True,3643.739743674006
CUST009523,15511.48,58,2026-02-20,267.43931034482756,1,False,29316.4634213061
CUST009524,3126.2799999999997,35,2024-04-27,89.32228571428571,665,True,9791.43088005258
CUST009525,3190.02,25,2026-02-08,127.60079999999999,13,False,13987.488155372987
CUST009527,0.0,23,2026-02-20,0.0,1,False,0.0
CUST009528,3839.2999999999997,35,2025-12-26,109.69428571428571,57,False,12024.59171212619
CUST009529,1472.04,26,2026-02-07,56.61692307692307,14,False,6206.297616724385
CUST009530,0.0,4,2024-11-22,0.0,456,True,0.0
CUST009531,7691.42,46,2026-02-09,167.20478260869567,12,False,18328.842109617228
CUST009532,35.0,17,2026-01-11,2.0588235294117645,41,False,225.68643559954376
CUST009533,1017.8199999999999,18,2026-02-04,56.54555555555555,17,False,6198.474371417095
CUST009534,5565.58,68,2026-01-18,81.84676470588235,34,False,8971.970801743635
CUST009535,0.0,8,2025-11-01,0.0,112,True,0.0
CUST009536,749.5699999999999,6,2025-10-27,124.92833333333333,117,True,13694.534695475953
CUST009537,0.0,7,2024-04-24,0.0,668,True,0.0
CUST009538,7531.22,45,2026-02-11,167.36044444444445,10,False,18345.90562398218
CUST009539,5115.2,36,2026-01-05,142.08888888888887,47,False,15575.659794793148
CUST009540,2674.56,27,2025-12-24,99.05777777777777,59,False,10858.627009895205
CUST009541,33283.590000000004,249,2026-02-21,133.66903614457834,0,False,14652.682897069715
CUST009542,2219.3,24,2026-02-01,92.47083333333335,20,False,10136.571917789464
CUST009543,673.6,7,2024-06-26,96.22857142857143,605,True,10548.491883010187
CUST009544,403.98,12,2025-10-18,33.665,126,True,3690.327872165626
CUST009545,6668.37,40,2025-08-08,166.70925,197,True,18274.522258215577
CUST009546,2979.76,39,2026-02-09,76.40410256410257,12,False,8375.350935396076
CUST009547,6359.88,70,2026-02-04,90.85542857142858,17,False,9959.492659875123
CUST009548,10677.52,10,2025-06-23,1067.752,243,True,117046.04087808084
CUST009549,4519.1900000000005,36,2026-02-12,125.53305555555556,9,False,13760.823816865666
CUST009550,2545.91,24,2026-01-11,106.07958333333333,41,False,11628.351196872603
CUST009551,5493.95,45,2026-01-06,122.08777777777777,46,False,13383.155478511702
CUST009552,8771.279999999999,19,2025-03-07,461.64631578947365,351,True,50605.265594548306
CUST009553,5739.51,62,2026-02-13,92.57274193548388,8,False,10147.743049675088
CUST009554,5521.98,19,2026-02-03,290.63052631578944,18,False,31858.664243734536
CUST009555,5592.32,49,2025-02-27,114.12897959183672,359,True,12510.718978451714
CUST009556,16292.89,56,2026-02-12,290.9444642857143,9,False,31893.07784957279
CUST009558,706.26,4,2024-10-06,176.565,503,True,19354.900957936246
CUST009559,551.35,13,2025-12-05,42.41153846153846,78,False,4649.115772643394
CUST009560,5147.23,41,2026-02-19,125.54219512195121,2,False,13761.82568814472
CUST009561,7126.92,13,2025-11-27,548.2246153846154,86,False,60095.903114841116
CUST009563,2457.0,28,2026-02-20,87.75,1,False,9619.07829444627
CUST009564,5971.0,32,2025-12-28,186.59375,55,False,20454.243766431155
CUST009565,6509.46,37,2026-01-27,175.93135135135134,25,False,19285.44094696734
CUST009566,0.0,11,2026-02-07,0.0,14,False,0.0
CUST009567,10452.470000000001,50,2026-02-20,209.04940000000002,1,False,22915.812490108445
CUST009568,406.24,19,2026-02-02,21.38105263157895,19,False,2343.772299496688
CUST009569,989.4200000000001,9,2024-02-15,109.93555555555557,737,True,12051.03950122321
CUST009570,2356.1,43,2025-12-06,54.79302325581395,77,False,6006.363312673386
CUST009571,1260.6,15,2026-02-18,84.03999999999999,3,False,9212.39133749589
CUST009572,4607.59,40,2026-02-06,115.18975,15,False,12626.999703335523
CUST009573,0.0,17,2026-02-11,0.0,10,False,0.0
CUST009574,940.0,15,2025-09-01,62.666666666666664,173,True,6869.465220725162
CUST009575,5323.3,27,2026-02-16,197.15925925925927,5,False,21612.425655724735
CUST009576,2567.0,8,2026-02-10,320.875,11,False,35174.03701117318
CUST009577,7866.379999999999,23,2026-02-03,342.0165217391304,18,False,37491.55214362256
CUST009578,5627.59,24,2026-02-05,234.48291666666668,16,False,25703.81235472122
CUST009579,111.95,6,2024-11-16,18.658333333333335,462,True,2045.3101900536751
CUST009580,23742.49,95,2026-02-13,249.92094736842108,8,False,27396.115785288068
CUST009582,1631.4499999999998,11,2025-09-17,148.31363636363633,157,True,16258.011171690612
CUST009583,33108.64,125,2026-02-17,264.86912,4,False,29034.721402405525
CUST009584,6883.93,22,2026-01-11,312.9059090909091,41,False,34300.47223179876
CUST009585,7400.570000000001,15,2024-08-24,493.3713333333334,546,True,54082.93428568299
CUST009586,2446.96,20,2025-12-23,122.348,60,False,13411.680811041735
CUST009587,17615.010000000002,64,2026-02-16,275.23453125000003,5,False,30170.96872283725
CUST009588,8516.23,12,2025-03-16,709.6858333333333,342,True,77795.14068709606
CUST009589,3936.7,15,2025-07-31,262.44666666666666,205,True,28769.174185562493
CUST009590,2739.2200000000003,12,2026-01-30,228.26833333333335,22,False,25022.575162120716
CUST009591,1275.4,9,2025-08-13,141.7111111111111,192,True,15534.24812502282
CUST009592,3212.33,39,2026-02-10,82.3674358974359,11,False,9029.046322623592
CUST009593,3188.7599999999998,38,2025-07-01,83.91473684210526,235,True,9198.660099624676
CUST009594,5670.91,56,2026-01-22,101.26625,30,False,11100.717804387117
CUST009595,2121.61,17,2026-02-21,124.80058823529413,0,False,13680.531389495662
CUST009596,0.0,3,2024-05-10,0.0,652,True,0.0
CUST009597,2530.5699999999997,13,2026-02-06,194.65923076923076,15,False,21338.374718016126
CUST009598,17800.1,63,2026-01-31,282.5412698412698,21,False,30971.927020119034
CUST009599,479.27,16,2026-02-13,29.954375,8,False,3283.5724032615835
CUST009600,4218.25,24,2025-08-04,175.76041666666666,201,True,19266.7032362526
CUST009601,127.9,10,2026-02-07,12.790000000000001,14,False,1402.0286197831088
CUST009602,2753.9700000000003,11,2023-09-13,250.3609090909091,892,True,27444.34400472022
CUST009603,3608.05,22,2026-01-28,164.00227272727273,24,False,17977.78577584919
CUST009604,11324.47,67,2026-02-21,169.02194029850745,0,False,18528.03734712896
CUST009605,7183.32,62,2026-02-20,115.86,1,False,12700.471922444955
CUST009606,0.0,10,2024-05-16,0.0,646,True,0.0
CUST009607,10936.539999999999,36,2026-01-28,303.79277777777776,24,False,33301.4987433819
CUST009608,251.28,21,2026-02-16,11.965714285714286,5,False,1311.6711403220506
CUST009609,1758.78,2,2024-04-11,879.39,681,True,96397.96309234308
CUST009611,1262.03,17,2026-01-09,74.23705882352941,43,False,8137.80149484835
CUST009612,9131.39,39,2026-02-07,234.1382051282051,14,False,25666.025377200294
CUST009613,9848.61,46,2026-02-01,214.10021739130437,20,False,23469.478677435025
CUST009614,463.91999999999996,11,2025-01-23,42.17454545454545,394,True,4623.1368063812615
CUST009615,8128.98,47,2026-01-17,172.95702127659573,35,False,18959.397484145684
CUST009616,292.21,36,2026-02-06,8.116944444444444,15,False,889.772354675576
CUST009617,3378.45,40,2026-02-12,84.46124999999999,9,False,9258.568394265527
CUST009618,271.28999999999996,9,2025-08-07,30.14333333333333,198,True,3304.285850586044
CUST009619,0.0,1,2025-05-16,0.0,281,True,0.0
CUST009620,1873.05,18,2025-02-22,104.05833333333334,364,True,11406.783538722751
CUST009621,445.78,6,2024-09-04,74.29666666666667,535,True,8144.335654507613
CUST009622,1251.1200000000001,21,2025-11-23,59.57714285714286,90,False,6530.794321393361
CUST009623,1459.27,32,2025-12-18,45.6021875,65,False,4998.871931174006
CUST009624,8722.2,84,2026-02-16,103.83571428571429,5,False,11382.38023332238
CUST009625,11370.25,34,2026-02-09,334.41911764705884,12,False,36658.73134822447
CUST009626,0.0,10,2024-07-13,0.0,588,True,0.0
CUST009627,4761.1,30,2024-08-24,158.70333333333335,546,True,17396.920671486474
CUST009628,0.0,1,2024-03-08,0.0,715,True,0.0
CUST009629,3503.33,20,2026-02-12,175.16649999999998,9,False,19201.59861041735
CUST009630,10581.65,73,2026-01-12,144.95410958904108,40,False,15889.742783347361
CUST009631,0.0,10,2026-01-16,0.0,36,False,0.0
CUST009632,7737.39,39,2026-02-11,198.3946153846154,10,False,21747.84431431533
CUST009633,903.12,8,2026-01-10,112.89,42,False,12374.903118632928
CUST009634,9925.3,36,2025-12-05,275.7027777777778,78,False,30222.29749790046
CUST009635,7415.7300000000005,19,2025-03-31,390.30157894736845,327,True,42784.51790701697
CUST009636,2137.23,67,2026-02-21,31.8989552238806,0,False,3496.735587573143
CUST009638,2436.7,14,2026-01-08,174.04999999999998,44,False,19079.208856391717
CUST009639,12863.519999999999,62,2026-02-21,207.47612903225803,0,False,22743.35190187951
CUST009640,255.26,6,2024-07-05,42.54333333333333,596,True,4663.563011282725
CUST009641,2861.88,27,2026-02-15,105.99555555555555,6,False,11619.140145324423
CUST009642,1280.77,15,2025-12-12,85.38466666666666,71,False,9359.792522072516
CUST009643,2178.95,27,2026-01-14,80.70185185185184,38,False,8846.466455495916
CUST009644,7126.4800000000005,61,2026-02-15,116.82754098360657,6,False,12806.532919304182
CUST009645,4836.75,25,2026-02-05,193.47,16,False,21208.0122806441
CUST009646,1769.3600000000001,39,2026-02-05,45.36820512820513,16,False,4973.222988110587
CUST009647,801.3800000000001,28,2026-02-18,28.62071428571429,3,False,3137.3776815642464
CUST009648,240.51999999999998,15,2025-10-28,16.034666666666666,116,True,1757.7061434987404
CUST009649,11031.76,55,2026-02-05,200.57745454545454,16,False,21987.125235025243
CUST009650,3086.54,48,2026-02-20,64.30291666666666,1,False,7048.829515417899
CUST009651,28960.29,168,2026-02-13,172.38267857142858,8,False,18896.43853885968
CUST009652,2855.44,18,2026-02-07,158.63555555555556,14,False,17389.49093073356
CUST009653,11171.39,56,2026-01-25,199.48910714285714,27,False,21867.821544117647
CUST009654,594.76,7,2025-07-12,84.96571428571428,224,True,9313.867328294446
CUST009655,3288.35,38,2026-02-05,86.53552631578947,16,False,9485.948750799937
CUST009656,8055.29,81,2026-02-18,99.44802469135803,3,False,10901.405535432465
CUST009657,1064.38,5,2025-11-25,212.87600000000003,88,False,23335.28103713441
CUST009658,0.0,1,2023-05-30,0.0,998,True,0.0
CUST009659,1282.0,9,2026-01-07,142.44444444444446,45,False,15614.635483988755
CUST009660,1850.2200000000003,12,2025-09-28,154.18500000000003,146,True,16901.624921130464
CUST009661,1243.46,25,2026-02-07,49.7384,14,False,5452.279929806112
CUST009662,5354.63,30,2025-03-25,178.48766666666668,333,True,19565.661997261475
CUST009663,3109.73,20,2025-08-25,155.4865,180,True,17044.294213440684
CUST009664,0.0,3,2024-02-10,0.0,742,True,0.0
CUST009665,3732.88,29,2025-09-04,128.72,170,True,14110.173881038447
CUST009666,6776.15,57,2025-12-27,118.8798245614035,56,False,13031.502451124523
CUST009667,17034.44,17,2026-01-27,1002.0258823529412,25,False,109841.2013152655
CUST009668,13651.8,93,2026-02-07,146.79354838709676,14,False,16091.380456468043
CUST009669,11084.68,51,2026-01-10,217.34666666666666,42,False,23825.351609157628
CUST009670,7561.69,36,2026-02-12,210.04694444444442,9,False,23025.16244011757
CUST009671,939.53,13,2026-02-21,72.27153846153846,0,False,7922.342870901691
CUST009672,1063.32,16,2025-12-21,66.4575,62,False,7285.013057016103
CUST009673,1457.8799999999999,9,2024-11-28,161.98666666666665,450,True,17756.836801402125
CUST009674,3604.11,14,2025-05-23,257.43642857142856,274,True,28219.956265198816
CUST009675,881.7,1,2024-05-11,881.7,651,True,96651.18327308577
CUST009676,1910.06,15,2026-02-11,127.33733333333333,10,False,13958.607169679044
CUST009677,2282.93,30,2025-12-21,76.09766666666665,62,False,8341.75970018622
CUST009678,0.0,3,2024-02-05,0.0,747,True,0.0
CUST009679,397.52,2,2024-01-20,198.76,763,True,21787.897456457442
CUST009680,0.0,7,2024-10-10,0.0,499,True,0.0
CUST009681,937.56,9,2025-02-28,104.17333333333333,358,True,11419.389738196955
CUST009682,2540.63,26,2026-01-29,97.71653846153846,23,False,10711.601528476453
CUST009683,21016.38,136,2026-02-18,154.53220588235294,3,False,16939.685326448358
CUST009684,20159.21,77,2026-01-13,261.80792207792206,39,False,28699.155562094817
CUST009685,12649.27,60,2026-02-16,210.82116666666667,5,False,23110.032003341
CUST009687,241.01999999999998,10,2025-10-21,24.101999999999997,123,True,2642.0401715412418
CUST009688,240.16,14,2026-01-21,17.154285714285713,31,False,1880.4378047978967
CUST009689,0.0,25,2026-01-08,0.0,44,False,0.0
CUST009690,6559.33,78,2026-02-19,84.09397435897436,2,False,9218.307959545657
CUST009691,509.53,15,2025-03-19,33.968666666666664,339,True,3723.6155467192457
CUST009692,4429.84,18,2026-01-09,246.10222222222222,43,False,26977.51047285208
CUST009693,177.04000000000002,15,2026-01-12,11.802666666666669,40,False,1293.7980028480667
CUST009694,1773.9499999999998,28,2026-01-19,63.35535714285714,33,False,6944.958868715083
CUST009695,7408.74,23,2025-12-04,322.1191304347826,79,False,35310.41750189316
CUST009696,1652.31,18,2025-03-16,91.795,342,True,10062.48765856063
CUST009697,1502.32,19,2026-02-18,79.06947368421052,3,False,8667.526587681823
CUST009698,492.62,29,2026-01-25,16.986896551724136,27,False,1862.088751119018
CUST009699,1070.96,14,2026-02-17,76.49714285714286,4,False,8385.549930989155
CUST009700,4006.95,25,2026-02-11,160.278,10,False,17569.534255011502
CUST009701,13423.0,73,2026-02-15,183.87671232876713,6,False,20156.404471974754
CUST009702,198.76,18,2025-12-28,11.042222222222222,55,False,1210.438747580969
CUST009703,2020.74,18,2026-01-19,112.26333333333334,33,False,12306.208466425676
CUST009705,275.43,22,2026-01-12,12.519545454545455,40,False,1372.381628924805
CUST009706,1951.92,30,2025-12-08,65.06400000000001,75,False,7132.25880512652
CUST009707,10856.050000000001,50,2026-01-18,217.121,34,False,23800.614226421298
CUST009708,12973.9,95,2025-01-19,136.56736842105263,398,True,14970.39554767629
CUST009709,4275.75,53,2026-02-20,80.6745283018868,1,False,8843.471271833283
CUST009710,9290.41,38,2025-07-26,244.4844736842105,210,True,26800.174292249685
CUST009711,502.14000000000004,6,2024-01-31,83.69000000000001,752,True,9174.02464344397
CUST009712,0.0,8,2025-11-25,0.0,88,False,0.0
CUST009713,117.56,31,2025-12-17,3.7922580645161292,66,False,415.70401407778826
CUST009714,8095.13,42,2026-02-17,192.74119047619047,4,False,21128.12081772374
CUST009715,3751.0,33,2026-01-09,113.66666666666667,43,False,12460.040639719575
CUST009716,3357.13,32,2026-01-21,104.9103125,31,False,11500.176750225928
CUST009717,246.88,12,2024-07-23,20.573333333333334,578,True,2255.2308160806224
CUST009718,4278.94,24,2026-02-18,178.28916666666666,3,False,19543.90260077774
CUST009719,5969.570000000001,32,2026-01-12,186.54906250000002,40,False,20449.345161744168
CUST009720,35.0,13,2026-02-15,2.6923076923076925,6,False,295.12841578401884
CUST009721,3572.3500000000004,27,2026-02-19,132.30925925925928,2,False,14503.625343532824
CUST009722,23877.57,100,2026-01-20,238.7757,32,False,26174.38351123891
CUST009723,5682.74,33,2026-02-21,172.2042424242424,0,False,18876.878524382835
CUST009724,6373.039999999999,32,2026-01-24,199.15749999999997,28,False,21831.471058987838
CUST009725,3368.85,68,2025-04-25,49.54191176470588,302,True,5430.741061210879
CUST009726,1222.4,8,2025-04-17,152.8,310,True,16749.802431810713
CUST009727,5405.15,16,2025-12-17,337.821875,66,False,37031.738634776535
CUST009728,22187.670000000002,115,2026-02-15,192.93626086956525,6,False,21149.504263727158
CUST009729,2801.04,23,2026-02-20,121.78434782608696,1,False,13349.893752446815
CUST009730,1534.93,13,2025-06-28,118.07153846153847,238,True,12942.898835410399
CUST009731,641.89,10,2026-02-05,64.189,16,False,7036.342069996713
CUST009732,1611.51,22,2025-07-05,73.25045454545455,231,True,8029.650796313447
CUST009733,2467.4199999999996,50,2026-02-17,49.34839999999999,4,False,5409.528470719683
CUST009734,0.0,9,2026-01-28,0.0,24,False,0.0
CUST009735,3708.91,18,2025-11-13,206.05055555555555,100,True,22587.081783510424
CUST009736,2011.65,20,2026-02-07,100.58250000000001,14,False,11025.765727078542
CUST009737,2741.02,33,2026-01-27,83.06121212121212,25,False,9105.097465818222
CUST009738,2092.49,11,2025-08-24,190.22636363636363,181,True,20852.447697846026
CUST009739,6783.97,60,2026-01-24,113.06616666666667,28,False,12394.214354639063
CUST009740,5679.4400000000005,66,2026-01-27,86.05212121212122,25,False,9432.958305898286
CUST009741,1759.28,15,2025-09-19,117.28533333333333,155,True,12856.71571650783
CUST009742,1643.06,24,2026-02-01,68.46083333333333,20,False,7504.6167058275805
CUST009743,2163.35,29,2026-02-17,74.59827586206896,4,False,8177.397790859745
CUST009744,3689.61,19,2026-02-01,194.19,20,False,21286.9380512652
CUST009745,382.17,21,2025-12-30,18.19857142857143,53,False,1994.911491948735
CUST009746,4975.97,14,2025-11-13,355.4264285714286,100,True,38961.534408478474
CUST009748,1215.24,29,2024-05-21,41.9048275862069,641,True,4593.570569424457
CUST009749,3528.83,59,2026-01-03,59.81067796610169,49,False,6556.394235895666
CUST009750,6359.4,34,2026-01-23,187.04117647058823,29,False,20503.29026502484
CUST009751,0.0,17,2025-11-13,0.0,100,True,0.0
CUST009752,2988.72,29,2026-01-20,103.05931034482758,32,False,11297.271512006073
CUST009753,11191.43,73,2026-02-07,153.30726027397262,14,False,16805.40785962843
CUST009754,0.0,5,2026-02-09,0.0,12,False,0.0
CUST009755,5124.54,24,2025-07-26,213.5225,210,True,23406.149802004602
CUST009756,28623.08,205,2026-02-18,139.62478048780488,3,False,15305.546385835545
CUST009757,5209.91,36,2024-09-21,144.71972222222223,518,True,15864.049445083434
CUST009758,7692.16,69,2026-02-16,111.48057971014492,5,False,12220.403698485952
CUST009759,206.25,5,2024-04-28,41.25,664,True,4521.788941833716
CUST009760,23494.780000000002,63,2026-02-15,372.9330158730159,6,False,40880.59120531639
CUST009761,2263.13,11,2026-01-29,205.73909090909092,23,False,22552.939301227856
CUST009762,14154.91,69,2026-02-16,205.1436231884058,5,False,22487.664650206938
CUST009763,1109.96,20,2024-04-15,55.498000000000005,677,True,6083.642247124548
CUST009765,6344.55,75,2026-02-20,84.59400000000001,1,False,9273.120333223793
CUST009766,0.0,12,2026-02-19,0.0,2,False,0.0
CUST009767,0.0,4,2023-05-07,0.0,1021,True,0.0
CUST009768,1933.62,34,2026-02-11,56.87117647058823,10,False,6234.168651485569
CUST009769,5363.09,13,2025-08-27,412.54538461538465,178,True,45222.864440203244
CUST009770,258.05,15,2024-05-10,17.203333333333333,652,True,1885.8143619235402
CUST009771,189.51,5,2026-02-04,37.902,17,False,4154.784108445613
CUST009772,7973.92,46,2026-02-20,173.34608695652173,1,False,19002.046523882324
CUST009773,8093.2300000000005,38,2026-02-01,212.97973684210527,20,False,23346.652579085734
CUST009774,2655.77,17,2025-11-03,156.22176470588235,110,True,17124.893287777155
CUST009775,401.53,15,2026-01-28,26.768666666666665,24,False,2934.35784050827
CUST009776,1320.04,7,2024-06-03,188.57714285714286,628,True,20671.66155767335
CUST009777,1796.98,38,2026-02-17,47.288947368421056,4,False,5183.773073490496
CUST009778,10817.630000000001,54,2026-02-14,200.3264814814815,7,False,21959.61378713745
CUST009779,2189.79,7,2024-07-25,312.82714285714286,576,True,34291.83794610582
CUST009782,3905.48,13,2026-01-30,300.4215384615385,22,False,32931.94643646199
CUST009783,2270.4,26,2025-12-21,87.32307692307693,62,False,9572.279359943375
CUST009784,5336.26,39,2026-02-01,136.8271794871795,20,False,14998.875809634555
CUST009785,5444.09,19,2024-07-29,286.531052631579,572,True,31409.283521974507
CUST009786,12306.45,46,2026-02-02,267.5315217391304,19,False,29326.57155374416
CUST009787,4978.33,10,2026-01-19,497.83299999999997,33,False,54572.01828557344
CUST009788,383.94,5,2026-02-12,76.788,9,False,8417.433436740059
CUST009789,2858.95,16,2026-02-07,178.684375,14,False,19587.224992811367
CUST009790,23464.82,160,2026-02-20,146.655125,1,False,16076.206605775551
CUST009791,15331.880000000001,145,2026-02-18,105.73710344827587,3,False,11590.80885124707
CUST009792,13906.449999999999,70,2024-10-15,198.6635714285714,494,True,21777.327040749256
CUST009793,1750.4299999999998,28,2026-01-10,62.515357142857134,42,False,6852.878802990469
CUST009794,0.0,9,2025-11-11,0.0,102,True,0.0
CUST009795,0.0,8,2026-02-20,0.0,1,False,0.0
CUST009796,3239.04,17,2026-01-14,190.53176470588235,38,False,20885.92549612418
CUST009797,0.0,2,2023-10-29,0.0,846,True,0.0
CUST009798,15201.96,122,2026-02-06,124.60622950819672,15,False,13659.225955727468
CUST009799,19209.87,69,2026-02-14,278.40391304347827,7,False,30518.39358456329
CUST009801,3355.46,13,2026-02-02,258.1123076923077,19,False,28294.045543618395
CUST009803,0.0,16,2025-12-03,0.0,80,False,0.0
CUST009804,7441.969999999999,45,2026-01-29,165.3771111111111,23,False,18128.494357687952
CUST009805,2217.7,40,2026-02-06,55.442499999999995,15,False,6077.558385639171
CUST009806,960.5899999999999,15,2025-05-09,64.03933333333333,288,True,7019.935740825939
CUST009807,21726.3,56,2026-02-01,387.96964285714284,20,False,42528.893111238904
CUST009808,632.71,17,2025-07-12,37.21823529411765,224,True,4079.830419091067
CUST009810,1599.04,12,2026-01-12,133.25333333333333,40,False,14607.113918282395
CUST009811,9067.4,51,2026-02-06,177.7921568627451,15,False,19489.4208205267
CUST009812,1902.9,19,2026-02-20,100.15263157894738,1,False,10978.6439265268
CUST009813,7804.96,101,2026-01-21,77.27683168316831,31,False,8471.01873854293
CUST009814,10943.2,30,2026-02-19,364.77333333333337,2,False,39986.13393799978
CUST009815,2734.13,27,2026-02-13,101.26407407407407,8,False,11100.479281289176
CUST009817,0.0,5,2024-03-11,0.0,712,True,0.0
CUST009818,3383.32,11,2026-01-12,307.57454545454544,40,False,33716.052810324734
CUST009819,10181.17,15,2026-02-01,678.7446666666667,20,False,74403.39704392596
CUST009820,12133.32,63,2026-02-17,192.59238095238095,4,False,21111.8084478037
CUST009821,7442.59,51,2025-09-07,145.93313725490196,167,True,15997.062940274367
CUST009822,9078.130000000001,63,2026-01-08,144.09730158730162,44,False,15795.82023916457
CUST009823,22063.3,109,2026-02-19,202.41559633027524,2,False,22188.620730688872
CUST009824,7796.26,13,2026-01-20,599.7123076923077,32,False,65739.9389382947
CUST009825,10874.95,87,2026-02-18,124.99942528735633,3,False,13702.327733331822
CUST009826,1626.2,17,2026-01-23,95.65882352941176,29,False,10486.036616342231
CUST009827,181.16,9,2025-12-23,20.128888888888888,60,False,2206.5112045861174
CUST009828,1052.74,6,2026-02-16,175.45666666666668,5,False,19233.406426771828
CUST009829,1483.1399999999999,27,2026-01-22,54.93111111111111,30,False,6021.5003826633065
CUST009830,2806.84,23,2026-01-10,122.03652173913044,42,False,13377.53683636
CUST009831,2095.4900000000002,28,2025-10-07,74.83892857142858,137,True,8203.777930496222
CUST009832,2323.61,31,2026-02-02,74.95516129032258,19,False,8216.51925953802
CUST009833,0.0,10,2025-07-04,0.0,232,True,0.0
CUST009834,1080.98,22,2026-01-24,49.13545454545454,28,False,5386.18557613599
CUST009835,2194.5099999999998,14,2025-12-28,156.75071428571428,55,False,17182.876278343738
CUST009836,0.0,7,2024-11-25,0.0,453,True,0.0
CUST009837,1286.39,8,2025-10-23,160.79875,121,True,17626.61841480447
CUST009838,4243.82,12,2026-02-18,353.65166666666664,3,False,38766.98655986416
CUST009839,9547.65,76,2025-09-30,125.62697368421053,144,True,13771.119040031479
CUST009840,14302.98,34,2026-02-06,420.6758823529412,15,False,46114.122495022326
CUST009841,7494.22,48,2026-02-16,156.12958333333333,5,False,17114.788446297513
CUST009842,0.0,7,2026-02-10,0.0,11,False,0.0
CUST009843,3168.87,28,2024-12-28,113.17392857142856,420,True,12406.027120440354
CUST009844,6164.83,60,2026-02-19,102.74716666666667,2,False,11263.054594862528
CUST009845,7239.0599999999995,14,2026-01-23,517.0757142857143,29,False,56681.387804797894
CUST009846,639.76,9,2026-02-04,71.08444444444444,17,False,7792.21466243108
CUST009847,2900.18,30,2026-02-07,96.67266666666666,14,False,10597.173214809945
CUST009848,3892.0,44,2025-08-26,88.45454545454545,179,True,9696.309951304036
CUST009849,1293.92,8,2024-12-27,161.74,421,True,17729.797417022673
CUST009850,1063.6599999999999,15,2026-02-02,70.91066666666666,19,False,7773.165294336728
CUST009851,559.11,5,2024-03-16,111.822,707,True,12257.829892211634
CUST009852,5350.45,39,2026-01-08,137.19102564102565,44,False,15038.760306967652
CUST009853,18661.52,90,2026-02-16,207.35022222222221,5,False,22729.55010742323
CUST009854,0.0,13,2025-11-29,0.0,84,False,0.0
CUST009855,6735.5599999999995,57,2026-02-12,118.1677192982456,9,False,12953.442094654973
CUST009856,374.8,17,2026-02-20,22.04705882352941,1,False,2416.7793160774004
CUST009857,766.96,18,2026-01-25,42.60888888888889,27,False,4670.749153978165
CUST009858,4317.42,57,2025-12-21,75.7442105263158,62,False,8303.014147050177
CUST009859,25008.41,66,2026-02-09,378.91530303030305,12,False,41536.36429415748
CUST009860,4757.77,13,2024-01-25,365.9823076923077,758,True,40118.66065042089
CUST009861,225.35,7,2025-06-29,32.19285714285714,237,True,3528.9528590207033
CUST009862,9867.24,24,2026-02-18,411.135,3,False,45068.25931153467
CUST009863,9292.56,65,2026-02-06,142.96246153846153,15,False,15671.420065016808
CUST009864,3914.7799999999997,31,2026-02-17,126.28322580645161,4,False,13843.056824017045
CUST009865,89.59,9,2025-11-21,9.954444444444444,92,True,1091.197498448169
CUST009866,8191.07,35,2025-05-10,234.03057142857142,287,True,25654.226665133094
CUST009867,1663.4499999999998,10,2025-11-28,166.34499999999997,85,False,18234.593491620108
CUST009868,8422.029999999999,60,2024-08-31,140.36716666666663,539,True,15386.926109814873
CUST009869,11700.16,40,2024-11-16,292.504,462,True,32064.032791324353
CUST009870,2996.87,17,2024-03-11,176.2864705882353,712,True,19324.368807291565
CUST009871,8582.49,63,2026-02-19,136.23,2,False,14933.413516266839
CUST009873,9370.01,55,2026-02-04,170.36381818181817,17,False,18675.132827711885
CUST009874,38400.53,134,2026-02-01,286.57111940298506,20,False,31413.67560643218
CUST009875,0.0,31,2026-01-31,0.0,21,False,0.0
CUST009876,3814.83,31,2026-02-21,123.05903225806452,0,False,13489.623545630904
CUST009877,873.69,9,2026-02-09,97.07666666666667,12,False,10641.45934165845
CUST009878,5477.610000000001,27,2026-01-13,202.87444444444446,39,False,22238.91925986782
CUST009879,10288.19,62,2026-01-03,165.93854838709677,49,False,18190.0386211082
CUST009880,9492.17,53,2026-02-15,179.09754716981132,6,False,19632.516564896858
CUST009881,5652.19,39,2025-06-04,144.9279487179487,262,True,15886.875051526411
CUST009882,2501.06,19,2025-11-25,131.63473684210527,88,False,14429.684785789648
CUST009884,5850.05,28,2026-02-01,208.93035714285716,20,False,22902.76311616826
CUST009885,5793.27,30,2026-02-11,193.109,10,False,21168.43977620769
CUST009886,1134.63,16,2026-02-10,70.914375,11,False,7773.571798595138
CUST009887,2400.2200000000003,44,2026-02-04,54.55045454545455,17,False,5979.773142682162
CUST009888,30376.829999999998,162,2026-02-21,187.51129629629628,0,False,20554.82438936965
CUST009889,2904.13,27,2025-04-16,107.56037037037038,311,True,11790.673777461327
CUST009890,1457.19,5,2023-10-09,291.438,866,True,31947.178803154777
CUST009891,0.0,22,2026-02-21,0.0,0,False,0.0
CUST009892,702.76,29,2025-03-20,24.233103448275862,338,True,2656.4116169388194
CUST009893,253.52,11,2025-12-26,23.047272727272727,57,False,2526.421889881397
CUST009894,8179.02,32,2026-02-14,255.594375,7,False,28018.031962906673
CUST009895,13352.91,34,2026-02-17,392.73264705882355,4,False,43051.0094683072
CUST009896,5210.68,35,2026-02-08,148.87657142857142,13,False,16319.719621426224
CUST009897,1412.26,12,2024-02-12,117.68833333333333,740,True,12900.892224230474
CUST009898,5111.84,54,2026-02-03,94.6637037037037,18,False,10376.952450919534
CUST009899,4375.13,11,2025-08-22,397.7390909090909,183,True,43599.811466853884
CUST009900,8451.58,41,2026-02-19,206.1360975609756,2,False,22596.458823369107
CUST009901,622.07,13,2026-02-18,47.85153846153847,3,False,5245.443817336131
CUST009902,0.0,10,2026-01-24,0.0,28,False,0.0
CUST009903,2398.38,15,2025-08-01,159.892,204,True,17527.221272428524
CUST009904,3405.29,46,2026-02-19,74.02804347826087,2,False,8114.889415408136
CUST009905,1616.11,7,2024-06-26,230.87285714285713,605,True,25308.080785409133
CUST009906,35.04,5,2025-07-21,7.008,215,True,768.21083404535
CUST009907,968.0799999999999,32,2026-01-02,30.252499999999998,50,False,3316.2526051593823
CUST009908,154.27,7,2025-07-23,22.03857142857143,213,True,2415.8489352612555
CUST009909,2852.92,28,2025-01-07,101.89,410,True,11169.092734143936
CUST009910,11831.13,37,2025-12-29,319.76027027027027,54,False,35051.84131262712
CUST009911,7493.08,34,2024-08-29,220.38470588235293,541,True,24158.378812317565
CUST009912,20525.03,118,2026-02-03,173.94093220338982,18,False,19067.252939867547
CUST009913,2082.87,10,2026-01-23,208.28699999999998,29,False,22832.23886855077
CUST009914,5085.76,35,2026-02-19,145.30742857142857,2,False,15928.473301347352
CUST009915,2953.8900000000003,20,2026-02-10,147.6945,11,False,16190.141984719026
CUST009916,11702.5,62,2026-01-19,188.75,33,False,20690.61000657246
CUST009917,1575.33,27,2026-01-13,58.345555555555556,39,False,6395.78879796984
CUST009918,502.15999999999997,20,2025-08-19,25.107999999999997,186,True,2752.317012159053
CUST009919,2333.83,22,2026-01-24,106.08318181818181,28,False,11628.745659636124
CUST009920,2158.02,9,2025-11-02,239.78,111,True,26284.47399934275
CUST009921,9506.52,75,2026-02-13,126.7536,8,False,13894.618831942162
CUST009922,8903.08,62,2026-02-14,143.59806451612903,7,False,15741.094307824407
CUST009923,5867.74,54,2026-01-22,108.66185185185185,30,False,11911.417214615207
CUST009924,2471.33,26,2026-02-17,95.05115384615384,4,False,10419.424396850274
CUST009925,996.0,11,2025-10-11,90.54545454545455,133,True,9925.51357810773
CUST009926,0.0,3,2024-01-25,0.0,758,True,0.0
CUST009927,758.73,43,2026-01-16,17.644883720930235,36,False,1934.2167294362207
CUST009929,25873.63,151,2026-02-05,171.34854304635763,16,False,18783.077506577905
CUST009930,935.27,9,2025-12-01,103.91888888888889,82,False,11391.49776061635
CUST009931,1557.18,29,2026-02-03,53.69586206896552,18,False,5886.093462440649
CUST009932,4692.83,50,2024-02-23,93.8566,729,True,10288.47844843904
CUST009933,2179.65,58,2026-02-12,37.58017241379311,9,False,4119.505649767131
CUST009934,9812.17,18,2025-08-23,545.1205555555556,182,True,59755.638789754266
CUST009935,940.51,13,2026-02-09,72.34692307692308,12,False,7930.606466543643
CUST009936,814.1800000000001,8,2025-10-12,101.77250000000001,132,True,11156.212486855078
CUST009937,7317.41,42,2026-02-20,174.2240476190476,1,False,19098.28780425019
CUST009938,8858.39,84,2026-02-20,105.4570238095238,1,False,11560.106766075143
CUST009939,9115.460000000001,18,2026-02-20,506.4144444444445,1,False,55512.70872421222
CUST009940,231.81,7,2024-11-14,33.11571428571428,464,True,3630.1156523167924
CUST009941,0.0,5,2025-10-07,0.0,137,True,0.0
CUST009942,1204.89,20,2026-02-09,60.2445,12,False,6603.9494280315475
CUST009943,16871.6,24,2026-02-18,702.9833333333332,3,False,77060.41849600173
CUST009944,15623.0,115,2026-02-11,135.8521739130435,10,False,14891.996550886568
CUST009945,119.96,15,2024-08-02,7.997333333333333,568,True,876.6606892321173
CUST009947,3817.56,27,2026-02-04,141.39111111111112,17,False,15499.170004746778
CUST009948,3129.08,26,2026-01-29,120.34923076923077,23,False,13192.57747516368
CUST009949,5035.400000000001,66,2025-09-20,76.2939393939394,154,True,8363.27494498053
CUST009950,4483.98,43,2026-02-13,104.27860465116278,8,False,11430.929488035827
CUST009951,232.7,3,2025-02-14,77.56666666666666,372,True,8502.79019607843
CUST009952,406.97,13,2025-07-07,31.305384615384618,229,True,3431.668896332061
CUST009953,1419.55,6,2025-11-28,236.59166666666667,85,False,25934.97168638405
CUST009954,135.26,13,2026-01-06,10.404615384615385,46,False,1140.544843398468
CUST009955,0.0,10,2023-06-03,0.0,994,True,0.0
CUST009956,14898.759999999998,29,2026-01-24,513.7503448275861,28,False,56316.86371162758
CUST009957,5480.4,18,2025-01-12,304.46666666666664,405,True,33375.36985431044
CUST009958,5011.18,17,2024-01-21,294.7752941176471,762,True,32313.010067077772
CUST009960,24382.06,122,2026-02-10,199.85295081967215,11,False,21907.705769920754
CUST009961,6118.15,17,2025-11-06,359.8911764705882,107,True,39450.956170381396
CUST009962,2714.69,7,2023-09-06,387.8128571428571,899,True,42511.70639829116
CUST009963,6715.66,22,2026-02-17,305.2572727272727,4,False,33462.035399575776
CUST009964,4757.12,31,2026-02-11,153.45548387096773,10,False,16821.65600076325
CUST009965,3193.8199999999997,62,2026-02-07,51.51322580645161,14,False,5646.834783267785
CUST009966,9012.21,49,2026-01-26,183.92265306122448,26,False,20161.44045490822
CUST009967,436.46,24,2026-02-06,18.18583333333333,15,False,1993.5151530835797
CUST009968,4501.51,13,2025-11-07,346.27000000000004,106,True,37957.81471245482
CUST009969,19948.64,161,2026-02-04,123.90459627329192,17,False,13582.31353384103
CUST009970,787.39,23,2026-02-19,34.23434782608695,2,False,3752.73928317307
CUST009971,3051.62,43,2026-02-14,70.96790697674419,7,False,7779.439927091533
CUST009972,2627.12,3,2025-12-10,875.7066666666666,73,False,95994.19931208236
CUST009973,4853.68,25,2025-12-08,194.1472,75,False,21282.246352678278
CUST009974,10051.39,33,2026-02-09,304.58757575757573,12,False,33388.62380316474
CUST009975,8641.3,34,2025-03-09,254.15588235294115,349,True,27860.345656376252
CUST009977,2729.35,37,2025-12-12,73.76621621621621,71,False,8086.188139815792
CUST009978,3077.59,16,2026-01-23,192.349375,29,False,21085.170347724288
CUST009979,7758.799999999999,25,2026-02-18,310.352,3,False,34020.514949720666
CUST009980,6821.58,18,2026-02-09,378.9766666666667,12,False,41543.09092233542
CUST009981,811.4599999999999,13,2025-09-20,62.419999999999995,154,True,6842.425836345711
CUST009982,8177.17,29,2026-02-16,281.97137931034484,5,False,30909.456118281643
CUST009983,7716.969999999999,12,2025-09-30,643.0808333333333,144,True,70493.95880901522
CUST009984,213.79,16,2025-09-29,13.361875,145,True,1464.7170573858034
CUST009985,2199.94,10,2025-08-31,219.994,174,True,24115.549975024645
CUST009986,877.9300000000001,5,2026-01-14,175.586,38,False,19247.583833716726
CUST009987,4041.3500000000004,83,2026-02-19,48.69096385542169,2,False,5337.460895240509
CUST009988,6008.08,19,2025-10-28,316.21473684210525,116,True,34663.183037514915
CUST009989,8947.3,26,2026-02-10,344.12692307692305,11,False,37722.892493490726
CUST009990,7732.92,51,2026-01-22,151.62588235294118,30,False,16621.09668168023
CUST009991,4106.94,16,2025-10-25,256.68375,119,True,28137.448298143277
CUST009992,85.78,14,2025-10-10,6.127142857142857,134,True,671.6520440354913
CUST009993,45.32,35,2026-02-11,1.294857142857143,10,False,141.9411081169898
CUST009994,14424.740000000002,86,2026-02-19,167.72953488372096,2,False,18386.364995299926
CUST009995,569.46,12,2026-01-26,47.455000000000005,26,False,5201.97561781137
CUST009996,6690.050000000001,27,2025-11-29,247.77962962962968,84,False,27161.386406567595
CUST009997,160.62,9,2025-03-14,17.846666666666668,344,True,1956.335999561836
CUST009998,1661.15,18,2025-08-27,92.28611111111111,178,True,10116.322829262059
CUST009999,2762.6400000000003,40,2026-01-29,69.066,23,False,7570.954546828787
CUST010000,1106.0,14,2026-01-15,79.0,37,False,8659.910943148208
