customer_id,frequency_cal,recency_cal,T_cal,monetary_value_cal,frequency_holdout,monetary_value_holdout,duration_holdout,Predicted_Purchases,Predicted_Monetary,Predicted_CLV
CUST000003,22.0,580.0,620.0,128.16454545454545,6.0,0.0,174.0,6.14164293915234,129.22912208873498,793.6791252091349
CUST000005,107.0,666.0,675.0,82.31644859813085,30.0,332.04333333333335,174.0,26.402912947269492,82.46828466314759,2177.4029408717256
CUST000006,19.0,512.0,555.0,76.74947368421053,10.0,1965.8,174.0,5.929674512896714,77.56495639636391,459.93494503746405
CUST000007,9.0,540.0,559.0,322.5222222222222,1.0,35.75,174.0,3.025720821315237,328.5218828389386,994.0155011634614
CUST000009,7.0,636.0,727.0,48.26428571428572,2.0,0.0,174.0,1.8872796766856832,49.870745645178566,94.12004471730654
CUST000010,58.0,827.0,870.0,177.16672413793103,15.0,574.2,174.0,11.218183723280163,177.69874277635205,1993.457143861021
CUST000011,38.0,510.0,510.0,128.21289473684212,15.0,0.0,174.0,12.505149608320028,128.82760747474666,1611.0085051536346
CUST000013,60.0,728.0,733.0,116.80383333333334,13.0,555.72,174.0,13.845639407019851,117.16332508510318,1622.201150855782
CUST000014,36.0,785.0,820.0,305.84805555555556,7.0,794.6600000000001,174.0,7.544743990083425,307.2573460771005,2318.178015224187
CUST000015,28.0,439.0,561.0,186.11999999999998,0.0,0.0,174.0,3.4386795165083304,187.2745082747191,643.9770155684464
CUST000016,112.0,631.0,635.0,179.2354464285714,19.0,418.72,174.0,29.289030821243323,179.51344195656796,5257.7747342933935
CUST000017,14.0,587.0,633.0,126.75428571428571,5.0,0.0,174.0,3.966827305620635,128.41830624833105,509.4132437674326
CUST000018,5.0,460.0,610.0,94.368,2.0,0.0,174.0,1.6497531689532632,98.09685069799549,161.8355903033532
CUST000019,9.0,418.0,571.0,34.81777777777778,1.0,0.0,174.0,2.687885009014432,35.82785617356863,96.30115751406028
CUST000020,7.0,433.0,551.0,616.63,6.0,0.0,174.0,2.39056722598731,630.9728766944158,1508.3830795126028
CUST000021,27.0,833.0,873.0,36.485925925925926,5.0,0.0,174.0,5.3991111604439395,36.82830363139234,198.84010515646844
CUST000022,2.0,11.0,796.0,1166.03,0.0,0.0,174.0,0.0013808715005161334,1264.8564962920423,1.7466042879723715
CUST000023,28.0,665.0,783.0,111.73357142857142,0.0,0.0,174.0,5.32890228293359,112.47823933155736,599.3855463542867
CUST000024,44.0,547.0,557.0,146.05272727272725,10.0,0.0,174.0,13.253878304868701,146.64574570765254,1943.6248675359484
CUST000025,23.0,607.0,657.0,113.20652173913044,8.0,0.0,174.0,6.041439321974032,114.12405253288198,689.4735385551833
CUST000026,59.0,730.0,733.0,107.9071186440678,26.0,166.855,174.0,13.622663902953848,108.24952399254407,1474.6468830051665
CUST000027,12.0,604.0,621.0,286.12833333333333,6.0,0.0,174.0,3.5330858525149864,290.13731989223277,1025.0800601978626
CUST000028,69.0,362.0,879.0,85.36449275362318,0.0,0.0,174.0,5.44382206363566e-22,85.60692755921613,4.660288810469204e-20
CUST000029,38.0,536.0,563.0,43.72973684210526,10.0,602.54,174.0,11.327528056493497,44.001968664378545,498.43353458669566
CUST000030,13.0,750.0,808.0,411.3315384615384,4.0,0.0,174.0,2.943336961795727,416.5237328341916,1225.9696983160047
CUST000032,31.0,787.0,840.0,55.7958064516129,9.0,481.19,174.0,6.354675579134108,56.18982960028845,357.0681379566598
CUST000033,14.0,625.0,704.0,452.7285714285714,4.0,0.0,174.0,3.5544252929810534,458.00447582165503,1627.9426931590199
CUST000037,6.0,463.0,572.0,162.66333333333333,3.0,0.0,174.0,2.0574135406025085,167.54658295625237,344.71260845587506
CUST000039,14.0,772.0,798.0,297.6028571428572,4.0,2091.5,174.0,3.1994419629590123,301.1599263759139,963.5437060087456
CUST000040,46.0,710.0,715.0,38.453478260869566,16.0,1971.76,174.0,10.94500630421917,38.660550181294404,423.13996545884885
CUST000041,14.0,378.0,558.0,223.38285714285715,0.0,0.0,174.0,2.336983184519305,226.11754856341128,528.4329087174195
CUST000042,10.0,646.0,651.0,68.811,3.0,0.0,174.0,2.878938439681354,70.248160057835,202.2401283073895
CUST000043,25.0,829.0,851.0,127.23479999999999,6.0,0.0,174.0,5.157840961521476,128.1650975692033,661.0551900798334
CUST000044,10.0,203.0,563.0,42.11,0.0,0.0,174.0,0.017507527232551896,43.131120030953085,0.7551192585123757
CUST000046,25.0,694.0,699.0,265.3664,5.0,0.0,174.0,6.229932215718663,267.1496392234351,1664.3241438156965
CUST000047,20.0,501.0,504.0,254.41199999999998,10.0,2530.575,174.0,6.867091011857594,256.55981243753615,1761.8195819936748
CUST000048,3.0,218.0,529.0,296.84999999999997,2.0,0.0,174.0,0.8853253836507395,314.1120442870849,278.09136611778155
CUST000049,30.0,561.0,570.0,175.08599999999998,7.0,0.0,174.0,8.975026988696646,176.10642605636843,1580.559926738817
CUST000050,57.0,824.0,835.0,204.67473684210526,11.0,860.28,174.0,11.625025726221423,205.29035600240945,2386.5056698731646
CUST000051,45.0,668.0,682.0,79.83733333333333,12.0,781.8066666666667,174.0,11.191294018607657,80.19060017484837,897.4365840853387
CUST000052,16.0,298.0,587.0,236.11624999999998,0.0,0.0,174.0,0.028798452290738352,238.62907791877657,6.872148115626772
CUST000053,4.0,424.0,705.0,100.3825,0.0,0.0,174.0,1.1052639100618311,105.32063868619187,116.40710092450978
CUST000054,1.0,5.0,331.0,36.18,0.0,0.0,174.0,0.10906377336040389,46.98202017734733,5.124036400636132
CUST000055,34.0,587.0,616.0,88.54264705882352,16.0,35.66,174.0,9.36170596452814,89.05018468524477,833.6616451101884
CUST000056,35.0,730.0,766.0,124.03257142857142,9.0,0.0,174.0,7.828829293186367,124.68180052686193,976.1125322919162
CUST000057,39.0,820.0,825.0,502.7630769230769,6.0,1209.72,174.0,8.141171801837775,504.84124456853954,4109.999304686082
CUST000058,473.0,838.0,839.0,257.63380549682876,106.0,479.595625,174.0,94.05780248315102,257.72500003446106,24241.04714821143
CUST000059,37.0,832.0,856.0,80.84054054054054,9.0,80.225,174.0,7.454408204083158,81.27468465585079,605.8546760828457
CUST000060,64.0,759.0,779.0,144.08953125,15.0,0.0,174.0,13.879699883950972,144.49206852694954,2005.5065467653374
CUST000061,35.0,688.0,695.0,109.79628571428572,11.0,310.3175,174.0,8.633513442943254,110.38283475078309,952.9916876910696
CUST000063,12.0,546.0,595.0,63.365,1.0,0.0,174.0,3.65552711814563,64.48900068856709,235.74129083916918
CUST000064,54.0,904.0,911.0,257.4135185185185,13.0,1834.72,174.0,10.150169932266095,258.21370361253895,2620.9129705070623
CUST000066,25.0,780.0,788.0,51.9468,5.0,0.0,174.0,5.557986941132732,52.412205601950355,291.3063542916039
CUST000069,157.0,870.0,877.0,201.66324840764332,29.0,262.6125,174.0,30.084095643696333,201.8834241247378,6073.480240245523
CUST000070,4.0,324.0,583.0,57.25,2.0,555.0,174.0,1.2484422192739206,60.46776366450303,75.4905090638431
CUST000072,5.0,422.0,715.0,209.11599999999999,0.0,0.0,174.0,1.213277615368454,216.47732805793572,262.64709636746676
CUST000073,30.0,694.0,694.0,253.38233333333332,4.0,0.0,174.0,7.462621825017253,254.80523515920882,1901.5151090277652
CUST000074,28.0,304.0,576.0,39.93928571428571,0.0,0.0,174.0,0.0001365235211176524,40.28839494735639,0.005500313538391729
CUST000075,13.0,485.0,562.0,335.8830769230769,5.0,0.0,174.0,4.080741674796537,340.17420690716136,1388.1630628169132
CUST000077,7.0,491.0,533.0,56.63142857142857,2.0,0.0,174.0,2.5449672318963152,58.425386473909015,148.69069408697663
CUST000078,44.0,731.0,744.0,222.80568181818182,13.0,0.0,174.0,10.085949812821106,223.66726700670537,2255.8968298004884
CUST000079,18.0,677.0,709.0,58.896666666666675,1.0,0.0,174.0,4.503069445132222,59.60436604916258,268.40259955246034
CUST000080,31.0,739.0,764.0,111.0374193548387,2.0,0.0,174.0,7.008613262673186,111.70620168734308,782.9055666687585
CUST000081,15.0,641.0,649.0,85.998,7.0,0.0,174.0,4.151572110665756,87.12876585689727,361.7213543682215
CUST000082,6.0,327.0,562.0,28.816666666666666,0.0,0.0,174.0,1.6261236664341796,30.187558237236907,49.088702881431
CUST000083,139.0,846.0,846.0,82.6603597122302,19.0,1259.1499999999999,174.0,27.62110255047771,82.77758210472206,2286.4080841951163
CUST000084,26.0,561.0,835.0,72.43576923076922,0.0,0.0,174.0,0.0880845965832401,73.00478974136409,6.4305974530123216
CUST000086,16.0,632.0,655.0,157.313125,5.0,0.0,174.0,4.358839895000432,159.0629945671348,693.3301265374641
CUST000087,10.0,621.0,685.0,236.375,3.0,0.0,174.0,2.720097414888165,240.4230484539414,653.974112579098
CUST000089,12.0,840.0,847.0,727.16,3.0,0.0,174.0,2.634688329595394,736.880743999692,1941.4510965195593
CUST000090,15.0,286.0,679.0,83.60666666666665,0.0,0.0,174.0,0.0023443154716559183,84.71272059495793,0.1985933415368248
CUST000091,37.0,789.0,789.0,212.92783783783784,6.0,0.0,174.0,8.07766691445112,213.91197442968829,1727.909678455607
CUST000097,64.0,542.0,552.0,159.4046875,21.0,824.9250000000001,174.0,19.246692898979628,159.84402722029523,3076.4689036451628
CUST000098,25.0,653.0,822.0,137.2996,0.0,0.0,174.0,3.2405622044669853,138.29204618082812,448.1439780319945
CUST000099,5.0,443.0,586.0,22.356,2.0,0.0,174.0,1.7147340211425686,23.80522961837741,40.81963710774247
CUST000100,45.0,767.0,786.0,180.53266666666667,10.0,2071.8,174.0,9.774497987939759,181.23042054611253,1771.436380981453
CUST000101,103.0,670.0,680.0,264.6544660194175,22.0,98.645,174.0,25.2460869828154,265.0842145165719,6692.33913745667
CUST000102,53.0,592.0,595.0,203.87377358490565,16.0,122.98,174.0,14.942656907049269,204.53366410499416,3056.2763686625863
CUST000104,17.0,804.0,812.0,63.52470588235295,2.0,0.0,174.0,3.765415465626066,64.31656188472084,242.17857681662383
CUST000105,65.0,883.0,897.0,196.88276923076924,11.0,0.0,174.0,12.336572441106057,197.40400519930313,2435.28881030568
CUST000106,6.0,423.0,510.0,97.45666666666665,1.0,0.0,174.0,2.302511323612471,100.62878543786364,231.69891795205075
CUST000107,22.0,377.0,633.0,329.24636363636364,0.0,0.0,174.0,0.032274737451923184,331.7230948991212,10.706275794608535
CUST000108,29.0,650.0,671.0,220.0044827586207,3.0,0.0,174.0,7.440561842887085,221.29918718648108,1646.5902880416577
CUST000110,17.0,527.0,606.0,81.53117647058824,2.0,0.0,174.0,4.829979613216947,82.48701960846749,398.41062306392456
CUST000113,13.0,773.0,779.0,71.89461538461538,7.0,1559.0900000000001,174.0,3.066724286298883,73.03298921125194,223.97204171515065
CUST000114,3.0,286.0,521.0,90.74000000000001,1.0,0.0,174.0,1.180635504467533,96.89319465468542,114.39554575060538
CUST000116,10.0,732.0,761.0,59.32899999999999,2.0,0.0,174.0,2.4776706892555747,60.6184168446634,150.1924746450989
CUST000117,16.0,572.0,576.0,109.6225,2.0,0.0,174.0,4.9294279291533085,110.9106371086978,546.7259922038023
CUST000118,35.0,827.0,835.0,251.7477142857143,4.0,603.9,174.0,7.249845109641445,252.95925248673475,1833.9153995795095
CUST000119,76.0,595.0,597.0,126.64144736842105,25.0,68.7,174.0,21.193468828145203,126.94500325897648,2690.4049694579094
CUST000121,52.0,621.0,626.0,175.8926923076923,14.0,254.3733333333333,174.0,13.980795109994773,176.48250926575446,2467.365802542267
CUST000122,28.0,665.0,695.0,307.1192857142857,0.0,0.0,174.0,6.948610712659715,308.94045312547587,2146.706942161628
CUST000123,6.0,436.0,463.0,331.54,3.0,249.42,174.0,2.560293039209014,340.854852850646,872.6883071341217
CUST000124,27.0,733.0,764.0,106.02777777777777,10.0,0.0,174.0,6.138180228482981,106.76757590375452,655.358623455482
CUST000125,14.0,653.0,654.0,15.392857142857142,5.0,0.0,174.0,3.8727894551536295,15.822962721018085,61.279003175247816
CUST000126,5.0,391.0,398.0,49.22,2.0,0.0,174.0,2.551331761715492,51.51963983726954,131.44369346896852
CUST000127,30.0,656.0,688.0,281.0023333333333,10.0,110.75,174.0,7.4860761120716255,282.56721346496744,2115.3196667747366
CUST000128,15.0,630.0,650.0,37.11133333333333,2.0,0.0,174.0,4.1400419296866025,37.7369066268971,156.2323757320222
CUST000129,16.0,584.0,874.0,494.683125,0.0,0.0,174.0,0.954394427622816,499.69935309153846,476.9102780772903
CUST000130,36.0,783.0,855.0,46.464444444444446,5.0,0.0,174.0,7.070598875612642,46.76356957355567,330.6464424464163
CUST000131,97.0,791.0,791.0,201.7803092783505,20.0,4616.812,174.0,20.64332718035603,202.13707736119662,4172.78182324812
CUST000132,6.0,586.0,593.0,77.12666666666667,3.0,0.0,174.0,2.040108990923044,79.76529259129107,162.72989057910019
CUST000133,131.0,808.0,811.0,223.32251908396947,29.0,243.42666666666665,174.0,27.114731815313192,223.61184156267834,6063.175114700327
CUST000136,37.0,638.0,649.0,205.69108108108108,8.0,91.52,174.0,9.711833696229125,206.6450848603734,2006.9026983071012
CUST000137,34.0,676.0,680.0,114.53176470588235,4.0,896.77,174.0,8.574065454901394,115.1571089332581,987.364589590965
CUST000139,21.0,753.0,753.0,298.15,5.0,0.0,174.0,4.927704800080182,300.51667999698236,1480.85748652529
CUST000140,13.0,507.0,550.0,93.6846153846154,2.0,0.0,174.0,4.230387318840838,95.08322239065092,402.2388582359328
CUST000141,15.0,829.0,830.0,383.05533333333335,3.0,0.0,174.0,3.2884320042476856,387.2558760008881,1273.4646164742937
CUST000142,49.0,740.0,760.0,119.86959183673468,7.0,0.0,174.0,10.957389298841145,120.31966864160229,1318.3894496136054
CUST000143,35.0,670.0,724.0,140.89,8.0,209.14,174.0,8.154256724934472,141.6134496278399,1154.7524239689826
CUST000144,19.0,616.0,646.0,204.70263157894738,2.0,0.0,174.0,5.169731641318811,206.55973925175044,1067.8584198323374
CUST000145,40.0,672.0,702.0,54.065250000000006,10.0,481.19,174.0,9.677619409872868,54.363613312573584,526.1103593845852
CUST000146,29.0,653.0,655.0,46.32344827586206,6.0,0.0,174.0,7.630280584839362,46.69441013592659,356.29145108068695
CUST000148,41.0,731.0,740.0,59.13390243902438,13.0,0.0,174.0,9.47294399411932,59.443999630585814,563.1096792869889
CUST000149,4.0,217.0,492.0,293.6375,5.0,0.0,174.0,1.0819472172623867,306.28377233985157,331.38287517572877
CUST000150,11.0,686.0,775.0,16.363636363636363,3.0,0.0,174.0,2.6180440283174478,16.926434266392324,44.314150151836245
CUST000151,37.0,695.0,698.0,185.14918918918917,8.0,734.08,174.0,9.073830016409227,186.01765949005008,1687.892622263007
CUST000152,36.0,720.0,727.0,205.8188888888889,6.0,835.7,174.0,8.499947742399135,206.8000532131324,1757.7896454369857
CUST000153,14.0,665.0,679.0,279.4107142857143,6.0,3160.84,174.0,3.733555430483273,282.7662096216059,1055.7233174899184
CUST000154,19.0,574.0,585.0,178.58421052631581,8.0,0.0,174.0,5.691029380762973,180.22869664488135,1025.6868078626367
CUST000155,61.0,739.0,761.0,191.6595081967213,13.0,504.52,174.0,13.53219555062277,192.20183937253105,2600.9128755784773
CUST000156,10.0,508.0,554.0,100.05199999999999,4.0,84.69,174.0,3.327232644684966,101.97593982188191,339.2976759477951
CUST000158,3.0,207.0,543.0,355.8533333333333,0.0,0.0,174.0,0.7659738116806147,376.29552005800184,288.2325138171669
CUST000159,19.0,663.0,716.0,14.881578947368421,7.0,1115.38,174.0,4.666950230478407,15.193415290170332,70.90691299021458
CUST000161,45.0,853.0,865.0,66.30688888888889,11.0,489.445,174.0,8.930385322308268,66.61386696433844,594.8874998005236
CUST000162,36.0,616.0,748.0,262.83472222222224,0.0,0.0,174.0,3.4984460289274257,264.05991509058344,923.7993613475649
CUST000163,92.0,836.0,849.0,185.22369565217394,14.0,2185.24,174.0,18.28482782437394,185.57222892898963,3393.1562549518803
CUST000164,32.0,883.0,905.0,66.9871875,2.0,0.0,174.0,6.151172312307488,67.42275362150232,414.7289752961145
CUST000165,22.0,564.0,802.0,23.76181818181818,0.0,0.0,174.0,0.7265557041354119,24.093196778082714,17.505049549972924
CUST000166,16.0,676.0,677.0,572.86125,4.0,139.02,174.0,4.234749265019228,578.6343853002875,2450.371537865245
CUST000167,40.0,729.0,775.0,288.178,7.0,603.9,174.0,8.748840946109182,289.3777826899139,2531.7201940918035
CUST000170,36.0,575.0,585.0,203.81916666666666,10.0,246.47,174.0,10.43030772905209,204.79177215253142,2136.041203928823
CUST000171,5.0,362.0,425.0,51.112,6.0,0.0,174.0,2.370198037746477,53.471533231184964,126.73812313985013
CUST000172,118.0,653.0,656.0,176.40550847457627,22.0,192.505,174.0,29.90991624626559,176.6656659527162,5284.055272236476
CUST000176,54.0,800.0,846.0,75.7925925925926,8.0,0.0,174.0,10.721419377284162,76.07528927943127,815.6350806129925
CUST000177,29.0,624.0,633.0,298.18689655172415,11.0,808.4,174.0,7.874806011731305,299.8974231439838,2361.6340306769707
CUST000178,58.0,875.0,879.0,70.65431034482758,9.0,505.59,174.0,11.264736258837168,70.9038309676498,798.7129555917463
CUST000179,23.0,670.0,807.0,43.98173913043478,0.0,0.0,174.0,4.330428663497495,44.434398009337364,192.41999078489053
CUST000180,14.0,568.0,633.0,65.71285714285715,5.0,0.0,174.0,3.941896529401479,66.70052202477898,262.92655627874313
CUST000181,23.0,663.0,706.0,28.03217391304348,3.0,0.0,174.0,5.666739456586785,28.377725125526524,160.80917465699534
CUST000182,8.0,589.0,752.0,121.42125,5.0,2036.14,174.0,1.9780849015884923,124.25341167241774,245.78379760006885
CUST000183,61.0,795.0,804.0,155.48475409836064,10.0,0.0,174.0,12.880360992171402,155.93587111150427,2008.5103115448871
CUST000184,4.0,94.0,573.0,165.72500000000002,0.0,0.0,174.0,0.02695823316609309,173.26937771371647,4.671036284950222
CUST000185,10.0,487.0,682.0,19.381999999999998,0.0,0.0,174.0,2.341679063329803,20.048985064810562,46.9482885672788
CUST000186,13.0,671.0,678.0,236.16615384615383,5.0,677.0775,174.0,3.4984657048077863,239.26638654101447,837.0652476270225
CUST000187,30.0,813.0,847.0,277.05533333333335,5.0,1073.4450000000002,174.0,6.148804891234125,278.5999242407521,1713.0565768689933
CUST000188,12.0,496.0,499.0,131.36083333333332,2.0,0.0,174.0,4.341089612614882,133.36544132595165,578.9513320218882
CUST000189,6.0,509.0,591.0,178.29666666666665,5.0,315.95500000000004,174.0,2.0188279319134157,183.59016082974398,370.63694470756343
CUST000190,34.0,721.0,747.0,141.48617647058822,1.0,0.0,174.0,7.819218360938569,142.23370290029385,1112.1563812622592
CUST000191,25.0,752.0,754.0,52.626400000000004,7.0,176.07,174.0,5.7989782510582675,53.09600202875071,307.902560982871
CUST000192,6.0,606.0,697.0,140.685,1.0,0.0,174.0,1.7300793420033018,144.99150178165388,250.84680199847432
CUST000194,22.0,715.0,732.0,356.73636363636365,5.0,0.0,174.0,5.27983370024999,359.4061512932315,1897.6047096751504
CUST000197,16.0,870.0,880.0,228.38375,2.0,0.0,174.0,3.2970015675790343,230.82171317890658,761.0195501821332
CUST000198,11.0,634.0,657.0,467.0109090909091,6.0,0.0,174.0,3.098549833978593,473.9480717389999,1468.5517190013525
CUST000199,36.0,762.0,790.0,302.62305555555554,9.0,1551.4366666666665,174.0,7.82995762003014,304.01854303312535,2380.452307652681
CUST000200,66.0,768.0,777.0,224.29893939393938,9.0,812.665,174.0,14.37195946750568,224.87613966931355,3231.9107645365207
CUST000202,19.0,827.0,848.0,136.78,9.0,0.0,174.0,4.00060100741164,138.0841716639564,552.4196762664258
CUST000203,26.0,738.0,853.0,36.91692307692308,8.0,542.28,174.0,4.943966149728955,37.27510569745989,184.2868607958106
CUST000204,9.0,607.0,668.0,27.264444444444443,7.0,0.0,174.0,2.5431478665366574,28.143527374449217,71.57315159914654
CUST000205,21.0,644.0,645.0,11.324285714285715,6.0,0.0,174.0,5.705964496192407,11.580024295728954,66.07520749647489
CUST000207,37.0,561.0,600.0,201.50837837837838,7.0,0.0,174.0,10.32739583328373,202.4449659862056,2090.729298195206
CUST000209,43.0,698.0,701.0,91.98697674418605,9.0,0.0,174.0,10.448437668431858,92.40023854437472,965.438132979134
CUST000210,72.0,592.0,592.0,200.46569444444444,20.0,774.04,174.0,20.261503962883594,200.94379758996672,4071.4235511859897
CUST000211,13.0,498.0,509.0,14.366923076923076,4.0,212.65,174.0,4.575278180081432,14.818256321975662,67.79764481678899
CUST000212,41.0,829.0,842.0,65.32707317073171,11.0,667.5250000000001,174.0,8.37304672589714,65.66043253240171,549.7778696364162
CUST000213,55.0,878.0,886.0,118.12127272727272,8.0,1875.75,174.0,10.611669803326595,118.51722227645793,1257.6656288052347
CUST000214,18.0,763.0,839.0,243.345,3.0,0.0,174.0,3.8002281225510406,245.63836883286427,933.4818372162158
CUST000215,20.0,658.0,672.0,70.233,8.0,0.0,174.0,5.2378275094156495,70.95701781267053,371.66061988530197
CUST000217,37.0,871.0,878.0,301.7175675675675,8.0,578.66,174.0,7.289914777034038,303.07141180235266,2209.364763394539
CUST000218,8.0,757.0,838.0,73.80000000000001,3.0,499.01,174.0,1.8519204399457798,75.70102500360882,140.19227552902973
CUST000219,21.0,665.0,670.0,471.04095238095243,9.0,409.3416666666667,174.0,5.5028307173994975,474.68005201667546,2612.083971174153
CUST000220,20.0,478.0,739.0,140.422,0.0,0.0,174.0,0.2722363836196662,141.68861344477133,38.57279572428936
CUST000221,8.0,63.0,879.0,470.52625,0.0,0.0,174.0,1.895981662651356e-07,480.18444977021113,9.104209114546514e-05
CUST000222,48.0,596.0,607.0,112.82354166666669,10.0,0.0,174.0,13.302716113570979,113.26043142069706,1506.6713660901075
CUST000223,63.0,448.0,687.0,178.98698412698414,0.0,0.0,174.0,1.0872619553920991e-07,179.4811196845826,1.9514299314422267e-05
CUST000224,14.0,620.0,631.0,349.985,4.0,759.63,174.0,4.002124764472284,354.1224776412629,1417.2423374243808
CUST000225,9.0,213.0,680.0,110.22666666666666,0.0,0.0,174.0,0.007204904636777017,112.54454151317381,0.8108726889922095
CUST000227,108.0,745.0,750.0,159.61703703703702,31.0,1312.57,174.0,24.133139857202526,159.877433958229,3858.344473724601
CUST000228,7.0,265.0,599.0,23.638571428571428,0.0,0.0,174.0,0.47611373471152446,24.693197650359455,11.75677055528248
CUST000229,11.0,631.0,709.0,201.30454545454543,2.0,0.0,174.0,2.8527071255750953,204.48331572022016,583.331011816294
CUST000230,9.0,650.0,708.0,24.928888888888892,3.0,0.0,174.0,2.4099850121676076,25.767466895521743,62.09920901973239
CUST000231,7.0,314.0,586.0,220.8342857142857,0.0,0.0,174.0,1.244569596134296,226.30783928864957,281.65585614549974
CUST000233,11.0,772.0,774.0,70.3990909090909,0.0,0.0,174.0,2.6580732276579777,71.72621540893945,190.65353289973106
CUST000234,19.0,597.0,635.0,53.05631578947368,9.0,487.4475,174.0,5.243709387643732,53.678920224405694,281.4766578992951
CUST000235,33.0,845.0,855.0,147.75060606060606,6.0,680.6,174.0,6.697343012510038,148.55015128312357,994.8913177033368
CUST000236,60.0,566.0,578.0,210.9935,19.0,36.7,174.0,17.30150550564579,211.5944581945083,3660.902683416423
CUST000237,40.0,671.0,727.0,420.72325,5.0,0.0,174.0,9.16098621017392,422.43338019010093,3869.9063706386714
CUST000238,15.0,627.0,892.0,8.760666666666667,4.0,1748.0,174.0,1.6875130064149912,9.09326547573133,15.345003761081022
CUST000240,33.0,655.0,696.0,84.89878787878787,10.0,0.0,174.0,8.077981262626997,85.40475708534947,689.8980274746633
CUST000241,8.0,735.0,781.0,651.8775,5.0,896.77,174.0,1.9898023072547009,665.0816545447989,1323.3810107260147
CUST000242,12.0,112.0,841.0,53.26333333333334,0.0,0.0,174.0,2.3184718421999754e-08,54.256508337241954,1.2579218683598367e-06
CUST000243,54.0,634.0,642.0,323.4968518518519,16.0,414.19,174.0,14.157850837907207,324.48532669681146,4594.014854463046
CUST000244,14.0,826.0,860.0,37.40071428571429,2.0,189.215,174.0,2.976786969475847,38.07467291446824,113.34019019884401
CUST000246,70.0,724.0,728.0,183.91785714285714,20.0,1249.955,174.0,16.206379341837998,184.3733016778651,2988.023667498618
CUST000247,22.0,730.0,738.0,116.62363636363638,6.0,0.0,174.0,5.2438124694623065,117.6071636601087,616.7099112989722
CUST000248,65.0,891.0,899.0,99.82861538461538,13.0,1235.2875,174.0,12.319135558470045,100.12022596126258,1233.3946357614454
CUST000249,4.0,646.0,723.0,62.955,1.0,0.0,174.0,1.2240087464511817,66.40031225312494,81.2745629649145
CUST000252,21.0,748.0,793.0,69.11571428571429,5.0,0.0,174.0,4.663736073971214,69.79677847068093,325.51375360069204
CUST000253,11.0,706.0,819.0,138.89636363636362,3.0,0.0,174.0,2.4668330927156004,141.19237583807683,348.29802515650647
CUST000256,20.0,621.0,621.0,148.4235,8.0,484.96,174.0,5.650232632782768,149.75196899122813,846.1334620177104
CUST000257,30.0,749.0,781.0,124.497,2.0,0.0,174.0,6.643219690534379,125.25737752233415,832.1122767410686
CUST000258,30.0,500.0,766.0,138.93333333333334,0.0,0.0,174.0,0.012679911270231187,139.767919622794,1.7722448192418323
CUST000259,50.0,891.0,899.0,74.4994,9.0,539.2666666666667,174.0,9.537310446980161,74.80080168630744,713.3984673653111
CUST000260,9.0,713.0,716.0,93.3288888888889,5.0,255.78000000000003,174.0,2.400757551117336,95.35371003670899,228.921139397682
CUST000262,64.0,721.0,724.0,102.42125,13.0,881.1966666666667,174.0,14.924100740364063,102.72365806279181,1533.058221347816
CUST000265,23.0,242.0,694.0,245.314347826087,0.0,0.0,174.0,1.3998375399806442e-07,247.11903515201178,3.459265022495825e-05
CUST000266,12.0,485.0,549.0,312.43583333333333,4.0,1209.72,174.0,3.9139094761478144,316.7855257195701,1239.8698710202925
CUST000267,64.0,794.0,828.0,258.7665625,17.0,4400.713333333333,174.0,13.007802785687302,259.44466960312286,3374.8050959952234
CUST000268,28.0,739.0,764.0,8.254285714285714,9.0,4136.36,174.0,6.360882150121818,8.42882288592322,53.614749041607276
CUST000269,86.0,549.0,558.0,86.38255813953488,31.0,1300.0233333333333,174.0,25.46038688205762,86.57880361089175,2204.3298357189915
CUST000270,73.0,595.0,595.0,201.71698630136987,14.0,256.45,174.0,20.44018588880999,202.19116166928796,4132.824929594679
CUST000271,16.0,794.0,815.0,79.358125,6.0,71.32,174.0,3.5444876209894294,80.35324761639853,284.811091482623
CUST000272,50.0,836.0,854.0,156.93880000000001,4.0,0.0,174.0,10.005479086025373,157.49394366535685,1575.8023595193863
CUST000273,42.0,791.0,831.0,158.52404761904762,17.0,3303.8599999999997,174.0,8.620005189389426,159.1911326789202,1372.2283897970729
CUST000274,80.0,746.0,752.0,268.97175,11.0,673.81,174.0,17.91080968196093,269.5335841820416,4827.564729181342
CUST000275,11.0,345.0,699.0,146.14454545454544,0.0,0.0,174.0,0.17165717258774443,148.54308252980329,25.498485554534007
CUST000276,45.0,868.0,885.0,336.24044444444445,9.0,0.0,174.0,8.732134936254397,337.4708874701876,2946.8413264472015
CUST000277,64.0,794.0,831.0,158.3634375,13.0,372.12,174.0,12.928339780125572,158.80027508819106,2053.0239135175443
CUST000278,6.0,223.0,225.0,26.006666666666664,2.0,0.0,174.0,4.892749501792386,27.303819186628495,133.59074772240595
CUST000279,14.0,540.0,570.0,167.23499999999999,2.0,0.0,174.0,4.389807895931789,169.3475578725367,743.4032467056272
CUST000282,47.0,668.0,694.0,265.25021276595743,6.0,984.495,174.0,11.443803370607935,266.19563006046127,3046.2904485270096
CUST000283,89.0,857.0,865.0,121.96921348314606,14.0,253.61,174.0,17.39994525495569,122.22028498073831,2126.62626770993
CUST000284,22.0,650.0,657.0,10.331818181818182,6.0,0.0,174.0,5.854675235348187,10.568880758697416,61.877364443293715
CUST000285,78.0,847.0,849.0,147.86551282051283,14.0,763.775,174.0,15.567369742362118,148.20309931152215,2307.132443946478
CUST000288,30.0,623.0,642.0,267.98133333333334,6.0,183.82,174.0,8.014216251365077,269.4792801007646,2159.665225989709
CUST000289,20.0,637.0,677.0,103.01349999999998,8.0,349.445,174.0,5.177215346193485,103.99092726597631,538.3834245063031
CUST000290,28.0,565.0,596.0,101.35285714285715,10.0,0.0,174.0,8.019634086410264,102.04033133613798,818.3261193718895
CUST000292,19.0,547.0,600.0,88.15157894736842,7.0,0.0,174.0,5.494430842199472,89.05988248271579,489.33336511569416
CUST000294,22.0,559.0,576.0,142.7109090909091,5.0,1692.2,174.0,6.6168502014126656,143.87764172768337,952.0168026446011
CUST000295,20.0,627.0,683.0,102.61749999999999,7.0,226.24,174.0,5.106500790202973,103.59186599041588,528.9919455386591
CUST000297,13.0,656.0,780.0,118.98615384615384,7.0,0.0,174.0,2.95641178009465,120.68693156341152,356.80026617754663
CUST000299,24.0,594.0,632.0,141.62333333333333,3.0,0.0,174.0,6.550046059026314,142.68521547502743,934.5947333035239
CUST000302,28.0,507.0,665.0,140.13000000000002,0.0,0.0,174.0,1.7051405650095801,141.03112121127234,240.4778857061235
CUST000303,17.0,888.0,893.0,146.8064705882353,7.0,34.35,174.0,3.4388552309050047,148.35678383337745,510.17750212565306
CUST000304,7.0,434.0,676.0,28.18,0.0,0.0,174.0,1.6764793384764611,29.336394371297494,49.181859028877405
CUST000305,29.0,773.0,791.0,80.30931034482758,8.0,0.0,174.0,6.3699257680570245,80.86102992314174,515.0787581390507
CUST000306,2.0,242.0,360.0,456.1,0.0,0.0,174.0,1.4075465563847906,495.94155698804786,698.0608307066382
CUST000307,11.0,489.0,499.0,379.9236363636364,3.0,432.96,174.0,4.01393146192064,385.6289574481901,1547.888204928946
CUST000309,95.0,624.0,635.0,97.27126315789474,24.0,685.385,174.0,24.85920228108389,97.46650044987004,2422.939450312673
CUST000310,28.0,864.0,893.0,232.72035714285715,5.0,0.0,174.0,5.479992853861795,234.13161531216207,1283.0395787737668
CUST000311,7.0,211.0,838.0,80.64571428571428,0.0,0.0,174.0,0.005356117883173308,82.97780449182925,0.444438902545145
CUST000312,33.0,839.0,858.0,126.38969696969698,8.0,0.0,174.0,6.668833162972511,127.0894670262843,847.5384523693862
CUST000313,22.0,641.0,758.0,154.87727272727273,8.0,0.0,174.0,4.6885618801633075,156.12944713534827,732.0225742097663
CUST000314,11.0,459.0,590.0,179.0472727272727,0.0,0.0,174.0,3.19012633019126,181.91121589160628,580.3197595729199
CUST000315,24.0,693.0,694.0,84.77791666666667,11.0,159.45999999999998,174.0,6.03688157171612,85.47406740296883,515.996822364604
CUST000316,33.0,504.0,542.0,212.06757575757578,14.0,126.85,174.0,10.174801751027184,213.16754060625863,2168.9374654227186
CUST000317,17.0,717.0,743.0,441.0641176470588,2.0,0.0,174.0,4.089968828126984,445.2942713643819,1821.2396892238403
CUST000318,13.0,701.0,735.0,448.26,0.0,0.0,174.0,3.2315295746199233,453.8932228699669,1466.76937342385
CUST000319,19.0,609.0,752.0,21.11052631578947,4.0,1104.6533333333334,174.0,3.9020103890139106,21.473070489209036,83.78814413292167
CUST000321,4.0,328.0,370.0,30.1625,2.0,0.0,174.0,2.2804577158178656,32.29985658399538,73.65845716678275
CUST000322,13.0,132.0,608.0,47.26615384615385,0.0,0.0,174.0,3.441474899487553e-06,48.11039537128246,0.00016557071807469075
CUST000323,81.0,703.0,703.0,179.4411111111111,22.0,472.59000000000003,174.0,19.339383881589445,179.8260921868258,3477.7258287271165
CUST000324,25.0,836.0,849.0,55.6288,6.0,989.48,174.0,5.174115382898069,56.11694139282572,290.35552970180896
CUST000325,25.0,585.0,610.0,245.7076,7.0,846.1,174.0,7.062552524690172,247.36944911869287,1747.0597274044414
CUST000326,30.0,614.0,635.0,46.67733333333333,14.0,248.0025,174.0,8.093944135129568,47.037685351393776,380.72039747998366
CUST000327,214.0,809.0,815.0,127.02775700934579,48.0,282.7733333333333,174.0,43.87715231179091,127.13569862100901,5578.352412659958
CUST000328,38.0,536.0,892.0,300.46210526315787,0.0,0.0,174.0,2.814537392310125e-05,301.77508815108826,0.00849357269668922
CUST000330,10.0,674.0,851.0,47.387,2.0,0.0,174.0,2.1130261520822033,48.49034328932752,102.46136349379282
CUST000332,30.0,665.0,675.0,82.07366666666667,9.0,3093.32,174.0,7.654422340431235,82.61597058323315,632.3775309087096
CUST000333,13.0,722.0,729.0,436.29538461538465,4.0,991.605,174.0,3.266137751875682,441.785716714272,1442.9330075999392
CUST000334,9.0,742.0,852.0,412.7966666666667,0.0,0.0,174.0,2.002973362188192,420.36193313932915,841.9737545560101
CUST000336,2.0,454.0,675.0,892.315,4.0,1118.4066666666668,174.0,0.7831714033828595,968.3997292705151,758.4229750083705
CUST000337,101.0,833.0,845.0,125.72762376237624,23.0,1165.9133333333332,174.0,20.139128960301726,125.95453749134582,2536.614673673372
CUST000338,24.0,530.0,571.0,345.76666666666665,12.0,285.68666666666667,174.0,7.184160594010007,348.14196390107094,2501.1077781793283
CUST000339,14.0,678.0,708.0,85.36857142857143,7.0,1470.38,174.0,3.5819797794791763,86.57402697766467,310.1064140620796
CUST000340,73.0,676.0,678.0,131.52013698630137,16.0,1345.18,174.0,18.068817832657043,131.84646916956524,2382.3098333039075
CUST000341,41.0,898.0,912.0,230.78902439024392,3.0,0.0,174.0,7.756412830794494,231.74387542758512,1797.501168824562
CUST000343,62.0,643.0,647.0,295.83032258064515,17.0,0.0,174.0,16.09128978926007,296.62230305956143,4773.035436489127
CUST000344,37.0,588.0,590.0,222.83081081081082,10.0,1629.235,174.0,10.634045956966037,223.85618195543023,2380.4969266649964
CUST000345,9.0,488.0,512.0,78.56,1.0,0.0,174.0,3.2807066318646636,80.32868820706861,263.5348601299188
CUST000350,53.0,552.0,555.0,61.246415094339625,22.0,963.9860000000001,174.0,15.949846981616378,61.492230798761454,980.7916717984831
CUST000352,35.0,713.0,729.0,393.11885714285717,9.0,989.8933333333333,174.0,8.2425074126682,394.9528296043225,3255.401625667909
CUST000354,8.0,554.0,598.0,67.3875,4.0,261.645,174.0,2.558042048823836,69.16314161092724,176.92222446950942
CUST000355,18.0,666.0,788.0,71.73444444444445,2.0,191.59,174.0,3.862443858434111,72.55250791462257,280.2299886088262
CUST000356,3.0,312.0,701.0,120.64666666666666,0.0,0.0,174.0,0.7314337666110616,128.41176109820083,93.92469809721683
CUST000357,22.0,573.0,614.0,34.939090909090915,5.0,70.03,174.0,6.1949202018800715,35.34896510261682,218.98401802975462
CUST000358,6.0,187.0,677.0,64.01333333333334,0.0,0.0,174.0,0.037080297701936944,66.30784368845184,2.458714583941295
CUST000359,20.0,603.0,673.0,112.3065,4.0,947.6675,174.0,5.1337610921206105,113.35576674522683,581.9414248841449
CUST000360,18.0,528.0,687.0,301.50611111111107,3.0,1224.74,174.0,3.480542008644141,304.299480651066,1059.1271256146304
CUST000361,15.0,729.0,749.0,35.466,4.0,6308.0,174.0,3.6207204793165157,36.07457049462327,130.61593617242983
CUST000363,17.0,735.0,786.0,34.73529411764706,1.0,0.0,174.0,3.8614483894890466,35.2649614170586,136.1738284692943
CUST000364,40.0,813.0,824.0,232.43725,18.0,609.052,174.0,8.347879741111095,233.42241049544788,1948.5822116962672
CUST000365,34.0,759.0,774.0,327.8629411764706,12.0,0.0,174.0,7.574179429590179,329.45529864065264,2495.3535459335208
CUST000366,11.0,698.0,741.0,91.94454545454545,1.0,896.77,174.0,2.758574307129059,93.57642845220005,258.13753128113973
CUST000367,19.0,681.0,695.0,275.6484210526316,4.0,0.0,174.0,4.836923525693827,278.0830752775063,1345.0665689070574
CUST000368,48.0,667.0,667.0,161.45166666666665,12.0,243.40500000000003,174.0,12.187718723404064,162.04448635369621,1974.9526203573378
CUST000370,39.0,624.0,625.0,155.30358974358975,7.0,123.64,174.0,10.598330435565131,156.00947256458824,1653.4399413177389
CUST000371,11.0,535.0,573.0,45.74181818181818,2.0,121.33,174.0,3.5133595263932205,46.72016779829147,164.14474660881712
CUST000372,33.0,739.0,740.0,307.72242424242427,3.0,663.895,174.0,7.691618470398993,309.2691855424653,2378.7805798436793
CUST000373,13.0,637.0,660.0,161.1753846153846,6.0,0.0,174.0,3.5823690777695405,163.38001904028215,585.2875281353055
CUST000377,20.0,760.0,774.0,158.9085,5.0,0.0,174.0,4.581149032075706,160.3180232191353,734.4407568946323
CUST000379,28.0,600.0,605.0,194.9232142857143,5.0,161.70499999999998,174.0,7.950577587652747,196.12622485694897,1559.3167676986016
CUST000382,7.0,573.0,580.0,395.7057142857143,3.0,0.0,174.0,2.3644675628188208,405.0979338498404,957.840924352872
CUST000383,13.0,557.0,640.0,199.23076923076923,3.0,423.18,174.0,3.6207272837448055,201.88989074753053,730.9882357418418
CUST000384,20.0,762.0,786.0,255.175,3.0,0.0,174.0,4.509735617898008,257.32871080433574,1160.4844526220888
CUST000386,18.0,747.0,786.0,66.7961111111111,4.0,209.36,174.0,4.08007080232095,67.5717206097033,275.69740432223927
CUST000387,53.0,582.0,864.0,152.80150943396228,0.0,0.0,174.0,1.406103390300041e-05,153.31312729032211,0.002155741080604237
CUST000388,19.0,857.0,863.0,199.53947368421052,8.0,622.37,174.0,3.938923501811347,201.3545497711784,793.1201682903372
CUST000389,49.0,741.0,751.0,499.398775510204,18.0,1225.5233333333333,174.0,11.101117370962122,501.0409281439551,5562.114150981844
CUST000390,8.0,752.0,759.0,228.56,1.0,0.0,174.0,2.0524590736028583,233.487041978486,479.222597877435
CUST000391,42.0,785.0,801.0,91.05571428571429,8.0,0.0,174.0,8.98479556102054,91.47543740167598,821.8881039089906
CUST000392,77.0,896.0,911.0,103.63597402597404,15.0,1319.8600000000001,174.0,14.346571288147796,103.88964944009223,1490.460261792967
CUST000394,5.0,104.0,615.0,169.87199999999999,0.0,0.0,174.0,0.008326072875810187,175.99101497610863,1.4653140161788825
CUST000395,30.0,538.0,568.0,143.03933333333333,3.0,0.0,174.0,8.95573666697379,143.8950261732446,1288.6859620948796
CUST000401,52.0,692.0,692.0,168.5321153846154,8.0,721.535,174.0,12.723274426097632,169.1001510020132,2151.5076266931624
CUST000402,14.0,460.0,721.0,452.11857142857144,0.0,0.0,174.0,1.0365330126288863,457.38771685553235,474.097468091713
CUST000403,29.0,670.0,679.0,11.537586206896552,8.0,613.615,174.0,7.370335288676171,11.723535456653478,86.40638708421943
CUST000404,19.0,621.0,649.0,60.83157894736842,5.0,0.0,174.0,5.14928118765108,61.51747926584202,316.77079869531565
CUST000405,24.0,782.0,827.0,120.40666666666668,7.0,0.0,174.0,5.079652928883841,121.33204525587152,616.3246790514545
CUST000406,30.0,817.0,875.0,154.23066666666668,7.0,2548.45,174.0,5.917459325889544,155.14388762192362,918.0576446631113
CUST000407,26.0,569.0,578.0,334.213076923077,8.0,0.0,174.0,7.730865769233664,336.3359929341018,2600.168414735463
CUST000408,8.0,274.0,797.0,47.605,0.0,0.0,174.0,0.027329579840927723,48.99383506656494,1.338980927164931
CUST000409,24.0,545.0,567.0,7.207916666666667,8.0,0.0,174.0,7.28069391944467,7.404998405328966,53.91352686317608
CUST000410,123.0,841.0,852.0,168.96715447154472,24.0,2253.44,174.0,24.273002239852747,169.207433429155,4107.172410625614
CUST000411,43.0,731.0,736.0,340.88767441860466,9.0,181.675,174.0,9.974650106828133,342.1921929523415,3413.247393987826
CUST000412,11.0,474.0,523.0,2.2554545454545454,5.0,622.37,174.0,3.8112800064029018,2.6186934976850966,9.980574170624493
CUST000413,22.0,250.0,562.0,106.33454545454546,0.0,0.0,174.0,8.796104493401353e-05,107.2458146648198,0.009433453922717102
CUST000416,19.0,546.0,592.0,157.64947368421053,2.0,0.0,174.0,5.580911443190032,159.12353693242136,888.054368147022
CUST000417,10.0,727.0,794.0,191.875,3.0,0.0,174.0,2.3671355473413365,195.22967437820475,462.1351021165226
CUST000418,31.0,838.0,877.0,234.6151612903226,6.0,70.0,174.0,6.130819541441131,235.8985911272922,1446.2516922816344
CUST000419,13.0,400.0,757.0,116.9423076923077,0.0,0.0,174.0,0.1393291408465794,118.61867620429608,16.527038243903167
CUST000420,81.0,718.0,719.0,219.7656790123457,15.0,251.46,174.0,18.92948179465182,220.22718466259064,4168.786482757934
CUST000421,23.0,618.0,626.0,137.0821739130435,4.0,0.0,174.0,6.388696185771727,138.1600391957756,882.6625154361238
CUST000422,17.0,635.0,686.0,162.6041176470588,6.0,314.82,174.0,4.3869239819430454,164.29830200099497,720.7641612406859
CUST000423,39.0,568.0,581.0,194.58692307692306,14.0,896.3599999999999,174.0,11.332876752132144,195.4479546970673,2214.9875820381703
CUST000424,4.0,566.0,646.0,258.5525,0.0,0.0,174.0,1.358769422726813,269.7993784341899,366.5951456870772
CUST000426,34.0,679.0,679.0,237.3173529411765,15.0,911.85,174.0,8.588714893221178,238.4992744634276,2048.402270606486
CUST000427,8.0,786.0,803.0,186.54625,4.0,0.0,174.0,1.9437178030530977,190.65179856495376,370.5732950547937
CUST000428,46.0,585.0,600.0,366.61978260869563,10.0,1104.3,174.0,12.893203796056774,367.92505066654473,4743.732659918275
CUST000429,5.0,126.0,682.0,357.752,0.0,0.0,174.0,0.010365196640477331,369.81856827887276,3.8332421815103084
CUST000430,18.0,765.0,789.0,375.85,3.0,0.0,174.0,4.073980766508941,379.28249070360164,1545.1895722000795
CUST000431,16.0,256.0,593.0,442.788125,0.0,0.0,174.0,0.0022917270275762576,447.3019145948614,1.0250938871636508
CUST000432,136.0,893.0,894.0,322.15470588235297,36.0,551.8720000000001,174.0,25.637948858289974,322.54499962652915,8269.392204922113
CUST000434,19.0,807.0,821.0,91.46368421052631,11.0,2036.14,174.0,4.128728204361149,92.39895051546193,381.4901530465578
CUST000435,17.0,696.0,762.0,210.4929411764706,3.0,0.0,174.0,3.958641663530487,212.6232549181796,841.6992755545693
CUST000436,17.0,758.0,889.0,90.59,2.0,0.0,174.0,3.306297231554787,91.62834295450972,302.95053664244807
CUST000437,33.0,590.0,614.0,93.3769696969697,14.0,418.28,174.0,9.141999416550526,93.92253983971315,858.6398044156011
CUST000439,20.0,644.0,649.0,99.551,6.0,0.0,174.0,5.417850709420091,100.50166043105706,544.5029922642996
CUST000440,17.0,680.0,700.0,72.7035294117647,4.0,235.16,174.0,4.330669508556669,73.57897808547686,318.64623686553404
CUST000441,4.0,55.0,512.0,381.675,0.0,0.0,174.0,0.007486482836626695,397.83271999468104,2.9783678300886933
CUST000442,24.0,578.0,586.0,365.91833333333335,5.0,1681.71,174.0,7.076035109374169,368.42328213514907,2606.97607949918
CUST000443,41.0,738.0,739.0,75.28731707317074,13.0,1598.165,174.0,9.491713896427896,75.65808810941243,718.1249262852762
CUST000445,14.0,614.0,634.0,116.62142857142858,6.0,765.06,174.0,3.980111545142877,118.17317428882687,470.3424153131412
CUST000447,10.0,563.0,693.0,36.265,2.0,0.0,174.0,2.6085955692081,37.19504651471307,97.0268335347697
CUST000448,15.0,495.0,553.0,25.382,0.0,0.0,174.0,4.759663958647456,25.88636290273752,123.21038852862833
CUST000449,44.0,686.0,737.0,3.0736363636363637,12.0,0.0,174.0,9.954625640943854,3.1663557481173163,31.5198861185586
CUST000450,5.0,117.0,546.0,302.61199999999997,0.0,0.0,174.0,0.033971937443368044,312.9330493885469,10.630941977790119
CUST000451,56.0,604.0,618.0,266.4319642857143,0.0,0.0,174.0,15.185357907834698,267.22826864666996,4057.9569024906846
CUST000452,75.0,599.0,625.0,153.0812,26.0,731.67625,174.0,19.77482531623405,153.4430089777817,3034.308698532966
CUST000453,25.0,832.0,855.0,92.9236,5.0,0.0,174.0,5.134212951140582,93.64203111947946,480.77812894474084
CUST000454,91.0,815.0,816.0,191.3576923076923,19.0,197.63666666666668,174.0,18.81644251610828,191.72042132661159,3607.4962870562467
CUST000455,12.0,778.0,880.0,29.435833333333335,0.0,0.0,174.0,2.502174907065961,30.12042074431667,75.36656097669821
CUST000456,12.0,813.0,880.0,244.6291666666667,2.0,0.0,174.0,2.52325131502839,248.10070162761954,626.0204216413573
CUST000458,27.0,404.0,537.0,387.46555555555557,0.0,0.0,174.0,1.9637291178620933,389.8137250005793,765.4885623259242
CUST000459,40.0,653.0,673.0,145.07575000000003,5.0,5096.9,174.0,10.100495748623663,145.7245368936961,1471.8900653649296
CUST000460,19.0,565.0,634.0,752.9300000000001,9.0,411.255,174.0,5.173378185186795,759.2500480210861,3927.887635534313
CUST000461,28.0,744.0,775.0,238.10857142857142,5.0,0.0,174.0,6.268305917248435,239.54951656885,1501.5696521825246
CUST000462,7.0,483.0,505.0,259.5657142857143,5.0,0.0,174.0,2.6849333544040963,265.9071942738878,713.9430950819713
CUST000463,76.0,327.0,603.0,100.04328947368421,0.0,0.0,174.0,2.697906512491051e-15,100.29304212632661,2.705812515101559e-13
CUST000464,18.0,741.0,774.0,519.2344444444445,4.0,0.0,174.0,4.1439693314501485,523.8995856638019,2171.023815750235
CUST000465,23.0,644.0,654.0,65.0091304347826,9.0,522.0,174.0,6.1292677918147636,65.6029965994514,402.09833410355094
CUST000466,30.0,713.0,762.0,181.49833333333333,12.0,4330.61,174.0,6.759071330977706,182.55172145424294,1233.8801069020012
CUST000467,25.0,692.0,749.0,102.04599999999999,8.0,0.0,174.0,5.765423910576756,102.82076055421099,592.8052714029354
CUST000468,32.0,803.0,811.0,209.4421875,9.0,1894.6075,174.0,6.840478879272515,210.5640437982001,1440.3588943358006
CUST000469,10.0,594.0,611.0,423.718,4.0,382.53,174.0,3.0523044786028324,430.68512214991284,1314.582127205787
CUST000470,29.0,563.0,624.0,192.50758620689652,11.0,2361.13,174.0,7.751394362071956,193.65604522631173,1501.1043771483844
CUST000471,132.0,750.0,750.0,159.3587121212121,38.0,1638.2025,174.0,29.439994739800678,159.57140845365365,4697.781425498149
CUST000472,68.0,649.0,652.0,99.01764705882353,24.0,2607.5400000000004,174.0,17.487897841119366,99.29452949947849,1736.452588068893
CUST000473,75.0,703.0,703.0,93.4476,21.0,517.6566666666666,174.0,17.93147993012773,93.6871693769539,1679.949597393326
CUST000474,9.0,486.0,676.0,396.24666666666667,0.0,0.0,174.0,2.2406884629986537,403.5249108588226,904.1736122939238
CUST000476,21.0,529.0,573.0,421.1976190476191,4.0,0.0,174.0,6.314404189849961,424.4698884049486,2680.274441809353
CUST000477,28.0,639.0,676.0,309.82464285714286,6.0,0.0,174.0,7.1164089203014615,311.6607157369567,2217.905097578017
CUST000478,24.0,269.0,567.0,302.055,0.0,0.0,174.0,9.84847257438119e-05,304.14906560273613,0.029954037311122124
CUST000480,10.0,69.0,764.0,203.54,0.0,0.0,174.0,3.4556042611262917e-08,207.07643187468716,7.1557420036499715e-06
CUST000481,12.0,641.0,646.0,135.9575,5.0,625.89,174.0,3.408382399007682,138.02163896742252,470.43052493875575
CUST000483,8.0,787.0,812.0,116.05375,0.0,0.0,174.0,1.921865233212585,118.7809611289139,228.2809995612351
CUST000484,2.0,235.0,788.0,246.29,3.0,0.0,174.0,0.35590720921751046,268.6993733708305,95.63204409490612
CUST000485,45.0,693.0,807.0,214.69911111111114,0.0,0.0,174.0,4.9378325880787255,215.51375121411544,1064.1708239241502
CUST000488,12.0,583.0,631.0,103.99,2.0,0.0,174.0,3.462209133440803,105.64013104058006,365.74822654657953
CUST000489,16.0,625.0,716.0,37.670625,2.0,0.0,174.0,3.915475561668658,38.26213638544713,149.8144599544514
CUST000490,67.0,547.0,573.0,160.64746268656714,18.0,839.932,174.0,19.203720587236628,161.06993770128332,3093.1420786190556
CUST000493,31.0,868.0,880.0,53.835161290322574,9.0,0.0,174.0,6.135609549552515,54.21943263712301,332.66926865965127
CUST000494,12.0,553.0,560.0,232.005,4.0,124.14,174.0,3.8971033972945235,235.3130406285909,917.0392500613858
CUST000496,30.0,887.0,888.0,331.8446666666667,1.0,0.0,174.0,5.899592276379035,333.6708975712004,1968.522250163514
CUST000497,12.0,766.0,816.0,261.9816666666666,2.0,985.105,174.0,2.7178426287079054,265.677932136747,722.070809468217
CUST000498,6.0,139.0,588.0,330.1933333333333,0.0,0.0,174.0,0.0187514571179468,339.47284742188464,6.365610541138767
CUST000499,58.0,446.0,586.0,181.72344827586204,0.0,0.0,174.0,0.004915975073246705,182.26755250581888,0.8960227447802906
CUST000500,49.0,630.0,633.0,299.96061224489796,17.0,0.0,174.0,13.060811450518608,300.9763429221493,3930.995265972823
CUST000501,17.0,502.0,541.0,39.055294117647065,6.0,0.0,174.0,5.4882635176049925,39.62430418675562,217.46862307865365
CUST000502,14.0,806.0,848.0,112.79357142857144,1.0,0.0,174.0,3.0139394192428455,114.30290344637777,344.50202643094684
CUST000503,165.0,709.0,731.0,219.83018181818184,9.0,391.75,174.0,36.263808401333065,220.0565805025781,7980.089672798018
CUST000504,25.0,540.0,623.0,313.2848,7.0,178.19,174.0,6.512982181376617,315.3639280668579,2053.9596441483827
CUST000506,11.0,514.0,538.0,91.25818181818182,2.0,0.0,174.0,3.735240405724654,92.88035626453501,346.93045961739216
CUST000507,35.0,750.0,870.0,114.34857142857143,0.0,0.0,174.0,5.590677880370984,114.9551634422609,642.6772894910791
CUST000508,21.0,781.0,798.0,69.15380952380953,5.0,87.915,174.0,4.656305807629669,69.83515407699919,325.17383350544407
CUST000509,8.0,550.0,564.0,269.64875,3.0,0.0,174.0,2.7139718793076533,275.37919889872694,747.371401957414
CUST000511,25.0,690.0,735.0,53.62479999999999,0.0,0.0,174.0,5.89744036217076,54.100566997140156,319.05486742525767
CUST000512,18.0,629.0,724.0,570.556111111111,4.0,0.0,174.0,4.286793398277644,575.6624555525558,2467.746014098994
CUST000514,20.0,582.0,588.0,143.27050000000003,6.0,183.82,174.0,5.944601127421455,144.5591337564732,859.3463895077995
CUST000515,35.0,820.0,832.0,181.96942857142858,3.0,0.0,174.0,7.272192788309475,182.8737442743783,1329.893124283285
CUST000516,49.0,713.0,713.0,156.29122448979592,12.0,0.0,174.0,11.673067985332574,156.8556992113506,1830.9872407809728
CUST000517,2.0,355.0,405.0,184.215,3.0,240.98,174.0,1.3159923922682832,201.46683656115147,265.12882420883295
CUST000518,81.0,801.0,823.0,267.0583950617284,10.0,0.0,174.0,16.57007978732558,267.6096488521871,4434.313233338921
CUST000519,54.0,590.0,597.0,83.88648148148148,20.0,800.3575,174.0,15.161799833566164,84.19223990334692,1276.5058889541278
CUST000522,23.0,609.0,629.0,168.4308695652174,5.0,644.47,174.0,6.349756351227182,169.71925379256243,1077.6759096948613
CUST000523,8.0,642.0,644.0,32.3775,2.0,1400.43,174.0,2.3990426303103667,33.46859228105872,80.29257965873634
CUST000524,14.0,518.0,568.0,185.30785714285713,3.0,0.0,174.0,4.380072036248652,187.6206671943593,821.7920378003281
CUST000525,5.0,562.0,613.0,41.582,3.0,592.8775,174.0,1.7002895676505028,43.63985033265749,74.20038225444685
CUST000526,89.0,875.0,876.0,266.3096629213483,15.0,1661.33,174.0,17.201352420539024,266.8099873020856,4589.492620902716
CUST000527,63.0,776.0,846.0,155.31761904761905,11.0,4116.41,174.0,10.920271919994613,155.75397190679737,1700.8757258414294
CUST000528,56.0,603.0,613.0,120.68232142857143,12.0,250.75,174.0,15.315636958267943,121.07821683591699,1854.39001261335
CUST000529,38.0,727.0,727.0,219.91631578947369,12.0,209.34,174.0,8.959280240244775,220.90277920989598,1979.1299047903753
CUST000530,15.0,699.0,722.0,124.77,4.0,92.41,174.0,3.747684387777245,126.3014339204231,473.337912057449
CUST000532,22.0,648.0,649.0,199.13954545454544,7.0,0.0,174.0,5.925862057049477,200.70256434308135,1189.335710793197
CUST000534,31.0,404.0,778.0,141.47354838709677,0.0,0.0,174.0,8.878846795399396e-06,142.29371308395142,0.001263404078420923
CUST000535,24.0,701.0,730.0,25.00583333333333,4.0,0.0,174.0,5.73510546354168,25.317423109006217,145.19809159525792
CUST000536,10.0,734.0,788.0,112.699,9.0,372.29999999999995,174.0,2.389405214164896,114.81999829235026,274.35150261014616
CUST000537,41.0,722.0,727.0,159.45634146341465,13.0,241.39,174.0,9.63749042182139,160.14325979287003,1543.3791323730393
CUST000538,51.0,907.0,910.0,131.55235294117648,9.0,946.81,174.0,9.613574936372062,132.019977838109,1269.18395004484
CUST000539,14.0,808.0,867.0,122.41785714285713,0.0,0.0,174.0,2.9434497885072943,124.03382886738152,365.08734734744405
CUST000540,54.0,769.0,790.0,255.32907407407407,15.0,1169.52,174.0,11.60479066849475,256.12332000756044,2972.2575140076324
CUST000541,7.0,345.0,803.0,150.52571428571426,0.0,0.0,174.0,0.26845559581809936,154.42373428151316,41.455915594999475
CUST000542,51.0,839.0,844.0,95.08725490196078,10.0,0.0,174.0,10.330950203000523,95.44485045967797,986.0359972317646
CUST000543,37.0,734.0,804.0,59.751621621621624,11.0,242.69,174.0,7.656727880518895,60.0979545167684,460.15368391069705
CUST000544,24.0,781.0,884.0,36.65,7.0,0.0,174.0,4.611087623274891,37.03650588482184,170.77857389484964
CUST000545,32.0,809.0,827.0,118.15374999999999,10.0,8272.72,174.0,6.707391669918945,118.83581578258224,797.0783608681144
CUST000548,31.0,783.0,793.0,130.96129032258062,6.0,94.68,174.0,6.778150004768745,131.72916944531445,892.8800705039409
CUST000549,18.0,607.0,636.0,274.80555555555554,6.0,0.0,174.0,4.9903345110171795,277.3693851778155,1384.1660151524698
CUST000550,55.0,606.0,610.0,96.84599999999999,17.0,1803.415,174.0,15.131882204743745,97.18243564410595,1470.553168536701
CUST000553,9.0,507.0,756.0,474.44888888888886,0.0,0.0,174.0,1.793691661341988,483.08337357427155,866.5026189131273
CUST000554,41.0,881.0,899.0,93.3390243902439,3.0,0.0,174.0,7.860222842787276,93.7775994487791,737.112829329049
CUST000556,72.0,597.0,603.0,231.1615277777778,22.0,135.695,174.0,19.900434217635233,231.7051799405692,4611.033691292632
CUST000558,51.0,471.0,916.0,187.8694117647059,0.0,0.0,174.0,4.098376504990897e-11,188.506967063642,7.725725248407232e-09
CUST000559,27.0,836.0,878.0,165.4351851851852,5.0,0.0,174.0,5.367588247040655,166.51448702302133,893.781203506773
CUST000560,17.0,628.0,656.0,101.23705882352941,8.0,0.0,174.0,4.598785611020566,102.37236584823467,470.78856302899476
CUST000562,26.0,591.0,641.0,73.2626923076923,8.0,45.76,174.0,6.926834336219346,73.83662138755837,511.45404429776704
CUST000563,20.0,628.0,630.0,244.40349999999998,3.0,0.0,174.0,5.573253268065814,246.47394178994352,1373.661701573866
CUST000564,36.0,542.0,554.0,293.8211111111111,9.0,188.375,174.0,10.971462662506289,295.178926146438,3238.544566974346
CUST000565,6.0,163.0,711.0,334.12833333333333,0.0,0.0,174.0,0.010755125557757487,343.51110833439145,3.6945051006208143
CUST000566,37.0,852.0,863.0,426.2567567567568,3.0,193.34,174.0,7.408669625735215,428.12916423335236,3171.8675349470413
CUST000567,21.0,637.0,751.0,153.83285714285716,2.0,0.0,174.0,4.593092410335061,155.1374111913761,712.5604659021392
CUST000568,18.0,596.0,596.0,192.68444444444447,5.0,0.0,174.0,5.3243444433496725,194.54229350962422,1035.8101794444688
CUST000569,37.0,676.0,699.0,130.4891891891892,1.0,0.0,174.0,9.035054464207608,131.13006312474616,1184.7672622270632
CUST000570,4.0,386.0,564.0,104.61,1.0,0.0,174.0,1.462496054217359,109.71675597951337,160.46032270156712
CUST000572,34.0,639.0,819.0,43.968823529411765,0.0,0.0,174.0,0.9779860276316347,44.27431156288968,43.29965809151583
CUST000574,15.0,597.0,705.0,458.71066666666667,5.0,0.0,174.0,3.6941931692007026,463.6930280668653,1712.9716168906034
CUST000575,13.0,584.0,588.0,147.9476923076923,1.0,0.0,174.0,4.001876873921351,149.99435131150946,600.2589257323643
CUST000576,25.0,655.0,657.0,63.3692,7.0,0.0,174.0,6.607719086836394,63.90513718741882,422.26719474020564
CUST000577,15.0,738.0,744.0,135.12,6.0,0.0,174.0,3.6484562148391184,136.75839034406627,498.95699918220265
CUST000578,11.0,335.0,676.0,255.02545454545455,0.0,0.0,174.0,0.1882246171238115,258.96410219133406,48.74341898377545
CUST000579,27.0,748.0,764.0,480.3059259259259,0.0,0.0,174.0,6.1525436543563785,483.184663051424,2972.814732539364
CUST000580,13.0,611.0,651.0,215.62,4.0,248.28,174.0,3.619047001596832,218.47485449661355,790.6707670902734
CUST000584,33.0,811.0,869.0,32.14757575757576,0.0,0.0,174.0,6.5140125586579565,32.40714810340389,211.1005697358613
CUST000586,38.0,625.0,905.0,197.30052631578948,0.0,0.0,174.0,0.004888674467575121,198.19530902162106,0.9689123468071599
CUST000588,66.0,765.0,769.0,360.03439393939396,12.0,0.0,174.0,14.522091311107369,360.9278605290527,5241.427347325528
CUST000589,8.0,641.0,678.0,27.97125,1.0,0.0,174.0,2.2767821548725435,28.97618702585355,65.97246553671269
CUST000591,15.0,698.0,743.0,23.067333333333334,3.0,171.37,174.0,3.635301366792745,23.547776577269627,85.60326437627846
CUST000593,30.0,617.0,629.0,458.0613333333333,4.0,2319.005,174.0,8.179225523782922,460.536370483046,3766.830836085278
CUST000594,12.0,634.0,660.0,703.2466666666666,3.0,0.0,174.0,3.332549224642274,712.6577114544331,2374.9669037428084
CUST000595,26.0,628.0,632.0,88.92,11.0,0.0,174.0,7.112344441710541,89.58686998519663,637.1726767894581
CUST000596,9.0,479.0,562.0,13.498888888888889,4.0,218.3825,174.0,2.957854966709573,14.1392394232444,41.82181955353924
CUST000597,20.0,646.0,683.0,433.18500000000006,3.0,0.0,174.0,5.138428341337195,436.71481601270557,2244.027787681545
CUST000598,7.0,378.0,531.0,45.99428571428571,1.0,0.0,174.0,2.35657802973666,47.54987757673862,112.0549968140101
CUST000599,7.0,700.0,713.0,472.66999999999996,3.0,0.0,174.0,1.9453429836965006,483.78689998401364,941.1314514881816
CUST000600,10.0,792.0,797.0,232.419,1.0,0.0,174.0,2.3761081083291526,236.4054082776804,561.7248074614602
CUST000602,47.0,558.0,568.0,102.24765957446807,11.0,40.165,174.0,13.873011811412644,102.65923899144076,1424.192835078891
CUST000603,8.0,691.0,777.0,4.3875,0.0,0.0,174.0,1.9860723171418042,4.931304770546881,9.793927892172478
CUST000604,172.0,807.0,811.0,138.46331395348835,33.0,1424.46,174.0,35.50516571997497,138.60784654548647,4921.294561686357
CUST000605,36.0,818.0,858.0,273.78194444444443,4.0,0.0,174.0,7.2173676831379625,275.0539915731899,1985.165789898442
CUST000606,21.0,449.0,513.0,73.34619047619047,7.0,367.6666666666667,174.0,6.832041006784055,74.05838955232322,505.9699543178601
CUST000607,6.0,502.0,570.0,74.38333333333334,0.0,0.0,174.0,2.095197498317068,76.9499696510174,161.22538390838594
CUST000608,43.0,742.0,746.0,41.84534883720931,4.0,0.0,174.0,9.848363468894746,42.079064883124445,414.40992540021455
CUST000609,16.0,635.0,653.0,202.144375,2.0,0.0,174.0,4.374319338452454,204.3282930468371,893.7972036677597
CUST000610,24.0,562.0,563.0,157.50166666666667,6.0,535.1466666666666,174.0,7.351836274230716,158.6657066516102,1166.4842976377577
CUST000611,158.0,692.0,692.0,110.24493670886076,1.0,0.0,174.0,37.970842383779356,110.3748607143681,4191.026439316871
CUST000612,29.0,713.0,737.0,58.372068965517244,8.0,0.0,174.0,6.80601169836792,58.807112801183806,400.24189767209884
CUST000614,11.0,631.0,637.0,74.58545454545454,1.0,0.0,174.0,3.1958972726908654,75.97179477873756,242.7980517347975
CUST000615,27.0,849.0,863.0,23.9,2.0,0.0,174.0,5.478974320149631,24.170451177184574,132.4292813062247
CUST000616,116.0,781.0,785.0,140.15982758620692,16.0,193.89999999999998,174.0,24.79995482173078,140.3764737533811,3481.3302071177277
CUST000617,17.0,652.0,676.0,58.91058823529412,2.0,0.0,174.0,4.473348791500361,59.660422902489984,266.881880691254
CUST000618,83.0,692.0,698.0,304.0175903614458,18.0,4231.5275,174.0,19.93146159536953,304.6239811787293,6071.6011818924135
CUST000619,25.0,591.0,718.0,190.4016,0.0,0.0,174.0,4.8378117358211306,191.72194296710308,927.5146657006807
CUST000620,14.0,730.0,730.0,251.20071428571424,0.0,0.0,174.0,3.4900706672416764,254.243635139112,887.32825333191
CUST000621,40.0,805.0,818.0,93.557,6.0,117.07,174.0,8.404486479177804,94.00742093735089,790.0840982103418
CUST000622,46.0,706.0,706.0,110.76673913043479,14.0,0.0,174.0,11.08171769543876,111.21580464593431,1232.4621503573105
CUST000623,48.0,824.0,837.0,136.74895833333332,10.0,2503.46,174.0,9.809873779435028,137.26256683022723,1346.5284552457942
CUST000624,3.0,375.0,486.0,179.82000000000002,0.0,0.0,174.0,1.419134392561467,190.77439947373426,270.73451151343653
CUST000625,11.0,726.0,747.0,6.280909090909091,4.0,37.49,174.0,2.744989753618513,6.701087732096825,18.394417162704503
CUST000627,24.0,784.0,826.0,36.52916666666667,9.0,0.0,174.0,5.089034969534426,36.91489513534118,187.86119224044754
CUST000629,26.0,749.0,772.0,238.38153846153847,0.0,0.0,174.0,5.8723751942566285,239.93560380430864,1408.9918879994084
CUST000630,11.0,585.0,711.0,41.86363636363637,1.0,0.0,174.0,2.7729966135942647,42.787129450504565,118.6485650716686
CUST000631,13.0,267.0,723.0,708.5707692307692,0.0,0.0,174.0,0.0014512691499885414,717.3128263875057,1.0410139758272734
CUST000632,53.0,739.0,772.0,64.03943396226416,9.0,598.89,174.0,11.589029171115097,64.29335834082207,745.0976053207431
CUST000633,10.0,142.0,650.0,429.216,0.0,0.0,174.0,0.00010736320196821419,436.26878890650613,0.04683921409579742
CUST000634,61.0,714.0,714.0,253.67393442622952,12.0,367.445,174.0,14.432214037344286,254.37263415526738,3671.1603013718923
CUST000635,54.0,822.0,827.0,283.75555555555553,7.0,490.505,174.0,11.136652740865973,284.63079642147403,3169.8343391020735
CUST000636,32.0,606.0,621.0,50.293125,8.0,0.0,174.0,8.800946514654196,50.6482659268589,445.7526794822677
CUST000637,22.0,672.0,673.0,116.44636363636364,6.0,0.0,174.0,5.725961486151781,117.42864598436374,672.3919042774188
CUST000639,27.0,650.0,672.0,213.19925925925926,5.0,0.0,174.0,6.940844517208873,214.55152504467972,1489.1687762651675
CUST000640,34.0,679.0,687.0,228.82117647058823,5.0,0.0,174.0,8.488119924704844,229.96458550139187,1951.9669801708549
CUST000641,23.0,826.0,880.0,389.8982608695652,4.0,0.0,174.0,4.592143677640848,392.67388660771746,1803.2149057602892
CUST000642,5.0,613.0,718.0,5.154,1.0,0.0,174.0,1.451808038734912,6.058680906890565,8.79604164475345
CUST000643,8.0,833.0,862.0,58.6325,0.0,0.0,174.0,1.81479054394305,60.23695539604581,109.31745704866321
CUST000644,47.0,636.0,675.0,38.797872340425535,14.0,302.12,174.0,11.63289823769515,39.00165194639137,453.7022481943758
CUST000646,29.0,539.0,798.0,138.85,0.0,0.0,174.0,0.04405110856067973,139.71307497266483,6.1545158329672445
CUST000647,19.0,690.0,767.0,111.51736842105262,3.0,0.0,174.0,4.33412982419835,112.61588523398942,488.09186687113214
CUST000650,9.0,506.0,528.0,300.2688888888889,7.0,375.6766666666667,174.0,3.1894108038190967,305.8826158208799,975.5853195995605
CUST000651,15.0,514.0,516.0,74.89333333333335,5.0,1018.07,174.0,5.150041390612858,75.90934407598752,390.9362639256087
CUST000652,6.0,180.0,572.0,160.27666666666667,0.0,0.0,174.0,0.10918290520058944,165.09728620626944,18.0258013487337
CUST000653,19.0,546.0,551.0,24.76736842105263,2.0,0.0,174.0,6.0231807993903095,25.159681754348114,151.54131206156026
CUST000655,22.0,665.0,690.0,140.99954545454545,4.0,561.53,174.0,5.577083712591452,142.15425955029943,792.8062056134728
CUST000656,14.0,877.0,902.0,102.0992857142857,5.0,0.0,174.0,2.8467978173931856,103.4901221339784,294.6154538127639
CUST000657,54.0,630.0,639.0,64.89777777777778,10.0,0.0,174.0,14.218329078411037,65.14943211453308,926.3160650760316
CUST000659,14.0,459.0,717.0,26.059285714285718,0.0,0.0,174.0,1.0798754189741968,26.607578225831016,28.732869684507985
CUST000660,21.0,772.0,821.0,156.70857142857145,4.0,0.0,174.0,4.509225605352691,158.0342897733254,712.6122659696059
CUST000661,74.0,758.0,790.0,263.10013513513513,12.0,0.0,174.0,15.644277501608586,263.6954192014043,4125.324313889774
CUST000662,41.0,727.0,796.0,219.2058536585366,7.0,628.08,174.0,8.455507806199519,220.11719714544353,1861.2026787420562
CUST000663,64.0,790.0,791.0,186.29828125,13.0,127.85,174.0,13.720686417475216,186.80224649184984,2563.0550461945813
CUST000664,6.0,343.0,506.0,659.0416666666666,1.0,0.0,174.0,2.1410285810690013,676.9507052727117,1449.3708079636938
CUST000665,22.0,851.0,880.0,59.43363636363636,6.0,0.0,174.0,4.424836675318211,60.01553051426763,265.55892050821063
CUST000666,28.0,528.0,575.0,16.492142857142856,9.0,2267.975,174.0,8.206475469226316,16.712067426704316,137.1471713773051
CUST000667,15.0,397.0,433.0,15.927333333333333,6.0,989.48,174.0,6.005583238157546,16.33399214588681,98.09514944353484
CUST000668,58.0,804.0,836.0,149.5937931034483,14.0,417.68,174.0,11.740162615222735,150.05268131486937,1761.6428794867604
CUST000669,17.0,851.0,852.0,149.1476470588235,3.0,0.0,174.0,3.598024827472175,150.71928168514677,542.2917174819303
CUST000671,156.0,904.0,907.0,220.13589743589748,32.0,2262.98,174.0,28.961181216599048,220.37567140432805,6382.339755270429
CUST000672,18.0,686.0,739.0,120.30388888888888,3.0,0.0,174.0,4.310622319837508,121.53949521719485,523.9108608250242
CUST000673,15.0,803.0,870.0,31.568666666666665,6.0,0.0,174.0,3.1184027578217046,32.13696229799732,100.215991858087
CUST000674,91.0,820.0,820.0,174.28857142857143,23.0,0.0,174.0,18.7299115096899,174.62247371463903,3270.663480278339
CUST000675,114.0,867.0,877.0,168.30929824561406,26.0,122.52,174.0,21.910500781130537,168.5676856072099,3693.4024071701397
CUST000676,8.0,677.0,789.0,131.93,2.0,0.0,174.0,1.9447541075110897,134.96763890093118,262.4788701336594
CUST000678,10.0,872.0,894.0,107.603,5.0,184.92,174.0,2.126520187905855,109.64459527459849,233.1614453462006
CUST000679,3.0,190.0,568.0,230.31333333333336,0.0,0.0,174.0,0.5700544978647405,243.98920603708376,139.0871443318865
CUST000680,8.0,664.0,707.0,372.86,0.0,0.0,174.0,2.186902082213738,380.6085349319286,832.3535975509549
CUST000681,9.0,650.0,664.0,54.68888888888889,1.0,0.0,174.0,2.575811818418568,56.043586718354085,144.35773301570234
CUST000682,17.0,680.0,755.0,37.81823529411764,2.0,0.0,174.0,3.978227520519721,38.37597931683829,152.66837704514168
CUST000683,19.0,557.0,576.0,131.0063157894737,9.0,610.04,174.0,5.767578556712861,132.2634857718183,762.8400443736358
CUST000685,32.0,491.0,776.0,493.563125,0.0,0.0,174.0,0.002370828409582616,496.05376026980804,1.1760583475279451
CUST000686,17.0,602.0,903.0,241.7741176470588,0.0,0.0,174.0,0.7381456309028587,244.18931289842848,180.24727442914605
CUST000687,59.0,831.0,838.0,200.95881355932204,11.0,341.23,174.0,11.986961827111022,201.54382177099012,2415.898098058926
CUST000688,14.0,574.0,597.0,71.455,4.0,0.0,174.0,4.209338157519394,72.50628938854989,305.20349058336654
CUST000689,10.0,348.0,590.0,35.935,0.0,0.0,174.0,1.3671293462169336,36.85990463954469,50.39225733147925
CUST000690,35.0,791.0,800.0,49.36828571428572,11.0,247.54,174.0,7.551602211618436,49.68878004732657,375.2299012980133
CUST000691,7.0,559.0,688.0,489.53428571428566,2.0,0.0,174.0,1.9580525944331506,501.02909479076845,981.0413189415572
CUST000692,31.0,796.0,848.0,129.4741935483871,9.0,0.0,174.0,6.301516396875551,130.23467619092278,820.6759474588779
CUST000693,39.0,754.0,771.0,420.83,9.0,1402.74,174.0,8.672388508377683,422.584574472066,3664.8176074692183
CUST000694,37.0,616.0,616.0,129.01405405405404,7.0,140.06,174.0,10.213233413413025,129.64878573942642,1324.133310522336
CUST000695,29.0,808.0,822.0,281.6506896551724,9.0,0.0,174.0,6.14356126765765,283.2732665281912,1740.3066684054575
CUST000696,168.0,770.0,773.0,142.98404761904763,20.0,1069.845,174.0,36.314655181184946,143.13615688429124,5197.940181213028
CUST000697,12.0,631.0,687.0,297.8825,1.0,0.0,174.0,3.1920979850010274,302.04371360741516,964.1531295884573
CUST000698,16.0,594.0,605.0,416.451875,2.0,3160.84,174.0,4.703963142831082,420.7106815356435,1979.0075397390121
CUST000699,13.0,766.0,889.0,28.73076923076923,5.0,0.0,174.0,2.6371167895983136,29.353646732499772,77.40899463421283
CUST000700,12.0,752.0,797.0,582.8816666666667,1.0,0.0,174.0,2.7812456877676177,590.733876258863,1642.9760459632123
CUST000701,11.0,568.0,610.0,580.4945454545455,1.0,1235.46,174.0,3.3117685760316884,589.036923832515,1950.7539744708943
CUST000702,15.0,155.0,698.0,278.0493333333333,0.0,0.0,174.0,2.5844209459318363e-07,281.1647488297699,7.266480661333211e-05
CUST000703,42.0,555.0,567.0,421.67809523809524,16.0,3529.1549999999997,174.0,12.456794898091855,423.30999287819674,5273.085759596421
CUST000704,12.0,407.0,481.0,119.97666666666667,2.0,0.0,174.0,4.370136383938379,121.83383944412913,532.4304945496956
CUST000705,10.0,604.0,647.0,67.151,1.0,0.0,174.0,2.8817148450247374,68.56229486759402,197.57698292890905
CUST000706,24.0,536.0,536.0,87.75958333333334,3.0,36.23,174.0,7.698154327214715,88.47491748325712,681.0935688737005
CUST000707,12.0,501.0,528.0,15.225,3.0,0.0,174.0,4.104759206296832,15.725544315744832,64.54957280408242
CUST000709,32.0,770.0,811.0,153.96812500000001,6.0,0.0,174.0,6.8003032081459835,154.8227298563043,1052.841506535745
CUST000710,9.0,438.0,455.0,21.41111111111111,3.0,2030.24,174.0,3.6626310382769653,22.188681226499668,81.26895255861109
CUST000711,79.0,697.0,697.0,160.19430379746836,13.0,90.73,174.0,19.02405803702286,160.55159873968074,3054.342932360493
CUST000713,16.0,591.0,623.0,96.583125,3.0,0.0,174.0,4.561767981358143,97.74501711452479,445.89008941034285
CUST000714,15.0,733.0,767.0,15.544666666666668,6.0,0.0,174.0,3.5340488213270933,15.947371019498979,56.358787754726215
CUST000715,1.0,32.0,820.0,2808.24,0.0,0.0,174.0,0.02198499273934829,3321.418643704385,73.02136476617694
CUST000716,31.0,788.0,818.0,123.68161290322581,5.0,0.0,174.0,6.562709560684718,124.41328457072507,816.4882521284859
CUST000717,27.0,565.0,590.0,171.44925925925926,5.0,551.09,174.0,7.836284970409729,172.56293055640447,1352.25229916901
CUST000718,84.0,568.0,577.0,180.70238095238096,31.0,216.14,174.0,24.112323662532912,181.07589543738467,4366.160598269186
CUST000719,12.0,784.0,797.0,10.279166666666667,3.0,4010.4,174.0,2.7909679801572524,10.715657984684382,29.907058321570506
CUST000720,14.0,800.0,801.0,129.73285714285714,1.0,0.0,174.0,3.194718118004556,131.42988105949223,419.88142226794366
CUST000721,6.0,455.0,490.0,416.9916666666666,1.0,0.0,174.0,2.4265336011023906,428.5489126749305,1039.888336321613
CUST000722,12.0,507.0,560.0,3.9483333333333337,2.0,0.0,174.0,3.861106906791717,4.302834655776842,16.613704608202728
CUST000724,115.0,755.0,756.0,185.0928695652174,25.0,308.445,174.0,25.4930380089671,185.3714282944667,4725.680867287359
CUST000725,23.0,606.0,651.0,42.91478260869565,4.0,0.0,174.0,6.106798683312262,43.36027645070494,264.7924791372206
CUST000729,150.0,563.0,563.0,229.5686,44.0,241.62399999999997,174.0,43.80347425546743,229.82763263475564,10067.248789311545
CUST000732,46.0,743.0,764.0,126.41804347826088,10.0,0.0,174.0,10.253125240709085,126.919485492361,1301.3213802395371
CUST000733,44.0,789.0,806.0,191.80295454545455,7.0,0.0,174.0,9.341457695910401,192.55605789291232,1798.7542688979147
CUST000734,129.0,814.0,829.0,135.0872093023256,31.0,196.01666666666665,174.0,26.069743271169507,135.2759567016028,3526.6094619726273
CUST000735,52.0,845.0,869.0,134.7648076923077,11.0,0.0,174.0,10.210667956129292,135.23291945321293,1380.8184372747348
CUST000736,17.0,532.0,564.0,177.67882352941177,5.0,999.87,174.0,5.292006897658443,179.5102950782043,949.9697197545597
CUST000738,70.0,839.0,853.0,128.90785714285715,14.0,980.16,174.0,13.917657017421861,129.2424676210703,1798.7523364353067
CUST000740,37.0,853.0,875.0,119.26324324324324,3.0,0.0,174.0,7.302179099029645,119.85737395716838,875.220010974615
CUST000741,30.0,493.0,560.0,91.08500000000001,10.0,0.0,174.0,8.553123559360712,91.67362592378204,784.0958496607211
CUST000743,68.0,851.0,871.0,143.74764705882353,22.0,65.86666666666666,174.0,13.244400360986562,144.1256790123591,1908.858195138722
CUST000745,20.0,628.0,662.0,262.621,7.0,0.0,174.0,5.294873876259707,264.83227206146466,1402.2534789287529
CUST000747,53.0,815.0,818.0,158.12924528301886,13.0,628.04,174.0,11.052263492693736,158.6563305873001,1753.5115704347654
CUST000749,32.0,735.0,767.0,8.245625,3.0,0.0,174.0,7.186586305547452,8.398198195261555,60.35437614134002
CUST000751,18.0,650.0,692.0,317.57277777777773,2.0,3960.43,174.0,4.597665457607368,320.5042695877591,1473.5714092993196
CUST000752,43.0,731.0,731.0,298.3937209302326,13.0,550.9633333333333,174.0,10.043279981878774,299.54607829071654,3008.4251317474454
CUST000754,20.0,860.0,879.0,121.33200000000002,2.0,0.0,174.0,4.055764466833738,122.45103831737528,496.63257013450715
CUST000756,42.0,786.0,793.0,214.71714285714285,11.0,0.0,174.0,9.080376418211985,215.59025098866584,1957.6406310738844
CUST000758,142.0,900.0,901.0,142.36154929577464,24.0,77.755,174.0,26.557974876032446,142.54086637188524,3785.5967479124265
CUST000759,7.0,524.0,775.0,57.89714285714285,0.0,0.0,174.0,1.5657860493612528,59.71946394945198,93.50790352738417
CUST000761,32.0,820.0,899.0,56.868750000000006,0.0,0.0,174.0,6.0347584132124705,57.255569610254696,345.52353040875676
CUST000762,73.0,635.0,648.0,171.37191780821917,21.0,1710.9499999999998,174.0,18.821572850744907,171.78218273559253,3233.210866817929
CUST000763,26.0,761.0,770.0,287.96576923076924,7.0,407.165,174.0,5.896222128438355,289.8141638023171,1708.8086857460803
CUST000766,16.0,524.0,570.0,53.795625,4.0,6514.82,174.0,4.935630148287866,54.543255872082014,269.2053380680272
CUST000767,9.0,597.0,605.0,23.933333333333334,1.0,0.0,174.0,2.8133564553457235,24.7546456828105,69.64364223153108
CUST000768,24.0,540.0,612.0,154.20874999999998,7.0,989.48,174.0,6.545111181442119,155.3516040545562,1016.7935207524445
CUST000769,39.0,673.0,674.0,281.00128205128203,11.0,141.3,174.0,9.86934018771353,282.203605585482,2785.163385722456
CUST000771,19.0,706.0,820.0,55.69263157894737,7.0,0.0,174.0,3.9595870709935777,56.33669740159073,223.07005865381615
CUST000772,12.0,598.0,725.0,201.67916666666667,2.0,0.0,174.0,2.931466535406975,204.59446043084517,599.7618140826692
CUST000773,61.0,656.0,660.0,131.93245901639344,17.0,1412.21,174.0,15.542847173829822,132.32418922986665,2056.6946506007553
CUST000774,12.0,564.0,578.0,11.374166666666667,3.0,0.0,174.0,3.7804157659624193,11.824839221249409,44.702808621982044
CUST000777,51.0,539.0,831.0,125.30019607843137,0.0,0.0,174.0,4.60979383660454e-06,125.74895579399133,0.000579676761378598
CUST000778,17.0,624.0,728.0,128.72176470588235,7.0,0.0,174.0,4.021034736185876,130.1073783170968,523.1662876471232
CUST000779,12.0,470.0,551.0,107.17083333333333,1.0,0.0,174.0,3.860539673519558,108.86215903142383,420.26668388580714
CUST000780,126.0,809.0,814.0,261.11349206349206,28.0,657.6999999999999,174.0,25.993589639689606,261.4603818484314,6796.293872804675
CUST000781,1.0,247.0,340.0,1876.62,2.0,0.0,174.0,1.0491673510923538,2220.962431641782,2330.1612712812416
CUST000782,2.0,136.0,712.0,105.045,1.0,0.0,174.0,0.17172466701915715,115.7189519180215,19.8717984859281
CUST000783,16.0,441.0,629.0,279.299375,0.0,0.0,174.0,2.2594447976476295,282.2302945346705,637.6837707249196
CUST000784,8.0,777.0,785.0,59.74125,2.0,0.0,174.0,1.9875607644648383,61.36738474678822,121.97140614053426
CUST000785,8.0,567.0,649.0,21.6075,1.0,0.0,174.0,2.3493621436364602,22.488006840250847,52.83247195632311
CUST000786,36.0,569.0,573.0,192.515,8.0,1224.74,174.0,10.643074102953456,193.43922349839116,2058.7879901111523
CUST000787,46.0,854.0,863.0,101.74478260869566,10.0,332.5,174.0,9.145644473195627,102.16365648759839,934.3524803172608
CUST000788,4.0,173.0,555.0,466.51500000000004,0.0,0.0,174.0,0.35659129985099264,486.05663274817516,173.32356647286835
CUST000789,7.0,750.0,767.0,345.7357142857143,3.0,0.0,174.0,1.8144975552493345,354.00816407894024,642.3469482595424
CUST000790,41.0,605.0,612.0,61.25024390243902,12.0,36.13,174.0,11.338153572859778,61.56829028469169,698.070730466245
CUST000791,33.0,636.0,671.0,152.33878787878788,9.0,0.0,174.0,8.381526450832755,153.1597641462239,1283.7126143948817
CUST000792,24.0,632.0,664.0,180.63083333333336,5.0,2095.015,174.0,6.266141422228534,181.9436814918566,1140.0848391088778
CUST000793,75.0,771.0,784.0,204.21293333333332,11.0,1106.2233333333331,174.0,16.140081599373627,204.6795544081928,3303.544709871666
CUST000794,14.0,885.0,906.0,240.79285714285717,1.0,0.0,174.0,2.8357282015163343,243.7204561047165,691.1249706625684
CUST000796,8.0,556.0,585.0,184.965,2.0,3154.0,174.0,2.6175861189132674,189.0396304379085,494.82751255876326
CUST000797,16.0,631.0,643.0,286.604375,1.0,0.0,174.0,4.441480775153335,289.6060202928019,1286.279571499146
CUST000798,28.0,859.0,884.0,174.2382142857143,7.0,3001.025,174.0,5.536270200448198,175.32725852932563,970.6590767221826
CUST000799,22.0,496.0,601.0,182.195,2.0,575.19,174.0,5.541001234144646,183.6390209676449,1017.544041818835
CUST000800,17.0,525.0,886.0,9.980588235294118,0.0,0.0,174.0,0.11996627158944259,10.284811392935556,1.2338304768111001
CUST000801,10.0,707.0,821.0,248.42399999999998,2.0,0.0,174.0,2.265790250355735,252.659789223347,572.4740870791945
CUST000802,90.0,889.0,892.0,110.652,24.0,1157.8999999999999,174.0,17.09029750036302,110.8809515474057,1894.988449068501
CUST000803,22.0,694.0,731.0,343.26636363636356,6.0,181.46,174.0,5.269316619273686,345.841554362396,1822.3486500372173
CUST000805,13.0,512.0,513.0,52.129230769230766,12.0,361.825,174.0,4.547389960626369,53.0315509528887,241.1551423996118
CUST000806,50.0,846.0,851.0,132.076,5.0,971.79,174.0,10.054144785735563,132.55461792551995,1332.7233206410363
CUST000808,23.0,597.0,608.0,43.86217391304348,13.0,1309.425,174.0,6.564152814337115,44.31402986401384,290.8840638464854
CUST000809,30.0,642.0,708.0,135.29833333333332,4.0,0.0,174.0,7.119038587431765,136.1142342085495,969.0024856293887
CUST000811,13.0,243.0,646.0,112.18153846153847,0.0,0.0,174.0,0.0022931976538211937,113.80105015327409,0.26096830121387615
CUST000812,29.0,591.0,601.0,46.12965517241379,9.0,0.0,174.0,8.267454635764086,46.49958632155738,384.4332204952718
CUST000813,32.0,863.0,893.0,193.8128125,3.0,0.0,174.0,6.222933996022376,194.85937283434887,1212.5970156544686
CUST000814,57.0,564.0,567.0,73.29122807017545,11.0,335.43333333333334,174.0,16.78286605910866,73.55225486797545,1234.4176417946549
CUST000815,9.0,462.0,817.0,160.28222222222223,0.0,0.0,174.0,0.8507017206799591,163.4681973531752,139.0626767647973
CUST000816,85.0,673.0,689.0,157.11364705882352,19.0,2517.605,174.0,20.598485658975772,157.4401049779996,3243.0277445369647
CUST000817,19.0,799.0,820.0,124.14684210526316,5.0,3842.57,174.0,4.130792545853886,125.34817134773111,517.7872918396233
CUST000818,8.0,736.0,769.0,4.3875,3.0,217.3,174.0,2.0222786752139132,4.931304770546881,9.972472478457597
CUST000819,9.0,131.0,660.0,89.53555555555556,0.0,0.0,174.0,0.00014800525290633925,91.4945899248829,0.013541679921394094
CUST000820,10.0,548.0,553.0,111.797,3.0,616.43,174.0,3.3556625776261058,113.90394383355668,382.223201766292
CUST000821,52.0,863.0,877.0,216.26076923076923,7.0,0.0,174.0,10.13968633088373,216.9700429711754,2200.0081789260826
CUST000822,21.0,763.0,775.0,23.456190476190475,4.0,0.0,174.0,4.790052284399403,23.80121582285648,114.0090682237569
CUST000823,6.0,195.0,767.0,15.045,0.0,0.0,174.0,0.01779891786087763,16.054500244842316,0.2857527311553882
CUST000825,21.0,814.0,883.0,445.6504761904762,0.0,0.0,174.0,4.186449353308129,449.1027104055579,1880.1457515462757
CUST000828,39.0,752.0,764.0,108.42051282051281,10.0,0.0,174.0,8.753755895360529,108.9412317954814,953.6449500775332
CUST000829,63.0,871.0,878.0,181.5595238095238,16.0,151.54999999999998,174.0,12.222967735653706,182.05993956450618,2225.3127672520227
CUST000830,20.0,584.0,650.0,238.613,7.0,0.0,174.0,5.312116898126733,240.6386783653659,1278.300789687544
CUST000831,8.0,580.0,671.0,500.12625,4.0,117.07,174.0,2.271984886841779,510.3632175555327,1159.5375170861132
CUST000833,20.0,535.0,539.0,544.8025,6.0,123.77,174.0,6.4502106644506485,549.1951744088362,3542.4245708367093
CUST000835,38.0,362.0,750.0,366.825,0.0,0.0,174.0,1.3701363518550706e-08,368.4070072179836,5.047678328674928e-06
CUST000836,41.0,600.0,603.0,34.33731707317074,12.0,217.3,174.0,11.502256854400189,34.55427580434073,397.45215571931277
CUST000837,16.0,646.0,662.0,321.2675,5.0,160.09,174.0,4.3192640175001324,324.6047477287808,1402.0536067746307
CUST000838,34.0,754.0,769.0,44.24588235294117,10.0,0.0,174.0,7.620994751044559,44.5526262720058,339.53533096420614
CUST000839,35.0,852.0,880.0,177.00142857142856,4.0,69.51,174.0,6.878379090201968,177.88387097447142,1223.5526985949891
CUST000841,18.0,626.0,738.0,270.8077777777778,2.0,0.0,174.0,4.128615937976921,273.3372392169427,1128.50448227368
CUST000842,7.0,356.0,551.0,93.71285714285715,0.0,0.0,174.0,2.067492755892783,96.33776687195517,199.17763512665505
CUST000843,16.0,592.0,616.0,289.635,4.0,688.26,174.0,4.61694298658462,292.66598728468915,1351.2221774059092
CUST000844,30.0,832.0,856.0,80.65633333333334,5.0,0.0,174.0,6.097579003913009,81.19135156614306,495.0706806090335
CUST000845,80.0,611.0,613.0,227.357375,25.0,375.64,174.0,21.740993954622876,227.83924786997133,4953.45171056687
CUST000846,29.0,710.0,718.0,44.9348275862069,6.0,0.0,174.0,6.991334979433704,45.29840390734153,316.6963157499132
CUST000847,14.0,579.0,587.0,82.12642857142858,4.0,89.84,174.0,4.284732767551142,83.29596029472448,356.90093047944487
CUST000848,26.0,646.0,682.0,76.21615384615384,8.0,0.0,174.0,6.5826969203273125,76.8076145090122,505.601247486162
CUST000849,93.0,694.0,706.0,159.99021505376345,18.0,157.75,174.0,22.02341396484029,160.29329753627556,3530.205647430711
CUST000850,32.0,547.0,548.0,102.109375,14.0,999.87,174.0,9.913414081809915,102.71414551773542,1018.2478565765911
CUST000851,16.0,441.0,552.0,33.023125,6.0,472.23,174.0,4.605384469079814,33.56964008689609,154.60109908879036
CUST000852,15.0,753.0,769.0,67.67066666666666,3.0,673.85,174.0,3.5326064576279657,68.61203870440941,242.3793309982166
CUST000853,26.0,501.0,725.0,196.2842307692308,0.0,0.0,174.0,0.21959624966185987,197.588408841099,43.389673558159615
CUST000854,41.0,818.0,858.0,178.99926829268293,6.0,1018.07,174.0,8.174062285565817,179.7595918144083,1469.3660999188608
CUST000855,57.0,762.0,778.0,160.44473684210527,0.0,0.0,174.0,12.425085281230063,160.94098318050695,1999.705441262812
CUST000856,37.0,764.0,774.0,272.79459459459457,10.0,410.44,174.0,8.220189726617507,274.0280077367629,2252.562214003201
CUST000857,69.0,708.0,728.0,184.57985507246377,11.0,574.7075,174.0,15.922652100779256,185.04339021744846,2946.3815259811713
CUST000858,6.0,225.0,660.0,36.33,0.0,0.0,174.0,0.14021095829448602,37.898053871959746,5.313722450883533
CUST000859,59.0,674.0,689.0,189.88830508474575,14.0,230.62,174.0,14.419629614040256,190.44445044705503,2746.1384374959766
CUST000860,29.0,791.0,836.0,66.15310344827586,7.0,933.13,174.0,6.0112544830105685,66.62953161122154,400.52707059884983
CUST000861,132.0,644.0,649.0,106.55060606060606,28.0,585.8575000000001,174.0,33.745535574082716,106.70185201356138,3600.7111429441447
CUST000863,99.0,670.0,670.0,323.7911111111111,16.0,299.115,174.0,24.660904186583522,324.33003855278037,7998.272005581057
CUST000864,36.0,793.0,858.0,187.59722222222223,10.0,131.21,174.0,7.108585970555859,188.50039756466714,1339.9712815723947
CUST000866,24.0,856.0,889.0,121.65999999999998,1.0,0.0,174.0,4.753369550703903,122.59344227117434,582.7319356077769
CUST000867,18.0,737.0,753.0,13.415555555555557,4.0,0.0,174.0,4.262543350751172,13.732261931205649,58.53436178563409
CUST000868,36.0,748.0,767.0,112.25722222222221,7.0,0.0,174.0,8.066466594384421,112.83794133735317,910.2034843768683
CUST000870,16.0,694.0,739.0,21.103125,0.0,0.0,174.0,3.8758309912596656,21.53423268964413,83.46304643151971
CUST000871,24.0,622.0,631.0,106.13291666666667,1.0,1225.77,174.0,6.6000119648579965,106.96646096290952,705.9799221937186
CUST000872,61.0,374.0,627.0,287.82639344262293,0.0,0.0,174.0,1.716336251039482e-09,288.61120814409986,4.9535387899402e-07
CUST000873,57.0,553.0,554.0,116.5640350877193,17.0,188.09,174.0,17.154709651137182,116.941851329004,2006.1035056155142
CUST000874,29.0,745.0,758.0,84.1696551724138,7.0,0.0,174.0,6.637203753764128,84.74190643891275,562.4492995174802
CUST000875,22.0,880.0,900.0,57.477727272727286,3.0,0.0,174.0,4.334992378907973,58.045885491881705,251.62847123427207
CUST000877,40.0,619.0,826.0,69.7045,0.0,0.0,174.0,0.07535792296123808,70.06308012262375,5.279808194307732
CUST000879,15.0,600.0,667.0,39.702,4.0,0.0,174.0,3.9944490942296573,40.35434512366215,161.19337732744327
CUST000881,29.0,529.0,544.0,51.58758620689655,1.0,0.0,174.0,9.067600790812966,51.98654599030445,471.39324553331926
CUST000882,28.0,502.0,799.0,77.94107142857142,0.0,0.0,174.0,0.008113177999457448,78.49955576248743,0.6368808687793962
CUST000883,19.0,544.0,651.0,41.57,4.0,0.0,174.0,4.773629971547328,42.09909808128607,200.9655163759378
CUST000884,64.0,576.0,577.0,145.82125,14.0,214.79000000000002,174.0,18.492239478401057,146.22794861099976,2704.082244149931
CUST000885,12.0,834.0,846.0,77.85916666666667,2.0,0.0,174.0,2.6367264488159146,79.1708798724145,208.75195293562285
CUST000886,5.0,599.0,656.0,32.69,1.0,0.0,174.0,1.5943908522350936,34.46636404370614,54.952855541089626
CUST000887,19.0,469.0,718.0,159.87157894736842,0.0,0.0,174.0,0.44865031760222335,161.36373163038007,72.39588944544995
CUST000888,58.0,858.0,862.0,86.69172413793103,11.0,332.9275,174.0,11.477351217790591,86.9837800616684,998.3433940188188
CUST000889,97.0,635.0,643.0,31.728969072164947,26.0,1582.9450000000002,174.0,25.099612684459853,31.816342719430004,798.5778792937272
CUST000890,15.0,698.0,765.0,1222.2173333333335,5.0,85.26,174.0,3.518338755077604,1235.0897374866115,4345.464089397769
CUST000891,46.0,595.0,700.0,186.13978260869567,0.0,0.0,174.0,4.299704394379088,186.8410811661531,803.3614177406482
CUST000894,49.0,823.0,831.0,82.22122448979592,17.0,400.44,174.0,10.082729113463017,82.55305028619873,832.3600435258323
CUST000895,41.0,664.0,680.0,415.2578048780488,9.0,0.0,174.0,10.252342376728313,416.9055391471505,4274.258326091095
CUST000896,10.0,599.0,784.0,581.067,2.0,0.0,174.0,2.2251831857331745,590.4858461373979,1313.939176238364
CUST000897,77.0,836.0,862.0,201.388961038961,14.0,0.0,174.0,15.064883948744972,201.83779984066499,3040.6630310696346
CUST000898,51.0,570.0,579.0,187.99215686274508,14.0,402.08,174.0,14.754105973673145,188.63008253123334,2783.068227488528
CUST000900,25.0,644.0,676.0,107.23560000000002,7.0,0.0,174.0,6.4034248085953305,108.04240554615205,691.8414200545478
CUST000901,34.0,673.0,678.0,156.60323529411767,8.0,0.0,174.0,8.59722622480912,157.41928614780005,1353.3692151605976
CUST000902,40.0,736.0,740.0,98.10074999999999,4.0,0.0,174.0,9.253963154295691,98.5686660301888,912.1508036114444
CUST000903,17.0,485.0,535.0,218.48000000000002,4.0,1368.0,174.0,5.517760029276351,220.68305286574852,1217.6761282413072
CUST000904,11.0,578.0,604.0,29.01,4.0,312.93,174.0,3.351902315506751,29.751679567860606,99.72472363372685
CUST000905,33.0,883.0,885.0,417.58393939393943,9.0,2732.625,174.0,6.483566567545603,419.6438553943228,2720.788871110573
CUST000906,64.0,848.0,882.0,147.01640625,14.0,426.25333333333333,174.0,12.263437172520838,147.4259768310575,1807.9492044651865
CUST000907,57.0,899.0,899.0,82.51280701754386,16.0,531.01,174.0,10.841577700681142,82.79872203377806,897.6687784463046
CUST000908,12.0,491.0,705.0,385.40333333333336,0.0,0.0,174.0,2.25400412707353,390.69802058629034,880.6349508409575
CUST000909,38.0,674.0,689.0,67.65315789473684,14.0,367.28999999999996,174.0,9.411882990807987,68.0223713563251,640.2185999630206
CUST000911,82.0,795.0,809.0,203.41560975609758,14.0,448.8,174.0,17.094493398291142,203.84082804878136,3484.555689382093
CUST000912,3.0,336.0,678.0,433.3733333333334,0.0,0.0,174.0,0.8468797754673176,457.9936677631284,387.8655745206915
CUST000913,10.0,500.0,667.0,254.401,3.0,0.0,174.0,2.552526219225726,258.7299194896544,660.4149031955039
CUST000914,10.0,553.0,569.0,126.203,2.0,69.51,174.0,3.263281482025344,128.5344100568165,419.4439601414615
CUST000916,50.0,629.0,650.0,134.1536,14.0,157.41,174.0,12.94420293126935,134.63861261465735,1742.7895240686862
CUST000918,27.0,567.0,608.0,131.16962962962964,6.0,4116.41,174.0,7.57296486530906,132.05310936702878,1000.0335575913236
CUST000919,10.0,205.0,746.0,103.905,0.0,0.0,174.0,0.0006927610419653125,105.88897510983278,0.0733557567297268
CUST000920,5.0,136.0,605.0,80.096,0.0,0.0,174.0,0.035331114219863395,83.37305444114513,2.9456629093189877
CUST000921,26.0,618.0,627.0,111.36923076923077,6.0,265.46500000000003,174.0,7.162103122472733,112.16935813639049,803.3685101544046
CUST000924,17.0,563.0,613.0,256.2076470588235,4.0,0.0,174.0,4.871260185314161,258.7542902323141,1260.4594717878965
CUST000925,6.0,247.0,558.0,477.73,3.0,537.305,174.0,0.7170445246039597,490.8811203981347,351.98361961293966
CUST000926,14.0,695.0,716.0,41.690000000000005,7.0,240.98,174.0,3.5481350377939793,42.41148508257925,150.4816762263761
CUST000927,63.0,657.0,677.0,71.8815873015873,18.0,144.76,174.0,15.601392883328755,72.11425243853097,1125.0827847810704
CUST000928,22.0,328.0,726.0,94.23863636363636,0.0,0.0,174.0,6.806668414005939e-05,95.06495858982275,0.006470756509121291
CUST000929,10.0,559.0,567.0,105.877,7.0,171.56,174.0,3.27709163336192,107.89170170932384,353.57099298080516
CUST000930,13.0,564.0,616.0,408.0776923076923,2.0,0.0,174.0,3.799346397857261,413.2310267110986,1570.00781281767
CUST000931,24.0,687.0,731.0,12.564166666666667,5.0,0.0,174.0,5.706600878019083,12.795709386618233,73.02000642055263
CUST000932,136.0,846.0,853.0,163.5869117647059,29.0,1349.1399999999999,174.0,26.79977864452172,163.79812054602948,4389.753373022275
CUST000933,16.0,267.0,576.0,56.739375,0.0,0.0,174.0,0.007277326743105918,57.51550675510722,0.41855913545223083
CUST000934,52.0,876.0,890.0,253.25153846153847,3.0,0.0,174.0,9.997959974700466,254.07027489141478,2540.18443912551
CUST000935,63.0,801.0,807.0,170.9073015873016,13.0,2005.2,174.0,13.250069582756653,171.3817126673758,2270.819618054737
CUST000936,36.0,755.0,775.0,134.75611111111112,3.0,253.61,174.0,7.986098450470836,135.43312577747471,1081.5822759139126
CUST000937,13.0,625.0,628.0,53.714615384615385,2.0,0.0,174.0,3.7621027026813345,54.63586946818299,205.54575218959582
CUST000939,18.0,626.0,636.0,219.17333333333332,6.0,0.0,174.0,5.004000315452884,221.25890265559667,1107.1796186853646
CUST000940,10.0,278.0,476.0,433.895,0.0,0.0,174.0,1.6641240831992434,441.02069446381785,733.9131588464945
CUST000941,45.0,718.0,732.0,191.66866666666667,11.0,0.0,174.0,10.466574688375356,192.40451772030528,2013.816255100415
CUST000942,23.0,505.0,847.0,36.0995652173913,0.0,0.0,174.0,0.013794260523157563,36.499292167264336,0.5034807450660885
CUST000943,26.0,498.0,669.0,86.04461538461538,0.0,0.0,174.0,1.3746208925654106,86.69441724708113,119.1719572166208
CUST000944,18.0,547.0,589.0,21.241666666666667,5.0,176.61,174.0,5.342510480769378,21.62565272481544,115.53527633580534
CUST000945,25.0,701.0,718.0,184.03279999999998,5.0,1210.405,174.0,6.0660322963995466,185.31381659422766,1124.1195964296471
CUST000946,2.0,90.0,630.0,447.13,0.0,0.0,174.0,0.10843344876796512,486.2262794176439,52.72319235887139
CUST000947,41.0,678.0,688.0,239.4417073170732,17.0,395.34,174.0,10.149126465615302,240.42905869888398,2440.1449227438184
CUST000948,23.0,580.0,606.0,191.16521739130437,5.0,0.0,174.0,6.56757666538587,192.60627179554973,1264.956456251421
CUST000951,132.0,860.0,863.0,153.4152272727273,25.0,1678.3475,174.0,25.743848749900582,153.6210074434911,3954.7959804325865
CUST000952,21.0,487.0,527.0,304.20190476190476,8.0,0.0,174.0,6.8306057208814135,306.6131247557163,2094.353364053722
CUST000953,7.0,194.0,562.0,30.268571428571427,0.0,0.0,174.0,0.10262350211008246,31.471768264349215,3.229743076884468
CUST000954,7.0,437.0,453.0,171.29,4.0,0.0,174.0,2.9709146917263936,175.65332356708552,521.8510396360243
CUST000955,39.0,845.0,867.0,148.8802564102564,5.0,0.0,174.0,7.749543624576386,149.56077039494144,1159.0277147008512
CUST000956,11.0,717.0,718.0,432.03,3.0,2636.865,174.0,2.854989689552771,438.4723608659355,1251.8340694261078
CUST000957,10.0,430.0,528.0,42.230000000000004,4.0,69.92,174.0,3.3772743760797606,43.25298980374159,146.07721415301563
CUST000958,16.0,97.0,563.0,22.256875,0.0,0.0,174.0,5.5037080359667225e-09,22.699153099424286,1.2492951132294038e-07
CUST000959,10.0,443.0,854.0,286.579,0.0,0.0,174.0,0.322755585466784,291.4092990628916,94.05397892950873
CUST000960,14.0,544.0,563.0,109.60428571428572,5.0,170.52,174.0,4.449229693912819,111.07827957783228,494.2127798464412
CUST000961,50.0,776.0,788.0,258.51279999999997,12.0,125.61,174.0,10.812277529173453,259.38058043588114,2804.494821350845
CUST000962,43.0,847.0,864.0,78.27720930232559,7.0,0.0,174.0,8.550149546242364,78.64137954647563,672.3955556451722
CUST000963,21.0,469.0,512.0,237.15809523809523,6.0,0.0,174.0,7.000194917095223,239.07589519621794,1673.5778663525552
CUST000964,27.0,876.0,880.0,302.5640740740741,9.0,124.14,174.0,5.381724732343581,304.4270453028611,1638.3425589006872
CUST000965,146.0,730.0,746.0,120.54746575342466,32.0,419.77,174.0,32.47581704203148,120.69891746059353,3919.7959606214945
CUST000966,29.0,748.0,762.0,404.34724137931033,11.0,36.4,174.0,6.603360806368532,406.62239398166474,2685.0743794102686
CUST000967,19.0,526.0,799.0,114.53368421052633,0.0,0.0,174.0,0.44443771500904605,115.6567558673389,51.40222430303918
CUST000968,63.0,854.0,862.0,116.05047619047619,10.0,1125.2166666666667,174.0,12.438824613217184,116.39096836788599,1447.766842090643
CUST000969,67.0,787.0,792.0,319.435223880597,20.0,642.1,174.0,14.328159456849319,320.2221428000896,4588.193923653657
CUST000970,88.0,860.0,865.0,166.42795454545455,8.0,0.0,174.0,17.21306431039924,166.75953119588942,2870.442534846873
CUST000971,33.0,710.0,789.0,146.85454545454544,0.0,0.0,174.0,6.918173644892366,147.64990524678598,1021.4676831491697
CUST000972,10.0,599.0,818.0,178.52599999999998,2.0,0.0,174.0,2.036542973730858,181.67267773692365,369.98421536400235
CUST000973,85.0,780.0,781.0,168.57694117647057,16.0,241.39,174.0,18.346369448505367,168.9241275990493,3099.1444536986205
CUST000974,5.0,473.0,705.0,300.54200000000003,2.0,0.0,174.0,1.367705501044171,310.79752120387207,425.0794794614282
CUST000975,35.0,707.0,710.0,162.29885714285714,8.0,1236.5333333333333,174.0,8.463547174182205,163.11656650357727,1380.5447554936552
CUST000977,20.0,562.0,627.0,49.9345,7.0,208.495,174.0,5.490608768502491,50.501600383469395,277.2845298888858
CUST000978,30.0,567.0,593.0,22.600666666666665,4.0,0.0,174.0,8.617688553414528,22.837254588360338,196.8043474575263
CUST000979,9.0,339.0,702.0,93.64444444444445,0.0,0.0,174.0,0.32879865332039937,95.67473818895228,31.457725073309295
CUST000980,39.0,760.0,762.0,158.53,7.0,251.22,174.0,8.783692074015239,159.24862546869048,1398.7908893271579
CUST000981,75.0,713.0,717.0,105.60226666666667,19.0,386.68,174.0,17.59336187406064,105.86675121898358,1862.5520646267287
CUST000982,14.0,293.0,860.0,96.93500000000002,0.0,0.0,174.0,0.00015465169426462824,98.26861472757668,0.015197407760657733
CUST000983,9.0,534.0,590.0,26.545555555555556,1.0,104.46,174.0,2.857447731897913,27.412170985359744,78.32884580851398
CUST000984,44.0,866.0,898.0,176.90022727272728,8.0,0.0,174.0,8.401855766008024,177.60118439197666,1492.1795351335834
CUST000985,48.0,592.0,599.0,311.67020833333333,15.0,359.415,174.0,13.478162076413152,312.74471566793966,4215.223966314238
CUST000986,5.0,580.0,640.0,193.626,1.0,0.0,174.0,1.6307579255220757,200.49697463734913,326.9620304330557
CUST000987,8.0,195.0,677.0,73.88749999999999,0.0,0.0,174.0,0.008566258948376405,75.79023588810932,0.649238786376075
CUST000988,51.0,713.0,733.0,192.28588235294117,8.0,913.8,174.0,11.787792684372903,192.93676385601816,2274.2985735285533
CUST000989,7.0,417.0,583.0,22.60571428571428,0.0,0.0,174.0,2.1632586858966376,23.63719537629899,51.13336820801463
CUST000990,76.0,638.0,641.0,94.67276315789472,20.0,120.67666666666666,174.0,19.81893763085604,94.91165221215448,1881.0481156341893
CUST000991,17.0,865.0,867.0,40.92,8.0,561.99,174.0,3.538218662862904,41.505992174220154,146.8572761314674
CUST000992,25.0,835.0,843.0,172.8944,8.0,1765.346,174.0,5.21140844767463,174.1066386656328,907.3408075383132
CUST000996,5.0,576.0,612.0,1038.212,0.0,0.0,174.0,1.7068469441315033,1071.819297044036,1829.4314918207888
CUST000997,40.0,387.0,693.0,247.11749999999998,0.0,0.0,174.0,1.2023131285027614e-06,248.1591848061238,0.00029836504585094563
CUST000999,16.0,724.0,744.0,255.22062499999998,3.0,946.81,174.0,3.8657647940713016,257.91841820358155,997.0519408339643
CUST001001,19.0,825.0,831.0,159.43842105263158,9.0,0.0,174.0,4.083818473254539,160.92704753838103,657.1968495835517
CUST001003,48.0,424.0,587.0,122.53270833333333,0.0,0.0,174.0,0.003963193653350747,123.0007312990146,0.4874757176417553
CUST001004,42.0,592.0,661.0,42.22119047619047,9.0,0.0,174.0,9.75290649352842,42.46186955559938,414.12664331616185
CUST001005,18.0,695.0,701.0,24.065,3.0,0.0,174.0,4.566163823170872,24.47325775165756,111.74890418075486
CUST001006,136.0,672.0,674.0,128.8905882352941,33.0,1573.68,174.0,33.55222162591409,129.06261131787628,4330.337338556594
CUST001007,48.0,776.0,779.0,136.52708333333334,10.0,553.805,174.0,10.515540419157434,137.03998037047253,1441.0494526262453
CUST001010,152.0,910.0,915.0,149.56585526315789,27.0,98.84333333333332,174.0,27.982947089563858,149.74064238192582,4190.184472930734
CUST001011,4.0,481.0,580.0,10.655,3.0,0.0,174.0,1.4930241938945759,12.014283999851282,17.93761668409846
CUST001012,1.0,53.0,456.0,3781.24,0.0,0.0,174.0,0.2285196729603854,4470.754096289036,1021.6552639702738
CUST001013,37.0,567.0,575.0,307.26675675675676,16.0,982.9,174.0,10.8865640035854,308.64370701587126,3360.0694707321427
CUST001014,132.0,852.0,858.0,183.8839393939394,33.0,409.1375,174.0,25.878871529457477,184.1251746124596,4764.951739134767
CUST001015,83.0,649.0,675.0,129.69409638554217,25.0,298.575,174.0,20.318916078344685,129.9776569764471,2641.005104164301
CUST001016,35.0,865.0,884.0,210.8477142857143,0.0,0.0,174.0,6.857695238663853,211.87917640658364,1453.002819215447
CUST001017,31.0,678.0,695.0,108.29741935483871,8.0,0.0,174.0,7.675873338483457,108.95257355224483,836.306154488834
CUST001018,51.0,672.0,685.0,79.98803921568627,12.0,402.0,174.0,12.586678038054467,80.3000745853342,1010.7111852373616
CUST001019,32.0,616.0,618.0,104.935,12.0,2912.19,174.0,8.855387581390689,105.55338322827933,934.7161190134769
CUST001020,32.0,635.0,655.0,84.86375,6.0,1837.1100000000001,174.0,8.362940337077317,85.38543811958503,714.0733246492969
CUST001022,15.0,560.0,571.0,40.70399999999999,1.0,0.0,174.0,4.680856101701917,41.366699745545276,193.63156891120673
CUST001023,19.0,747.0,751.0,260.5836842105263,7.0,332.40999999999997,174.0,4.49811287907953,262.89570132211253,1182.5345399716398
CUST001025,7.0,768.0,802.0,151.50285714285715,2.0,37.49,174.0,1.7363814834322777,155.42277377730485,269.8732264905959
CUST001026,14.0,398.0,664.0,242.46071428571426,0.0,0.0,174.0,0.5709933939206413,245.4067935589278,140.12565794539435
CUST001027,7.0,618.0,664.0,127.67,5.0,0.0,174.0,2.0723725119633403,131.0558499347728,271.59654093681564
CUST001028,7.0,580.0,681.0,65.63714285714285,6.0,156.27,174.0,1.9987626498944477,67.63290837664364,135.18213116696865
CUST001029,19.0,611.0,759.0,170.62947368421052,0.0,0.0,174.0,3.804054556264012,172.20920288245875,655.0932028556109
CUST001030,52.0,600.0,626.0,165.71865384615387,7.0,0.0,174.0,13.889159713990303,166.27836389819782,2309.466753163069
CUST001031,37.0,661.0,666.0,61.019999999999996,8.0,250.75,174.0,9.484250552313313,61.37161423998301,582.0637662519184
CUST001032,6.0,440.0,666.0,72.32666666666667,1.0,0.0,174.0,1.6123057479318317,74.83933264719131,120.66388619844894
CUST001034,16.0,377.0,640.0,69.5675,0.0,0.0,174.0,0.2500891004840262,70.46783146298243,17.623236583637237
CUST001036,17.0,748.0,763.0,40.83529411764706,2.0,0.0,174.0,3.993028574528836,41.42051486501041,165.393299427683
CUST001037,33.0,725.0,790.0,69.20848484848486,10.0,546.78,174.0,7.062382537522132,69.6411658545452,491.83255362382266
CUST001042,33.0,828.0,835.0,337.9775757575758,5.0,386.68,174.0,6.8522553052974775,339.665656546868,2327.475797100627
CUST001043,8.0,695.0,755.0,16.795,0.0,0.0,174.0,2.0503939844501984,17.581408192721792,36.0488135965202
CUST001044,45.0,764.0,819.0,255.4428888888889,10.0,235.25,174.0,9.208597315596757,256.39691681510357,2361.055959910848
CUST001045,31.0,875.0,905.0,115.13774193548387,4.0,0.0,174.0,5.960630131329083,115.82691833735886,690.4014194606543
CUST001046,16.0,458.0,555.0,123.67625,0.0,0.0,174.0,4.787805795941987,125.10045310778584,598.9566744644258
CUST001047,33.0,691.0,703.0,224.56939393939393,8.0,1109.72,174.0,8.067009347058745,225.72775382071382,1820.9478999622736
CUST001048,53.0,579.0,585.0,188.39471698113206,15.0,193.946,174.0,15.17681483885881,189.00966880518263,2868.5647462102847
CUST001049,28.0,716.0,726.0,80.61107142857144,6.0,0.0,174.0,6.6894932300768595,81.18426642696674,543.0816006519501
CUST001050,18.0,742.0,769.0,275.84777777777776,4.0,0.0,174.0,4.17302531313025,278.42056719874347,1161.8560746164383
CUST001051,32.0,668.0,682.0,308.3690625,3.0,0.0,174.0,8.058525363310885,309.9675081950195,2497.881026591839
CUST001052,45.0,858.0,858.0,138.4351111111111,9.0,161.45,174.0,9.008538450785814,138.98884578194622,1252.086361457002
CUST001053,35.0,891.0,891.0,236.62000000000003,5.0,0.0,174.0,6.816828774716647,237.76493332350907,1620.8028390982818
CUST001054,18.0,545.0,554.0,488.46333333333337,10.0,8232.82,174.0,5.6965265949804404,492.86394079431506,2807.612546441681
CUST001056,12.0,556.0,611.0,20.976666666666667,4.0,49.36,174.0,3.5606946802619364,21.551700247839058,76.7390244230804
CUST001057,9.0,758.0,779.0,348.42777777777775,3.0,0.0,174.0,2.2126149820036427,354.8767116049682,785.2055288613386
CUST001058,75.0,718.0,720.0,319.48466666666667,20.0,277.93857142857144,174.0,17.52693477885746,320.187576858222,5611.9067765944665
CUST001062,15.0,279.0,680.0,51.632666666666665,0.0,0.0,174.0,0.001590435990828802,52.40830275055541,0.08335205091273543
CUST001063,11.0,590.0,660.0,6.198181818181819,8.0,48.19,174.0,3.0557024693954133,6.617190289610044,20.220164708420764
CUST001064,53.0,763.0,763.0,155.5856603773585,14.0,609.03,174.0,11.813078926782357,156.10536116255383,1844.0849523071136
CUST001065,8.0,302.0,813.0,436.47125,0.0,0.0,174.0,0.050346221242105776,445.4635735226055,22.42740762786815
CUST001066,31.0,514.0,547.0,17.408709677419356,5.0,3054.21,174.0,9.549491485852299,17.611804161544285,168.18377389116523
CUST001068,27.0,191.0,900.0,163.98333333333335,0.0,0.0,174.0,7.775864506499827e-15,165.05433807297445,1.283440169065465e-12
CUST001069,14.0,599.0,640.0,77.93214285714285,0.0,0.0,174.0,3.9309728196397495,79.05520075248504,310.7638454091825
CUST001070,9.0,202.0,546.0,542.8144444444445,0.0,0.0,174.0,0.04782947255778211,552.6345749101083,26.43222023514461
CUST001071,55.0,825.0,845.0,199.41763636363635,5.0,999.87,174.0,11.084289708073156,200.04099846497837,2217.3123804780375
CUST001072,45.0,724.0,740.0,169.3191111111111,15.0,1507.9933333333336,174.0,10.355843139445689,169.97850249241398,1760.2707088893173
CUST001073,17.0,813.0,857.0,161.04000000000002,6.0,0.0,174.0,3.562565764397883,162.71993974274002,579.7004865123721
CUST001074,15.0,461.0,781.0,538.3266666666666,0.0,0.0,174.0,0.2740131901810046,544.1317761465535,149.0992838607734
CUST001075,8.0,190.0,787.0,99.16375000000001,0.0,0.0,174.0,0.0015486214256550965,101.56071153789766,0.15727909389236508
CUST001076,19.0,722.0,730.0,146.24631578947367,1.0,0.0,174.0,4.6195076855187915,147.62754964535986,681.9666001810468
CUST001077,36.0,710.0,716.0,139.18833333333336,7.0,0.0,174.0,8.624615377966164,139.88431797124454,1206.4484399111043
CUST001078,136.0,890.0,900.0,166.30683823529412,29.0,84.375,174.0,25.444558974394372,166.52111887577837,4237.0564297168785
CUST001081,28.0,675.0,678.0,144.24142857142857,8.0,0.0,174.0,7.141951480668518,145.16520215957163,1036.7628305050973
CUST001082,130.0,610.0,620.0,215.15246153846152,28.0,2823.16,174.0,34.64004831754832,215.43435864556054,7462.656592742251
CUST001083,15.0,659.0,720.0,135.26866666666666,4.0,0.0,174.0,3.7296423357443222,136.9085933252239,510.6200857929576
CUST001084,73.0,677.0,690.0,141.5794520547945,25.0,2313.85,174.0,17.740130643133117,141.92697039085124,2517.8029965177866
CUST001085,113.0,890.0,897.0,125.3341592920354,20.0,748.6500000000001,174.0,21.267075466725853,125.53640827999014,2669.7922687122586
CUST001086,15.0,638.0,738.0,104.58666666666666,4.0,0.0,174.0,3.5774574386996583,105.9095269493573,378.8868250141402
CUST001087,35.0,799.0,803.0,55.51914285714286,8.0,581.64,174.0,7.527745222052903,55.86671841863983,420.5504226476909
CUST001088,90.0,878.0,883.0,318.06055555555554,16.0,989.48,174.0,17.25439790299072,318.6436821569008,5498.004881209271
CUST001089,22.0,743.0,768.0,527.8113636363636,3.0,2566.23,174.0,5.039631954416745,531.682574451559,2679.484491812637
CUST001090,15.0,619.0,689.0,156.32133333333334,4.0,999.87,174.0,3.8721904580315116,158.1788172802788,612.4985069354055
CUST001091,11.0,717.0,741.0,269.5254545454545,7.0,640.9,174.0,2.7652132177591975,273.6692033744567,756.7536984646777
CUST001092,8.0,649.0,669.0,118.2825,2.0,0.0,174.0,2.310394408943756,121.05328980126308,279.6808439410864
CUST001093,12.0,771.0,772.0,39.2725,4.0,0.0,174.0,2.8795575566423848,40.084481106884084,115.42557047541696
CUST001094,5.0,664.0,675.0,49.282,3.0,144.57,174.0,1.5611263017843253,51.583602517197,80.52851863038437
CUST001095,26.0,630.0,668.0,185.33846153846156,10.0,356.89333333333326,174.0,6.707130212856297,186.5776661345676,1251.4007015753737
CUST001096,8.0,573.0,610.0,185.40625,2.0,0.0,174.0,2.5140907678432773,189.4895081840326,476.3938231286395
CUST001097,34.0,569.0,590.0,184.76588235294116,0.0,0.0,174.0,9.772332581231142,185.70959224333797,1814.8158989267217
CUST001098,9.0,600.0,641.0,262.93888888888887,1.0,1965.8,174.0,2.65335837015924,267.9052114866617,710.8485353074152
CUST001099,24.0,579.0,596.0,228.96500000000003,6.0,0.0,174.0,6.955889455163158,230.5888199789447,1603.9503413700572
CUST001100,29.0,569.0,572.0,196.21275862068967,11.0,1024.5525,174.0,8.666924578252223,197.38092402595086,1710.685581718648
CUST001102,25.0,686.0,702.0,71.43720000000002,1.0,3244.84,174.0,6.197623347905172,72.02295586226472,446.3711528371156
CUST001103,26.0,317.0,745.0,372.09153846153845,0.0,0.0,174.0,1.0314890882088845e-06,374.4392989079602,0.00038623005102014584
CUST001104,9.0,637.0,671.0,42.754444444444445,2.0,0.0,174.0,2.544501572964359,43.902166354814575,111.70913134636865
CUST001105,101.0,736.0,837.0,189.7950495049505,0.0,0.0,174.0,0.13826770883008124,190.11943278138227,26.28737837475637
CUST001107,15.0,657.0,693.0,43.57333333333334,0.0,0.0,174.0,3.88826718403063,44.26568463748475,172.11680895458076
CUST001109,24.0,708.0,771.0,89.52291666666667,3.0,164.54,174.0,5.387532913663196,90.24959573085076,486.2226674447559
CUST001110,17.0,640.0,724.0,205.37000000000003,0.0,0.0,174.0,4.112234181884614,207.45365848826523,853.0980255924615
CUST001111,42.0,737.0,749.0,186.71119047619047,5.0,0.0,174.0,9.582149030040512,187.48161922496064,1796.4768158068812
CUST001113,36.0,787.0,883.0,52.54611111111112,3.0,0.0,174.0,6.521178021804738,52.87126585648348,344.78293688829535
CUST001114,5.0,523.0,563.0,53.736000000000004,4.0,2036.14,174.0,1.8438461365434464,56.17859891069558,103.5846925579099
CUST001115,8.0,268.0,775.0,105.39375,0.0,0.0,174.0,0.03001389492189864,107.91252651433526,3.2388752315578593
CUST001116,15.0,722.0,728.0,98.30733333333335,5.0,1174.6533333333334,174.0,3.724575378137927,99.56530327436248,370.838477092526
CUST001118,80.0,811.0,824.0,226.388,23.0,120.24,174.0,16.399448469100214,226.86801023243592,3720.510243094133
CUST001119,63.0,732.0,736.0,259.6430158730159,15.0,462.7033333333333,174.0,14.46702598241282,260.3340524941841,3766.2595015401844
CUST001120,38.0,548.0,561.0,89.50157894736842,11.0,846.1,174.0,11.420574716120116,89.95936233737396,1027.3876189885013
CUST001121,11.0,578.0,704.0,125.37636363636362,2.0,0.0,174.0,2.7962796492259505,127.48113666595147,356.47290811919225
CUST001122,30.0,736.0,741.0,155.85933333333332,2.0,250.75,174.0,7.010051638229167,156.78092631371624,1099.042389348553
CUST001123,70.0,813.0,834.0,172.80300000000003,14.0,210.47,174.0,14.194790645597577,173.2340298235143,2459.0207860379924
CUST001124,25.0,653.0,724.0,247.77360000000002,0.0,0.0,174.0,5.885904534447579,249.44820635496353,1468.2283288944952
CUST001125,157.0,876.0,878.0,129.76579617834395,27.0,726.1633333333334,174.0,30.06972903256183,129.91564340563863,3906.528194298482
CUST001126,36.0,664.0,670.0,73.28277777777777,9.0,98.72,174.0,9.18434983089382,73.69668573924251,676.856143206647
CUST001127,24.0,731.0,820.0,51.652499999999996,0.0,0.0,174.0,4.995639491593631,52.13552880137581,260.4503065952702
CUST001128,14.0,695.0,736.0,122.51357142857144,4.0,0.0,174.0,3.447344869394398,124.13060369344763,427.920999777436
CUST001129,19.0,736.0,784.0,24.893157894736845,3.0,0.0,174.0,4.2922404326457775,25.286495239144926,108.5357172653628
CUST001131,42.0,791.0,845.0,115.34285714285713,10.0,352.14,174.0,8.407314141342608,115.85162521624355,974.0010069780483
CUST001132,37.0,499.0,859.0,128.69216216216216,0.0,0.0,174.0,1.3762420204472341e-05,129.32555353607066,0.0017798326109393881
CUST001133,9.0,632.0,654.0,17.816666666666666,5.0,1148.4,174.0,2.6106845614314578,18.531899281052286,48.380943347045935
CUST001134,5.0,498.0,564.0,409.78000000000003,3.0,0.0,174.0,1.8312847282943474,423.49357329929114,775.5373133137947
CUST001136,28.0,910.0,912.0,164.75357142857143,6.0,0.0,174.0,5.384240824781312,165.79035896852082,892.6552191134583
CUST001137,13.0,743.0,777.0,82.41384615384617,2.0,235.07,174.0,3.0658486465525865,83.6778488408732,256.543619615223
CUST001139,30.0,649.0,743.0,351.2803333333333,0.0,0.0,174.0,6.408240015161126,353.2064716609164,2263.4318453113588
CUST001140,133.0,659.0,661.0,98.30631578947369,48.0,859.3266666666667,174.0,33.42977537092041,98.44690195260021,3291.057818238451
CUST001141,21.0,618.0,619.0,125.19428571428571,5.0,3244.84,174.0,5.931619804235243,126.28806944654832,749.0928137677818
CUST001142,51.0,762.0,763.0,94.89666666666666,2.0,0.0,174.0,11.378175460607224,95.25368714578215,1083.8131656144963
CUST001143,5.0,54.0,737.0,85.09,0.0,0.0,174.0,0.00012760866488358046,88.52514514368931,0.01129657558041137
CUST001144,11.0,567.0,610.0,257.26363636363635,6.0,0.0,174.0,3.3110769535590836,261.23394288806435,864.9656877840397
CUST001145,26.0,304.0,820.0,93.17115384615384,0.0,0.0,174.0,2.6803739382674453e-08,93.86325844351532,2.515886316928602e-06
CUST001146,15.0,639.0,677.0,68.80933333333333,2.0,0.0,174.0,3.9731597190910977,69.76247230000249,277.17744484657834
CUST001147,16.0,731.0,735.0,105.919375,6.0,0.0,174.0,3.9163803717473726,107.1716590870578,419.72498205615415
CUST001148,9.0,202.0,845.0,94.32666666666667,0.0,0.0,174.0,0.0004142437626494693,96.36879201105573,0.039920171004643845
CUST001151,12.0,437.0,738.0,66.60833333333333,0.0,0.0,174.0,0.7377176309908772,67.77433811072164,49.99832415301629
CUST001152,14.0,670.0,708.0,75.96000000000001,6.0,0.0,174.0,3.577570633252281,77.06120601540687,275.6919076037236
CUST001153,34.0,652.0,673.0,163.91176470588235,6.0,866.53,174.0,8.637613930449291,164.76094454145894,1423.1414297652889
CUST001154,7.0,547.0,550.0,63.425714285714285,0.0,0.0,174.0,2.4859369169777112,65.37192425458889,162.51047983835318
CUST001155,22.0,661.0,667.0,44.59045454545455,6.0,0.0,174.0,5.772264307588102,45.06810820285401,260.1450323898528
CUST001156,21.0,684.0,689.0,336.86095238095237,5.0,0.0,174.0,5.359160029386056,339.51253205235696,1819.5019912506436
CUST001157,42.0,774.0,813.0,261.5290476190476,13.0,0.0,174.0,8.802951012019149,262.57378417516605,2311.4241591344753
CUST001158,17.0,212.0,711.0,256.3705882352941,0.0,0.0,174.0,2.004340024429841e-06,258.9187153340578,0.0005189611442180086
CUST001159,25.0,627.0,641.0,200.368,7.0,36.81,174.0,6.754705821439982,201.74988397367025,1362.7611157517915
CUST001160,47.0,573.0,587.0,205.39510638297872,18.0,566.142,174.0,13.440805358623043,206.14449654585013,2770.748053824112
CUST001161,57.0,592.0,609.0,105.39754385964912,11.0,729.09,174.0,15.64783743700653,105.74522273786249,1654.6840551421187
CUST001162,41.0,841.0,842.0,61.073902439024394,6.0,0.0,174.0,8.381340403449007,61.39128646506297,514.5412696693444
CUST001163,15.0,567.0,667.0,575.8113333333333,11.0,1682.3000000000002,174.0,3.9036908534924115,582.0038076333287,2271.962940555982
CUST001164,10.0,728.0,834.0,82.297,4.0,0.0,174.0,2.2394135535553397,83.94429135638295,187.98598380708233
CUST001165,11.0,850.0,883.0,39.57454545454545,2.0,0.0,174.0,2.3381718796686894,40.465659558397796,94.61566727169225
CUST001168,15.0,553.0,579.0,105.66533333333334,0.0,0.0,174.0,4.610071293922527,106.99934050771188,493.27458814324433
CUST001169,15.0,460.0,503.0,34.45133333333333,3.0,0.0,174.0,5.225494591022397,35.049418309323116,183.1505457938493
CUST001170,32.0,640.0,640.0,251.12625,13.0,1701.22,174.0,8.569588034737949,252.44892313592854,2163.3832710881334
CUST001171,33.0,868.0,879.0,33.74575757575758,3.0,0.0,174.0,6.521749550082579,34.01279490612439,221.8229298760678
CUST001172,24.0,649.0,724.0,35.189166666666665,8.0,335.43,174.0,5.6498618785229215,35.56627385834186,200.944534833352
CUST001173,27.0,745.0,880.0,107.89296296296295,0.0,0.0,174.0,4.61139497264324,108.64342032019235,500.99772227530144
CUST001174,4.0,513.0,516.0,172.735,0.0,0.0,174.0,1.6953179649441596,180.55897729412658,306.1048779386774
CUST001176,16.0,474.0,625.0,315.446875,6.0,176.3,174.0,3.5707626202263643,318.7277684350199,1138.1012015559336
CUST001177,13.0,795.0,825.0,118.57384615384616,3.0,352.105,174.0,2.897417226842726,120.26969977098177,348.47149998364523
CUST001178,22.0,566.0,581.0,157.45318181818183,10.0,305.23,174.0,6.565671378159142,158.72344628521142,1042.1259883175926
CUST001179,80.0,742.0,770.0,131.215125,19.0,491.655,174.0,17.34255225672328,131.51226217574572,2280.7582791827626
CUST001180,67.0,888.0,890.0,230.9002985074627,8.0,0.0,174.0,12.819022451392659,231.48401528045835,2967.398789018717
CUST001181,16.0,589.0,597.0,27.376875,1.0,0.0,174.0,4.76468177171411,27.868724062002304,132.7856015391528
CUST001182,68.0,682.0,698.0,261.13735294117646,9.0,1097.575,174.0,16.3569380124118,261.7808423408823,4281.9330110067585
CUST001183,26.0,636.0,888.0,116.58923076923075,0.0,0.0,174.0,0.3987532780636662,117.42034376529676,46.82174698777466
CUST001184,17.0,631.0,732.0,263.34235294117644,1.0,0.0,174.0,4.015562584481488,265.9539727559599,1067.9548221930418
CUST001185,15.0,792.0,821.0,26.58533333333333,4.0,0.0,174.0,3.3149603630562625,27.10213142735432,89.84249143602102
CUST001186,19.0,676.0,751.0,225.79894736842107,1.0,0.0,174.0,4.423120521361847,227.8277932731335,1007.7097877629814
CUST001187,16.0,700.0,701.0,111.35,3.0,0.0,174.0,4.097319694167423,112.65486246765356,461.5829866324394
CUST001188,20.0,598.0,629.0,110.24249999999999,7.0,0.0,174.0,5.558480340572006,111.27581100594209,618.5244078577351
CUST001189,26.0,690.0,718.0,167.32538461538462,2.0,0.0,174.0,6.28435966564491,168.4576645913759,1058.6485527267814
CUST001190,32.0,862.0,865.0,57.1825,11.0,179.68,174.0,6.434119852676518,57.5708311299833,370.4176275085128
CUST001191,27.0,564.0,567.0,106.41148148148147,7.0,0.0,174.0,8.163863786922022,107.1534724119812,874.7863530671212
CUST001193,51.0,878.0,879.0,373.5158823529411,7.0,0.0,174.0,9.939571951165561,374.7136050334243,3724.4928383103547
CUST001196,7.0,128.0,627.0,65.27857142857144,0.0,0.0,174.0,0.0022396393835616177,67.26630177804175,0.15065225864864318
CUST001197,4.0,260.0,608.0,30.59,3.0,628.04,174.0,0.806756322909123,32.74440777096047,26.416758009136984
CUST001198,14.0,462.0,641.0,73.455,3.0,0.0,174.0,2.8248343823446262,74.52844993321447,210.53052783419432
CUST001199,13.0,703.0,725.0,85.68615384615386,0.0,0.0,174.0,3.278575667562187,86.98923698452283,285.2007957172572
CUST001200,7.0,539.0,548.0,56.66428571428571,1.0,0.0,174.0,2.4928008811105578,58.458979907247034,145.7265966216098
CUST001201,9.0,254.0,736.0,247.64000000000001,0.0,0.0,174.0,0.015043711606478818,252.34099800695077,3.7961452005076137
CUST001202,33.0,637.0,645.0,91.68181818181819,8.0,640.9,174.0,8.754983612374184,92.2194704020153,807.3799521114702
CUST001206,32.0,842.0,859.0,92.0821875,7.0,0.0,174.0,6.469458718190395,92.6386511118272,599.3219290768088
CUST001209,20.0,807.0,816.0,124.8595,4.0,120.08,174.0,4.358062250085451,126.00580763439409,549.141153542982
CUST001210,32.0,746.0,759.0,267.8603125,5.0,736.14,174.0,7.282532664459348,269.2636035342824,1960.9209880884432
CUST001211,20.0,600.0,631.0,30.433999999999997,8.0,271.12,174.0,5.54199008978929,30.85035188835218,170.9723444317601
CUST001213,61.0,773.0,783.0,305.6311475409836,15.0,1032.65,174.0,13.207614733953804,306.4608566937715,4047.616926248762
CUST001214,24.0,766.0,770.0,134.3083333333333,4.0,60.88,174.0,5.468267062903474,135.32315230991543,739.9831366245808
CUST001215,25.0,812.0,817.0,48.3896,1.0,0.0,174.0,5.370889102749857,48.83304043212365,262.27684471103606
CUST001217,18.0,686.0,769.0,103.38166666666667,6.0,0.0,174.0,4.102894102883827,104.47179566630723,428.6367143569761
CUST001218,9.0,314.0,790.0,107.06777777777778,0.0,0.0,174.0,0.04922813975220702,109.33086884828761,5.38215529089372
CUST001219,17.0,527.0,579.0,117.14823529411764,5.0,0.0,174.0,5.129152331073698,118.42844735389025,607.4375468106449
CUST001220,109.0,773.0,796.0,267.35009174311926,14.0,1470.38,174.0,22.804759601694045,267.75995061375954,6106.201304708256
CUST001223,25.0,284.0,806.0,141.40040000000002,0.0,0.0,174.0,1.9692926285945154e-08,142.41816799810726,2.8046304841660793e-06
CUST001224,12.0,470.0,555.0,315.6116666666667,7.0,1057.1625,174.0,3.8239268045124035,320.00248895590903,1223.6660950291848
CUST001225,5.0,185.0,347.0,147.574,1.0,0.0,174.0,2.1883861527937203,152.98714663703566,334.7949532559112
CUST001226,66.0,655.0,674.0,185.6560606060606,14.0,4262.91,174.0,16.400068188623138,186.14322220371042,3052.7615369908794
CUST001227,12.0,443.0,843.0,44.88166666666667,0.0,0.0,174.0,0.17135560618840492,45.76629153558971,7.842310629076239
CUST001228,105.0,758.0,758.0,177.32676190476192,25.0,2734.9375,174.0,23.24630329064246,177.62052457611608,4129.020584939407
CUST001229,39.0,545.0,574.0,166.91307692307694,12.0,0.0,174.0,11.393909508599645,167.66481119917756,1910.3576865798734
CUST001230,13.0,598.0,693.0,194.67000000000002,3.0,1347.7,174.0,3.3476694245366674,197.27465325253792,660.4103249295943
CUST001231,64.0,383.0,567.0,313.833125,0.0,0.0,174.0,1.0275804738992446e-06,314.64355749462175,0.00032332157591966764
CUST001232,14.0,551.0,691.0,618.7935714285715,0.0,0.0,174.0,3.3701702862196967,625.909521246517,2109.4216703670077
CUST001233,51.0,740.0,757.0,125.3243137254902,12.0,4168.82,174.0,11.441584020227346,125.77314621334236,1439.0440198882955
CUST001234,31.0,723.0,760.0,85.07193548387097,7.0,141.3,174.0,7.02298693429763,85.61157142145372,601.2489475175578
CUST001235,72.0,818.0,833.0,204.12833333333333,15.0,1324.2233333333334,174.0,14.631571676944471,204.61425781334003,2993.82817932068
CUST001236,36.0,518.0,539.0,48.08888888888889,14.0,70.73,174.0,11.22813737257278,48.394966662372774,543.3853338262015
CUST001237,24.0,760.0,777.0,278.99625,3.0,0.0,174.0,5.415014612286106,280.9419604751181,1521.30482117707
CUST001238,14.0,556.0,612.0,136.3542857142857,2.0,0.0,174.0,4.080421863121485,138.12467686272103,563.6069513072372
CUST001239,28.0,542.0,559.0,337.72107142857146,14.0,242.66,174.0,8.546715708145246,339.71084281058944,2903.4119964765255
CUST001241,141.0,887.0,891.0,124.56439716312057,25.0,80.215,174.0,26.65020825051882,124.72560098208491,3323.9632403436776
CUST001242,37.0,799.0,831.0,33.96756756756757,8.0,0.0,174.0,7.654739154651599,34.20653937626166,261.8421363086018
CUST001243,20.0,686.0,732.0,54.011,3.0,0.0,174.0,4.804029341342144,54.609613741606125,262.34618673403696
CUST001244,35.0,777.0,777.0,243.86599999999999,7.0,1110.0,174.0,7.769820547028039,245.04283628871133,1903.9388642980573
CUST001246,12.0,823.0,849.0,101.92083333333335,4.0,364.58,174.0,2.6247648406682504,103.54416680131754,271.779088476387
CUST001247,54.0,747.0,749.0,128.73537037037036,0.0,0.0,174.0,12.242386291169469,129.1689157196323,1581.335763051251
CUST001248,11.0,580.0,640.0,9.752727272727272,2.0,0.0,174.0,3.1534108518911377,10.222014466789325,32.23421134776166
CUST001249,9.0,555.0,622.0,275.2288888888889,1.0,0.0,174.0,2.713181684128977,280.4083537118838,760.7988093678429
CUST001250,42.0,626.0,631.0,111.43619047619048,13.0,262.42,174.0,11.278797622022989,111.93063537582805,1262.4429841084116
CUST001251,78.0,815.0,816.0,88.86871794871796,17.0,297.65,174.0,16.16964517089623,89.09003067465153,1440.5541842733762
CUST001252,37.0,597.0,598.0,35.39918918918919,7.0,1177.7633333333335,174.0,10.50128831935415,35.64412206406644,374.30920268501444
CUST001253,41.0,626.0,869.0,204.21682926829266,0.0,0.0,174.0,0.011428677908022744,205.07187247700082,2.3437003785347565
CUST001255,12.0,511.0,639.0,779.8141666666667,0.0,0.0,174.0,3.2375393975408238,790.2168295646549,2558.3581183153724
CUST001256,73.0,797.0,801.0,271.4005479452055,7.0,47.34,174.0,15.418930768251998,272.02148545091177,4194.280451644677
CUST001257,15.0,559.0,642.0,195.53266666666667,4.0,561.53,174.0,4.09710168714678,197.7953587275844,810.3876979525885
CUST001258,5.0,128.0,804.0,783.96,0.0,0.0,174.0,0.003484868261211346,809.5186632227969,2.8210658963233612
CUST001259,37.0,430.0,821.0,245.71432432432434,0.0,0.0,174.0,3.713505059847549e-07,246.83497912245747,9.1662294391861e-05
CUST001260,47.0,807.0,839.0,80.6704255319149,0.0,0.0,174.0,9.549775108430657,81.0113389096217,773.6400678197452
CUST001262,70.0,549.0,563.0,128.06428571428572,27.0,118.735,174.0,20.59657604003462,128.3970432174414,2644.539463943643
CUST001263,4.0,661.0,835.0,788.8425,0.0,0.0,174.0,1.0482687479505275,821.240428576226,860.8806758299551
CUST001264,46.0,716.0,716.0,108.51173913043478,11.0,790.68,174.0,10.93481479858652,108.95325837364162,1191.383702018317
CUST001265,37.0,826.0,859.0,122.87432432432433,0.0,0.0,174.0,7.415980613094157,123.48349105963388,915.7511757354305
CUST001266,30.0,726.0,780.0,47.876,6.0,0.0,174.0,6.596869035479645,48.24251366405982,318.2495445841399
CUST001267,53.0,565.0,565.0,138.30490566037736,19.0,1598.6200000000001,174.0,15.690047581972843,138.77443707133943,2177.377520810812
CUST001269,33.0,532.0,571.0,178.7281818181818,8.0,150.57333333333335,174.0,9.698448935375367,179.67242091810752,1742.5437993695348
CUST001271,18.0,612.0,636.0,298.09388888888884,2.0,171.37,174.0,4.994749034515796,300.8579241625055,1502.709826237101
CUST001272,8.0,699.0,725.0,310.8575,6.0,0.0,174.0,2.1400073060113454,317.3937021748543,679.2248415361772
CUST001276,10.0,714.0,759.0,76.434,2.0,0.0,174.0,2.478918045408755,77.98993737422465,193.3306631172642
CUST001277,32.0,792.0,824.0,67.3315625,2.0,0.0,174.0,6.715104106938325,67.76878768000923,455.0744644722613
CUST001278,22.0,796.0,839.0,131.8990909090909,5.0,75.805,174.0,4.620055114162174,132.98989445776192,614.4206420214707
CUST001280,46.0,777.0,782.0,114.39673913043478,9.0,269.52,174.0,10.051509317304298,114.85795230377131,1154.49577774785
CUST001281,47.0,597.0,610.0,302.1493617021277,2.0,240.98,174.0,12.968382387777469,303.2156247316529,3932.2161674689096
CUST001282,11.0,474.0,518.0,52.13727272727272,3.0,0.0,174.0,3.851060207894833,53.20608546746186,204.89983856159392
CUST001283,26.0,774.0,776.0,36.44576923076924,3.0,0.0,174.0,5.855961888769915,36.801155108349214,215.50616177720326
CUST001284,32.0,732.0,742.0,180.96625,3.0,1368.0,174.0,7.443366124686538,181.9509208278515,1354.327320445552
CUST001285,23.0,691.0,733.0,318.96130434782606,7.0,46.86,174.0,5.472504582244636,321.26056024314,1758.0998880250627
CUST001287,28.0,732.0,752.0,353.49892857142856,12.0,4369.028,174.0,6.462094930566948,355.57562982709106,2297.763474938795
CUST001288,39.0,743.0,745.0,216.61128205128205,0.0,0.0,174.0,8.97427374943442,217.55929847024242,1952.4367012068647
CUST001289,43.0,553.0,569.0,102.58116279069768,10.0,3960.43,174.0,12.689315119209988,103.03235995924263,1307.4100829987033
CUST001290,61.0,839.0,856.0,106.67459016393444,13.0,2071.8,174.0,12.11826158612027,107.00263299609627,1296.6858970503185
CUST001291,24.0,608.0,621.0,441.91541666666666,6.0,0.0,174.0,6.696727174379316,444.9093146524803,2979.4362975677427
CUST001292,4.0,644.0,714.0,136.1175,3.0,0.0,174.0,1.2398494810014593,142.48095837320403,176.65494229160754
CUST001293,24.0,560.0,582.0,90.76666666666667,5.0,0.0,174.0,7.105493682196837,91.50134775567754,650.1622483904625
CUST001295,11.0,539.0,556.0,87.62363636363636,2.0,0.0,174.0,3.6263049676997583,89.19440049462126,323.44609760464687
CUST001296,51.0,830.0,851.0,136.55019607843136,16.0,592.5500000000001,174.0,10.228456239220716,137.03290140589783,1401.6350353636728
CUST001297,33.0,392.0,821.0,65.92212121212123,0.0,0.0,174.0,1.802766255269861e-07,66.33945186601586,1.1959452521715261e-05
CUST001298,12.0,707.0,798.0,628.6308333333333,1.0,0.0,174.0,2.7491724369247628,637.0755358526098,1751.4305034050685
CUST001299,43.0,755.0,764.0,134.36279069767443,0.0,0.0,174.0,9.62310320701039,134.92779064033724,1298.4240548258556
CUST001300,20.0,179.0,693.0,181.93750000000003,0.0,0.0,174.0,7.832464726029878e-09,183.52504876176522,1.4374534707694394e-06
CUST001301,25.0,665.0,728.0,21.0848,5.0,242.69,174.0,5.89615780141364,21.359637438453362,125.93979291810365
CUST001302,90.0,464.0,668.0,209.03077777777779,0.0,0.0,174.0,9.833415603095756e-10,209.42772292039766,2.059389838286253e-07
CUST001303,28.0,597.0,610.0,83.99571428571429,4.0,0.0,174.0,7.881599684293629,84.5875573535679,666.6852653330501
CUST001304,9.0,651.0,722.0,228.16777777777776,2.0,0.0,174.0,2.3599165608999546,232.53107417574043,548.7539328711856
CUST001305,46.0,819.0,840.0,145.98434782608695,12.0,1110.0,174.0,9.369708474936917,146.55126773835565,1373.1426553408203
CUST001306,26.0,472.0,571.0,59.65038461538462,10.0,3093.32,174.0,6.266951818537524,60.14351179588052,376.91649062242647
CUST001307,70.0,628.0,646.0,73.03271428571429,15.0,0.0,174.0,18.081279299689974,73.24459034863168,1324.355895284986
CUST001308,46.0,849.0,867.0,230.9045652173913,8.0,900.0799999999999,174.0,9.095724100910543,231.75566742836887,2107.985609750823
CUST001309,27.0,798.0,827.0,122.10259259259259,5.0,0.0,174.0,5.6957987443840095,122.93425568179951,700.2087791541765
CUST001310,9.0,695.0,702.0,225.86111111111111,2.0,0.0,174.0,2.4453356285893317,230.18440359807468,562.8781232639584
CUST001312,9.0,567.0,624.0,86.21555555555557,0.0,0.0,174.0,2.7121420819220776,88.11701204142177,238.98585649077444
CUST001313,14.0,688.0,860.0,707.1064285714285,4.0,0.0,174.0,2.7393851060470014,715.2009088969596,1959.2107176636096
CUST001314,41.0,673.0,674.0,207.32195121951221,7.0,0.0,174.0,10.357726500330749,208.18865757754506,2156.361175659222
CUST001315,125.0,871.0,880.0,281.55568,25.0,92.41,174.0,23.923349161353478,281.9304696982285,6744.721065815106
CUST001316,35.0,728.0,757.0,242.1682857142857,8.0,88.15,174.0,7.933298575158074,243.33764724177973,1930.470210145529
CUST001317,13.0,610.0,648.0,160.75,1.0,0.0,174.0,3.6361396016021135,162.94955414995817,592.5073269080709
CUST001318,36.0,774.0,818.0,212.68527777777777,8.0,123.77,174.0,7.537197382821355,213.69583034009375,1610.6676531591909
CUST001320,20.0,871.0,899.0,77.6285,1.0,0.0,174.0,3.965881553358204,78.40968867986057,310.9635379400186
CUST001321,19.0,712.0,830.0,25.477894736842103,0.0,0.0,174.0,3.900566032530326,25.87599223332591,100.93101636332958
CUST001322,26.0,557.0,567.0,137.44,9.0,1281.8,174.0,7.870140538935542,138.3948819994751,1089.1871712052696
CUST001324,23.0,529.0,546.0,9.33,9.0,381.83500000000004,174.0,7.252379809349926,9.549958685194953,69.25992754863384
CUST001325,12.0,706.0,848.0,41.166666666666664,9.0,121.33,174.0,2.53578160185214,42.003178938476395,106.51088837149175
CUST001326,41.0,893.0,896.0,278.5063414634146,5.0,0.0,174.0,7.896092065426464,279.64042352715046,2208.0665293852285
CUST001327,11.0,400.0,532.0,30.025454545454544,1.0,0.0,174.0,3.3983641255560215,30.781497625637904,104.60673726185571
CUST001329,38.0,656.0,678.0,79.65526315789474,6.0,485.96,174.0,9.5422712114456,80.07313119280222,764.0795345913833
CUST001330,16.0,801.0,848.0,181.376875,2.0,252.26,174.0,3.4018192856889873,183.35972567079435,623.7566510055503
CUST001331,63.0,681.0,688.0,150.47317460317458,19.0,242.245,174.0,15.417432988696074,150.89770099081858,2326.4551931742426
CUST001332,13.0,621.0,623.0,94.85307692307694,4.0,0.0,174.0,3.7908579839603194,96.2656386083763,364.9293646996021
CUST001333,26.0,656.0,717.0,279.1484615384615,4.0,513.78,174.0,6.207565827353416,280.9445170632457,1743.9815835041127
CUST001334,24.0,581.0,591.0,36.7875,12.0,73.99,174.0,7.0181809103830926,37.1748905307826,260.9001070687196
CUST001335,9.0,402.0,573.0,40.361111111111114,1.0,4088.73,174.0,2.5486797268273205,41.46732607336368,105.68693328891996
CUST001337,8.0,530.0,570.0,188.33124999999998,3.0,0.0,174.0,2.6767897144612576,192.47170060876454,515.2062685144075
CUST001339,15.0,645.0,698.0,294.364,8.0,0.0,174.0,3.8479185023716664,297.6480105108904,1145.3252868389714
CUST001340,95.0,387.0,578.0,201.18789473684208,0.0,0.0,174.0,1.1705062562938046e-11,201.55122758649503,2.359169728536889e-09
CUST001341,17.0,671.0,898.0,326.97941176470584,0.0,0.0,174.0,2.3021550895208724,330.1705820770564,760.1038859387643
CUST001342,21.0,642.0,677.0,113.69857142857143,5.0,1165.26,174.0,5.4249184850894885,114.70775054493566,622.2801963142554
CUST001343,64.0,794.0,803.0,138.48796875,19.0,340.96000000000004,174.0,13.515277561505691,138.87704542731944,1876.961815872057
CUST001344,111.0,756.0,761.0,225.50342342342344,19.0,585.47,174.0,24.45370428878666,225.847966843482,5522.819395414203
CUST001345,96.0,571.0,571.0,126.04843749999999,27.0,458.755,174.0,27.811727074798235,126.28770210435901,3512.2791038298556
CUST001346,61.0,634.0,835.0,121.92409836065573,0.0,0.0,174.0,0.001150446124158227,122.29059262547835,0.14068873830699422
CUST001347,62.0,863.0,873.0,165.2,16.0,92.41,174.0,12.095559847307868,165.66792365521457,2003.8462853508786
CUST001348,31.0,786.0,793.0,181.0925806451613,4.0,91.52,174.0,6.779911578680057,182.10980137270033,1234.6883509178963
CUST001349,38.0,653.0,654.0,8.893947368421053,12.0,255.56,174.0,9.903171455795931,9.02496059313019,89.37573213557002
CUST001350,11.0,519.0,888.0,85.62090909090908,0.0,0.0,174.0,0.6607916002170834,87.16334482650718,57.59680610818112
CUST001351,15.0,632.0,643.0,417.61066666666665,4.0,0.0,174.0,4.186847933216755,422.1683025584852,1767.5544850366193
CUST001352,18.0,597.0,604.0,251.67666666666662,11.0,0.0,174.0,5.254674449303749,254.04166135304354,1334.9062269705137
CUST001355,57.0,845.0,859.0,172.87456140350878,10.0,238.56,174.0,11.31015473597439,173.40435472887967,1961.2300838754213
CUST001356,59.0,644.0,654.0,144.25830508474576,17.0,0.0,174.0,15.162682482278596,144.6954846543575,2193.9716904334377
CUST001358,76.0,602.0,602.0,312.0653947368421,23.0,190.7475,174.0,21.031710913297655,312.7440295631087,6577.542019631118
CUST001360,11.0,191.0,770.0,446.2009090909091,0.0,0.0,174.0,7.964080190343614e-05,452.84371617894595,0.036064836693423294
CUST001361,12.0,572.0,605.0,239.13666666666668,6.0,2981.06,174.0,3.612085710739807,242.53706880402737,876.0646805517447
CUST001363,22.0,671.0,677.0,292.39045454545453,2.0,69.51,174.0,5.691623174058568,294.608354636486,1676.7997385202889
CUST001364,20.0,662.0,672.0,26.348000000000003,7.0,1368.0,174.0,5.240081764467125,26.732765090523976,140.08187486463805
CUST001365,109.0,869.0,873.0,108.36018348623854,12.0,184.89,174.0,21.070580579969548,108.54593938299075,2287.1259623977967
CUST001366,37.0,682.0,705.0,261.8127027027027,7.0,0.0,174.0,8.962530330180307,263.00038882916016,2357.148961730562
CUST001368,95.0,668.0,691.0,206.44852631578948,0.0,0.0,174.0,22.747373299933553,206.8203687638153,4704.620134300424
CUST001369,13.0,169.0,653.0,112.05846153846154,0.0,0.0,174.0,2.2026323969350714e-05,113.67650334956372,0.0025038754904804722
CUST001370,38.0,897.0,910.0,93.93921052631579,5.0,0.0,174.0,7.223870695391943,94.4149833495322,682.0416314246039
CUST001371,16.0,616.0,705.0,204.07,3.0,866.53,174.0,3.975379920339751,206.2725616180899,820.0117995735985
CUST001372,19.0,849.0,884.0,185.4078947368421,1.0,0.0,174.0,3.8388757662635364,187.10793024484218,718.2840990926528
CUST001373,13.0,503.0,594.0,55.58230769230769,5.0,0.0,174.0,3.84350687049068,56.525867214487945,217.2575589993283
CUST001374,41.0,549.0,568.0,247.90658536585366,18.0,3131.64,174.0,12.127845383315208,248.92573167818543,3018.9327857216413
CUST001375,137.0,906.0,913.0,96.65350364963504,1.0,0.0,174.0,25.294097509366775,96.78812747558051,2448.168334116355
CUST001376,62.0,673.0,687.0,235.14451612903224,17.0,757.765,174.0,15.179868572267885,235.78595231398995,3579.1997673133906
CUST001378,18.0,799.0,817.0,95.35888888888888,5.0,0.0,174.0,3.943411403498249,96.3800474977462,380.0661783723152
CUST001379,31.0,835.0,837.0,161.7706451612903,4.0,126.85,174.0,6.441572769870387,162.69176298841543,1047.9908303483837
CUST001380,6.0,531.0,600.0,139.66833333333332,1.0,0.0,174.0,1.9979416194942177,143.94815609904938,287.60001211974117
CUST001381,38.0,812.0,828.0,96.70421052631578,8.0,257.745,174.0,7.903833212481309,97.19119220766817,768.1829729316222
CUST001382,13.0,632.0,634.0,31.497692307692304,4.0,0.0,174.0,3.728859691159144,32.15361456341367,119.89631727058085
CUST001383,20.0,560.0,700.0,47.1305,4.0,0.0,174.0,4.12414849189517,47.67592407874343,196.62259038905833
CUST001384,10.0,599.0,728.0,239.554,1.0,0.0,174.0,2.5030313141208067,243.65158185139683,609.8675391091151
CUST001385,42.0,726.0,735.0,127.61857142857141,14.0,499.01,174.0,9.758857616151506,128.17234646149848,1250.8156794458039
CUST001386,28.0,840.0,849.0,100.97249999999998,4.0,2578.04,174.0,5.763578037731316,101.65787857293967,585.913116305352
CUST001387,12.0,735.0,803.0,92.95666666666666,3.0,104.46,174.0,2.7503807196596077,94.46390609984874,259.8117060407596
CUST001389,16.0,553.0,567.0,24.04875,7.0,52.415000000000006,174.0,4.996906276619933,24.508376726098014,122.46606149240506
CUST001390,88.0,782.0,783.0,178.10397727272726,17.0,803.568,174.0,18.937037936885947,178.455946068878,3379.4270207692152
CUST001391,93.0,802.0,811.0,138.4552688172043,15.0,211.59,174.0,19.320296281807767,138.72276599145988,2680.164939986891
CUST001393,16.0,776.0,874.0,126.29375,0.0,0.0,174.0,3.2587118910233137,127.743295294221,416.2785953737805
CUST001394,26.0,461.0,635.0,137.00192307692308,0.0,0.0,174.0,0.8593534710808644,137.9542046762122,118.55142463870297
CUST001396,17.0,542.0,566.0,147.9635294117647,10.0,944.0100000000001,174.0,5.283936383822112,149.52438013348555,790.0773124557725
CUST001397,40.0,651.0,658.0,146.76375000000002,10.0,0.0,174.0,10.340099401386476,147.41903630865298,1524.327489088074
CUST001398,8.0,207.0,851.0,145.73125,0.0,0.0,174.0,0.0014096933982915216,149.03874426907876,0.2100989338857787
CUST001399,17.0,541.0,541.0,219.50058823529412,6.0,522.0,174.0,5.529468835896672,221.71293572324092,1225.9547685968228
CUST001400,19.0,762.0,893.0,181.5484210526316,5.0,0.0,174.0,3.61571963656306,183.21703784310574,662.4614414822347
CUST001401,7.0,796.0,801.0,802.2214285714286,3.0,0.0,174.0,1.7427510208837649,820.7231940281513,1430.3161842555448
CUST001402,6.0,498.0,566.0,21.03,0.0,0.0,174.0,2.108807481217689,22.19655655014172,46.80826451021036
CUST001403,21.0,714.0,785.0,117.93571428571428,6.0,427.64,174.0,4.664841071440674,118.97607735768365,555.0044921770254
CUST001404,30.0,643.0,696.0,7.912000000000001,10.0,35.75,174.0,7.327566866818981,8.073082056118452,59.15604858752442
CUST001405,55.0,741.0,804.0,109.82109090909091,8.0,0.0,174.0,10.869617234419003,110.19382213157357,1197.7646681678543
CUST001406,12.0,463.0,729.0,302.8425,0.0,0.0,174.0,1.3387207900481923,307.06795007623936,411.07824872454205
CUST001407,53.0,662.0,667.0,262.56075471698114,17.0,2705.925,174.0,13.415014026705197,263.391024897406,3533.3942935069595
CUST001408,14.0,815.0,820.0,7.704285714285715,7.0,2210.225,174.0,3.1232054983723576,8.049199827171815,25.139305157720845
CUST001409,22.0,711.0,727.0,316.6463636363637,6.0,0.0,174.0,5.314866258786409,319.03460779232637,1695.626272340591
CUST001410,15.0,581.0,674.0,12.986666666666666,3.0,1978.0700000000002,174.0,3.894648609602457,13.362936765230456,52.043943092910354
CUST001412,45.0,746.0,751.0,155.34799999999998,6.0,0.0,174.0,10.225777098453621,155.95959505823657,1594.8080554306162
CUST001413,43.0,704.0,715.0,180.74302325581394,10.0,0.0,174.0,10.245818229314812,181.47410025232674,1859.350644513793
CUST001414,15.0,635.0,669.0,233.47933333333333,4.0,0.0,174.0,4.020753133996658,236.13416450109602,949.4371819614643
CUST001415,27.0,513.0,518.0,171.4,5.0,138.615,174.0,8.880728973963523,172.51338978845646,1532.0446590910083
CUST001416,38.0,806.0,808.0,24.16236842105263,7.0,974.5333333333333,174.0,8.100872376954651,24.355277329501053,197.29899335162494
CUST001419,35.0,635.0,639.0,104.26057142857142,5.0,485.905,174.0,9.349604809512352,104.82274761104904,980.0512652105634
CUST001420,9.0,723.0,728.0,141.70333333333332,1.0,0.0,174.0,2.36282575181879,144.56709969944237,341.58686603559687
CUST001421,33.0,616.0,623.0,85.01121212121211,2.0,0.0,174.0,9.046998618523979,85.51770645277634,773.6785721376067
CUST001422,8.0,334.0,351.0,124.79875,3.0,0.0,174.0,4.191633209010298,127.69695181413813,535.2587839135292
CUST001423,34.0,670.0,696.0,80.47617647058824,8.0,0.0,174.0,8.35871387423754,80.94714942811214,676.6140610047404
CUST001425,9.0,660.0,663.0,46.68666666666667,2.0,0.0,174.0,2.5820617402931747,47.90258406886041,123.68742958538182
CUST001426,67.0,855.0,863.0,134.64970149253733,12.0,245.96,174.0,13.196408201556874,135.01250738959766,1781.6801598288446
CUST001428,16.0,691.0,706.0,77.90125,1.0,0.0,174.0,4.064852495520138,78.88226740231536,320.64478150258844
CUST001429,27.0,737.0,754.0,292.0466666666667,8.0,120.49,174.0,6.229286567724072,293.84953261549316,1830.4729464536883
CUST001431,8.0,745.0,839.0,364.37,1.0,0.0,174.0,1.8452416902136362,371.9525302529631,686.3423156032162
CUST001432,22.0,604.0,612.0,100.07318181818182,4.0,0.0,174.0,6.258804842821909,100.94047880998217,631.7667576126787
CUST001433,28.0,634.0,634.0,181.96964285714284,7.0,0.0,174.0,7.611065810292879,183.10128427366053,1393.5959245559748
CUST001434,42.0,720.0,746.0,151.2497619047619,4.0,2736.0,174.0,9.5921579145544,151.89017694974086,1456.954562971525
CUST001435,22.0,570.0,641.0,204.5022727272727,3.0,292.62,174.0,5.835456752842783,206.10295290318112,1202.7048682997065
CUST001436,20.0,761.0,785.0,35.1625,0.0,0.0,174.0,4.515195684428384,35.615405528472266,160.81052534132476
CUST001437,5.0,383.0,451.0,16.916,3.0,0.0,174.0,2.2431248757543334,18.193020282806636,40.8092163614667
CUST001438,33.0,650.0,680.0,175.84424242424242,1.0,0.0,174.0,8.293337512368051,176.77501086473418,1466.0548288537698
CUST001439,9.0,585.0,820.0,82.08111111111111,0.0,0.0,174.0,1.8392334921003,83.91086501854396,154.3316732932135
CUST001441,38.0,875.0,894.0,27.583421052631582,11.0,2283.57,174.0,7.342825564520057,27.790198349370435,204.05857888284032
CUST001442,53.0,826.0,831.0,154.3201886792453,10.0,0.0,174.0,10.8854119609131,154.83621555527148,1685.455992787871
CUST001444,9.0,663.0,693.0,66.79333333333334,5.0,0.0,174.0,2.4695829732050405,68.35795534701057,168.81564260808776
CUST001445,27.0,655.0,656.0,122.5137037037037,9.0,70.03,174.0,7.118827205375507,123.34771622632812,878.0910779929225
CUST001446,93.0,621.0,626.0,245.14064516129034,21.0,835.476,174.0,24.709696769465804,245.58443402264675,6068.316896000482
CUST001447,23.0,555.0,558.0,248.06391304347827,3.0,0.0,174.0,7.120409571310097,249.88706479210606,1779.2982478922984
CUST001448,10.0,639.0,664.0,471.97800000000007,1.0,0.0,174.0,2.819889448700314,479.6970824396893,1352.6927413440046
CUST001449,15.0,610.0,738.0,66.822,1.0,0.0,174.0,3.470018872064381,67.75460195546914,235.10974745468815
CUST001450,44.0,553.0,554.0,177.25590909090909,25.0,837.2133333333333,174.0,13.33705357869605,177.95811077868078,2373.4368582187926
CUST001451,15.0,658.0,669.0,51.79866666666667,4.0,0.0,174.0,4.033146657808282,52.57601818691529,212.04679203142484
CUST001452,8.0,537.0,581.0,11.60125,2.0,368.94,174.0,2.6276266159493615,12.286104977011863,32.28329644394429
CUST001453,20.0,812.0,826.0,100.365,4.0,4639.9800000000005,174.0,4.305935329785354,101.3219530530424,436.2857773339484
CUST001455,20.0,506.0,514.0,400.3665,6.0,1310.2466666666667,174.0,6.738797026915047,403.6426128006338,2720.0656390771323
CUST001456,61.0,582.0,585.0,161.4822950819672,13.0,73.4,174.0,17.414277024367287,161.94853481515443,2820.2166489614897
CUST001457,32.0,522.0,558.0,254.30375,7.0,0.0,174.0,9.643636305007472,255.64173103692505,2465.3158785026462
CUST001458,18.0,645.0,651.0,267.75611111111107,5.0,0.0,174.0,4.897129961433431,270.25933791579274,1323.4951010645907
CUST001459,10.0,480.0,504.0,297.39099999999996,2.0,0.0,174.0,3.648667284410559,302.38976559113564,1103.3196448529545
CUST001460,5.0,493.0,673.0,115.398,1.0,0.0,174.0,1.4887857792981092,119.79257906693913,178.34548818030333
CUST001461,51.0,794.0,809.0,319.11196078431374,14.0,1248.71,174.0,10.745204276433567,320.14552573966256,3440.0290722588948
CUST001463,22.0,459.0,467.0,83.70454545454545,9.0,0.0,174.0,8.05277653573979,84.45688901190175,680.1124541166221
CUST001464,119.0,440.0,557.0,189.3164705882353,0.0,0.0,174.0,2.533976184866171e-07,189.591106328144,4.804193482979469e-05
CUST001465,17.0,542.0,572.0,421.28000000000003,7.0,46.86,174.0,5.225687191729033,425.3299773320808,2222.6414148026547
CUST001466,14.0,579.0,602.0,138.7842857142857,5.0,0.0,174.0,4.17659091952275,140.5816019244885,587.1518420497806
CUST001467,13.0,336.0,572.0,263.2853846153846,0.0,0.0,174.0,0.7334369572922399,266.70949632107266,195.6146014626734
CUST001468,70.0,879.0,884.0,143.1397142857143,15.0,123.77,174.0,13.465241314981663,143.5055862261033,1932.3373485823897
CUST001470,13.0,645.0,765.0,70.48769230769231,3.0,0.0,174.0,3.015797041933384,71.60926356133773,215.95900522331038
CUST001471,40.0,664.0,693.0,67.00750000000001,11.0,0.0,174.0,9.799160134428865,67.3556956900771,660.0292480329256
CUST001473,94.0,660.0,668.0,158.86255319148935,23.0,511.965,174.0,23.47519292614009,159.1605625780057,3736.3249127516765
CUST001474,73.0,894.0,895.0,38.185753424657534,14.0,1470.38,174.0,13.869341420658522,38.315511934912834,531.4109167326225
CUST001476,48.0,811.0,815.0,130.75416666666666,13.0,120.08,174.0,10.071316531533402,131.248552389437,1321.8457154195646
CUST001477,46.0,849.0,895.0,83.73217391304347,2.0,0.0,174.0,8.744319424088221,84.09076927756975,735.3165471803742
CUST001478,45.0,759.0,769.0,163.36777777777777,10.0,6308.0,174.0,9.993014233596888,164.0068091570441,1638.9223783131501
CUST001479,34.0,871.0,884.0,22.928235294117645,10.0,1978.96,174.0,6.67368663145992,23.138348016446294,154.41808383142478
CUST001480,13.0,583.0,874.0,258.74461538461543,0.0,0.0,174.0,1.3886927056345981,262.1144976816831,363.99649097163007
CUST001482,18.0,218.0,746.0,14.726111111111111,0.0,0.0,174.0,4.616797117958899e-07,15.054084099312803,6.950165208321823e-06
CUST001483,10.0,327.0,550.0,89.005,0.0,0.0,174.0,1.5535014796921254,90.75681165526028,140.99084119858637
CUST001484,21.0,591.0,607.0,98.50571428571428,5.0,760.44,174.0,6.03181624786126,99.40307905013627,599.5811073020492
CUST001485,11.0,769.0,868.0,308.22727272727275,0.0,0.0,174.0,2.3496481288449607,312.9184552595913,735.2482628817543
CUST001486,27.0,562.0,562.0,363.42148148148146,12.0,1546.66,174.0,8.23411890927621,365.6322429372895,3010.659365411009
CUST001487,99.0,657.0,677.0,92.52353535353535,25.0,499.36,174.0,24.222313553718568,92.70350288268531,2245.4933143524568
CUST001489,18.0,563.0,564.0,31.30055555555556,3.0,0.0,174.0,5.606698268953885,31.77101608884603,178.13050090823904
CUST001490,82.0,706.0,712.0,118.1121951219512,23.0,568.04,174.0,19.32820860046314,118.37750963360672,2288.0251998016856
CUST001491,12.0,555.0,579.0,46.9575,4.0,1366.78,174.0,3.7691067310327977,47.86900878085872,180.4234032038027
CUST001492,28.0,648.0,658.0,74.44428571428571,9.0,0.0,174.0,7.341959876717186,74.98350411509354,550.5258786286747
CUST001493,9.0,428.0,539.0,156.39999999999998,2.0,0.0,174.0,3.0026723324352633,159.51864677592846,478.982227181594
CUST001494,24.0,591.0,617.0,560.95125,6.0,578.66,174.0,6.721982185017287,564.7109993977626,3795.9772776350687
CUST001495,5.0,257.0,552.0,980.4959999999999,0.0,0.0,174.0,1.0238802958699067,1012.2762319683367,1036.4496878898149
CUST001496,69.0,819.0,849.0,197.79884057971014,10.0,381.8475,174.0,13.704277947545808,198.29183408793372,2717.4464090696824
CUST001497,41.0,596.0,600.0,49.17707317073171,12.0,1352.62,174.0,11.555138274662518,49.44977151342961,571.3989474881467
CUST001498,160.0,827.0,893.0,205.9814375,0.0,0.0,174.0,0.6447571423575964,206.20162564137416,132.94997089802328
CUST001499,27.0,678.0,686.0,23.955555555555552,5.0,182.29,174.0,6.819946766056819,24.22632422374249,165.22224154315657
CUST001500,30.0,532.0,625.0,112.18,7.0,212.8,174.0,6.915765277208112,112.87706301139897,780.6312729674652
CUST001501,25.0,591.0,608.0,166.982,9.0,343.74,174.0,7.095560821508674,168.1577304934515,1193.173404323149
CUST001502,14.0,623.0,819.0,28.2,0.0,0.0,174.0,2.6276648664429203,28.77201220881664,75.60320561797425
CUST001503,22.0,566.0,631.0,81.6640909090909,10.0,677.3533333333334,174.0,5.953032805353895,82.40210479031437,490.54243304695075
CUST001504,18.0,758.0,775.0,87.50333333333333,3.0,0.0,174.0,4.147044114189025,88.4569591310505,366.83491172348204
CUST001505,17.0,555.0,576.0,231.4935294117647,12.0,120.24,174.0,5.201085451923068,233.81509808552073,1216.0923050925671
CUST001506,24.0,361.0,678.0,81.79291666666667,0.0,0.0,174.0,0.0009448919415721088,82.46986254338452,0.07792510853980353
CUST001507,8.0,467.0,675.0,161.94625000000002,0.0,0.0,174.0,1.992605719927028,165.57079560823385,329.91731438183564
CUST001508,61.0,862.0,864.0,121.35950819672131,18.0,1327.35,174.0,12.031756815829674,121.72457885493384,1464.5605312918467
CUST001509,51.0,557.0,582.0,118.74901960784314,24.0,877.8125,174.0,14.590998398451337,119.17801188393628,1738.9261805291287
CUST001510,24.0,783.0,802.0,163.59666666666666,7.0,0.0,174.0,5.253093351220158,164.7999205943795,865.7093671559448
CUST001512,16.0,829.0,871.0,23.07,0.0,0.0,174.0,3.3188627775285977,23.520150636327852,78.06015246877406
CUST001513,19.0,288.0,892.0,143.0021052631579,0.0,0.0,174.0,6.247153050799214e-07,144.35692905838272,9.018198297710814e-05
CUST001514,33.0,696.0,763.0,30.80848484848485,4.0,101.80333333333333,174.0,7.262427198520769,31.06180240351351,225.58407861035434
CUST001516,17.0,769.0,778.0,1.506470588235294,2.0,91.71,174.0,3.921797309266846,1.7335189174106023,6.798509825864076
CUST001517,11.0,210.0,792.0,63.66,0.0,0.0,174.0,0.00015185424456776934,64.89180067097782,0.009854095369533604
CUST001518,18.0,715.0,729.0,122.64444444444445,5.0,0.0,174.0,4.3965106967884955,123.90017211174147,544.728432023207
CUST001519,28.0,784.0,843.0,219.29785714285714,3.0,0.0,174.0,5.7391183753878945,220.63516254288362,1266.2513156065584
CUST001520,17.0,552.0,843.0,29.06941176470588,0.0,0.0,174.0,0.6241748399368781,29.54747917880673,18.442793086969928
CUST001521,25.0,768.0,772.0,129.52200000000002,2.0,62.12,174.0,5.669404909593995,130.466420681884,739.6669659510286
CUST001523,68.0,829.0,829.0,186.76441176470587,18.0,182.80000000000004,174.0,13.922662104720137,187.23971903225214,2606.875340668783
CUST001524,13.0,681.0,685.0,503.6107692307693,6.0,254.66,174.0,3.4655047646164974,509.90503416861594,1767.0783254132764
CUST001525,45.0,582.0,592.0,92.31622222222224,17.0,316.625,174.0,12.79465396369494,92.71218037154368,1186.2202660735716
CUST001526,70.0,602.0,617.0,290.0824285714286,15.0,227.57,174.0,18.90124459043448,290.7710724493487,5495.935160188084
CUST001527,45.0,716.0,728.0,258.0084444444444,19.0,0.0,174.0,10.524212336857293,258.97124934775155,2725.468417276953
CUST001528,18.0,759.0,765.0,2.8455555555555554,2.0,0.0,174.0,4.2026241925002505,3.071393524928946,12.90791273255501
CUST001529,7.0,79.0,577.0,132.18857142857144,0.0,0.0,174.0,0.00022577860529043224,135.67567731078006,0.030632665195062664
CUST001530,8.0,289.0,542.0,2.95875,0.0,0.0,174.0,1.1761612908447496,3.4746184707739696,4.086711745778522
CUST001532,34.0,787.0,799.0,157.22176470588235,7.0,161.45,174.0,7.350896268336895,158.04061930413891,1161.7401986884465
CUST001534,49.0,696.0,712.0,38.81224489795918,9.0,647.25,174.0,11.665661778513256,39.00772598740938,455.0509381180398
CUST001536,25.0,692.0,698.0,152.2856,3.0,0.0,174.0,6.237852644851769,153.3705824551514,956.7030934103225
CUST001537,31.0,667.0,726.0,138.85903225806453,0.0,0.0,174.0,7.233542046930482,139.66619294797644,1010.2812792238931
CUST001538,19.0,815.0,850.0,420.98526315789474,4.0,290.66,174.0,3.985060976158468,424.6030572515281,1692.0690738106446
CUST001539,41.0,789.0,800.0,99.90658536585366,12.0,1852.1,174.0,8.793828780950827,100.36982884178464,882.6350896079941
CUST001540,24.0,745.0,745.0,140.09541666666667,3.0,0.0,174.0,5.644296081736817,141.14746851521508,796.6781034874992
CUST001541,42.0,656.0,708.0,243.12380952380948,15.0,402.0,174.0,9.863361023230773,244.10106619346192,2407.6569420216674
CUST001542,4.0,657.0,691.0,601.075,1.0,36.13,174.0,1.2848845511958966,625.9836683458902,804.3167447585702
CUST001543,29.0,767.0,782.0,106.42724137931036,6.0,1243.38,174.0,6.441929729205329,107.1178721792853,690.0458053209544
CUST001544,114.0,761.0,762.0,128.73833333333334,33.0,659.0433333333333,174.0,25.084599937622784,128.94339340668475,3234.4934382061942
CUST001545,21.0,797.0,805.0,154.80761904761906,2.0,0.0,174.0,4.621371074739777,156.11934701804444,721.4854345164522
CUST001548,18.0,320.0,542.0,124.4761111111111,0.0,0.0,174.0,0.1635587520124056,125.74758529031259,20.56711811865706
CUST001549,34.0,815.0,817.0,76.98294117647059,9.0,0.0,174.0,7.202228182620571,77.43807957654921,557.7267191342372
CUST001550,47.0,754.0,764.0,189.4925531914894,6.0,1402.74,174.0,10.488351815463679,190.18986205209373,1994.778184936864
CUST001551,46.0,590.0,600.0,89.97152173913042,11.0,367.04,174.0,12.906635260140005,90.350996845397,1166.1273616735994
CUST001552,64.0,841.0,841.0,62.978750000000005,13.0,1045.2666666666667,174.0,12.941378520245102,63.186377418835775,817.7188275002214
CUST001553,28.0,732.0,787.0,128.52285714285713,10.0,0.0,174.0,6.129194343548904,129.3600274986483,792.8727488260458
CUST001554,13.0,580.0,614.0,147.2876923076923,6.0,0.0,174.0,3.8271719101020563,149.32646907661257,571.498067884735
CUST001556,127.0,698.0,698.0,91.04929133858268,24.0,1432.1133333333335,174.0,30.33789864612014,91.18774986413514,2766.444713145888
CUST001557,18.0,624.0,626.0,290.1,7.0,322.9,174.0,5.0831031363616415,292.79531323546286,1488.3087750191705
CUST001558,11.0,601.0,743.0,321.03909090909093,2.0,0.0,174.0,2.6341689306912524,325.9114954460332,858.5059354590643
CUST001559,43.0,574.0,576.0,168.1893023255814,12.0,0.0,174.0,12.575104417952508,168.87542730542773,2123.626131992102
CUST001560,23.0,663.0,681.0,33.16913043478261,6.0,362.735,174.0,5.893852981428996,33.549178350971545,197.73392484836677
CUST001561,10.0,733.0,744.0,145.18900000000002,1.0,0.0,174.0,2.53574096665904,147.81623927483756,374.82369346668054
CUST001562,43.0,807.0,838.0,135.15906976744188,12.0,2737.495,174.0,8.777482479254413,135.72692100417234,1191.3406710772706
CUST001563,13.0,772.0,807.0,260.4407692307692,3.0,0.0,174.0,2.9571713880489776,263.8309083203166,780.1932133678132
CUST001564,15.0,587.0,792.0,24.271333333333335,0.0,0.0,174.0,2.5535026461555184,24.764218657855746,63.23549787280851
CUST001565,26.0,633.0,678.0,124.47076923076922,7.0,114.785,174.0,6.596504425244328,125.34866659962833,826.8630339229242
CUST001566,12.0,558.0,570.0,120.70583333333333,2.0,0.0,174.0,3.8309640059797765,122.57244947608832,469.5706420676691
CUST001567,37.0,578.0,603.0,319.9889189189189,13.0,274.91,174.0,10.37051120668081,321.41884242843435,3333.2777074424516
CUST001568,25.0,851.0,881.0,174.6696,3.0,0.0,174.0,4.985047211122004,175.8928002560625,876.833913372924
CUST001569,7.0,192.0,761.0,55.971428571428575,0.0,0.0,174.0,0.00649022065336687,57.75059663903221,0.37481411505090617
CUST001570,13.0,635.0,645.0,44.15461538461538,5.0,0.0,174.0,3.6662181709181634,44.9616964899795,164.83938866687026
CUST001571,27.0,682.0,688.0,74.13185185185185,8.0,60.88,174.0,6.802463105305118,74.68936992694567,508.0716832865335
CUST001572,18.0,369.0,831.0,104.505,0.0,0.0,174.0,0.0005117497449802361,105.60478609611334,0.054043222353378384
CUST001573,9.0,634.0,655.0,315.09222222222223,5.0,0.0,174.0,2.6072293294656834,320.9630263105904,836.8242158710372
CUST001574,29.0,339.0,749.0,85.70724137931035,0.0,0.0,174.0,6.328742801834131e-07,86.28767047498447,5.460924734055934e-05
CUST001576,32.0,507.0,545.0,180.6825,16.0,0.0,174.0,9.836046440809689,181.6658038359057,1786.8732832369915
CUST001577,24.0,773.0,796.0,16.5275,0.0,0.0,174.0,5.288211906429048,16.78454196958389,88.76021468751159
CUST001578,99.0,597.0,600.0,113.00878787878789,28.0,1442.9925,174.0,27.35733443184237,113.22055141059977,3097.41248949738
CUST001581,7.0,485.0,512.0,525.8585714285714,5.0,0.0,174.0,2.6487893384826466,538.167365637982,1425.491980421179
CUST001582,20.0,803.0,828.0,17.294999999999998,0.0,0.0,174.0,4.29126261230029,17.609780929794958,75.56819451482774
CUST001583,18.0,546.0,557.0,97.30944444444444,6.0,0.0,174.0,5.666439721066577,98.34737163179632,557.2794530769069
CUST001587,51.0,794.0,806.0,208.91411764705882,17.0,381.0475,174.0,10.787868005903073,209.6151729832011,2261.3008181773134
CUST001588,76.0,603.0,628.0,83.52486842105263,0.0,0.0,174.0,19.971848537498126,83.74120731093149,1672.4667087611545
CUST001589,23.0,806.0,813.0,238.33565217391302,8.0,967.9825,174.0,4.98682634606216,240.09347478623786,1197.3044655816218
CUST001590,27.0,770.0,788.0,279.0907407407407,1.0,0.0,174.0,5.9728258660346025,280.8195656712096,1677.2863655296035
CUST001591,33.0,871.0,879.0,245.49272727272728,3.0,0.0,174.0,6.523320593457839,246.7488184372178,1609.6216487228924
CUST001592,9.0,202.0,703.0,301.64222222222224,0.0,0.0,174.0,0.0031173640492428854,307.27976651162885,0.9579028971830997
CUST001594,26.0,662.0,680.0,160.1973076923077,7.0,2091.5,174.0,6.626819819744275,161.28727580118135,1068.82171595183
CUST001595,33.0,611.0,631.0,139.91787878787878,14.0,1169.45,174.0,8.920321114162768,140.6808379428279,1254.9182490595183
CUST001596,37.0,614.0,665.0,133.04945945945946,8.0,434.4633333333333,174.0,9.28978241008409,133.70099399157164,1242.0531421936607
CUST001597,28.0,515.0,570.0,130.82857142857142,6.0,0.0,174.0,8.190573803069515,131.6784453758391,1078.5220251242679
CUST001598,1.0,12.0,622.0,913.0,0.0,0.0,174.0,0.022859285897125055,1082.7069035640623,24.749906651361904
CUST001600,47.0,801.0,808.0,78.10936170212766,14.0,628.04,174.0,9.94664608805093,78.44188752484008,780.2336936882816
CUST001604,58.0,719.0,723.0,169.2006896551724,18.0,145.20499999999998,174.0,13.571932556427145,169.71158034377584,2303.3141224703922
CUST001605,19.0,712.0,790.0,12.474736842105264,6.0,0.0,174.0,4.216522227350836,12.766979867677387,53.83225438820234
CUST001606,56.0,874.0,901.0,172.77767857142857,14.0,168.0,174.0,10.592992501152002,173.3166923222061,1835.9424220935982
CUST001607,69.0,554.0,569.0,141.4995652173913,19.0,795.8299999999999,174.0,20.100276291961073,141.86709641212644,2851.567834622021
CUST001608,90.0,829.0,855.0,152.88744444444444,12.0,1675.9633333333334,174.0,17.66672309916684,153.1885180929573,2706.3391311199866
CUST001610,25.0,548.0,557.0,86.8016,9.0,950.9166666666666,174.0,7.711357443945044,87.48222869912664,674.6067354919129
CUST001611,28.0,714.0,715.0,220.93250000000003,13.0,625.89,174.0,6.792286294285847,222.2788116481969,1509.781325868193
CUST001613,14.0,668.0,701.0,102.38571428571429,4.0,230.24,174.0,3.614140022989156,103.77972441198217,375.0744555721295
CUST001614,12.0,632.0,651.0,512.61,3.0,0.0,174.0,3.3788850394600107,519.5521281960149,1755.5069131811244
CUST001615,75.0,466.0,775.0,161.9456,0.0,0.0,174.0,2.7165688915558242e-12,162.3255796184537,4.409686198952595e-10
CUST001616,14.0,561.0,681.0,18.021428571428572,3.0,0.0,174.0,3.5328885456286945,18.480659436862965,65.29011004015801
CUST001617,31.0,603.0,646.0,153.31516129032258,7.0,0.0,174.0,8.146985343862601,154.19422346908468,1256.2180787109075
CUST001618,30.0,745.0,822.0,167.443,0.0,0.0,174.0,6.169366401594851,168.42413785249758,1039.0702172847782
CUST001619,18.0,487.0,537.0,63.99166666666666,3.0,91.52,174.0,5.793743134764406,64.7431668561616,375.1052784957927
CUST001620,50.0,555.0,564.0,209.6536,17.0,2549.37,174.0,14.832626166159915,210.37099566715688,3120.354334933785
CUST001621,22.0,848.0,860.0,171.78454545454545,3.0,148.07999999999998,174.0,4.530836109448373,173.15545602511526,784.538992706592
CUST001622,21.0,737.0,777.0,365.8176190476191,9.0,0.0,174.0,4.759576415268754,368.6823101099422,1754.7716279260817
CUST001625,10.0,456.0,612.0,49.27,0.0,0.0,174.0,2.754885913038907,50.40268314066712,138.85364176358746
CUST001626,17.0,789.0,806.0,223.36058823529413,8.0,162.375,174.0,3.789309172754861,225.60808921653503,854.8988019159133
CUST001628,20.0,751.0,842.0,28.889,4.0,874.0,174.0,4.1370566471344645,29.293408275370147,121.1884894228438
CUST001630,26.0,875.0,905.0,229.06115384615384,3.0,0.0,174.0,5.04246590276796,230.55989390559907,1162.5904035647816
CUST001631,2.0,197.0,808.0,935.18,0.0,0.0,174.0,0.2426723186555948,1014.8261922644239,246.27022510923618
CUST001632,30.0,552.0,561.0,119.02,9.0,598.875,174.0,9.109644201101387,119.75222346076137,1090.9001480183224
CUST001633,24.0,632.0,796.0,189.15958333333333,0.0,0.0,174.0,3.4319435743182845,190.52730366813117,653.8789555560313
CUST001635,17.0,754.0,755.0,141.73882352941177,4.0,0.0,174.0,4.037805784292037,143.2429850914194,578.3873537613913
CUST001636,6.0,404.0,525.0,40.665,3.0,0.0,174.0,2.199280394856582,42.34681144647485,93.13251219892044
CUST001637,19.0,538.0,654.0,120.56315789473683,0.0,0.0,174.0,4.628878471704424,121.735313531909,563.4979720540418
CUST001639,6.0,677.0,725.0,145.955,0.0,0.0,174.0,1.6804474467699557,150.39979530361342,252.73895201268115
CUST001640,18.0,582.0,585.0,245.26444444444445,7.0,0.0,174.0,5.416861715125701,247.5743143991255,1341.0758253171166
CUST001642,36.0,798.0,821.0,260.9405555555556,5.0,0.0,174.0,7.556385332682224,262.1576413647552,1980.9641560592027
CUST001643,16.0,581.0,598.0,105.67875000000001,5.0,382.53,174.0,4.752062582478422,106.92870439704407,508.1318951580891
CUST001645,13.0,755.0,873.0,37.527692307692305,0.0,0.0,174.0,2.6873158022651733,38.25562952769892,102.80495775538748
CUST001646,11.0,768.0,817.0,735.09,3.0,0.0,174.0,2.5129283033383842,745.8191170422906,1874.189968386415
CUST001647,70.0,675.0,679.0,189.51628571428571,11.0,183.115,174.0,17.312968278349828,189.98402766496284,3289.1874443566376
CUST001648,12.0,608.0,669.0,40.968333333333334,11.0,0.0,174.0,3.2678367088854845,41.802277009783495,136.60301532757026
CUST001649,77.0,672.0,674.0,129.76168831168832,22.0,1079.786,174.0,19.14691833051054,130.06752359384635,2490.3922517031287
CUST001650,36.0,907.0,912.0,108.08027777777778,6.0,112.47,174.0,6.847244700980646,108.64311951373095,743.9060243884013
CUST001651,5.0,639.0,639.0,395.752,2.0,0.0,174.0,1.6456553238899516,409.0215011376392,673.1084109326158
CUST001652,7.0,659.0,661.0,351.3442857142858,0.0,0.0,174.0,2.0918124560787703,359.74241709133497,752.5136690515388
CUST001653,2.0,345.0,898.0,665.5,0.0,0.0,174.0,0.4310025644480037,722.7396755212221,311.50265357796485
CUST001654,5.0,425.0,439.0,37.588,1.0,0.0,174.0,2.330055320596449,39.519415757975565,92.08242495373412
CUST001655,31.0,698.0,708.0,292.5848387096774,10.0,84.69,174.0,7.54921234883026,294.15659650119943,2220.650610796735
CUST001656,20.0,537.0,561.0,365.6785,8.0,0.0,174.0,6.1946856743880865,368.68645743032914,2283.896716184553
CUST001657,6.0,687.0,776.0,86.45666666666666,0.0,0.0,174.0,1.5661078575616973,89.34012723263501,139.91627525459148
CUST001658,49.0,715.0,715.0,283.98897959183677,17.0,779.1233333333333,174.0,11.64207838209372,284.954544437177,3317.4631416714224
CUST001661,78.0,854.0,870.0,320.86602564102566,17.0,4375.974999999999,174.0,15.179696562730348,321.5445699930406,4880.949003887967
CUST001662,61.0,875.0,876.0,170.97737704918035,9.0,0.0,174.0,11.874605655370365,171.46755850561274,2036.109639943298
CUST001663,7.0,331.0,699.0,13.764285714285714,0.0,0.0,174.0,0.5759172377189348,14.597640640254474,8.407032874749019
CUST001664,2.0,197.0,537.0,42.9,0.0,0.0,174.0,0.6972245118123467,48.41059911838387,33.753056336858414
CUST001666,7.0,448.0,636.0,476.1271428571428,6.0,108.69,174.0,1.9684181399204213,487.3215134047969,959.252506959475
CUST001667,20.0,616.0,707.0,426.29949999999997,3.0,0.0,174.0,4.816925096127879,429.7760876973736,2070.1992225451354
CUST001668,7.0,566.0,618.0,38.737142857142864,2.0,0.0,174.0,2.213996104350316,40.13011056121009,88.8479084496666
CUST001669,12.0,419.0,561.0,176.92083333333335,0.0,0.0,174.0,3.3791823978143727,179.51548437426456,606.6155649326358
CUST001670,31.0,735.0,742.0,70.81967741935483,8.0,72.8,174.0,7.222696621196376,71.28842587578484,514.8946727034395
CUST001671,12.0,360.0,816.0,182.28083333333333,0.0,0.0,174.0,0.021806054477780588,184.94490120347783,4.032918591030786
CUST001672,17.0,609.0,660.0,13.254117647058823,5.0,0.0,174.0,4.5475458530212824,13.588153238437176,61.792749909672686
CUST001673,31.0,794.0,803.0,37.51387096774193,2.0,119.76,174.0,6.698263977635002,37.8169639388146,253.30800729488374
CUST001674,32.0,811.0,823.0,244.0734375,5.0,1018.07,174.0,6.74286447408956,245.36213305748737,1654.4436102801671
CUST001676,66.0,680.0,862.0,83.46772727272727,0.0,0.0,174.0,0.003963780192975524,83.71678801710746,0.3318349461617412
CUST001677,19.0,677.0,685.0,136.52894736842106,3.0,578.66,174.0,4.906635440855268,137.83107529471758,676.2868388922523
CUST001678,21.0,495.0,895.0,258.9157142857143,0.0,0.0,174.0,0.0058568066168103875,260.9936430498107,1.52858929555958
CUST001679,43.0,808.0,865.0,70.26186046511627,9.0,340.885,174.0,8.388943386088968,70.59732956985751,592.2370009705993
CUST001680,38.0,870.0,878.0,388.13894736842104,4.0,1670.5,174.0,7.479083984017453,389.80735784585136,2915.4019669170666
CUST001681,66.0,888.0,899.0,114.3690909090909,8.0,110.82,174.0,12.500547827058554,114.69015244660481,1433.68973595142
CUST001683,10.0,534.0,562.0,132.547,6.0,258.22,174.0,3.2954626660172948,134.9772587115687,444.81251684533237
CUST001684,22.0,716.0,737.0,193.80863636363637,3.0,0.0,174.0,5.243283106101672,195.33421741708966,1024.1926022266173
CUST001685,7.0,289.0,535.0,17.46,2.0,0.0,174.0,1.4165125472401834,18.37617159875297,26.03007763987228
CUST001686,27.0,685.0,710.0,132.06407407407409,7.0,204.31,174.0,6.586265556624621,132.95266541661127,875.6615608948642
CUST001687,14.0,488.0,503.0,242.82142857142858,5.0,34.35,174.0,4.944017942921999,245.77150465716198,1215.0987288839465
CUST001688,29.0,799.0,844.0,72.95,8.0,492.94,174.0,5.957507207867708,73.46257823939145,437.65383936971995
CUST001689,29.0,753.0,762.0,202.32931034482755,6.0,0.0,174.0,6.606696122445903,203.53000733428007,1344.6609102567743
CUST001690,5.0,493.0,551.0,17.944,2.0,0.0,174.0,1.8744983102564545,19.253562782249055,36.09077090174242
CUST001691,13.0,702.0,755.0,84.05461538461539,3.0,126.85,174.0,3.140753416305995,85.33821341783714,268.0262853335221
CUST001692,26.0,704.0,733.0,135.7623076923077,5.0,0.0,174.0,6.161627096343031,136.70723100380098,842.3389788190462
CUST001693,22.0,699.0,767.0,300.07272727272726,3.0,0.0,174.0,4.98147360136211,302.3445783230639,1506.1215354313015
CUST001694,9.0,627.0,723.0,17.932222222222222,3.0,0.0,174.0,2.340630133368302,18.64945888609913,43.651485439816874
CUST001695,45.0,522.0,674.0,174.11288888888888,0.0,0.0,174.0,0.13884161034860937,174.78868017922923,24.267941826792246
CUST001697,10.0,106.0,659.0,24.936,0.0,0.0,174.0,6.667527074528496e-06,25.689524382038456,0.00017128559934900133
CUST001698,26.0,408.0,827.0,568.1038461538461,0.0,0.0,174.0,3.337698197626879e-05,571.6151247280881,0.019078787715412035
CUST001700,104.0,790.0,794.0,140.65778846153847,12.0,319.7133333333333,174.0,22.025007352791352,140.90020488683746,3103.328048642403
CUST001702,58.0,879.0,885.0,214.79879310344828,10.0,253.045,174.0,11.189875653097731,215.4306215614673,2410.641867142374
CUST001703,59.0,764.0,774.0,126.63135593220339,9.0,0.0,174.0,12.926016276583171,127.02257880712367,1641.895921154449
CUST001704,8.0,500.0,573.0,185.4475,4.0,176.07,174.0,2.641198152780183,189.53156474386856,500.5904186950433
CUST001705,64.0,570.0,589.0,236.61203125,15.0,1561.425,174.0,18.049652602964834,237.23690083677837,4282.043644707867
CUST001706,12.0,277.0,718.0,46.66083333333333,0.0,0.0,174.0,0.005351958815923556,47.56850001357017,0.2545846530078867
CUST001707,27.0,712.0,724.0,165.41185185185185,10.0,0.0,174.0,6.477701599295903,166.491020343467,1078.479148747283
CUST001708,11.0,273.0,626.0,95.41727272727272,0.0,0.0,174.0,0.05336616220148023,97.09827713680998,5.181762407167281
CUST001710,31.0,458.0,702.0,198.29,0.0,0.0,174.0,0.010297540991422285,199.39275676925772,2.053255086224125
CUST001711,48.0,828.0,841.0,114.54458333333332,12.0,140.17499999999998,174.0,9.765325345494034,114.98699174373327,1122.8853848771917
CUST001712,10.0,749.0,754.0,85.76,4.0,0.0,174.0,2.5049584408325978,87.46124988277118,219.08679613961672
CUST001713,82.0,808.0,820.0,174.07353658536587,15.0,481.19,174.0,16.88331063112792,174.44375229153735,2945.188057597558
CUST001714,5.0,598.0,624.0,404.36,0.0,0.0,174.0,1.678277645193724,417.9019970862776,701.3555795917125
CUST001715,38.0,593.0,610.0,168.63447368421055,5.0,0.0,174.0,10.550860207592313,169.4130488973602,1787.4533962580485
CUST001716,47.0,551.0,566.0,89.92297872340426,18.0,45.76,174.0,13.902320969432305,90.29419446914628,1255.2988731864107
CUST001717,11.0,474.0,713.0,263.02181818181816,0.0,0.0,174.0,1.8852135820848175,267.07357366511127,503.4907284893978
CUST001718,21.0,647.0,828.0,301.50142857142856,0.0,0.0,174.0,3.094633551899807,303.8927739628309,940.4367744852807
CUST001719,4.0,344.0,538.0,143.405,0.0,0.0,174.0,1.4851923580680215,150.0591262679599,222.86666759153835
CUST001720,17.0,527.0,560.0,68.56058823529412,6.0,0.0,174.0,5.325701198036613,69.39830663572522,369.5946447915941
CUST001721,15.0,532.0,543.0,160.66133333333335,8.0,0.0,174.0,4.90597768362424,162.5636666405311,797.5337207065759
CUST001722,53.0,646.0,660.0,204.39415094339623,10.0,0.0,174.0,13.530188729826321,205.0555522196333,2774.4403216303954
CUST001723,58.0,721.0,728.0,137.18206896551726,17.0,585.24,174.0,13.479308899155063,137.60803812727775,1854.8612529242841
CUST001724,16.0,197.0,788.0,66.005625,0.0,0.0,174.0,2.9359868800346705e-07,66.87147099963622,1.963337615035509e-05
CUST001725,13.0,559.0,620.0,167.22384615384615,5.0,0.0,174.0,3.7655429000189216,169.50071602512398,638.262217776529
CUST001726,21.0,526.0,596.0,109.94952380952381,4.0,0.0,174.0,5.967977633881338,110.93111118814032,662.0343904724253
CUST001727,8.0,457.0,544.0,102.25375,2.0,258.22,174.0,2.751559498239132,104.71113020197345,288.1189048785945
CUST001729,53.0,809.0,814.0,275.35150943396224,12.0,2534.46,174.0,11.102415584885222,276.2189136499447,3066.697171747211
CUST001732,15.0,678.0,738.0,77.3,4.0,0.0,174.0,3.6457468987309913,78.34088112522112,285.61102440612814
CUST001733,15.0,756.0,807.0,649.398,4.0,4136.36,174.0,3.358748946379408,656.3509155265159,2204.517945979845
CUST001734,22.0,527.0,621.0,119.15727272727273,0.0,0.0,174.0,5.716272622915635,120.15859321037111,686.8592767765008
CUST001735,4.0,234.0,590.0,96.91,0.0,0.0,174.0,0.6976472466348014,101.70963518505434,70.95744694308327
CUST001736,25.0,557.0,612.0,210.05559999999997,9.0,0.0,174.0,6.938286240989667,211.49730343257414,1467.4288304126458
CUST001737,5.0,357.0,541.0,388.04,0.0,0.0,174.0,1.744759154744266,401.0653690795653,699.7624743524594
CUST001738,22.0,557.0,580.0,248.30181818181816,4.0,0.0,174.0,6.5667458234182465,250.2100932034569,1643.0660845208909
CUST001739,32.0,778.0,785.0,58.8578125,6.0,0.0,174.0,7.056914194369121,59.25421460335489,418.15190811060916
CUST001741,16.0,553.0,572.0,33.935625,3.0,0.0,174.0,4.952488495023753,34.49097475551961,170.81615565886557
CUST001742,12.0,525.0,572.0,115.92166666666667,3.0,0.0,174.0,3.793480866242111,117.72632354068512,446.59255580461723
CUST001743,20.0,641.0,660.0,21.852,3.0,90.535,174.0,5.324269724741917,22.202008790221573,118.20948323023065
CUST001744,20.0,839.0,860.0,125.64950000000002,1.0,0.0,174.0,4.140577037240317,126.80191472452732,525.0330963864826
CUST001746,73.0,623.0,624.0,90.89602739726027,17.0,6152.1,174.0,19.54354900660305,91.13680021719105,1781.136521349665
CUST001747,42.0,802.0,869.0,215.25785714285715,0.0,0.0,174.0,8.06783209436526,216.1329477175532,1743.7243322454444
CUST001748,13.0,540.0,570.0,279.57,4.0,253.61,174.0,4.105307612737368,283.1885952870019,1162.5762960721304
CUST001749,42.0,762.0,858.0,90.20071428571428,0.0,0.0,174.0,7.254463931767076,90.61730267977615,657.3799538844561
CUST001751,81.0,903.0,907.0,101.70444444444443,15.0,323.93,174.0,15.162335593248494,101.94190341014824,1545.6773505191907
CUST001752,14.0,301.0,646.0,147.28214285714284,0.0,0.0,174.0,0.020176034863035364,149.1736176387294,3.0097321101241117
CUST001754,40.0,730.0,804.0,227.49499999999998,6.0,0.0,174.0,8.109299681379746,228.461131032432,1852.659777088957
CUST001757,7.0,477.0,479.0,166.53428571428572,1.0,0.0,174.0,2.8271876336010897,170.79103923742124,482.85831406191585
CUST001758,30.0,621.0,633.0,75.73133333333334,2.0,0.0,174.0,8.130572391228165,76.24103501451881,619.8832543677065
CUST001759,127.0,829.0,830.0,165.98133858267718,21.0,1251.78,174.0,25.72449625393748,166.2104291330244,4275.679561597827
CUST001760,121.0,755.0,764.0,152.51834710743802,26.0,846.6766666666666,174.0,26.509267988187585,152.74171965981137,4049.0711794385597
CUST001761,24.0,632.0,677.0,43.03583333333333,14.0,281.995,174.0,6.127973908706665,43.46342432116873,266.3427302231687
CUST001762,36.0,755.0,757.0,345.6327777777778,9.0,448.17999999999995,174.0,8.182815043249594,347.21234745292656,2841.174419939812
CUST001764,14.0,640.0,731.0,204.40785714285715,8.0,131.21,174.0,3.4144433509083107,206.93230039590608,706.5586171749627
CUST001766,9.0,498.0,579.0,261.3666666666666,4.0,0.0,174.0,2.8823245945214517,266.305722629534,767.5795339969137
CUST001768,2.0,106.0,670.0,522.785,0.0,0.0,174.0,0.12349096562931164,568.1671182792834,70.16350607513202
CUST001770,33.0,532.0,552.0,199.7381818181818,9.0,753.3275000000001,174.0,10.10757505516871,200.7805570146225,2029.4045496438773
CUST001772,31.0,544.0,559.0,60.93225806451613,4.0,0.0,174.0,9.421385813822221,61.3518287520626,578.0192490567329
CUST001773,83.0,581.0,581.0,97.45301204819278,29.0,1408.5075,174.0,23.711126265716022,97.67686527368227,2316.0284857436127
CUST001776,17.0,613.0,645.0,181.21470588235294,3.0,0.0,174.0,4.66899461736566,183.07837914528614,854.7919667853704
CUST001777,32.0,569.0,590.0,35.4153125,11.0,751.005,174.0,9.221630220835538,35.69877818506674,329.2009317583159
CUST001778,114.0,777.0,778.0,151.48105263157896,38.0,305.69166666666666,174.0,24.592987355772653,151.7167616302262,3731.1684004309263
CUST001780,27.0,767.0,857.0,531.4244444444444,7.0,46.86,174.0,5.333092252582609,534.5953156242495,2851.046136022639
CUST001781,13.0,541.0,755.0,42.386923076923075,0.0,0.0,174.0,2.3353529361007066,43.17289302168922,100.82394247816363
CUST001783,199.0,887.0,893.0,232.5397487437186,33.0,136.82999999999998,174.0,37.40942171193862,232.73724270727834,8706.565660510387
CUST001785,23.0,569.0,570.0,28.78304347826087,4.0,591.04,174.0,6.981279128109757,29.133637078158223,203.39005245967053
CUST001786,27.0,775.0,776.0,39.189259259259266,11.0,286.8,174.0,6.069967596525017,39.54708607690063,240.04953102377246
CUST001787,65.0,837.0,843.0,238.1,11.0,613.03,174.0,13.103720078166928,238.71875392518797,3128.103728844476
CUST001788,30.0,850.0,867.0,179.90433333333334,11.0,556.335,174.0,6.028768662516944,180.94952763022485,1090.9028416743436
CUST001789,22.0,534.0,568.0,53.27045454545455,7.0,0.0,174.0,6.675387320173205,53.80906598753491,359.1963568035538
CUST001790,19.0,583.0,648.0,79.92263157894736,6.0,3120.9700000000003,174.0,5.087338760924276,80.76394593544327,410.87355264257326
CUST001791,30.0,747.0,769.0,212.19266666666667,8.0,2294.98,174.0,6.754206849100751,213.40383644735394,1441.3736537570946
CUST001792,20.0,640.0,800.0,14.716999999999999,0.0,0.0,174.0,3.6120173017223007,15.011851716676725,54.223068131525956
CUST001793,44.0,702.0,703.0,138.56545454545454,11.0,788.84,174.0,10.656502848064063,139.13227421654622,1482.6634764462551
CUST001794,14.0,710.0,799.0,90.32214285714285,4.0,70.73,174.0,3.1514662488086524,91.58248532668212,288.61911148905233
CUST001795,27.0,843.0,853.0,19.891481481481478,4.0,0.0,174.0,5.542255899983639,20.139024624542273,111.61562804528519
CUST001796,21.0,615.0,627.0,293.95285714285717,5.0,0.0,174.0,5.8539330649025425,296.2886475708686,1734.453910770364
CUST001798,21.0,555.0,570.0,218.62619047619046,6.0,230.24,174.0,6.398749927196329,220.40760180762342,1410.3331260200478
CUST001800,48.0,721.0,734.0,145.05645833333332,17.0,2417.903333333333,174.0,11.11553221892911,145.59670548673293,1618.3848708077126
CUST001801,18.0,734.0,744.0,140.05666666666667,2.0,0.0,174.0,4.3139313735817355,141.4620841053042,610.2577227941299
CUST001802,17.0,841.0,843.0,40.59411764705882,5.0,0.0,174.0,3.634531471344528,41.17714197073266,149.6596183926495
CUST001803,22.0,719.0,722.0,195.67590909090907,4.0,0.0,174.0,5.3562446216286625,197.2146036016031,1056.3296598477152
CUST001804,79.0,719.0,739.0,85.74329113924051,11.0,571.485,174.0,17.916282941889403,85.95571536644078,1540.0069169776639
CUST001805,2.0,330.0,364.0,1178.21,1.0,0.0,174.0,1.454763975922947,1278.0484785448316,1859.2588860701524
CUST001806,180.0,591.0,594.0,168.62566666666666,54.0,1453.551,174.0,49.88997435956576,168.78950106110818,8420.903880102585
CUST001807,38.0,571.0,585.0,101.17763157894737,14.0,0.0,174.0,10.979749217842665,101.68274777818814,1116.4510703856542
CUST001808,33.0,657.0,666.0,446.0315151515152,11.0,0.0,174.0,8.493238799183342,448.22430759360077,3806.8760799910583
CUST001809,16.0,606.0,643.0,104.396875,6.0,0.0,174.0,4.424222664543855,105.63441850297087,467.35018849675447
CUST001810,37.0,834.0,888.0,231.05567567567567,5.0,0.0,174.0,7.128684292867717,232.1152939726617,1654.6766502772862
CUST001811,27.0,694.0,714.0,45.52111111111112,8.0,558.0633333333334,174.0,6.556900063176571,45.91512343659505,301.06087576217016
CUST001812,59.0,773.0,793.0,130.3842372881356,3.0,0.0,174.0,12.60705773886247,130.7852446141935,1648.817130242389
CUST001813,40.0,618.0,623.0,301.74825,7.0,0.0,174.0,10.889347331907883,303.00028309620467,3299.4753243009895
CUST001814,27.0,771.0,783.0,8.635925925925925,5.0,0.0,174.0,6.012989024139701,8.819145391908123,53.029424443835765
CUST001815,4.0,208.0,763.0,759.955,0.0,0.0,174.0,0.13509782865843184,791.2007270242865,106.88950025395376
CUST001816,16.0,600.0,605.0,53.948125000000005,4.0,452.215,174.0,4.706885730458584,54.697232350947864,257.4536224482541
CUST001818,54.0,672.0,695.0,109.25092592592593,9.0,0.0,174.0,13.087761495972465,109.62895468716822,1434.7976119984303
CUST001821,35.0,725.0,735.0,127.54971428571427,8.0,35.66,174.0,8.184829205379167,128.2144287947394,1049.4132013501908
CUST001822,28.0,643.0,663.0,326.0496428571428,4.0,0.0,174.0,7.2792919495349215,327.9751091943262,2387.4265720060953
CUST001823,20.0,551.0,636.0,75.039,4.0,130.175,174.0,5.3026589673791875,75.80017056606317,401.94245418100684
CUST001824,19.0,736.0,751.0,40.79684210526316,7.0,1338.37,174.0,4.493857048129333,41.319646160087274,185.68458312271832
CUST001825,63.0,707.0,715.0,58.45063492063492,14.0,971.4666666666667,174.0,14.863433697145455,58.65051182399811,871.7479937996414
CUST001826,63.0,902.0,906.0,137.89634920634919,10.0,0.0,174.0,11.86358035358848,138.29017249289387,1640.6165734810577
CUST001827,6.0,384.0,806.0,466.625,0.0,0.0,174.0,0.631726291808209,479.48470681912886,302.9030958175946
CUST001828,7.0,202.0,712.0,65.81,0.0,0.0,174.0,0.016996949444137745,67.80963904768282,1.1525570067186937
CUST001830,8.0,847.0,862.0,208.25125,2.0,243.03,174.0,1.8168447558370242,212.7811956859134,386.59039952268336
CUST001832,60.0,854.0,858.0,98.08483333333334,11.0,120.24,174.0,11.916585533353764,98.39633669633844,1172.5483624105927
CUST001833,47.0,687.0,688.0,209.25787234042554,10.0,0.0,174.0,11.595008537746516,210.01991316882177,2435.1826862892704
CUST001834,44.0,823.0,860.0,73.5384090909091,4.0,0.0,174.0,8.738638921794662,73.8776922118153,645.5904766145355
CUST001835,10.0,136.0,613.0,55.145,0.0,0.0,174.0,0.0001443606927409662,56.36922410010426,0.008137500240361818
CUST001836,30.0,679.0,702.0,98.53333333333333,4.0,0.0,174.0,7.361621110724402,99.16024679322662,729.9801661376588
CUST001838,30.0,848.0,871.0,108.02999999999999,9.0,0.0,174.0,5.998128238356953,108.70573028261914,652.0309104793924
CUST001839,42.0,713.0,757.0,132.8047619047619,12.0,376.35,174.0,9.37684109435318,133.3775512825572,1250.660103930481
CUST001840,33.0,487.0,629.0,206.5,0.0,0.0,174.0,1.297692549737246,207.57395912988704,269.36718028231803
CUST001841,64.0,748.0,757.0,235.0375,19.0,475.7033333333334,174.0,14.295994065030625,235.6585859755518,3368.9737464799978
CUST001842,22.0,684.0,695.0,41.34136363636364,7.0,336.0,174.0,5.549399099008596,41.79619962279017,231.94379252869518
CUST001843,26.0,879.0,890.0,476.77846153846156,10.0,119.23333333333335,174.0,5.133918411237562,479.7476377223937,2462.9852300507246
CUST001845,17.0,735.0,774.0,166.29823529411763,5.0,0.0,174.0,3.92707824592095,168.02606243041996,659.8514945182577
CUST001846,9.0,461.0,499.0,18.862222222222222,2.0,1565.82,174.0,3.350088567389482,19.595587630562637,65.64695409242664
CUST001847,17.0,792.0,837.0,254.54294117647055,9.0,626.34,174.0,3.642758358192975,257.07442366937255,936.4600054992488
CUST001848,8.0,621.0,729.0,69.15375,2.0,0.0,174.0,2.0937506524140965,70.96392703663076,148.580768530812
CUST001849,16.0,750.0,775.0,34.695,4.0,418.28,174.0,3.71674034468787,35.25770189413439,131.04372309090724
CUST001850,24.0,826.0,831.0,121.45875,7.0,6187.42,174.0,5.0843894169859665,122.39089747117725,622.2829838378681
CUST001851,12.0,420.0,435.0,323.7891666666667,4.0,0.0,174.0,4.918888843931902,328.2858949486127,1614.8018262829312
CUST001852,19.0,555.0,806.0,14.265263157894738,0.0,0.0,174.0,0.9127363441221452,14.572082274701442,13.300469101658107
CUST001853,5.0,394.0,587.0,75.566,1.0,0.0,174.0,1.6302416294753217,78.69965218192903,128.29944921220903
CUST001854,31.0,766.0,803.0,88.19516129032259,7.0,2435.1233333333334,174.0,6.667897104399436,88.75033144076399,591.7780780283604
CUST001855,17.0,605.0,626.0,155.92294117647057,5.0,0.0,174.0,4.810927282572781,157.55627923707627,757.9918023223056
CUST001856,2.0,86.0,806.0,145.21,0.0,0.0,174.0,0.03654888429069861,159.2210838706717,5.819352971028798
CUST001857,4.0,85.0,634.0,111.9575,0.0,0.0,174.0,0.00986285002023162,117.35731702331697,1.1574776165777503
CUST001859,4.0,610.0,624.0,76.0975,2.0,0.0,174.0,1.4175675293093244,80.06701160912206,113.50039582592416
CUST001860,13.0,692.0,695.0,70.88000000000001,1.0,0.0,174.0,3.418544159305555,72.00625649816455,246.1565675852581
CUST001861,10.0,482.0,655.0,92.62100000000001,0.0,0.0,174.0,2.5432871688491496,94.42915414195386,240.16045609450978
CUST001863,11.0,76.0,696.0,70.85454545454546,0.0,0.0,174.0,4.009610932265432e-08,72.18811231757547,2.8944624432815552e-06
CUST001864,14.0,707.0,819.0,87.91785714285713,6.0,2486.76,174.0,3.0464105960610124,89.15155947191748,271.5922554306129
CUST001865,12.0,358.0,630.0,434.8341666666667,0.0,0.0,174.0,0.603700675743467,440.76902774711806,266.0925598977261
CUST001867,35.0,679.0,755.0,111.596,0.0,0.0,174.0,7.574939030319007,112.19047288720553,849.8359919032396
CUST001868,12.0,852.0,861.0,67.04333333333334,0.0,0.0,174.0,2.5933545140686465,68.21497175264474,176.90560492178645
CUST001869,26.0,788.0,809.0,72.9526923076923,5.0,0.0,174.0,5.618232325003476,73.52478124484553,413.0793026786004
CUST001870,14.0,315.0,869.0,147.84785714285712,0.0,0.0,174.0,0.0003585517191645086,149.74560019279167,0.05369154238644662
CUST001871,86.0,893.0,900.0,335.91453488372093,18.0,209.47,174.0,16.197692248321083,336.5567405142664,5451.442506948143
CUST001874,20.0,576.0,604.0,5.933,5.0,171.87,174.0,5.777223266337456,6.1599470587905385,35.58738946745168
CUST001875,82.0,579.0,597.0,103.74756097560974,18.0,824.095,174.0,22.70286859121183,103.98594855446967,2360.7793253646387
CUST001876,65.0,772.0,772.0,290.63,20.0,574.2,174.0,14.257931896436299,291.37303734179403,4154.37692287709
CUST001877,24.0,627.0,640.0,106.25541666666668,7.0,72.46,174.0,6.509476044824054,107.08974910203818,697.0981564259358
CUST001878,17.0,751.0,779.0,48.76705882352941,2.0,0.0,174.0,3.9094735553345874,49.42451512462296,193.2238348649478
CUST001879,34.0,722.0,765.0,160.24,10.0,0.0,174.0,7.603134855536352,161.07253601852292,1224.6562128720661
CUST001880,9.0,613.0,704.0,535.6255555555556,1.0,0.0,174.0,2.402628481485461,545.3210110192136,1310.2037926272096
CUST001881,38.0,596.0,639.0,83.47973684210527,10.0,673.85,174.0,9.964004036948827,83.91310866832235,836.1105535240895
CUST001882,42.0,822.0,822.0,44.228809523809524,7.0,0.0,174.0,8.77885867013417,44.476849220054746,390.4559733957278
CUST001883,53.0,785.0,799.0,246.96377358490565,14.0,520.005,174.0,11.289524416712057,247.7487627115722,2796.965705842496
CUST001884,199.0,827.0,827.0,233.7849246231156,36.0,113.57,174.0,40.28894208733685,233.98337932566352,9426.942819051028
CUST001885,35.0,857.0,874.0,39.54914285714286,5.0,0.0,174.0,6.934305470405086,39.826405093456124,276.1684587061218
CUST001886,12.0,675.0,684.0,765.5975,4.0,375.91,174.0,3.228089785430297,775.8160442558273,2504.4038478351754
CUST001887,29.0,742.0,818.0,119.91827586206897,3.0,36.945,174.0,6.016234223491935,120.68066028138664,726.0431184984822
CUST001889,10.0,544.0,570.0,22.947,6.0,1520.46,174.0,3.25336869740271,23.669532898069015,77.00571741272138
CUST001891,17.0,563.0,604.0,157.50058823529412,3.0,0.0,174.0,4.953451939645581,159.1482941211078,788.3334262054868
CUST001892,26.0,774.0,815.0,154.9126923076923,3.0,0.0,174.0,5.559201446928872,155.97129123433987,867.0758279093068
CUST001894,4.0,74.0,666.0,58.2925,0.0,0.0,174.0,0.004314240877309767,61.55184462920739,0.26554948417314617
CUST001895,10.0,436.0,439.0,38.472,4.0,612.37,174.0,4.157523704734336,39.436434752581626,163.95791231406707
CUST001896,21.0,881.0,894.0,205.80904761904762,3.0,0.0,174.0,4.179037135803576,207.4961290618463,867.1340288849472
CUST001897,18.0,694.0,698.0,98.34166666666667,3.0,0.0,174.0,4.585504171508629,99.38846768450641,455.7462331671547
CUST001898,18.0,633.0,903.0,308.9927777777778,0.0,0.0,174.0,1.1999087923874854,311.85050885683637,374.19216748782935
CUST001899,34.0,701.0,724.0,78.4535294117647,7.0,107.19,174.0,8.058998728766287,78.91533387122081,635.9785753483357
CUST001901,16.0,782.0,858.0,492.450625,0.0,0.0,174.0,3.342579309300752,497.4452384091253,1662.750161416522
CUST001902,24.0,770.0,773.0,81.32125,4.0,0.0,174.0,5.448444648944296,81.99516127299795,446.7460976771902
CUST001903,1.0,117.0,322.0,244.58,0.0,0.0,174.0,0.8963385639177169,293.15006572579676,262.761708925045
CUST001904,11.0,771.0,842.0,340.7063636363636,1.0,0.0,174.0,2.43347804448163,345.85695995986856,841.6353185935023
CUST001906,55.0,803.0,829.0,97.68327272727272,15.0,118.57499999999999,174.0,11.269311550050881,98.0220504973883,1104.6410258298888
CUST001907,24.0,831.0,846.0,298.99083333333334,9.0,0.0,174.0,4.99424532237199,301.06518473487137,1503.5933905911902
CUST001908,8.0,371.0,779.0,172.6175,0.0,0.0,174.0,0.3774023537732953,176.45070019367682,66.59290957803968
CUST001909,64.0,837.0,841.0,101.26906249999999,7.0,0.0,174.0,12.937939191176566,101.56870184698504,1314.0896882230354
CUST001910,16.0,623.0,646.0,36.12875,8.0,819.5350000000001,174.0,4.415963791047488,36.70533321593053,162.08942241988186
CUST001911,38.0,655.0,696.0,172.52236842105265,5.0,0.0,174.0,9.234017065338117,173.31670452409483,1600.4094072836556
CUST001912,22.0,637.0,850.0,239.19727272727275,0.0,0.0,174.0,1.903683461608648,241.04160847224838,458.8669236081662
CUST001913,23.0,609.0,633.0,145.62565217391304,6.0,0.0,174.0,6.307498523867541,146.7608903070743,925.6940989733573
CUST001914,14.0,578.0,704.0,193.82142857142858,0.0,0.0,174.0,3.412933829296537,196.22857131287972,669.7151293082552
CUST001915,4.0,443.0,488.0,200.505,1.0,0.0,174.0,1.7731790380564294,209.43660644505218,371.3686003500406
CUST001916,22.0,631.0,660.0,148.61,7.0,603.9,174.0,5.811036309942809,149.81816069131915,870.598771666102
CUST001917,75.0,791.0,800.0,205.7498666666667,16.0,317.01000000000005,174.0,15.843458697942511,206.21963821570793,3267.2323207752156
CUST001918,34.0,468.0,702.0,160.22411764705882,0.0,0.0,174.0,0.007525432642900539,161.05658167214045,1.2120204570695023
CUST001919,59.0,860.0,911.0,303.38830508474575,1.0,0.0,174.0,10.824800708086324,304.2403657981655,3293.341327120424
CUST001920,45.0,665.0,675.0,156.3011111111111,13.0,383.18,174.0,11.30803229872264,156.91596684104533,1774.4108212238314
CUST001921,24.0,647.0,695.0,98.40083333333332,8.0,0.0,174.0,5.9730460950766515,99.18463103838326,592.4343731154336
CUST001922,4.0,112.0,801.0,353.1275,0.0,0.0,174.0,0.007111742153026873,368.14657962067855,2.6181635487810437
CUST001924,14.0,534.0,536.0,160.94785714285715,6.0,380.22,174.0,4.667820650717759,162.9907517603447,760.8115969429489
CUST001926,67.0,857.0,863.0,129.03358208955223,2.0,0.0,174.0,13.198929819673205,129.38349807324943,1707.7237108926427
CUST001927,25.0,686.0,779.0,64.92439999999999,6.0,351.21,174.0,5.374403737428148,65.46994031125624,351.8618918980133
CUST001928,10.0,843.0,870.0,185.971,1.0,0.0,174.0,2.1816574312914585,189.23368155701039,412.8430676194931
CUST001929,19.0,650.0,675.0,197.42789473684212,4.0,0.0,174.0,4.965011181572367,199.22578114772736,989.1582310559558
CUST001930,36.0,839.0,840.0,94.54444444444444,0.0,0.0,174.0,7.410203018885204,95.04935262916031,704.334999795688
CUST001933,7.0,403.0,446.0,418.19999999999993,0.0,0.0,174.0,2.9960784809352146,428.09629042986245,1282.6100835251027
CUST001935,10.0,417.0,423.0,3.4619999999999997,7.0,0.0,174.0,4.2999290079173775,3.8809285415357895,16.687717213404223
CUST001936,22.0,643.0,656.0,152.71818181818182,4.0,0.0,174.0,5.859350096697542,153.9551933923008,902.0773772902664
CUST001937,17.0,564.0,607.0,7.03,5.0,0.0,174.0,4.92772609576836,7.307351788796088,36.00862810061009
CUST001938,63.0,681.0,692.0,119.82031746031747,2.0,5076.06,174.0,15.32351886445508,120.1700127405759,1841.427457172022
CUST001940,32.0,576.0,580.0,222.02687500000002,6.0,2360.6349999999998,174.0,9.397689960487757,223.20935919759333,2097.6523540181283
CUST001941,27.0,704.0,707.0,57.925185185185185,6.0,0.0,174.0,6.630799941537095,58.39008478506989,387.17297077918744
CUST001942,8.0,676.0,722.0,727.1625,2.0,0.0,174.0,2.1431413125712795,741.8386995690533,1589.865164310592
CUST001943,55.0,713.0,733.0,211.02800000000002,8.0,0.0,174.0,12.684963010747198,211.68384009061378,2685.2016815223606
CUST001944,16.0,586.0,640.0,45.181875,1.0,0.0,174.0,4.4222686123491535,45.846109020733095,202.74380892072534
CUST001945,49.0,898.0,905.0,60.265918367346934,6.0,119.76,174.0,9.293158851884284,60.528784012936086,562.5036049436089
CUST001946,5.0,448.0,590.0,41.833999999999996,4.0,1684.59,174.0,1.7059300167390818,43.89982767687878,74.89003376366063
CUST001947,3.0,461.0,524.0,504.01,1.0,0.0,174.0,1.3469895757513393,532.4374864774101,717.187744024316
CUST001948,27.0,680.0,727.0,239.4148148148148,2.0,0.0,174.0,6.400095608472742,240.91689825442998,1541.8911825250516
CUST001949,21.0,667.0,716.0,60.39666666666666,6.0,0.0,174.0,5.127455439765336,61.01356157459012,312.8443181950894
CUST001950,13.0,691.0,698.0,70.87538461538462,1.0,0.0,174.0,3.4035230536042222,72.0015859930254,245.0590578233288
CUST001951,9.0,830.0,842.0,511.9222222222222,3.0,0.0,174.0,2.0560660418255203,521.2065970339805,1071.6351849370053
CUST001952,66.0,658.0,660.0,218.5268181818182,12.0,285.815,174.0,16.791084929768537,219.09056929973033,3678.7683564231115
CUST001954,114.0,897.0,898.0,166.79526315789474,16.0,98.72,174.0,21.441506512050665,167.05161015010071,3581.8381868819333
CUST001955,3.0,193.0,284.0,180.60666666666668,1.0,0.0,174.0,2.2561641699293267,191.6034656441165,432.2888740205404
CUST001956,7.0,162.0,782.0,140.82142857142858,0.0,0.0,174.0,0.0015260496496722119,144.50198677433104,0.22051720629390648
CUST001957,28.0,821.0,835.0,161.02035714285714,5.0,0.0,174.0,5.853314626362377,162.03657611996513,948.4510610086726
CUST001958,40.0,711.0,730.0,71.83575,10.0,248.305,174.0,9.356237243391776,72.20253621156148,675.5440583699549
CUST001959,17.0,578.0,626.0,50.69764705882353,1.0,0.0,174.0,4.7810771380323684,51.37268546369507,245.6167719898003
CUST001960,13.0,523.0,564.0,30.627692307692307,4.0,2123.5899999999997,174.0,4.1355331658893695,31.27322434468595,129.33145648174758
CUST001963,43.0,738.0,752.0,158.80767441860465,10.0,805.8766666666666,174.0,9.762955358497713,159.46020592474093,1556.8028719000984
CUST001964,13.0,643.0,745.0,155.50923076923075,2.0,0.0,174.0,3.125119208331967,157.6461955644657,492.66315387896947
CUST001965,11.0,798.0,821.0,99.13818181818182,6.0,233.85,174.0,2.5086900813878223,100.87181814888028,253.0561296816521
CUST001966,12.0,702.0,706.0,63.57583333333334,3.0,0.0,174.0,3.134068940849335,64.70256450352215,202.78229780378945
CUST001968,18.0,710.0,717.0,427.36555555555555,3.0,0.0,174.0,4.469136011728657,431.2409163094687,1927.2743088095103
CUST001969,135.0,569.0,569.0,161.99599999999998,42.0,314.735,174.0,39.074160695861394,162.20696498572005,6338.101015839988
CUST001970,40.0,550.0,596.0,32.17225,13.0,1614.6566666666668,174.0,11.060871022242601,32.38631728671376,358.2208783937669
CUST001971,21.0,669.0,706.0,243.64428571428576,4.0,0.0,174.0,5.212902388203717,245.60982186698,1280.3400269766696
CUST001972,24.0,506.0,540.0,70.75333333333333,5.0,949.5533333333333,174.0,7.587947711646098,71.35925286238418,541.4702794619034
CUST001973,11.0,374.0,766.0,327.12272727272733,0.0,0.0,174.0,0.13374800886571112,332.08118429352265,44.41519718102592
CUST001974,39.0,763.0,769.0,393.6507692307692,12.0,1830.895,174.0,8.704861790240326,395.29799983311386,3441.0144545056996
CUST001977,28.0,551.0,552.0,128.48714285714286,10.0,0.0,174.0,8.667543991264262,129.324116441071,1120.9224683843647
CUST001978,34.0,855.0,862.0,259.3267647058824,9.0,612.37,174.0,6.840022915768297,260.60845313920066,1782.567791515061
CUST001979,40.0,737.0,739.0,177.84225,12.0,812.01,174.0,9.267285634139894,178.6171998558911,1655.296610234794
CUST001981,35.0,655.0,666.0,346.0931428571429,10.0,836.8199999999999,174.0,8.984499285719597,347.7200687099315,3124.090708954749
CUST001982,27.0,577.0,614.0,125.05296296296298,16.0,612.795,174.0,7.519455089952681,125.90148694100203,946.7105768111287
CUST001983,20.0,753.0,759.0,109.82249999999999,5.0,3076.05,174.0,4.670441552544091,110.85256419852949,517.7304220388736
CUST001984,21.0,557.0,710.0,158.5747619047619,4.0,0.0,174.0,3.718066502495497,159.91421478784096,594.5716852755415
CUST001985,26.0,601.0,653.0,98.6573076923077,4.0,0.0,174.0,6.801529835660457,99.38197779296416,675.9494870857907
CUST001986,82.0,906.0,906.0,99.2251219512195,15.0,658.2066666666666,174.0,15.366437847933476,99.45503208398222,1528.2695691827425
CUST001987,14.0,703.0,819.0,138.47857142857143,3.0,1289.02,174.0,3.0386192818213145,140.27250024123265,426.2347239422945
CUST001988,10.0,659.0,678.0,87.99199999999999,2.0,0.0,174.0,2.7668369776665567,89.72802765663732,248.2628248534716
CUST001989,24.0,671.0,675.0,462.94874999999996,9.0,0.0,174.0,6.196172697131499,466.0779720103552,2887.899604904982
CUST001990,21.0,710.0,718.0,155.20714285714286,1.0,4116.41,174.0,5.152487559096752,156.52181118930713,806.4766848801958
CUST001991,14.0,531.0,667.0,44.60928571428571,0.0,0.0,174.0,3.4795814529952116,45.36311727759501,157.84466152916622
CUST001992,15.0,568.0,653.0,102.75466666666667,3.0,1205.08,174.0,4.02997513444774,104.05859514567477,419.3535509626337
CUST001993,18.0,553.0,553.0,142.875,2.0,946.81,174.0,5.71149746380951,144.3046461480374,824.1956204904444
CUST001994,40.0,561.0,563.0,95.941,13.0,123.64,174.0,11.979213426565067,96.4006002058682,1154.8033643150675
CUST001996,12.0,589.0,591.0,94.48583333333333,4.0,2172.94,174.0,3.707072013917741,96.01287685258605,355.9266487559522
CUST001997,20.0,643.0,727.0,45.0135,5.0,604.86,174.0,4.738736843596357,45.5425586232852,215.81420049980855
CUST001998,9.0,699.0,730.0,9.593333333333334,1.0,617.73,174.0,2.350849195127121,10.165950848824759,23.898617370661555
CUST002000,104.0,911.0,912.0,146.4175,17.0,0.0,174.0,19.295345379051053,146.66842587321813,2830.0179334254913
CUST002002,25.0,720.0,777.0,195.8784,5.0,0.0,174.0,5.572885400688232,197.23256137543177,1099.1544618294895
CUST002003,8.0,678.0,683.0,8.64875,4.0,117.58,174.0,2.2688543615341352,9.275874845722608,21.045609100762512
CUST002004,7.0,504.0,787.0,33.55714285714286,3.0,0.0,174.0,1.4372988921031862,34.83403276626785,50.066916702442875
CUST002005,29.0,872.0,901.0,150.3106896551724,4.0,0.0,174.0,5.6179842410333345,151.2347196245777,849.6342715479723
CUST002006,16.0,711.0,723.0,65.7625,2.0,0.0,174.0,3.975394267839777,66.62599210505093,264.8645871035577
CUST002007,70.0,677.0,689.0,246.826,10.0,252.26,174.0,17.05346649854065,247.41962752186228,4219.3623290254845
CUST002008,36.0,614.0,631.0,134.78638888888887,8.0,0.0,174.0,9.703043606186089,135.4635331445542,1314.4085691496439
CUST002010,22.0,714.0,721.0,280.8463636363636,9.0,1681.71,174.0,5.361575799387199,282.98319204444886,1517.2358340988571
CUST002011,20.0,356.0,722.0,208.7125,0.0,0.0,174.0,0.001386475548861055,210.50703273431787,0.29186285374942544
CUST002012,42.0,527.0,534.0,141.58095238095237,9.0,6237.775000000001,174.0,13.185628210520608,142.18591826925365,1874.8106550698485
CUST002013,114.0,864.0,864.0,107.12763157894736,20.0,35.0,174.0,22.250619434311176,107.30356827549522,2387.57086164167
CUST002016,15.0,888.0,898.0,257.86333333333334,2.0,69.51,174.0,3.0479761776463348,260.7701476348269,794.8211978322702
CUST002018,16.0,484.0,661.0,232.86624999999998,0.0,0.0,174.0,2.878563422622078,235.3476119757339,677.4630274348013
CUST002019,51.0,677.0,680.0,141.04980392156864,10.0,0.0,174.0,12.690666141275367,141.54608631050843,1796.31412497081
CUST002021,14.0,342.0,641.0,237.89642857142857,0.0,0.0,174.0,0.13175842978647226,240.79193431592543,31.7263671707137
CUST002022,28.0,701.0,736.0,2.3232142857142857,10.0,1383.375,174.0,6.575200331675614,2.465073554060228,16.208352450261597
CUST002023,10.0,767.0,890.0,9.664,1.0,0.0,174.0,2.0975887195034666,10.1795646318216,21.35253994116545
CUST002024,139.0,824.0,827.0,262.0509352517986,21.0,117.07,174.0,28.221284132939157,262.36638212186057,7404.316216792316
CUST002025,7.0,572.0,583.0,565.3014285714286,2.0,0.0,174.0,2.3520702366769175,578.4940914841914,1360.6587346734204
CUST002026,24.0,606.0,623.0,114.27583333333332,7.0,0.0,174.0,6.67267797386854,115.16176743567,768.4373889997665
CUST002027,104.0,707.0,717.0,209.9551923076923,44.0,644.5833333333334,174.0,24.242523990475153,210.2999893201133,5098.202536289515
CUST002028,15.0,573.0,593.0,296.8213333333333,9.0,139.1,174.0,4.512681523987897,300.13073781379205,1354.394435313155
CUST002031,9.0,381.0,484.0,41.806666666666665,3.0,1546.66,174.0,3.307887862083042,42.93795151726693,142.03392864667742
CUST002032,44.0,583.0,603.0,74.75045454545455,10.0,514.49,174.0,12.274855893681433,75.09397874235408,921.7677675455733
CUST002034,85.0,869.0,870.0,226.6134117647059,14.0,0.0,174.0,16.548972967842754,227.06554264441192,3757.701527150919
CUST002036,10.0,597.0,603.0,47.483000000000004,3.0,380.22,174.0,3.0939428479830053,48.587839107558324,150.32799730577904
CUST002037,4.0,170.0,802.0,654.4375,0.0,0.0,174.0,0.042401220806069916,681.4745752802176,28.89535394017922
CUST002038,34.0,698.0,713.0,52.864117647058826,9.0,168.0,174.0,8.187786427569678,53.20992734049925,435.6715208905085
CUST002039,7.0,568.0,669.0,87.74000000000001,1.0,0.0,174.0,2.031484196112142,90.23106492472587,183.30298239294922
CUST002040,26.0,758.0,783.0,29.197307692307692,5.0,0.0,174.0,5.792308476061548,29.50966710640638,170.92909490619232
CUST002041,128.0,771.0,776.0,145.1121875,25.0,563.4033333333333,174.0,27.63265427563915,145.31444185464315,4015.423733026822
CUST002043,22.0,595.0,604.0,36.474545454545456,5.0,2566.23,174.0,6.335975270342186,36.89520281714614,233.7670926436973
CUST002044,10.0,639.0,740.0,33.596,2.0,0.0,174.0,2.503712644733742,34.48445965160877,86.33917767654341
CUST002045,25.0,649.0,700.0,46.2408,1.0,0.0,174.0,6.155827460760833,46.670971918426474,287.2984505558474
CUST002046,27.0,857.0,888.0,20.83851851851852,7.0,2538.03,174.0,5.320833021492375,21.091473824866252,112.22421039929044
CUST002047,17.0,495.0,500.0,496.1488235294117,4.0,0.0,174.0,5.947426806242806,500.8806404174194,2978.950947546624
CUST002048,32.0,673.0,725.0,86.2528125,14.0,386.68,174.0,7.504727964928985,86.78119255702893,651.2692426126221
CUST002049,118.0,810.0,813.0,169.0187288135593,31.0,1586.3,174.0,24.395491645822144,169.26926948229206,4129.4070495496735
CUST002050,21.0,569.0,571.0,180.88619047619045,2.0,0.0,174.0,6.398245510369257,182.38984801828536,1166.9750262199254
CUST002051,38.0,724.0,733.0,4.158157894736842,15.0,0.0,174.0,8.882868427593788,4.269973002855628,37.929608373744095
CUST002052,9.0,890.0,911.0,470.97999999999996,1.0,0.0,174.0,1.905590696437645,479.5543246612308,913.8342595108793
CUST002054,41.0,827.0,832.0,127.03902439024391,5.0,171.87,174.0,8.475331818769668,127.60418002706766,1081.4877671914194
CUST002055,63.0,792.0,798.0,187.56349206349208,11.0,1202.8175,174.0,13.392565172755821,188.07856497069548,2518.8544389684293
CUST002056,30.0,788.0,809.0,94.23966666666665,7.0,0.0,174.0,6.437319439846789,94.84450889126573,610.5444008484665
CUST002058,15.0,513.0,576.0,619.754,9.0,0.0,174.0,4.574662704199834,626.4005757948755,2865.571351978118
CUST002060,16.0,537.0,816.0,94.728125,0.0,0.0,174.0,0.8616109972943047,95.87205732241888,82.60441892222607
CUST002061,36.0,743.0,756.0,36.50305555555556,2.0,0.0,174.0,8.184715342696895,36.75954580439179,300.8664185357748
CUST002062,11.0,538.0,573.0,181.53454545454545,5.0,170.52,174.0,3.515508949071962,184.43367086571436,648.3782204386116
CUST002063,14.0,568.0,633.0,91.91428571428571,2.0,0.0,174.0,3.941896529401479,93.19226956027404,367.35428394669134
CUST002064,25.0,762.0,778.0,145.7436,8.0,77.36,174.0,5.621741394193503,146.78818659857708,825.2052247798208
CUST002066,12.0,526.0,586.0,357.55583333333334,7.0,0.0,174.0,3.6942706199756032,362.4898703714551,1339.1356781520315
CUST002067,117.0,714.0,900.0,112.28991452991453,0.0,0.0,174.0,2.0098189214364673e-07,112.46811237236487,2.2604054030422178e-05
CUST002069,23.0,824.0,825.0,26.541739130434784,2.0,0.0,174.0,4.919549073213798,26.877281481275528,132.2241052017154
CUST002070,16.0,642.0,733.0,227.184375,0.0,0.0,174.0,3.834772008331793,229.61072603569525,880.5047850144242
CUST002071,47.0,665.0,714.0,209.01404255319147,7.0,0.0,174.0,10.906263836520418,209.77528483227945,2287.86460276206
CUST002072,16.0,398.0,847.0,117.395625,0.0,0.0,174.0,0.004502971200680017,118.75902017285584,0.534768447659347
CUST002073,6.0,230.0,673.0,37.87166666666666,0.0,0.0,174.0,0.13816046678363036,39.48017642345012,5.454599603363946
CUST002074,34.0,286.0,743.0,88.32323529411764,0.0,0.0,174.0,1.2356604959877274e-10,88.82977834447978,1.0976344796761976e-08
CUST002075,51.0,590.0,591.0,141.84627450980392,14.0,53.215,174.0,14.487691966453513,142.34496015931998,2062.2499357653255
CUST002076,12.0,684.0,743.0,227.54,4.0,0.0,174.0,2.964247506348851,230.7902148557481,684.119318875867
CUST002078,30.0,554.0,878.0,196.299,0.0,0.0,174.0,0.0037378779950454355,197.42846971314106,0.7379635325362441
CUST002079,12.0,732.0,738.0,64.50333333333333,3.0,93.72,174.0,3.0045050556586994,65.64207646417427,197.2219506005465
CUST002080,37.0,738.0,791.0,61.53648648648648,0.0,0.0,174.0,7.934989977851524,61.89025130179062,491.0985238064208
CUST002082,40.0,608.0,610.0,80.87925,18.0,1021.9099999999999,174.0,11.110870664144967,81.28085698120762,903.1010893890624
CUST002083,7.0,622.0,666.0,1597.2228571428573,2.0,0.0,174.0,2.067158494313969,1633.5396829865472,3376.785431484589
CUST002084,23.0,408.0,888.0,52.34521739130435,0.0,0.0,174.0,3.402096587875912e-05,52.854040349130884,0.0017981455032723395
CUST002085,15.0,647.0,665.0,141.85733333333332,3.0,0.0,174.0,4.052972670586,143.5653469699817,581.8664277125324
CUST002086,5.0,675.0,691.0,584.458,2.0,0.0,174.0,1.5262147928344028,603.7012024020174,921.3777055578748
CUST002087,17.0,686.0,688.0,11.144705882352941,6.0,0.0,174.0,4.409829202684256,11.459530802144487,50.5345735803565
CUST002088,24.0,723.0,749.0,105.68541666666668,11.0,0.0,174.0,5.600270890132492,106.51608184241908,596.5189124730697
CUST002089,44.0,811.0,839.0,274.3268181818182,12.0,0.0,174.0,8.971668489189662,275.36868130774263,2470.5165209983847
CUST002090,32.0,794.0,800.0,235.53125,6.0,1470.38,174.0,6.931286637970074,236.77879277682845,1641.1816825287162
CUST002091,87.0,728.0,746.0,156.90827586206896,14.0,0.0,174.0,19.53458504787521,157.2268529331433,3071.361330432256
CUST002092,6.0,589.0,685.0,20.478333333333335,0.0,0.0,174.0,1.7558375935718609,21.63041323712192,37.979492726233076
CUST002093,63.0,557.0,561.0,175.40666666666664,23.0,846.3975,174.0,18.68952311960749,175.89206179530285,3287.338755478742
CUST002094,42.0,855.0,880.0,290.28261904761905,8.0,0.0,174.0,8.202316996162686,291.4327760131585,2390.424011931603
CUST002095,15.0,791.0,823.0,221.17000000000002,5.0,0.0,174.0,3.3061459470020713,223.69762708363083,739.5770031365269
CUST002096,7.0,608.0,624.0,17.102857142857143,1.0,0.0,174.0,2.205545613460231,18.01102558420924,39.72413847117268
CUST002097,16.0,586.0,600.0,133.42624999999998,3.0,0.0,174.0,4.739062515330106,134.94485093691392,639.5120847119375
CUST002099,25.0,777.0,836.0,97.178,7.0,0.0,174.0,5.201512475174254,97.92270139343388,509.3461529007096
CUST002100,92.0,745.0,768.0,283.43152173913046,17.0,84.69,174.0,20.0035592113528,283.94410491211875,5679.892715324139
CUST002101,13.0,634.0,751.0,131.28923076923076,1.0,0.0,174.0,3.071485684271464,133.13694142931,408.92820964781407
CUST002102,16.0,602.0,757.0,158.555625,3.0,0.0,174.0,3.3643210345433086,160.31752423920574,539.3596190038666
CUST002103,7.0,474.0,595.0,4.928571428571429,0.0,0.0,174.0,2.2336504615739217,5.56392824044265,12.427870882428904
CUST002104,38.0,756.0,803.0,205.22684210526316,2.0,0.0,174.0,8.059754258272728,206.15375679996455,1661.5486192274345
CUST002105,37.0,799.0,815.0,48.69108108108108,12.0,645.69,174.0,7.8205243443219,48.991359478874685,383.1381194659649
CUST002106,16.0,643.0,643.0,553.3781250000001,4.0,933.13,174.0,4.446365611422626,558.9626280228895,2485.352207311393
CUST002108,35.0,693.0,833.0,298.5691428571429,0.0,0.0,174.0,3.933741993027482,299.9868282299046,1180.0707835630976
CUST002109,23.0,662.0,662.0,50.98217391304348,3.0,0.0,174.0,6.06473406247727,51.48184349244276,312.2236898277414
CUST002110,28.0,702.0,729.0,44.46999999999999,0.0,0.0,174.0,6.647132675722657,44.84407171161326,298.0844943867146
CUST002111,52.0,608.0,618.0,62.55384615384616,16.0,276.64,174.0,14.140880137721034,62.80827200814287,888.1642461245275
CUST002112,6.0,823.0,852.0,178.8216666666667,3.0,591.04,174.0,1.4447569161824974,184.12893769862993,266.02155620943176
CUST002113,27.0,549.0,595.0,83.68185185185185,14.0,451.36285714285714,174.0,7.699210233504385,84.29394663025175,648.9968165181067
CUST002114,43.0,514.0,515.0,247.71581395348835,9.0,2993.12,174.0,13.962813274336394,248.68670526643947,3472.3660294452234
CUST002116,42.0,824.0,835.0,123.3945238095238,11.0,3154.0,174.0,8.640811781561485,123.93281204177572,1070.8801024126208
CUST002117,17.0,675.0,684.0,78.96235294117648,2.0,0.0,174.0,4.431618104177429,79.89480148819695,354.0632487047554
CUST002118,25.0,782.0,831.0,241.97760000000002,3.0,209.14,174.0,5.248820000399918,243.61641693510649,1278.6987216347522
CUST002119,31.0,574.0,664.0,130.3967741935484,11.0,83.47,174.0,7.066946818748942,131.16184554180353,926.9137870928886
CUST002120,8.0,216.0,738.0,35.56,0.0,0.0,174.0,0.008296821005073488,36.713319594463655,0.30460384117732214
CUST002121,10.0,807.0,809.0,474.63,4.0,132.29500000000002,174.0,2.3429611136752957,482.3904044183152,1130.221959162212
CUST002122,20.0,713.0,739.0,265.9755,7.0,367.04,174.0,4.780146192971733,268.2127040030493,1282.0959359468304
CUST002123,13.0,493.0,524.0,80.92846153846153,4.0,789.3249999999999,174.0,4.437902057632767,82.17472460359357,364.6833794036939
CUST002125,34.0,535.0,547.0,172.56882352941176,8.0,1366.09,174.0,10.509263858337274,173.45724512333172,1822.9079571413795
CUST002126,8.0,623.0,696.0,558.70875,2.0,0.0,174.0,2.2073346143918084,570.0911791698435,1258.3819931410378
CUST002127,40.0,777.0,785.0,99.38374999999999,7.0,141.3,174.0,8.745436092952056,99.85660604759975,873.2895666483735
CUST002129,5.0,200.0,439.0,128.046,0.0,0.0,174.0,1.252705331723477,132.84096577214115,166.41058609405715
CUST002130,7.0,493.0,533.0,57.68285714285714,2.0,0.0,174.0,2.545998236904903,59.500376340725744,151.48785325866592
CUST002131,63.0,871.0,871.0,125.53650793650795,16.0,122.98,174.0,12.323166583307259,125.90015783317837,1551.4886178429333
CUST002132,12.0,503.0,667.0,408.75083333333333,0.0,0.0,174.0,2.902520109724989,414.3478917467487,1202.653088217091
CUST002133,9.0,286.0,656.0,219.02222222222224,0.0,0.0,174.0,0.150908760326973,223.22690966477373,33.68689620913219
CUST002134,44.0,774.0,780.0,267.7243181818182,8.0,209.54500000000002,174.0,9.65027020148437,268.7430784578115,2593.4433218965946
CUST002135,65.0,885.0,905.0,198.64215384615383,15.0,445.1,174.0,12.21877248959901,199.16755243283208,2433.583010487057
CUST002136,19.0,584.0,648.0,61.601578947368424,5.0,0.0,174.0,5.0905454074488,62.29374758491203,317.1091506811487
CUST002137,13.0,835.0,908.0,64.99153846153845,1.0,0.0,174.0,2.628528761540445,66.04747035814621,173.60767546337732
CUST002138,95.0,825.0,832.0,117.49389473684211,17.0,1909.4650000000001,174.0,19.259431828301928,117.72184416046873,2267.255832310531
CUST002139,6.0,36.0,746.0,542.2483333333333,0.0,0.0,174.0,3.34240457630758e-06,557.0925215773175,0.0018620285935467553
CUST002140,46.0,632.0,634.0,69.69652173913043,12.0,4622.71,174.0,12.266487127422776,70.00814732400717,858.7540379646512
CUST002141,17.0,644.0,675.0,7.37235294117647,3.0,526.29,174.0,4.474622233683161,7.652822580185475,34.24349006773046
CUST002142,6.0,678.0,747.0,305.92833333333334,0.0,0.0,174.0,1.6287854313883667,314.5710936628053,512.3688144938826
CUST002144,30.0,768.0,785.0,70.15566666666668,5.0,499.01,174.0,6.62789376474778,70.63670709851078,468.1725905405349
CUST002145,15.0,346.0,781.0,19.804,0.0,0.0,174.0,0.0038341375754065857,20.25072010746394,0.07764404689306918
CUST002146,76.0,843.0,864.0,104.23973684210527,23.0,1334.1399999999999,174.0,14.874913879819829,104.49797814486571,1554.3984255201722
CUST002147,48.0,767.0,770.0,130.97666666666666,14.0,776.3824999999999,174.0,10.632585616607674,131.47176585330368,1397.8848066018486
CUST002149,43.0,694.0,700.0,134.0593023255814,10.0,2347.52,174.0,10.459744436115978,134.623215545476,1408.1244297738347
CUST002150,8.0,565.0,604.0,145.88750000000002,0.0,0.0,174.0,2.536583156194422,149.1980494199726,378.4532590957654
CUST002153,86.0,556.0,569.0,285.91197674418606,19.0,96.38,174.0,24.958172742133964,286.46481848206054,7149.638424219317
CUST002154,202.0,598.0,598.0,154.43861386138616,62.0,1231.7966666666669,174.0,55.609117032759535,154.57380774661934,8595.712965181026
CUST002155,50.0,869.0,884.0,106.05619999999999,5.0,168.0,174.0,9.685091240907242,106.45473103082553,1031.0237830597848
CUST002156,1.0,14.0,799.0,965.04,0.0,0.0,174.0,0.01124054630741092,1144.1780412336464,12.861186256409523
CUST002157,40.0,704.0,718.0,31.479000000000003,7.0,4088.73,174.0,9.512284490854277,31.6903980216552,301.4480816103898
CUST002158,44.0,905.0,915.0,238.9909090909091,7.0,422.18,174.0,8.2818588925141,239.90912811158452,1986.8935460462305
CUST002159,18.0,752.0,754.0,76.49166666666666,1.0,0.0,174.0,4.262178468874738,77.35062712848503,329.68217750098705
CUST002160,125.0,837.0,841.0,179.42848,21.0,1620.0383333333332,174.0,25.000977072687245,179.67776568249437,4492.119700299713
CUST002161,21.0,834.0,844.0,66.43142857142857,9.0,792.27,174.0,4.416603924459892,67.09273731048083,296.32204690822624
CUST002162,34.0,698.0,736.0,151.54529411764705,8.0,0.0,174.0,7.900059126367587,152.33841772670652,1203.4825072582657
CUST002163,42.0,863.0,865.0,233.47095238095238,12.0,4415.46,174.0,8.360039579036044,234.41281838080192,1959.7004394968922
CUST002164,41.0,801.0,817.0,30.27341463414634,8.0,227.5,174.0,8.614163990745686,30.475108940365597,262.51758604814927
CUST002165,39.0,605.0,621.0,312.81076923076927,17.0,398.3975,174.0,10.640718465878663,314.1387237468277,3342.6617186204253
CUST002169,26.0,586.0,663.0,190.1053846153846,4.0,249.95,174.0,6.511300530406295,191.37288540104743,1246.0863702172232
CUST002170,28.0,518.0,536.0,191.0364285714286,6.0,693.0300000000001,174.0,8.885687112761097,192.21802446081088,1707.9892227918247
CUST002171,30.0,535.0,670.0,171.28633333333335,9.0,0.0,174.0,3.350734985673493,172.28722752019488,577.288840836606
CUST002172,94.0,653.0,677.0,114.84978723404257,22.0,92.41,174.0,22.90133611980818,115.07584293179997,2635.3905582514035
CUST002174,44.0,746.0,763.0,143.23454545454544,9.0,0.0,174.0,9.841254637473837,143.81770277146632,1415.3466343505268
CUST002175,6.0,376.0,632.0,288.6166666666667,2.0,0.0,174.0,1.4987222310315453,296.80514021163714,444.82846191961545
CUST002177,34.0,656.0,660.0,96.25205882352941,8.0,352.69,174.0,8.819527251571621,96.79454259963119,853.6821062608574
CUST002178,48.0,760.0,771.0,339.184375,1.0,0.0,174.0,10.611165124468622,340.34710868848816,3611.479369929017
CUST002179,21.0,742.0,745.0,370.6004761904762,3.0,0.0,174.0,4.976986902832745,373.50036748319917,1858.9064371670995
CUST002181,3.0,412.0,544.0,330.65333333333336,2.0,0.0,174.0,1.2731245653347065,349.7372986677905,445.25914634776524
CUST002182,13.0,625.0,654.0,86.79230769230769,4.0,0.0,174.0,3.6102800791026977,88.10860138286982,318.0967283701753
CUST002183,45.0,513.0,588.0,176.65177777777777,8.0,2566.23,174.0,9.08079492268866,177.33625481634513,1610.3541623448893
CUST002184,53.0,879.0,912.0,191.43622641509435,6.0,0.0,174.0,9.907384349858955,192.0600083294694,1902.8123207571657
CUST002185,43.0,751.0,754.0,117.62674418604651,14.0,182.29,174.0,9.749725786948234,118.13181615628564,1151.752814237966
CUST002186,26.0,847.0,856.0,89.89461538461539,7.0,604.6266666666667,174.0,5.329725084706327,90.5672706323856,482.6986541428122
CUST002187,18.0,636.0,644.0,46.05833333333333,3.0,0.0,174.0,4.946396537866455,46.65566385213491,230.77741415006125
CUST002188,8.0,375.0,392.0,70.6225,2.0,0.0,174.0,3.7936090522401416,72.46139545503249,274.8902057361639
CUST002189,44.0,782.0,814.0,142.87636363636364,6.0,0.0,174.0,9.221161103951761,143.45826763699623,1322.8517975745713
CUST002190,20.0,515.0,533.0,18.8915,10.0,928.318,174.0,6.504860676082307,19.218622663209725,125.01446281037717
CUST002191,28.0,674.0,696.0,174.33428571428573,7.0,0.0,174.0,6.9509276541574065,175.42385927420858,1219.3585546281136
CUST002192,13.0,803.0,844.0,220.84153846153842,1.0,0.0,174.0,2.8316695807944314,223.7587526440262,633.6108532985945
CUST002194,36.0,490.0,766.0,284.50777777777773,0.0,0.0,174.0,0.0007917489895006035,285.8257316194441,0.22630223418296558
CUST002195,14.0,676.0,719.0,95.17928571428573,2.0,0.0,174.0,3.5228855507820334,96.49344664943898,339.9353689464656
CUST002196,10.0,809.0,847.0,556.941,4.0,110.75,174.0,2.235743988481921,565.9839283182692,1265.395165314953
CUST002197,64.0,836.0,841.0,299.56874999999997,11.0,125.61,174.0,12.936903078855382,300.34490508705045,3885.5329273391903
CUST002198,19.0,577.0,603.0,8.602631578947367,2.0,0.0,174.0,5.518706116175706,8.863353057425778,48.91424072784029
CUST002199,61.0,826.0,895.0,71.83459016393442,0.0,0.0,174.0,10.595939366233509,72.07478439818605,763.7000453175324
CUST002200,42.0,735.0,736.0,75.93928571428572,8.0,142.62,174.0,9.75312282699705,76.3035868423061,744.1982546134474
CUST002201,47.0,667.0,678.0,135.22829787234045,12.0,5076.06,174.0,11.744050487386716,135.74788979343555,1594.230071290315
CUST002202,5.0,335.0,690.0,109.49000000000001,0.0,0.0,174.0,0.8935389516863583,113.69755466352882,101.59319380335197
CUST002203,37.0,511.0,648.0,89.80945945945946,0.0,0.0,174.0,1.1789126618961179,90.28094886102386,106.43335374025693
CUST002204,25.0,575.0,575.0,136.06920000000002,6.0,445.1,174.0,7.492277548447307,137.0540486476687,1026.8469716067332
CUST002205,2.0,80.0,623.0,43.215,0.0,0.0,174.0,0.08736053600601687,48.75177107319739,4.258980852197152
CUST002206,30.0,840.0,846.0,214.93866666666665,5.0,0.0,174.0,6.177687736565301,216.1639520312646,1335.3933955510333
CUST002208,35.0,571.0,586.0,165.62257142857143,0.0,0.0,174.0,10.126526092921809,166.45491456533347,1685.61003564092
CUST002209,8.0,602.0,614.0,133.7225,0.0,0.0,174.0,2.5068821831948847,136.79518759198484,342.92941852114876
CUST002210,6.0,489.0,677.0,39.82,0.0,0.0,174.0,1.6852675967293764,41.47963724798229,69.90428857811344
CUST002211,4.0,681.0,727.0,247.1175,2.0,0.0,174.0,1.2230263335909104,257.90828411150954,315.4286231196224
CUST002212,53.0,661.0,662.0,147.41415094339624,23.0,2483.84,174.0,13.51568823447235,147.91012825577124,1999.1071802258236
CUST002213,19.0,600.0,776.0,556.1284210526316,0.0,0.0,174.0,3.1647904148015797,560.8463715538151,1774.9612208697592
CUST002214,80.0,711.0,715.0,262.6535,6.0,0.0,174.0,18.794152526740245,263.2031937723878,4946.680969283425
CUST002215,18.0,679.0,789.0,212.03222222222223,2.0,622.37,174.0,3.921942450912336,214.05640068491024,839.5168847356499
CUST002217,8.0,742.0,745.0,139.66625,0.0,0.0,174.0,2.0897436133119522,142.85515553198502,298.5306489016513
CUST002218,47.0,667.0,687.0,347.7368085106383,10.0,748.3000000000001,174.0,11.577047478634197,348.9523716914178,4039.8381748535517
CUST002220,6.0,435.0,550.0,185.92,0.0,0.0,174.0,2.1223189220786867,191.41354304651912,406.24058434975075
CUST002221,34.0,832.0,835.0,103.43970588235295,6.0,0.0,174.0,7.053368749723073,104.01477069026811,733.6545330963485
CUST002222,46.0,801.0,809.0,163.01478260869567,13.0,750.685,174.0,9.728851161451852,163.63869422745321,1592.0165003932227
CUST002223,11.0,144.0,575.0,35.52636363636364,0.0,0.0,174.0,0.00018148871176222804,36.36021657605015,0.006598968865782952
CUST002224,68.0,803.0,835.0,390.5136764705882,10.0,1615.8266666666666,174.0,13.704100643913486,391.44972907403394,5364.466484263228
CUST002225,19.0,543.0,601.0,120.26947368421052,5.0,0.0,174.0,5.470364136766162,121.43923853393152,664.3168552722103
CUST002226,7.0,494.0,500.0,167.24,2.0,0.0,174.0,2.715720371872912,171.51256776215968,465.7801743039303
CUST002227,11.0,584.0,595.0,36.56727272727273,1.0,0.0,174.0,3.4058986541050857,37.41584923151569,127.4345905398181
CUST002228,8.0,225.0,584.0,78.72375,0.0,0.0,174.0,0.11411690333247451,80.72104891857424,9.211636136336883
CUST002230,17.0,667.0,817.0,21.05764705882353,1.0,0.0,174.0,3.4094230291135514,21.462750349384976,73.17559530930806
CUST002231,22.0,743.0,787.0,139.4868181818182,1.0,0.0,174.0,4.907117894692906,140.63090871727587,690.092448713469
CUST002232,21.0,687.0,741.0,134.10714285714286,7.0,0.0,174.0,4.957319982247268,135.26652223978323,670.559433628372
CUST002234,12.0,585.0,600.0,713.0475000000001,1.0,0.0,174.0,3.6499353143882147,722.5854744097159,2637.3902407119836
CUST002235,25.0,857.0,876.0,193.15560000000002,3.0,0.0,174.0,5.01876600174133,194.49294849889853,976.1145975046994
CUST002236,9.0,709.0,718.0,953.6588888888889,3.0,0.0,174.0,2.3932602927615645,970.604186084335,2322.9084585437954
CUST002237,40.0,778.0,784.0,91.54175000000001,7.0,0.0,174.0,8.757612556932864,91.98441149067322,805.5638371127994
CUST002238,67.0,869.0,872.0,138.76014925373136,10.0,724.22,174.0,13.071565676477865,139.13238930126528,1818.6781644767755
CUST002240,8.0,525.0,564.0,88.145,1.0,0.0,174.0,2.703752429995008,90.32651229686684,244.2205271156277
CUST002241,6.0,516.0,550.0,471.06,2.0,0.0,174.0,2.181043824070853,484.03608855914604,1055.703921579338
CUST002242,14.0,623.0,769.0,357.8892857142858,4.0,0.0,174.0,3.096337314901321,362.1143449938552,1121.2281586655242
CUST002243,9.0,240.0,642.0,184.81444444444443,0.0,0.0,174.0,0.03939523764587421,188.42587542845578,7.423082141135905
CUST002246,14.0,893.0,900.0,135.94,3.0,0.0,174.0,2.8567321809782866,137.70580074989766,393.3885925096165
CUST002248,21.0,588.0,621.0,62.28523809523809,6.0,0.0,174.0,5.8844805864976255,62.916032257817655,370.22817040058635
CUST002249,11.0,562.0,571.0,325.70909090909095,2.0,0.0,174.0,3.54063762216601,330.6475521719079,1170.7031628969557
CUST002250,19.0,692.0,694.0,120.74105263157894,5.0,1881.9250000000002,174.0,4.848792617625167,121.91465645183085,591.1388861839458
CUST002251,14.0,511.0,574.0,67.645,5.0,159.79000000000002,174.0,4.313709715969773,68.65407355096386,296.1537441176962
CUST002252,14.0,450.0,606.0,16.627142857142857,0.0,0.0,174.0,3.3200325211648476,17.07092465715394,56.67602502810596
CUST002253,111.0,758.0,761.0,168.2355855855856,17.0,0.0,174.0,24.459102973352998,168.50086402882096,4121.379984379884
CUST002254,51.0,685.0,686.0,78.20627450980392,12.0,123.3,174.0,12.5875991806702,78.51293360449944,988.2893387120109
CUST002256,43.0,674.0,680.0,133.6946511627907,7.0,0.0,174.0,10.75078106506556,134.25725864988797,1443.370394140825
CUST002257,45.0,822.0,832.0,54.42844444444445,12.0,721.625,174.0,9.270469693858606,54.69478538204029,507.0463502963052
CUST002258,6.0,613.0,722.0,94.08666666666666,2.0,0.0,174.0,1.6668382256714906,97.17035106044361,161.96725554946568
CUST002259,53.0,669.0,731.0,124.17113207547169,7.0,254.625,174.0,11.284395063053456,124.59963040727011,1406.0314542260842
CUST002260,74.0,725.0,727.0,112.30364864864865,18.0,225.21666666666667,174.0,17.139397124622395,112.585637550408,1929.649952505242
CUST002261,11.0,464.0,630.0,20.86090909090909,0.0,0.0,174.0,2.805248755441016,21.487320507953935,60.2772791127
CUST002263,49.0,801.0,812.0,49.28938775510205,9.0,3076.05,174.0,10.304553318833186,49.517776850821676,510.2585717893756
CUST002264,34.0,751.0,754.0,96.32088235294117,5.0,83.31,174.0,7.774181772123563,96.8636781006218,753.0358406706983
CUST002265,35.0,804.0,837.0,78.94,11.0,1109.9,174.0,7.206481406875124,79.39069380472594,572.1275587826736
CUST002266,34.0,559.0,569.0,183.04617647058822,8.0,117.55,174.0,10.132660975546889,183.982091071149,1864.228154396145
CUST002267,31.0,877.0,878.0,220.54451612903227,10.0,491.892,174.0,6.153795786004281,221.75796178601001,1364.6532107516468
CUST002269,35.0,603.0,605.0,97.77057142857143,8.0,1323.2250000000001,174.0,9.845401796568247,98.30417319148472,967.8440833495997
CUST002270,39.0,702.0,708.0,114.25769230769231,14.0,0.0,174.0,9.415881856070927,114.80146511518956,1080.9570324284728
CUST002271,5.0,182.0,811.0,243.796,0.0,0.0,174.0,0.020696473067530696,252.2551625721994,5.220792178321102
CUST002272,16.0,601.0,616.0,39.14875,11.0,0.0,174.0,4.622828537573294,39.75457233838866,183.77857150492497
CUST002273,8.0,351.0,681.0,21.48375,3.0,1526.8899999999999,174.0,0.7441205913845248,22.361837160742954,16.63990349249649
CUST002274,28.0,742.0,744.0,141.61357142857145,5.0,1052.75,174.0,6.54009662622458,142.5228665430336,932.11331863795
CUST002275,25.0,564.0,565.0,105.4896,4.0,0.0,174.0,7.615799310693252,106.28562426128826,809.4499839857211
CUST002276,28.0,869.0,885.0,64.39642857142857,9.0,395.67,174.0,5.535790178037332,64.88028717629464,359.1636564987734
CUST002277,55.0,566.0,570.0,259.97,16.0,3244.84,174.0,16.126511565601614,260.7627468922199,4205.193453635431
CUST002278,14.0,591.0,627.0,222.49214285714288,3.0,0.0,174.0,4.011337769824708,225.21696492084104,903.421317792256
CUST002279,35.0,650.0,666.0,181.386,5.0,1148.4,174.0,8.9777726834927,182.28774696138024,1636.5379552053091
CUST002280,12.0,632.0,677.0,32.800000000000004,5.0,0.0,174.0,3.243857382636436,33.52815640033876,108.76055766542795
CUST002281,21.0,612.0,640.0,99.18714285714285,9.0,235.07,174.0,5.727514848427843,100.08952270815406,573.2642274830082
CUST002282,23.0,816.0,873.0,313.14565217391305,5.0,0.0,174.0,4.623008679721551,315.4058536546041,1458.1239990802198
CUST002283,26.0,770.0,787.0,98.39269230769231,3.0,0.0,174.0,5.770352173804328,99.11579166618199,571.9330238992902
CUST002284,7.0,507.0,557.0,71.20857142857143,1.0,0.0,174.0,2.4392412568125073,73.32918620352581,178.86757631612664
CUST002285,4.0,150.0,671.0,353.66999999999996,0.0,0.0,174.0,0.07145031050160319,368.71071767665177,26.34449526326572
CUST002286,53.0,632.0,648.0,69.22603773584906,10.0,1148.4,174.0,13.759096293789609,69.49501982860859,956.1886697606438
CUST002289,82.0,680.0,682.0,171.6979268292683,32.0,1159.5066666666667,174.0,20.141554217229817,172.0636893844859,3465.6301285542136
CUST002290,64.0,731.0,756.0,76.770625,18.0,1149.7671428571427,174.0,14.248130648826733,77.01139440511608,1097.268408932418
CUST002291,4.0,480.0,515.0,103.955,3.0,0.0,174.0,1.6906135620938998,109.03563076907562,184.33711612966215
CUST002292,42.0,550.0,570.0,21.241904761904763,15.0,0.0,174.0,12.36801323445352,21.405666617487945,264.7455680173908
CUST002293,16.0,869.0,878.0,271.00625,1.0,0.0,174.0,3.30442072850281,273.8568769196257,904.9383407362538
CUST002294,31.0,823.0,882.0,183.86129032258063,5.0,0.0,174.0,6.054778288494739,184.8922819806057,1119.4817746464184
CUST002295,22.0,520.0,777.0,66.58272727272727,0.0,0.0,174.0,0.2821538484751395,67.21482796072034,18.96492238371166
CUST002296,29.0,725.0,733.0,120.31965517241379,6.0,0.0,174.0,6.855490362292587,121.08417437378122,830.0913904456122
CUST002297,14.0,774.0,850.0,94.22928571428572,6.0,4330.61,174.0,2.987924100467493,95.5329203907233,285.44511522348455
CUST002298,13.0,528.0,691.0,483.90076923076924,3.0,0.0,174.0,3.0090813112778974,489.95964197192234,1474.3284019381213
CUST002299,8.0,530.0,559.0,33.26875,2.0,0.0,174.0,2.730957270295241,34.37726886175696,93.88285233090937
CUST002300,13.0,690.0,705.0,29.953846153846158,4.0,0.0,174.0,3.3690510603378585,30.591330594371644,103.06375477611375
CUST002301,16.0,649.0,732.0,95.285,5.0,640.9,174.0,3.8585607088322558,96.43432389073638,372.0976931475991
CUST002302,13.0,706.0,713.0,154.54153846153847,2.0,250.75,174.0,3.335631413487619,156.66694632029288,522.5831876011475
CUST002303,46.0,606.0,829.0,233.95782608695652,0.0,0.0,174.0,0.006242810510313978,234.8191459200637,1.4659314321727255
CUST002304,62.0,829.0,832.0,152.1245161290323,15.0,1048.6100000000001,174.0,12.673001560106304,152.56000321295252,1933.39315872757
CUST002305,14.0,513.0,563.0,289.25142857142856,4.0,501.5,174.0,4.415813732568377,292.7159617015502,1292.5791634236643
CUST002306,15.0,428.0,581.0,90.17066666666666,0.0,0.0,174.0,3.4127495861250794,91.34455266885105,311.73608431540197
CUST002307,32.0,578.0,585.0,303.19156250000003,6.0,0.0,174.0,9.319220649880636,304.76506510850203,2840.1728881213685
CUST002308,25.0,782.0,788.0,110.92720000000001,4.0,0.0,174.0,5.558861346916959,111.75680061556963,621.2405591969955
CUST002309,15.0,607.0,611.0,153.07733333333334,2.0,0.0,174.0,4.395977974632761,154.9012939335833,680.9426763741476
CUST002310,37.0,634.0,648.0,177.47027027027025,7.0,211.09,174.0,9.721491024054709,178.30676665903073,1733.4076316039846
CUST002311,19.0,604.0,609.0,109.82421052631578,10.0,382.53,174.0,5.483793184372464,110.90894389260306,608.2017106042048
CUST002312,9.0,609.0,691.0,5.364444444444445,2.0,0.0,174.0,2.4511781942618693,5.863721456437515,14.373026171245087
CUST002313,45.0,832.0,858.0,2.6764444444444444,9.0,0.0,174.0,8.97993800903616,2.76573752295053,24.83615150536098
CUST002314,34.0,487.0,691.0,28.71264705882353,0.0,0.0,174.0,0.04835521354611828,28.94898005910757,1.399834112700466
CUST002315,11.0,627.0,651.0,38.76454545454545,2.0,0.0,174.0,3.1250411625539347,39.64420218196129,123.88976367523955
CUST002316,17.0,515.0,560.0,48.12470588235294,7.0,526.465,174.0,5.30469040386303,48.776312196449055,258.74323524433055
CUST002317,46.0,796.0,796.0,35.696304347826086,9.0,673.81,174.0,9.886394148656304,35.89414948993336,354.86370948827187
CUST002318,10.0,623.0,709.0,30.839,0.0,0.0,174.0,2.618165075299549,31.684501621792915,82.95525557445013
CUST002319,53.0,753.0,758.0,124.11584905660378,11.0,3244.84,174.0,11.88275942824461,124.54418689110288,1479.9286110133114
CUST002320,132.0,706.0,708.0,202.8476515151515,34.0,1379.1899999999998,174.0,31.091795050044542,203.11095393875152,6315.0841522826995
CUST002321,13.0,530.0,577.0,94.84461538461538,4.0,0.0,174.0,4.04242906083868,96.2570760156212,389.11240139690506
CUST002322,9.0,633.0,696.0,227.88888888888889,4.0,0.0,174.0,2.446439316465023,232.24734859048317,568.1790447365155
CUST002323,32.0,827.0,840.0,217.1265625,4.0,0.0,174.0,6.611894987533457,218.2854389875691,1443.2803998934485
CUST002324,28.0,520.0,533.0,237.43,9.0,1332.305,174.0,8.94148308746826,238.86720647488121,2135.8270868459394
CUST002326,29.0,199.0,879.0,273.88241379310347,0.0,0.0,174.0,3.0775053555718443e-15,275.4636741970354,8.477409326068741e-13
CUST002330,66.0,715.0,736.0,53.666363636363634,20.0,0.0,174.0,15.08478494002848,53.84598660953299,812.2551278884586
CUST002331,4.0,46.0,687.0,433.975,0.0,0.0,174.0,0.0006982974209817016,452.21874824795475,0.3157831856211202
CUST002332,8.0,619.0,785.0,66.76875,3.0,999.87,174.0,1.90409126620526,68.53229321338779,130.4917409606297
CUST002334,45.0,684.0,688.0,192.91799999999998,12.0,211.59,174.0,11.113307621843717,193.65812512598276,2152.1823179945486
CUST002335,17.0,558.0,568.0,136.15529411764706,3.0,0.0,174.0,5.277842546076977,137.608605792677,726.2765543589254
CUST002336,16.0,608.0,641.0,2.9975,6.0,0.0,174.0,4.440807704304097,3.2533121311818904,14.44733357665852
CUST002337,23.0,599.0,649.0,53.21217391304347,5.0,3842.57,174.0,6.1099531893809225,53.72681882831304,328.26834805534224
CUST002339,18.0,765.0,774.0,255.3338888888889,3.0,181.095,174.0,4.155122832209013,257.7303240629416,1070.9011540665565
CUST002340,6.0,339.0,504.0,177.56333333333336,6.0,2315.97,174.0,2.1372254614262656,182.83758361606212,390.76513900990176
CUST002342,30.0,234.0,692.0,220.32966666666667,0.0,0.0,174.0,1.1550540629795023e-10,221.5826640170121,2.559399563586718e-08
CUST002344,49.0,829.0,830.0,201.77122448979594,7.0,0.0,174.0,10.099722739240544,202.47854885514576,2044.9772040807431
CUST002345,13.0,594.0,595.0,180.1553846153846,5.0,112.32,174.0,3.9587378724231748,182.58669300746857,722.8128566091694
CUST002346,25.0,853.0,874.0,58.6676,8.0,211.725,174.0,5.028701935444033,59.174505521373284,297.5709504442735
CUST002347,59.0,881.0,904.0,32.19830508474576,10.0,1779.06,174.0,11.121316876114538,32.34332364778975,359.7003511137986
CUST002348,25.0,623.0,625.0,28.5204,2.0,0.0,174.0,6.926412344412677,28.8411511393314,199.76570527853676
CUST002349,31.0,749.0,766.0,396.7229032258064,5.0,0.0,174.0,6.99992815521779,398.8126199998457,2791.6596873930935
CUST002351,10.0,381.0,643.0,378.985,0.0,0.0,174.0,1.2714467542164332,385.25511759867857,489.8313688161101
CUST002352,13.0,682.0,694.0,338.20923076923077,5.0,673.81,174.0,3.420565756697071,342.5281414972875,1171.6400315107105
CUST002353,10.0,278.0,772.0,304.078,0.0,0.0,174.0,0.009704122643955882,309.180958679775,3.000329942204393
CUST002354,8.0,571.0,725.0,131.58999999999997,0.0,0.0,174.0,2.05344579000614,134.62099089258624,276.43690699483614
CUST002355,209.0,653.0,655.0,139.52947368421053,52.0,1157.32,174.0,52.78262651227269,139.6491835968775,7371.050700537783
CUST002356,95.0,884.0,889.0,109.092,19.0,627.3933333333333,174.0,18.08032463437953,109.30635851753316,1976.2944465988753
CUST002357,12.0,525.0,558.0,41.11666666666667,1.0,0.0,174.0,3.894825826428613,41.95253139342777,163.39780275517964
CUST002359,29.0,561.0,610.0,150.20482758620687,0.0,0.0,174.0,8.025485937241728,151.12829451601658,1212.878002357617
CUST002360,40.0,778.0,778.0,154.5305,14.0,2468.21,174.0,8.825793468801542,155.2156911256651,1369.9016329924125
CUST002361,37.0,763.0,771.0,37.29108108108109,8.0,311.88666666666666,174.0,8.252235130526186,37.54389152123721,309.8210205482179
CUST002362,11.0,525.0,563.0,127.09818181818181,4.0,0.0,174.0,3.5712902793430916,129.22730980957743,461.50823534860206
CUST002363,23.0,844.0,882.0,258.6508695652174,3.0,0.0,174.0,4.597649791769623,260.5451169325704,1197.8952026116244
CUST002364,18.0,492.0,506.0,121.70888888888891,3.0,0.0,174.0,6.193629638765307,122.95657375180403,761.5474794702058
CUST002365,13.0,622.0,723.0,332.2576923076923,2.0,0.0,174.0,3.211691670071967,336.5055251203676,1080.7519919622778
CUST002367,19.0,742.0,819.0,54.1578947368421,4.0,0.0,174.0,4.081254660728604,54.789466766998686,223.60976660164835
CUST002369,33.0,707.0,711.0,260.16606060606057,7.0,171.87,174.0,7.987411426093189,261.49068978369706,2088.6337233952913
CUST002370,295.0,863.0,864.0,263.7819661016949,64.0,961.68,174.0,57.140173159608494,263.9314143328202,15081.086717237722
CUST002371,38.0,685.0,752.0,101.11394736842105,5.0,0.0,174.0,8.329304655816005,101.6188054022798,846.4139889556698
CUST002372,7.0,488.0,566.0,31.332857142857144,8.0,499.01,174.0,2.3848765779337127,32.55990338768952,77.65135096908529
CUST002373,35.0,735.0,739.0,51.90142857142857,10.0,2545.2533333333336,174.0,8.147261776960399,52.233075922468856,425.55654295620104
CUST002374,22.0,521.0,531.0,382.41181818181815,7.0,0.0,174.0,7.146442257706697,385.2619190679217,2753.2520587121735
CUST002376,38.0,758.0,762.0,97.08921052631578,5.0,0.0,174.0,8.56510080526725,97.5777529347504,835.7632902375993
CUST002377,122.0,706.0,708.0,295.2797540983606,31.0,406.81428571428575,174.0,28.761458905827784,295.68105229008415,8504.218434673172
CUST002378,4.0,502.0,695.0,56.8075,0.0,0.0,174.0,1.2213588100302342,60.007614190276,73.29082826018889
CUST002380,10.0,643.0,685.0,49.305,2.0,0.0,174.0,2.731904743470762,50.43822849106376,137.7924356669992
CUST002381,30.0,556.0,573.0,98.07533333333335,7.0,4088.73,174.0,8.918905626639763,98.699892482436,880.2950264103381
CUST002382,15.0,725.0,769.0,133.57466666666667,2.0,0.0,174.0,3.519840168193536,135.19708760718993,475.87213958256757
CUST002383,8.0,433.0,781.0,31.33125,0.0,0.0,174.0,0.9332269369374867,32.401884990673835,30.238311880847267
CUST002384,23.0,775.0,820.0,582.9747826086957,4.0,113.57,174.0,4.9200171467149305,587.0469938902163,2888.2812758673194
CUST002385,31.0,556.0,557.0,331.6422580645161,19.0,885.415,174.0,9.471345831719189,333.4082785522269,3157.8251093263043
CUST002386,40.0,612.0,613.0,9.9565,14.0,2543.6366666666668,174.0,11.06064924343797,10.085028555772595,111.54696346545649
CUST002387,1.0,15.0,572.0,235.12,0.0,0.0,174.0,0.03459376236335631,281.9756429288278,9.754598383734482
CUST002388,33.0,659.0,678.0,93.49727272727273,8.0,914.8,174.0,8.339009306769903,94.04340479623193,784.2288278361074
CUST002389,12.0,659.0,689.0,520.5933333333334,0.0,0.0,174.0,3.198478535542969,527.6388528887798,1687.641545483276
CUST002390,6.0,510.0,727.0,388.605,0.0,0.0,174.0,1.5486785692296023,399.41733289440714,618.5690636324142
CUST002391,25.0,629.0,641.0,80.8308,9.0,209.0,174.0,6.756449578075676,81.47455991581357,550.4787559671
CUST002392,26.0,702.0,878.0,194.4023076923077,3.0,0.0,174.0,3.120663358812801,195.6953147737369,610.6991983057382
CUST002393,148.0,796.0,800.0,110.65304054054054,31.0,2161.1375000000003,174.0,30.993378409740565,110.79217580372622,3433.8238295233896
CUST002394,43.0,805.0,851.0,207.23627906976745,10.0,486.06,174.0,8.593875906014548,208.06222238388568,1788.0609198967159
CUST002397,37.0,637.0,637.0,309.0975675675676,11.0,0.0,174.0,9.895635712676206,310.48214105913905,3072.418163212988
CUST002398,122.0,714.0,714.0,124.89557377049181,22.0,691.0274999999999,174.0,28.536579991746514,125.0823317169779,3569.421964595712
CUST002399,4.0,360.0,594.0,178.205,2.0,326.96999999999997,174.0,1.3107312057381861,186.24715271564486,244.11995504428128
CUST002400,7.0,445.0,726.0,903.8,2.0,292.7,174.0,1.442339394416,924.5780234846782,1333.555306483233
CUST002401,99.0,619.0,622.0,165.23525252525255,26.0,1900.68,174.0,26.44608835605128,165.5280789000474,4377.570199998081
CUST002402,27.0,768.0,795.0,131.96925925925927,9.0,2291.436666666667,174.0,5.915383861137976,132.85730875048574,785.9019800168486
CUST002403,12.0,583.0,647.0,96.17666666666666,2.0,0.0,174.0,3.3676411763084664,97.7256080009806,329.1047814838824
CUST002404,35.0,592.0,622.0,285.63514285714285,7.0,0.0,174.0,9.534021798737523,286.99588192133064,2736.2249943858665
CUST002405,4.0,477.0,652.0,32.7775,2.0,0.0,174.0,1.3026004377646148,35.01915799665906,45.6159705365963
CUST002406,20.0,864.0,905.0,56.842,6.0,683.39,174.0,3.9341962443709955,57.46249876966575,226.06874685179193
CUST002407,27.0,598.0,658.0,187.5825925925926,0.0,0.0,174.0,6.94708324175003,188.78846327682382,1311.5291694661637
CUST002408,35.0,552.0,565.0,279.5497142857143,9.0,125.61,174.0,10.482170165316704,280.88366019285604,2944.2703227985107
CUST002409,9.0,667.0,721.0,378.4244444444444,2.0,0.0,174.0,2.370844527564774,385.393602541983,913.7083135451339
CUST002410,22.0,753.0,795.0,23.360000000000003,5.0,0.0,174.0,4.862717703643273,23.688556713060834,115.19076410235863
CUST002412,40.0,758.0,764.0,135.74825,9.0,0.0,174.0,8.97578227689986,136.3611226205856,1223.947747676021
CUST002414,7.0,571.0,575.0,170.02857142857144,2.0,0.0,174.0,2.384446442050822,174.3636278437171,415.76073203502483
CUST002416,2.0,49.0,584.0,490.58,0.0,0.0,174.0,0.04064827469474043,533.2863474704922,21.677169942935357
CUST002417,37.0,569.0,649.0,160.13486486486485,0.0,0.0,174.0,8.409316327204426,160.8991791229751,1353.0520940326242
CUST002418,24.0,757.0,782.0,22.064166666666665,7.0,106.4,174.0,5.376685153191057,22.356830380270143,120.20563797800926
CUST002419,43.0,826.0,832.0,109.57744186046511,6.0,555.0,174.0,8.874248218448516,110.05369111158346,976.6437722806528
CUST002421,15.0,540.0,540.0,364.69066666666663,4.0,0.0,174.0,4.937301673975839,368.7014297141185,1820.3901861248025
CUST002422,15.0,589.0,602.0,329.304,4.0,218.23,174.0,4.453527656367442,332.9490788627833,1482.7979308774702
CUST002423,172.0,848.0,852.0,199.92953488372092,44.0,1153.449090909091,174.0,33.871024056545565,200.1289442357629,6778.572284620591
CUST002424,2.0,173.0,550.0,384.695,0.0,0.0,174.0,0.570770329044666,418.6038318024637,238.9266468172502
CUST002425,72.0,718.0,722.0,53.862500000000004,16.0,194.50666666666666,174.0,16.791617437632993,54.02754126445219,907.2098040086115
CUST002426,4.0,139.0,561.0,461.455,0.0,0.0,174.0,0.14645233434712807,480.7948105118163,70.41352234144061
CUST002427,27.0,779.0,782.0,17.122962962962962,8.0,113.75,174.0,6.024771419868326,17.354684471072705,104.5580070021515
CUST002428,27.0,280.0,747.0,245.4285185185185,0.0,0.0,174.0,1.9565041358129024e-08,246.96496930083606,4.831879838379922e-06
CUST002429,14.0,586.0,621.0,143.2092857142857,8.0,1123.8266666666668,174.0,4.048380487931358,145.0556321295589,587.2403907778552
CUST002430,36.0,805.0,816.0,195.7025,8.0,171.87,174.0,7.612345547731671,196.64036604185495,1496.8944149430406
CUST002431,31.0,862.0,914.0,143.86774193548385,6.0,0.0,174.0,5.873467828729652,144.69981480501323,849.8897070803838
CUST002432,71.0,858.0,869.0,237.87366197183096,13.0,752.0500000000001,174.0,13.870491862067068,238.43952344402825,3307.2734695255435
CUST002433,34.0,562.0,577.0,15.531176470588234,9.0,168.86666666666667,174.0,9.992313570137172,15.707758914248148,156.9568525552849
CUST002436,28.0,646.0,697.0,109.02142857142859,9.0,290.71,174.0,6.8709942951055325,109.75115361913686,754.0995503983403
CUST002438,20.0,792.0,831.0,160.221,2.0,0.0,174.0,4.268137578193866,161.64066949229965,689.904615624499
CUST002439,43.0,659.0,782.0,180.86953488372092,0.0,0.0,174.0,3.613873502222518,181.60106488957155,656.2832763798147
CUST002440,15.0,606.0,613.0,61.688,3.0,0.0,174.0,4.381245682982369,62.567547435760545,274.1237970977205
CUST002441,5.0,197.0,595.0,767.5,0.0,0.0,174.0,0.25194498133492,792.5376033581839,199.67587168529988
CUST002442,28.0,909.0,916.0,88.54035714285715,9.0,561.1766666666666,174.0,5.360019162124641,89.15723943027993,477.884511788435
CUST002444,6.0,781.0,881.0,71.93333333333334,2.0,352.14,174.0,1.3874673177755643,74.43567759621646,103.27706994122913
CUST002445,22.0,843.0,857.0,99.66136363636365,5.0,0.0,174.0,4.5452481525402835,100.52576851709776,456.9145636350308
CUST002446,32.0,696.0,697.0,326.0534375,13.0,192.53500000000003,174.0,7.904772202754233,327.7370793119935,2590.6869543573057
CUST002447,58.0,839.0,849.0,137.4751724137931,14.0,2918.96,174.0,11.63901274414976,137.90191896045695,1605.042192223466
CUST002449,4.0,539.0,644.0,332.0,2.0,0.0,174.0,1.3547039111552555,346.1763920122457,468.9665122086042
CUST002450,57.0,785.0,800.0,256.36561403508773,7.0,520.66,174.0,12.102248697943766,257.12074225885885,3111.7391682166094
CUST002451,12.0,672.0,675.0,7.2058333333333335,3.0,0.0,174.0,3.270448707768742,7.602522215695175,24.86365895610344
CUST002452,12.0,757.0,760.0,15.366666666666667,3.0,1314.87,174.0,2.922414716072552,15.869045693382622,46.37593266436913
CUST002454,23.0,571.0,572.0,260.6930434782609,10.0,356.55,174.0,6.958403676603405,262.60100485469616,1827.2837976606663
CUST002455,11.0,571.0,580.0,149.5490909090909,4.0,220.0,174.0,3.4891640476095085,151.99578497060543,530.3382283076221
CUST002457,32.0,813.0,818.0,30.179375,8.0,637.7099999999999,174.0,6.786182620410122,30.437616070472288,206.55522118415487
CUST002458,59.0,721.0,729.0,231.72101694915256,11.0,0.0,174.0,13.686640872764443,232.38622787638923,3180.5868447205403
CUST002459,47.0,895.0,900.0,342.7355319148936,9.0,0.0,174.0,8.973388599907674,343.9347157762665,3086.259857659236
CUST002461,13.0,603.0,604.0,66.02846153846154,6.0,0.0,174.0,3.9032852458324268,67.09677717940615,261.8978604072819
CUST002462,22.0,583.0,587.0,45.970454545454544,8.0,2567.0,174.0,6.511525080001518,46.45779964788392,302.5111275688818
CUST002465,16.0,734.0,773.0,204.934375,3.0,0.0,174.0,3.718719415910872,207.14530534871068,770.3152689150367
CUST002466,29.0,775.0,799.0,236.7096551724138,5.0,989.48,174.0,6.304052942079866,238.09320798206176,1500.95218826855
CUST002467,51.0,874.0,874.0,252.00333333333333,11.0,884.838,174.0,9.994602397106958,252.83440553996832,2526.97935568088
CUST002468,88.0,764.0,767.0,298.5163636363636,15.0,0.0,174.0,19.31023454144469,299.07863237677435,5775.278537530026
CUST002469,28.0,571.0,573.0,349.98464285714283,11.0,376.18,174.0,8.369050335108279,352.04198176148424,2946.257065433132
CUST002470,39.0,598.0,605.0,148.3651282051282,8.0,382.33,174.0,10.921065796504484,149.04360770048532,1627.7150462454026
CUST002471,16.0,543.0,560.0,113.888125,3.0,0.0,174.0,5.053074346431389,115.21756115894132,582.202902550636
CUST002472,14.0,108.0,573.0,48.464999999999996,0.0,0.0,174.0,2.3233117601628195e-07,49.26155392763051,1.1444994756395889e-05
CUST002473,29.0,659.0,660.0,191.08344827586208,8.0,191.59,174.0,7.576253503478206,192.2243328538121,1456.3402752374548
CUST002474,13.0,769.0,827.0,403.4307692307692,4.0,0.0,174.0,2.8794196355569404,408.5286064535087,1176.3252911089467
CUST002476,31.0,462.0,915.0,28.484516129032258,0.0,0.0,174.0,2.724518934444905e-06,28.742699148429,7.831002805694826e-05
CUST002477,13.0,855.0,857.0,88.30153846153847,7.0,0.0,174.0,2.8004633377638,89.63585656336832,251.0219300547677
CUST002478,12.0,474.0,478.0,199.26083333333335,5.0,127.78,174.0,4.517061691020601,202.14480750199306,913.1005660059866
CUST002479,26.0,802.0,827.0,8.026153846153846,7.0,0.0,174.0,5.498867572361306,8.212842471632781,45.16133314417318
CUST002480,21.0,610.0,611.0,8.67095238095238,9.0,0.0,174.0,6.004688785277243,8.907163315662437,53.4847436701911
CUST002481,34.0,801.0,802.0,140.49117647058824,4.0,1347.62,174.0,7.331227698864154,141.23419264451906,1035.4200251422142
CUST002482,33.0,755.0,789.0,442.8148484848485,6.0,0.0,174.0,7.20193766854686,444.99261612396134,3204.80908428837
CUST002483,111.0,824.0,829.0,163.82981981981982,16.0,665.67,174.0,22.537654795152836,164.08900019938636,3698.181242175535
CUST002484,47.0,755.0,755.0,52.99744680851064,12.0,418.68,174.0,10.616562304752234,53.24773041424501,565.3078475294826
CUST002485,15.0,613.0,666.0,66.38799999999999,11.0,362.11,174.0,4.020041462644832,67.31611701944391,270.6135815224159
CUST002486,35.0,554.0,776.0,25.453142857142854,0.0,0.0,174.0,0.047550654626066106,25.668342686957086,1.2205464979310061
CUST002487,12.0,695.0,707.0,64.365,2.0,0.0,174.0,3.1277491011601004,65.50195158953971,204.87367020841526
CUST002488,22.0,713.0,716.0,35.541818181818186,7.0,0.0,174.0,5.39883238660236,35.95592520014965,194.12001346081988
CUST002489,105.0,647.0,647.0,131.766,22.0,0.0,174.0,27.011553350931997,131.99309280894556,3565.3384683633517
CUST002490,27.0,774.0,814.0,141.03111111111113,7.0,1383.28,174.0,5.769224831243938,141.97094761803626,819.0623163132072
CUST002491,13.0,611.0,613.0,175.8407692307692,1.0,0.0,174.0,3.8490373809394924,178.22054911989667,685.9775556140453
CUST002492,8.0,542.0,564.0,55.92,2.0,0.0,174.0,2.7111861270083706,57.47141797652943,155.81571111746607
CUST002494,13.0,771.0,771.0,81.84384615384616,3.0,0.0,174.0,3.09831672694177,83.1010414561895,257.4733467699934
CUST002495,31.0,850.0,876.0,31.668064516129032,3.0,603.22,174.0,6.1525896464160015,31.942081779143003,196.52652163932845
CUST002496,11.0,626.0,667.0,158.0690909090909,0.0,0.0,174.0,3.046806798157121,160.63629959682646,489.42776964241483
CUST002497,18.0,537.0,538.0,378.02833333333336,3.0,0.0,174.0,5.859606640916008,381.4795507803919,2235.3201091264395
CUST002498,32.0,543.0,566.0,85.233125,17.0,176.3,174.0,9.579876291946295,85.75659261791095,821.5375484984219
CUST002499,10.0,481.0,645.0,138.475,0.0,0.0,174.0,2.6216602314117456,140.99762548732076,369.647867463596
CUST002500,97.0,859.0,862.0,255.58845360824745,13.0,230.62,174.0,19.011749536617863,256.0304642693281,4867.587060432455
CUST002501,29.0,624.0,629.0,285.54655172413794,5.0,0.0,174.0,7.9253519635063014,287.1898491878768,2276.080635160218
CUST002502,44.0,464.0,600.0,60.63181818181818,0.0,0.0,174.0,0.1903158601000757,60.9259397680186,11.595172629355867
CUST002503,15.0,641.0,695.0,57.559999999999995,2.0,0.0,174.0,3.862385711914877,58.39688887375098,225.55130920625663
CUST002506,43.0,758.0,791.0,172.8279069767442,11.0,640.9,174.0,9.262998661328389,173.5306417438199,1607.41410217246
CUST002507,29.0,700.0,711.0,75.69206896551724,5.0,0.0,174.0,7.054427351317275,76.21923121423833,537.6830293740983
CUST002508,32.0,576.0,648.0,93.78937499999999,7.0,0.0,174.0,7.977666863164488,94.35406314596801,752.7252829645187
CUST002511,30.0,790.0,837.0,61.43533333333333,10.0,1404.53,174.0,6.196366988831727,61.87154761918476,383.37881521544665
CUST002512,10.0,492.0,655.0,38.739,1.0,7920.86,174.0,2.6029412573219006,39.70759499703605,103.35653724681382
CUST002513,33.0,764.0,802.0,87.09424242424242,8.0,2486.76,174.0,7.0834124697492875,87.61046643038361,620.5810703935306
CUST002514,4.0,671.0,794.0,32.205,1.0,0.0,174.0,1.1120020633089478,34.42382336616194,38.27936261015485
CUST002515,48.0,758.0,792.0,116.8675,17.0,342.13,174.0,10.280280521213593,117.31735702661118,1206.0553402409314
CUST002516,5.0,329.0,621.0,192.332,0.0,0.0,174.0,1.1983287150726294,199.16201160789532,238.6615574613693
CUST002517,28.0,802.0,859.0,168.12321428571428,9.0,696.4633333333333,174.0,5.644518790226365,169.1785672509395,954.9316017515027
CUST002518,31.0,494.0,541.0,129.8116129032258,4.0,0.0,174.0,9.512377955640982,130.57377379267848,1242.067087410327
CUST002520,24.0,735.0,735.0,15.080833333333333,4.0,0.0,174.0,5.7172720272734505,15.328567755111985,87.63759164446755
CUST002521,26.0,524.0,764.0,142.61769230769232,0.0,0.0,174.0,0.16877022784443152,143.6033087999715,24.235963145385448
CUST002522,19.0,703.0,757.0,94.42263157894736,3.0,0.0,174.0,4.428967067290506,95.38198571013837,422.44367352297644
CUST002523,7.0,435.0,505.0,465.9357142857143,7.0,1474.7733333333333,174.0,2.6525937619952495,476.9017067337772,1265.0264923669054
CUST002524,3.0,264.0,806.0,156.02,0.0,0.0,174.0,0.3613857076106776,165.69163482742348,59.87858869727843
CUST002525,17.0,632.0,648.0,156.65411764705883,6.0,561.5799999999999,174.0,4.66023991028654,158.29411462143543,737.6885505222855
CUST002527,2.0,38.0,888.0,947.25,0.0,0.0,174.0,0.004327207309352681,1027.899035104421,4.447932217980419
CUST002528,16.0,692.0,741.0,173.85562499999997,0.0,0.0,174.0,3.862679435884873,175.76565621722204,678.9263858050738
CUST002529,34.0,737.0,795.0,83.58176470588235,6.0,0.0,174.0,7.268076918817722,84.0668150475996,611.0040780859771
CUST002530,11.0,425.0,661.0,378.2445454545455,6.0,0.0,174.0,1.75728599138094,383.9261159506837,674.667985285431
CUST002531,14.0,468.0,671.0,95.80285714285712,0.0,0.0,174.0,2.293286443944822,97.12392741925758,222.7329861332642
CUST002532,31.0,607.0,639.0,564.8887096774193,5.0,4504.68,174.0,8.27552067990592,567.8148448197909,4698.96349066375
CUST002533,20.0,321.0,740.0,172.96349999999998,0.0,0.0,174.0,0.00010889652285957039,174.4816753100495,0.019000447743976943
CUST002534,53.0,870.0,890.0,127.23490566037735,8.0,1781.5575,174.0,10.175744309061745,127.6722987196379,1299.1606671211864
CUST002535,18.0,343.0,640.0,273.9533333333333,0.0,0.0,174.0,0.022917845830430203,276.5098365530269,6.337009804719725
CUST002537,47.0,734.0,762.0,46.823191489361704,16.0,258.83599999999996,174.0,10.473189251516045,47.05325423787406,492.79763653295436
CUST002538,54.0,832.0,841.0,143.87092592592592,3.0,127.78,174.0,10.955487398007355,144.34759667219993,1581.3982762749347
CUST002540,9.0,525.0,822.0,500.91333333333336,4.0,257.55,174.0,1.4525010262548674,510.00678389163346,740.785376999542
CUST002541,4.0,177.0,570.0,359.185,0.0,0.0,174.0,0.3389513467577308,374.44568795995593,126.91887022165209
CUST002542,17.0,520.0,530.0,293.3464705882353,2.0,0.0,174.0,5.630264112259763,296.23134158138697,1667.8606914322463
CUST002543,24.0,590.0,591.0,193.0566666666667,7.0,0.0,174.0,7.024762261243341,194.4494600125885,1365.9612284155778
CUST002544,14.0,188.0,766.0,87.44642857142857,0.0,0.0,174.0,2.4341918121813005e-06,88.67490734353227,0.00021585173340156173
CUST002545,67.0,665.0,682.0,129.66358208955225,16.0,0.0,174.0,16.472335307037,130.0149440263776,2141.649752928139
CUST002547,31.0,542.0,542.0,108.45709677419354,7.0,4136.36,174.0,9.717041719192128,109.11304517066648,1060.2560120314613
CUST002548,41.0,512.0,824.0,95.68878048780488,0.0,0.0,174.0,3.377347499164132e-05,96.13618146579604,0.0032468529205269543
CUST002549,35.0,655.0,660.0,29.834000000000003,5.0,1681.71,174.0,9.067709698802835,30.06848803475281,272.65232058106506
CUST002550,42.0,580.0,602.0,167.7211904761905,12.0,2736.0,174.0,11.745852950095,168.4219954017122,1978.2599915500875
CUST002551,64.0,391.0,635.0,213.16828125,0.0,0.0,174.0,2.884171406532831e-09,213.7368153174339,6.164536112619313e-07
CUST002552,44.0,636.0,641.0,113.32272727272726,11.0,1335.02,174.0,11.624740444106502,113.80121995555182,1322.909644205963
CUST002553,30.0,572.0,593.0,374.493,9.0,0.0,174.0,8.629733255905627,376.53846110403043,3249.426479916979
CUST002554,61.0,720.0,731.0,335.6204918032787,14.0,0.0,174.0,14.096782092638351,336.5258186898694,4743.931134617812
CUST002555,21.0,591.0,649.0,94.32857142857142,8.0,5096.9,174.0,5.591856413155887,95.19519381733953,532.3178550491077
CUST002556,24.0,709.0,714.0,133.48416666666665,6.0,0.0,174.0,5.87463634013295,134.49368312897494,790.101478427802
CUST002557,12.0,574.0,578.0,99.66833333333334,6.0,1520.46,174.0,3.784522536560439,101.26249489687669,383.2301940455663
CUST002558,81.0,788.0,862.0,102.81012345679011,0.0,0.0,174.0,9.196381927184312,103.04968068715961,947.6842210735089
CUST002559,20.0,827.0,862.0,69.2375,2.0,0.0,174.0,4.1245737925519155,69.9538221060533,288.52970134746624
CUST002560,33.0,344.0,877.0,264.46878787878785,0.0,0.0,174.0,3.1048921008223103e-10,265.8135147650828,8.253222822859202e-08
CUST002562,3.0,384.0,541.0,464.52666666666664,1.0,0.0,174.0,1.2620475198960421,490.8260933071648,619.4458537585707
CUST002563,26.0,655.0,655.0,118.59192307692307,6.0,0.0,174.0,6.878716544517439,119.43492394284725,821.5589873188453
CUST002565,53.0,860.0,864.0,186.72698113207545,11.0,0.0,174.0,10.488275009073583,187.33709119630106,1964.842931866703
CUST002566,52.0,724.0,730.0,109.52461538461537,9.0,2132.16,174.0,12.08810075734708,109.91803663785622,1328.7003019281738
CUST002567,17.0,688.0,698.0,60.813529411764705,2.0,0.0,174.0,4.347044724139363,61.58069439758391,267.6940326898556
CUST002568,20.0,522.0,537.0,40.211,2.0,0.0,174.0,6.463169830379146,40.70293292662099,263.06996809928273
CUST002569,52.0,395.0,900.0,88.49923076923076,0.0,0.0,174.0,9.407083491347981e-15,88.83043392874163,8.356353085403429e-13
CUST002570,7.0,276.0,733.0,24.73,0.0,0.0,174.0,0.12376421624002294,25.809083870805086,3.194241037143209
CUST002571,4.0,463.0,485.0,33.94,2.0,0.0,174.0,1.7908287961740204,36.22802525945888,64.87819086315875
CUST002572,61.0,602.0,631.0,169.1644262295082,18.0,3009.4425,174.0,16.02798732143974,169.65003635449432,2719.148631771626
CUST002574,22.0,542.0,627.0,231.84454545454545,6.0,110.0,174.0,5.813310396909937,233.637244567504,1358.2058229496608
CUST002577,17.0,615.0,692.0,27.061176470588233,1.0,0.0,174.0,4.30214459702676,27.520954639625682,118.39912630788416
CUST002578,13.0,593.0,613.0,113.39461538461539,4.0,184.65,174.0,3.8415645594141403,115.02861458734449,441.889849117251
CUST002579,53.0,673.0,756.0,208.39056603773585,0.0,0.0,174.0,8.603872167361661,209.0635696801741,1798.7562283805253
CUST002580,84.0,834.0,838.0,123.12,23.0,688.13,174.0,16.950982669310253,123.38814930367424,2091.550380444848
CUST002581,35.0,656.0,660.0,258.8302857142857,7.0,0.0,174.0,9.06855109800673,260.07300733096014,2358.485356193091
CUST002583,150.0,837.0,850.0,271.7964,22.0,810.2725,174.0,29.569771176190766,272.09866853093786,8045.895365806012
CUST002584,21.0,675.0,689.0,119.74714285714286,4.0,0.0,174.0,5.354456904074735,120.80083743811673,646.8228780385339
CUST002585,29.0,845.0,847.0,139.70793103448275,3.0,0.0,174.0,5.975892801800689,140.5755690120787,840.0645309683171
CUST002586,20.0,418.0,697.0,99.18700000000001,0.0,0.0,174.0,0.06887177500484322,100.13484653129949,6.896464620448164
CUST002587,17.0,161.0,700.0,59.24058823529411,0.0,0.0,174.0,3.7024527272474135e-08,59.99342825295294,2.2212283205206765e-06
CUST002589,22.0,631.0,645.0,107.82227272727273,5.0,0.0,174.0,5.952777685437125,108.74398992818702,647.3287966699112
CUST002590,23.0,495.0,638.0,1.502608695652174,0.0,0.0,174.0,3.6364304787905564,1.6700033387974351,6.072851040884984
CUST002591,18.0,628.0,682.0,151.99333333333334,7.0,522.0,174.0,4.644078531541301,153.5013681680216,712.8724084713264
CUST002592,53.0,909.0,910.0,85.95566037735848,10.0,1381.8474999999999,174.0,9.981562309075194,86.27321180130923,861.1414391988095
CUST002594,14.0,331.0,586.0,173.54714285714286,0.0,0.0,174.0,0.32268302389426556,175.72964099153705,56.70497194300286
CUST002595,26.0,838.0,865.0,235.28769230769228,4.0,138.74,174.0,5.2669628316814245,236.8233927522218,1247.3400072986442
CUST002596,7.0,580.0,615.0,195.42857142857142,0.0,0.0,174.0,2.23042912941316,200.33281239806698,446.8281403499105
CUST002597,38.0,750.0,750.0,243.06315789473683,14.0,644.3333333333334,174.0,8.697908020204231,244.1434548303322,2123.537313849116
CUST002598,18.0,575.0,616.0,164.75777777777776,6.0,102.54333333333334,174.0,5.126641122830278,166.37554626655063,852.94771732345
CUST002599,51.0,563.0,604.0,84.39862745098038,12.0,4415.46,174.0,13.781465610042796,84.72397127542963,1167.6204964785873
CUST002600,80.0,794.0,815.0,94.689625,28.0,1727.1000000000001,174.0,16.530008020793158,94.91657905022666,1568.9718130064946
CUST002601,15.0,732.0,737.0,45.13533333333333,8.0,513.25,174.0,3.681656620028192,45.843826273593976,168.78122648759964
CUST002602,23.0,815.0,815.0,73.73304347826088,3.0,0.0,174.0,4.977490717989007,74.38549418460202,370.25310685688186
CUST002603,22.0,756.0,762.0,81.01409090909091,3.0,0.0,174.0,5.087510364556042,81.74753997924955,415.8914569213915
CUST002604,13.0,404.0,558.0,18.375384615384615,0.0,0.0,174.0,3.2771977956067597,18.874590035317983,61.85576485672541
CUST002605,27.0,675.0,679.0,149.76333333333335,9.0,1632.42,174.0,6.888967419750534,150.75307307600977,1038.5330088479027
CUST002606,11.0,612.0,796.0,21.24909090909091,0.0,0.0,174.0,2.3657263159217212,21.880993122699604,51.76444124887265
CUST002607,12.0,791.0,855.0,158.61416666666665,1.0,616.43,174.0,2.5943788082530497,160.97172988045898,417.621644729697
CUST002608,50.0,709.0,709.0,169.40939999999998,9.0,0.0,174.0,11.96831481765124,170.00292718978727,2034.648552529616
CUST002609,26.0,672.0,685.0,103.57153846153845,10.0,0.0,174.0,6.585482941796872,104.32537916199861,687.0330048678327
CUST002610,9.0,407.0,585.0,608.1311111111112,0.0,0.0,174.0,2.4678150968672505,619.084011282017,1527.7848692708967
CUST002611,52.0,682.0,885.0,170.1326923076923,0.0,0.0,174.0,0.017323417427407683,170.70546433523643,2.9572020158187553
CUST002612,26.0,881.0,886.0,110.3323076923077,5.0,2005.2,174.0,5.1583155447066,111.12627994190689,573.2244172497556
CUST002613,22.0,603.0,649.0,453.5845454545455,10.0,0.0,174.0,5.873104764833509,456.9344771913683,2683.624055209333
CUST002614,61.0,851.0,857.0,76.77901639344263,11.0,841.1975,174.0,12.12218618556932,77.03167793285307,933.7923420888565
CUST002615,22.0,594.0,614.0,342.81863636363636,6.0,47.765,174.0,6.229424196245587,345.3906827967325,2151.5850765717496
CUST002616,16.0,540.0,548.0,187.90437500000002,0.0,0.0,174.0,5.162467524240818,189.95042380716703,980.6128941202797
CUST002618,18.0,566.0,568.0,23.004444444444445,4.0,0.0,174.0,5.569208942747691,23.40358478899687,130.3394536992352
CUST002619,9.0,259.0,665.0,26.545555555555556,0.0,0.0,174.0,0.05378041060331931,27.412170985359744,1.4742378111210432
CUST002620,11.0,559.0,565.0,22.87909090909091,3.0,0.0,174.0,3.576950387542882,23.534049324664423,84.1801268523117
CUST002621,10.0,299.0,527.0,41.134,0.0,0.0,174.0,1.2246483222585878,42.13991254560659,51.60657319910073
CUST002623,14.0,659.0,798.0,34.41285714285714,1.0,0.0,174.0,3.04109638923089,35.05370950077826,106.60170939196531
CUST002626,16.0,573.0,662.0,202.020625,1.0,36.23,174.0,4.200955045663815,204.20334492054434,857.8490721853892
CUST002627,25.0,768.0,813.0,21.05,3.0,0.0,174.0,5.3642956784588165,21.324622553737864,114.39158060978144
CUST002628,21.0,615.0,692.0,42.95809523809524,7.0,397.33,174.0,5.203027527424294,43.44664808732957,226.05410597269181
CUST002629,49.0,762.0,762.0,252.11122448979594,6.0,0.0,174.0,10.958421608233811,252.9766634344916,2772.224934959425
CUST002630,8.0,531.0,570.0,150.30875,1.0,2548.45,174.0,2.6772890889326146,153.70574796966355,411.5147219454066
CUST002631,7.0,609.0,653.0,53.93285714285714,1.0,380.22,174.0,2.105746644504567,55.666343188016604,117.21921538000562
CUST002632,16.0,678.0,709.0,130.08937500000002,3.0,0.0,174.0,4.040367626229954,131.57566888500915,531.6140729625429
CUST002633,13.0,496.0,576.0,148.54076923076923,5.0,0.0,174.0,3.984262226132637,150.59451122188884,600.0080225242792
CUST002634,18.0,624.0,630.0,256.0105555555556,0.0,0.0,174.0,5.050897648801629,258.41280791235005,1305.216643904716
CUST002635,12.0,601.0,697.0,244.1916666666667,2.0,0.0,174.0,3.1035588935503053,247.657535608444,768.6197471923377
CUST002636,6.0,550.0,644.0,586.2866666666666,0.0,0.0,174.0,1.8593986720583415,602.2864936616744,1119.890706513192
CUST002637,10.0,273.0,300.0,92.84299999999999,6.0,1270.05,174.0,5.823515812834101,94.65461322161256,551.2226368537565
CUST002638,19.0,666.0,673.0,215.33578947368423,4.0,0.0,174.0,4.989794087953641,217.2794582197419,1084.1797560586383
CUST002639,35.0,709.0,731.0,559.0522857142857,7.0,0.0,174.0,8.212772290471076,561.6168362046798,4612.431190243827
CUST002640,16.0,730.0,731.0,3.148125,1.0,0.0,174.0,3.937591425923914,3.405395456619061,13.409055951863468
CUST002641,8.0,548.0,569.0,8.5425,5.0,0.0,174.0,2.689304282340041,9.167547343114823,24.65432432839376
CUST002642,9.0,506.0,521.0,27.324444444444442,5.0,0.0,174.0,3.2324826889283003,28.20456793860815,91.170777610253
CUST002643,22.0,778.0,813.0,199.3290909090909,2.0,0.0,174.0,4.767149889729401,200.89344093483942,957.6891447998797
CUST002645,43.0,771.0,779.0,218.5467441860465,7.0,0.0,174.0,9.447614697148138,219.41318770080153,2072.9312568702157
CUST002646,8.0,700.0,708.0,183.7475,0.0,0.0,174.0,2.1923775301730184,187.79832470214401,411.72482728111703
CUST002647,5.0,251.0,798.0,35.564,0.0,0.0,174.0,0.12799421057767782,37.431343755182326,4.790995294806252
CUST002648,30.0,576.0,586.0,145.21366666666665,0.0,0.0,174.0,8.744100983165177,146.0805364856808,1277.342962705738
CUST002649,30.0,878.0,879.0,184.61633333333333,7.0,79.6,174.0,5.957459896992451,185.68574927311894,1106.2154047376014
CUST002650,169.0,841.0,858.0,135.55585798816568,29.0,1615.785,174.0,32.831438109234256,135.70031669493648,4455.236548973295
CUST002651,46.0,839.0,856.0,95.47891304347826,10.0,3264.84,174.0,9.208635554029703,95.87681842664283,882.8946789708333
CUST002652,18.0,866.0,880.0,68.96444444444444,3.0,0.0,174.0,3.6745727154826238,69.75869471827569,256.33339627945765
CUST002653,17.0,555.0,637.0,27.975882352941177,7.0,0.0,174.0,4.6119667185772775,28.443990860605922,131.18273919263078
CUST002654,8.0,676.0,779.0,55.06,1.0,0.0,174.0,1.9729814497890386,56.594602426009956,111.66010074470336
CUST002655,16.0,586.0,594.0,85.894375,8.0,3731.223333333333,174.0,4.787265329371796,86.95278046877169,416.2660312306278
CUST002657,16.0,369.0,624.0,129.624375,0.0,0.0,174.0,0.27525980862034927,131.10616683469686,36.08825839186624
CUST002658,13.0,621.0,623.0,70.24923076923076,1.0,225.91,174.0,3.7908579839603194,71.36795412914886,270.5457787093978
CUST002659,15.0,808.0,822.0,141.31199999999998,3.0,1871.4666666666665,174.0,3.3158988818124286,143.01437818708058,474.2212167136403
CUST002661,85.0,874.0,884.0,155.34058823529412,13.0,186.9,174.0,16.284018744564495,155.6638400205719,2534.832888745882
CUST002662,14.0,663.0,678.0,137.12714285714284,5.0,0.0,174.0,3.7383694986383125,138.906097473195,519.2823179686725
CUST002663,102.0,860.0,862.0,97.66137254901962,21.0,1500.595,174.0,19.979050224959863,97.84377868835082,1954.8257686144186
CUST002664,30.0,612.0,749.0,186.46166666666664,0.0,0.0,174.0,4.126993649929816,187.54056838850246,773.9787348435781
CUST002665,32.0,698.0,727.0,281.863125,9.0,90.73,174.0,7.564924515615161,283.33387588240913,2143.3993837671
CUST002666,31.0,779.0,791.0,89.49387096774193,2.0,0.0,174.0,6.793171108195063,90.05550060392686,611.762424836639
CUST002667,31.0,576.0,582.0,275.08516129032256,13.0,236.46333333333334,174.0,9.085105945463312,276.5698796774479,2512.6666581936547
CUST002669,9.0,508.0,679.0,77.47333333333333,1.0,0.0,174.0,2.321939511244767,79.22317576730121,183.95142202038565
CUST002670,45.0,746.0,751.0,223.838,9.0,518.5899999999999,174.0,10.225777098453621,224.68390499541883,2297.567530093283
CUST002671,25.0,740.0,755.0,160.154,9.0,526.205,174.0,5.7850497078873175,161.28756863030728,933.0566017906148
CUST002673,24.0,655.0,696.0,97.16958333333334,3.0,0.0,174.0,5.980492365561186,97.94545943591653,585.7620723978816
CUST002674,77.0,830.0,846.0,137.9768831168831,12.0,3340.2200000000003,174.0,15.394076898322272,138.2991199975687,2128.987288212872
CUST002675,41.0,555.0,557.0,88.37146341463415,18.0,1360.19,174.0,12.39209807247349,88.79137981616707,1100.3114866721853
CUST002676,30.0,707.0,716.0,202.31699999999998,5.0,0.0,174.0,7.239597132393032,203.47740474008003,1473.0944358630597
CUST002677,43.0,662.0,685.0,352.2825581395349,9.0,0.0,174.0,10.643002240376532,353.627879157713,3763.6623101351406
CUST002679,8.0,757.0,761.0,124.48500000000001,1.0,0.0,174.0,2.0477926338363877,127.3770670711434,260.8418196679709
CUST002680,13.0,594.0,599.0,5.293846153846153,4.0,0.0,174.0,3.932475819306023,5.636821635951355,22.166664781119724
CUST002681,87.0,712.0,718.0,180.5893103448276,16.0,807.9733333333334,174.0,20.324079103672275,180.94972251501972,3677.636474182809
CUST002682,10.0,502.0,526.0,759.742,1.0,0.0,174.0,3.507032428877405,771.9448599122798,2707.2356570175907
CUST002685,125.0,854.0,880.0,206.32128,18.0,597.5,174.0,23.60235738815395,206.60361421799064,4876.3323404573
CUST002686,117.0,832.0,840.0,235.36333333333334,20.0,1586.87,174.0,23.4334683667961,235.7031310830472,5523.341866189381
CUST002687,137.0,685.0,688.0,189.3480291970803,37.0,49.36,174.0,33.14136791198691,189.5865763360612,6283.158477527396
CUST002688,15.0,497.0,563.0,99.09333333333332,5.0,0.0,174.0,4.660903752517216,100.35942576218694,467.7656241354501
CUST002689,45.0,839.0,842.0,55.079333333333324,9.0,0.0,174.0,9.17053889976331,55.34790101548556,507.57007928275954
CUST002690,9.0,661.0,672.0,27.263333333333335,1.0,0.0,174.0,2.547584529418179,28.14239699363146,71.69513520172019
CUST002691,100.0,807.0,823.0,298.73900000000003,21.0,0.0,174.0,20.424943467061965,299.23403491609656,6111.838246582119
CUST002693,23.0,550.0,557.0,58.122173913043476,8.0,0.0,174.0,7.129289610043708,58.669791428816694,418.27393445689427
CUST002694,9.0,490.0,837.0,343.94888888888886,0.0,0.0,174.0,1.0007740624475014,350.3201465285854,350.59131619861637
CUST002695,15.0,614.0,698.0,69.76333333333334,6.0,408.59,174.0,3.7998172813772313,70.72633089209482,268.7471343721862
CUST002696,16.0,594.0,610.0,518.1231250000001,2.0,0.0,174.0,4.6649299109743385,523.3662951545911,2441.467084662476
CUST002698,6.0,568.0,624.0,36.81333333333333,2.0,554.86,174.0,1.9318418834280535,38.39407067188646,74.17127379924693
CUST002699,21.0,808.0,850.0,45.814285714285724,2.0,0.0,174.0,4.369828134409687,46.3238591710408,202.4273031000463
CUST002700,20.0,295.0,647.0,243.8355,0.0,0.0,174.0,0.0003775550979417323,245.9015508694427,0.09284138412253631
CUST002701,7.0,522.0,597.0,27.634285714285713,1.0,0.0,174.0,2.273545542165709,28.77845126107468,65.42911957504947
CUST002702,31.0,669.0,677.0,237.45419354838708,10.0,1128.2975,174.0,7.8776932500891865,238.75174408432065,1880.8130028200737
CUST002703,54.0,738.0,740.0,83.51740740740742,8.0,0.0,174.0,12.383919897513671,83.82211423483928,1038.04634832449
CUST002704,12.0,730.0,733.0,252.86666666666667,7.0,0.0,174.0,3.0246553445147177,256.44488467438157,775.6573910038286
CUST002705,8.0,530.0,562.0,27.1225,8.0,209.36,174.0,2.716060034315559,28.110841446198425,76.35073298300092
CUST002706,14.0,909.0,910.0,174.52428571428572,9.0,0.0,174.0,2.8276513472941724,176.71761085764462,499.6957904322261
CUST002707,25.0,324.0,692.0,156.0512,0.0,0.0,174.0,2.4713173758772933e-05,157.15943446333185,0.003883908411722807
CUST002708,23.0,761.0,784.0,61.82086956521739,3.0,0.0,174.0,5.1541814956846235,62.39332529160644,321.5865226722293
CUST002709,16.0,748.0,772.0,859.4475,2.0,0.0,174.0,3.7308847699879792,867.9953142600775,3238.3904983938532
CUST002710,34.0,641.0,807.0,283.22941176470584,0.0,0.0,174.0,1.6350790622699694,284.6194489939338,465.3753017647967
CUST002711,11.0,737.0,805.0,35.0,0.0,0.0,174.0,2.540203525750111,35.82640757385403,91.00636683406448
CUST002712,51.0,887.0,890.0,108.61235294117647,9.0,211.59,174.0,9.820623317843037,109.01075896369694,1070.5536013746491
CUST002713,39.0,865.0,872.0,104.36384615384614,4.0,1368.0,174.0,7.719919950376415,104.86854339877142,809.5767603510903
CUST002714,21.0,486.0,551.0,44.22571428571429,7.0,1520.46,174.0,6.4237165684015745,44.723596387569536,287.29170711333524
CUST002715,15.0,644.0,670.0,811.9173333333333,1.0,0.0,174.0,4.020244147873498,820.5497161705935,3298.8101944740883
CUST002716,11.0,787.0,800.0,87.29272727272728,1.0,0.0,174.0,2.5736051672064986,88.85881072467413,228.68749443284557
CUST002717,27.0,683.0,688.0,221.5314814814815,5.0,1195.0,174.0,6.803064400311094,222.93136456743628,1516.6164300014996
CUST002718,58.0,793.0,801.0,213.1006896551724,14.0,1495.9350000000002,174.0,12.306588715134817,213.72801431088956,2630.2627690265663
CUST002719,15.0,581.0,639.0,287.1353333333334,4.0,797.6999999999999,174.0,4.170298948763818,290.3446431355885,1210.8239600475506
CUST002721,2.0,439.0,652.0,318.41,0.0,0.0,174.0,0.8095910078166211,346.8115047395628,280.7754756445015
CUST002722,7.0,732.0,853.0,239.97,4.0,36.13,174.0,1.6150414282604315,245.87236274790254,397.0940519021394
CUST002723,19.0,664.0,702.0,92.24736842105263,4.0,0.0,174.0,4.773423960533711,93.1890144437567,444.83067440435036
CUST002724,9.0,690.0,788.0,266.2255555555555,2.0,0.0,174.0,2.1605938631713792,271.2488779455901,586.0586610813644
CUST002725,5.0,770.0,794.0,66.826,1.0,0.0,174.0,1.3368078764235336,69.68297762441273,93.15275334095979
CUST002727,19.0,699.0,759.0,177.24210526315792,8.0,70.03,174.0,4.409522700624258,178.8756657401455,788.7563086704484
CUST002728,15.0,499.0,564.0,307.47333333333336,7.0,1400.43,174.0,4.6565565239949915,310.8928150915358,1447.6899663776596
CUST002731,12.0,754.0,778.0,70.76083333333334,1.0,0.0,174.0,2.8529432550732627,71.98061672701049,205.35661498733825
CUST002732,19.0,764.0,786.0,187.93526315789472,9.0,0.0,174.0,4.300258520628674,189.65587314858394,815.569284494469
CUST002735,11.0,749.0,791.0,40.42272727272727,5.0,472.23,174.0,2.5936503605174126,41.32583883136667,107.18477678365865
CUST002736,53.0,636.0,652.0,172.86528301886793,15.0,230.62,174.0,13.67971429343663,173.4351498916624,2372.5432989572987
CUST002738,46.0,796.0,816.0,336.8232608695652,7.0,0.0,174.0,9.633665163393088,338.0288159933042,3256.456428857707
CUST002739,23.0,732.0,738.0,70.63869565217392,7.0,0.0,174.0,5.468676500858859,71.27036658362934,389.75457894349023
CUST002741,54.0,712.0,726.0,177.63666666666668,12.0,0.0,174.0,12.592052730286689,178.20954537633565,2244.023992419237
CUST002742,20.0,551.0,831.0,233.244,0.0,0.0,174.0,0.3685640498573796,235.22817334394162,86.69664820819683
CUST002743,18.0,569.0,572.0,168.61,8.0,628.04,174.0,5.532201050769988,170.26088535669692,941.9174488753472
CUST002744,355.0,735.0,739.0,300.4903661971831,81.0,959.2553846153846,174.0,79.70109857775138,300.63041614020244,23960.574432260695
CUST002745,9.0,593.0,711.0,262.77000000000004,2.0,0.0,174.0,2.3544083039270807,267.7333936023625,630.3537251359799
CUST002746,71.0,698.0,698.0,64.35450704225352,21.0,1172.5933333333335,174.0,17.10826631740452,64.54459913224282,1104.246191304527
CUST002747,21.0,576.0,578.0,328.80619047619047,6.0,0.0,174.0,6.3255910571088885,331.39848979144074,2096.291323364129
CUST002748,28.0,700.0,749.0,162.28464285714287,12.0,193.34,174.0,6.435971598719218,163.30782755820175,1051.044540013122
CUST002749,19.0,650.0,670.0,236.58,9.0,628.04,174.0,5.0036056907140685,238.69661094082332,1194.3437208576656
CUST002750,20.0,618.0,625.0,516.2909999999999,5.0,0.0,174.0,5.612681548955953,520.4632664337312,2921.194572421949
CUST002751,22.0,763.0,846.0,34.943636363636365,6.0,0.0,174.0,4.515057375300061,35.353542478917966,159.62327271242256
CUST002752,31.0,806.0,837.0,394.1038709677419,4.0,0.0,174.0,6.4198682524024955,396.1805612726426,2543.4270075332397
CUST002753,8.0,762.0,774.0,125.0825,2.0,0.0,174.0,2.013811153625841,127.98624996816127,257.7401376966281
CUST002754,22.0,494.0,546.0,59.23818181818182,9.0,2299.8333333333335,174.0,6.849993834154004,59.818703333318076,409.7577490003164
CUST002755,10.0,528.0,616.0,107.00999999999999,0.0,0.0,174.0,2.9734131375900192,109.0423554807353,324.22797234017935
CUST002757,20.0,791.0,891.0,61.09349999999999,3.0,0.0,174.0,3.9086209533263387,61.746864964224386,241.34509020137943
CUST002758,53.0,816.0,816.0,144.73622641509434,14.0,835.07,174.0,11.080286055746836,145.22442919446837,1609.1282177572616
CUST002759,17.0,876.0,898.0,204.1994117647059,1.0,0.0,174.0,3.4161583088787335,206.27240956238055,704.6592058189634
CUST002760,13.0,316.0,908.0,76.02846153846154,0.0,0.0,174.0,0.0004368945207887991,77.21620498087422,0.03373533687224872
CUST002761,23.0,750.0,759.0,173.01565217391305,4.0,481.19,174.0,5.323417727119644,174.33482503778612,928.0570980604522
CUST002762,45.0,667.0,672.0,161.73533333333333,12.0,348.944,174.0,11.362443830968907,162.36877998555582,1844.9061424888264
CUST002763,41.0,771.0,774.0,151.94926829268292,11.0,1579.02,174.0,9.081555467119456,152.60798930275533,1385.917919578545
CUST002764,116.0,822.0,822.0,202.9853448275862,17.0,231.935,174.0,23.741178299568297,203.28519528181235,4826.230066848067
CUST002765,25.0,637.0,642.0,183.1072,5.0,0.0,174.0,6.751605480340197,184.3825011547833,1244.8779052754676
CUST002766,30.0,643.0,729.0,56.49333333333333,8.0,0.0,174.0,6.670259897683474,56.90414368047877,379.565427603916
CUST002767,30.0,688.0,696.0,221.27633333333333,4.0,0.0,174.0,7.437326772596114,222.53419694470162,1655.0595407550056
CUST002768,50.0,679.0,683.0,98.4812,13.0,292.145,174.0,12.395683491181726,98.85641577754497,1225.392841051111
CUST002769,14.0,581.0,763.0,430.72214285714284,5.0,0.0,174.0,2.824252349427377,435.7542100285939,1230.6798514461268
CUST002770,6.0,124.0,620.0,129.51,0.0,0.0,174.0,0.006279091864030642,133.52325128679658,0.8384047608138433
CUST002774,23.0,641.0,646.0,67.12217391304348,9.0,250.75,174.0,6.203942563530163,67.73023000407797,420.194456759987
CUST002775,15.0,432.0,547.0,93.46533333333333,3.0,0.0,174.0,4.365994168859372,94.67326626921462,413.34292847826174
CUST002776,17.0,494.0,566.0,69.81411764705884,4.0,2566.23,174.0,5.160905154963024,70.66325209354444,364.68634199602525
CUST002777,33.0,302.0,832.0,228.65272727272728,0.0,0.0,174.0,3.245607230656684e-11,229.8301600904633,7.459384294125908e-09
CUST002778,39.0,695.0,701.0,95.90564102564103,5.0,0.0,174.0,9.504975757384178,96.37693274569818,916.0604093189066
CUST002779,35.0,690.0,697.0,187.48228571428572,15.0,872.1575,174.0,8.610049099190105,188.41087363495473,1622.2268728182626
CUST002780,13.0,605.0,710.0,210.83307692307696,5.0,1212.55,174.0,3.2546995416894937,213.63076224980313,695.3039439852114
CUST002782,41.0,551.0,604.0,241.81487804878049,9.0,640.9,174.0,10.984654318408968,242.81114329776034,2667.196473783562
CUST002783,55.0,829.0,837.0,199.28709090909092,15.0,1651.5049999999999,174.0,11.205175373260973,199.91008783204535,2240.0275930420726
CUST002784,99.0,770.0,793.0,172.1261616161616,0.0,0.0,174.0,20.84814243526516,172.42968365426484,3594.838604891826
CUST002786,34.0,798.0,837.0,223.12970588235294,3.0,4088.73,174.0,6.997926785960945,224.24731593015386,1569.26629882747
CUST002789,51.0,818.0,843.0,124.87509803921569,8.0,34.35,174.0,10.311158843146522,125.32257506917018,1292.220978170368
CUST002790,17.0,561.0,567.0,138.69176470588238,5.0,0.0,174.0,5.28893388136566,140.16817632956887,741.3402168786929
CUST002791,37.0,711.0,744.0,53.54837837837838,9.0,0.0,174.0,8.494448196490211,53.86888186234223,457.5864263825172
CUST002792,19.0,646.0,712.0,367.4378947368421,0.0,0.0,174.0,4.666337727340795,370.619777154342,1729.4370486339442
CUST002793,19.0,750.0,754.0,81.88,6.0,355.46999999999997,174.0,4.481090167939965,82.73724865493841,370.7530714700486
CUST002794,17.0,690.0,776.0,132.4,0.0,0.0,174.0,3.8582487259728384,133.81911175104497,516.3074174242862
CUST002795,9.0,258.0,836.0,61.791111111111114,0.0,0.0,174.0,0.0043062800131718655,63.268980905463714,0.27245394792695077
CUST002797,12.0,620.0,665.0,162.88166666666666,5.0,0.0,174.0,3.2986920625696663,165.29449785035968,545.2556480454202
CUST002799,68.0,727.0,739.0,44.175147058823526,12.0,946.09,174.0,15.512752523934275,44.32801223678778,687.649483707219
CUST002800,46.0,727.0,731.0,531.7465217391305,10.0,131.09,174.0,10.718426900638551,533.6043801900087,5719.39954292715
CUST002801,23.0,541.0,633.0,147.54956521739132,6.0,1257.5533333333335,174.0,5.874433556538738,148.6977231909164,873.5148948936279
CUST002802,69.0,678.0,690.0,73.73840579710145,17.0,0.0,174.0,16.79191727587652,73.95493199628702,1241.8451002247252
CUST002804,63.0,605.0,628.0,141.99063492063493,22.0,1393.9675,174.0,16.704131200406696,142.39445335812184,2378.575631104259
CUST002805,30.0,508.0,571.0,34.907666666666664,0.0,0.0,174.0,8.545107237630521,35.20751769512979,300.8520142756582
CUST002806,16.0,533.0,565.0,204.698125,7.0,0.0,174.0,4.9970208271412035,206.9067680166972,1033.9174290559095
CUST002807,50.0,766.0,766.0,86.2042,12.0,408.59,174.0,11.120201685087466,86.54162813866368,962.3603590577807
CUST002808,6.0,328.0,464.0,89.175,2.0,0.0,174.0,2.383701577678292,92.12979413153317,219.6099356225119
CUST002809,12.0,813.0,848.0,331.07666666666665,2.0,252.26,174.0,2.6253330209611763,335.66777463945067,881.2396928335044
CUST002810,16.0,515.0,661.0,67.8125,0.0,0.0,174.0,3.6675802418118226,68.69583985373939,251.94750494224374
CUST002811,13.0,504.0,546.0,67.39,7.0,751.82,174.0,4.260226561166764,68.47457619545219,291.71720827250283
CUST002812,4.0,572.0,619.0,53.2025,0.0,0.0,174.0,1.4221953176187245,56.25882581832473,80.01103865354884
CUST002813,58.0,724.0,734.0,230.65500000000003,0.0,0.0,174.0,13.369569492788914,231.32888315214984,3092.767578991914
CUST002814,23.0,822.0,845.0,224.72782608695653,6.0,559.8349999999999,174.0,4.799282787913904,226.3942667413815,1086.5301076543014
CUST002815,18.0,563.0,568.0,84.6372222222222,3.0,123.64,174.0,5.567582920397015,85.56620857349863,476.39696141693963
CUST002818,36.0,753.0,764.0,30.215,4.0,3154.0,174.0,8.105074406152404,30.44457728531638,246.75556416134665
CUST002819,6.0,549.0,562.0,4.325,0.0,0.0,174.0,2.143872409371417,5.05318970301949,10.833393983623232
CUST002820,27.0,773.0,817.0,96.40999999999998,10.0,0.0,174.0,5.743110049264709,97.09483408364777,557.6263173574871
CUST002822,132.0,830.0,831.0,164.21,22.0,310.72333333333336,174.0,26.695335606023164,164.4283415544233,4389.469760937134
CUST002823,35.0,588.0,653.0,121.0222857142857,10.0,0.0,174.0,8.723273572313564,121.6582610118045,1061.2582931379
CUST002824,13.0,518.0,532.0,146.78153846153847,3.0,0.0,174.0,4.389295924955923,148.81427034635368,653.1898704065393
CUST002825,48.0,668.0,674.0,55.10833333333333,11.0,0.0,174.0,12.06156354731592,55.360154702176104,667.7300239295373
CUST002827,25.0,551.0,759.0,33.751599999999996,0.0,0.0,174.0,0.8190025592506536,34.104653004955324,27.931798093413903
CUST002828,24.0,534.0,545.0,60.55583333333334,5.0,0.0,174.0,7.569785377507319,61.096144301040475,462.4846997520933
CUST002829,19.0,511.0,525.0,319.9263157894737,7.0,1735.215,174.0,6.293403814737375,322.7214219259835,2031.0162278464545
CUST002830,56.0,742.0,742.0,150.80339285714285,16.0,2849.4266666666667,174.0,12.799745447970864,151.28203801574614,1936.3715774518018
CUST002831,40.0,684.0,718.0,86.65225000000001,13.0,8272.72,174.0,9.459285143984085,87.0760851343748,823.6775185078849
CUST002832,30.0,837.0,874.0,27.206000000000003,11.0,987.7733333333332,174.0,5.964443871576119,27.466261253486607,163.8209736084668
CUST002833,13.0,866.0,878.0,67.91538461538461,2.0,0.0,174.0,2.7345137651857954,69.00623536379085,188.6985004859369
CUST002834,8.0,675.0,703.0,60.64,4.0,0.0,174.0,2.2028106666653433,62.28370797472935,137.19921628620313
CUST002835,17.0,532.0,559.0,60.88,2.0,0.0,174.0,5.342255790696875,61.647770341616564,329.33815809105215
CUST002836,24.0,617.0,621.0,281.85833333333335,5.0,106.4,174.0,6.703422770726092,283.8224578481618,1902.581926782814
CUST002837,10.0,716.0,785.0,159.57800000000003,1.0,0.0,174.0,2.391739639537305,162.42944061361902,388.4889317434633
CUST002838,160.0,699.0,705.0,216.61106249999997,50.0,1638.651111111111,174.0,37.743395380399704,216.84145316099577,8184.332701515887
CUST002839,54.0,648.0,652.0,124.22129629629629,12.0,3003.9900000000002,174.0,13.959682467688081,124.6419797961288,1739.9624600979512
CUST002840,36.0,693.0,696.0,122.75805555555556,8.0,70.0,174.0,8.861696116089925,123.38371838053945,1093.3890179615596
CUST002841,37.0,728.0,757.0,160.75783783783783,9.0,0.0,174.0,8.36749115660732,161.52474606565775,1351.5568842776343
CUST002842,18.0,712.0,714.0,200.86277777777775,2.0,0.0,174.0,4.488709296356248,202.79093451712964,910.269552983811
CUST002844,23.0,517.0,523.0,219.56347826086957,10.0,2244.25,174.0,7.561702790217131,221.19523826809873,1672.6126503946255
CUST002846,5.0,374.0,552.0,304.912,2.0,0.0,174.0,1.7372108779883237,315.30585848263013,547.7527672494721
CUST002847,29.0,568.0,576.0,21.46206896551724,10.0,2486.76,174.0,8.605727875065151,21.700802718860274,186.75120286898547
CUST002848,24.0,860.0,860.0,53.7875,8.0,44.67,174.0,4.9218615424025405,54.28426494047549,267.1796359681168
CUST002850,12.0,665.0,742.0,30.926666666666666,0.0,0.0,174.0,2.954191718250437,31.630561712516695,93.44274345472618
CUST002851,13.0,415.0,877.0,83.94153846153846,0.0,0.0,174.0,0.026571404325092963,85.22378604192822,2.264515677035289
CUST002852,149.0,841.0,842.0,87.71255033557047,24.0,891.5633333333332,174.0,29.720757400282878,87.82710489736259,2610.2880778237095
CUST002853,38.0,722.0,730.0,71.32789473684211,8.0,0.0,174.0,8.918440029196182,71.71200498105249,639.5592157969345
CUST002854,6.0,411.0,504.0,7.523333333333333,0.0,0.0,174.0,2.320006627855156,8.335452596327638,19.33830526965259
CUST002855,50.0,840.0,848.0,291.6322,11.0,662.1333333333333,174.0,10.085627680873836,292.6019193401057,2951.0740171733837
CUST002858,17.0,532.0,557.0,31.417058823529405,3.0,0.0,174.0,5.362359861445722,31.916506547251824,171.14779362655278
CUST002861,6.0,647.0,764.0,34.86666666666667,4.0,0.0,174.0,1.5788046349600209,36.396320250112666,57.46267910636714
CUST002864,46.0,559.0,567.0,169.1967391304348,15.0,2526.975,174.0,13.613745421729426,169.8413384331012,2312.1767435140296
CUST002865,8.0,600.0,640.0,233.65125,1.0,0.0,174.0,2.402473101633333,238.6778410152096,573.4170929949581
CUST002867,21.0,768.0,786.0,386.53,1.0,0.0,174.0,4.723464620751193,389.5471272651778,1840.0120737523298
CUST002868,38.0,705.0,708.0,70.54263157894736,11.0,0.0,174.0,9.185318242656383,70.92355849464555,651.4554556749748
CUST002869,42.0,577.0,585.0,182.20309523809524,15.0,546.5766666666667,174.0,12.106003241447038,182.956995770644,2214.877983844828
CUST002870,3.0,122.0,821.0,129.92,0.0,0.0,174.0,0.029108336178333992,138.1849055304188,4.022332684950754
CUST002871,23.0,781.0,831.0,125.0791304347826,4.0,0.0,174.0,4.8523911040495324,126.07639051233411,611.7719557527249
CUST002872,49.0,877.0,900.0,87.60816326530613,16.0,2128.845,174.0,9.323641805261824,87.95690907677552,820.0787145298374
CUST002873,3.0,302.0,443.0,1038.1066666666666,0.0,0.0,174.0,1.5053149702251867,1095.3207212832538,1648.8026789455312
CUST002875,26.0,776.0,797.0,149.86615384615385,6.0,0.0,174.0,5.6987126036582945,150.8947968019143,859.9060803615264
CUST002876,29.0,644.0,837.0,76.99206896551723,0.0,0.0,174.0,1.365233075648164,77.5261454138325,105.84125794647335
CUST002877,9.0,410.0,652.0,112.84666666666665,0.0,0.0,174.0,1.7565956909917533,115.20997948144735,202.3773535163587
CUST002878,35.0,675.0,690.0,270.59514285714283,6.0,234.14,174.0,8.684083256283447,271.8896632356222,2361.112472061012
CUST002879,5.0,550.0,804.0,116.168,1.0,0.0,174.0,1.2183607202763855,120.58695428539308,146.91840847908708
CUST002880,6.0,482.0,565.0,787.8249999999999,1.0,0.0,174.0,2.102759524998865,809.1135264118053,1701.3711744678444
CUST002881,30.0,580.0,581.0,159.89400000000003,8.0,3093.71,174.0,8.82344606095192,160.8363328477846,1419.1307075237369
CUST002882,12.0,542.0,608.0,189.91333333333333,1.0,0.0,174.0,3.5633453733066727,192.6762489551514,686.5720202604234
CUST002884,40.0,841.0,884.0,138.83625,8.0,0.0,174.0,7.752299284353221,139.46101254557786,1081.1435077522588
CUST002885,10.0,650.0,770.0,141.276,5.0,0.0,174.0,2.3950574312654345,143.84226910049244,344.51049553921683
CUST002886,43.0,865.0,866.0,332.42651162790696,8.0,1079.0,174.0,8.543648308386352,333.70073266396173,2851.021700131743
CUST002887,5.0,342.0,574.0,48.282,0.0,0.0,174.0,1.5200882657145687,50.551946389334724,76.84342051545967
CUST002888,21.0,746.0,749.0,146.44285714285712,3.0,70.0,174.0,4.951711535543954,147.6930232607134,731.333246999436
CUST002889,55.0,763.0,773.0,264.5687272727273,9.0,572.7833333333334,174.0,12.085388177259713,265.3743383111277,3207.151890773422
CUST002890,1.0,60.0,816.0,247.0,0.0,0.0,174.0,0.05015002687568101,296.00863899944,14.844841201255672
CUST002891,12.0,592.0,711.0,74.96333333333332,9.0,751.82,174.0,3.0017210244566073,76.23754288834793,228.8438353408663
CUST002892,24.0,862.0,864.0,66.61958333333332,1.0,131.21,174.0,4.89947165177524,67.1989071879096,329.2391407974385
CUST002893,27.0,737.0,759.0,292.0559259259259,10.0,751.925,174.0,6.186170535163147,293.85884478991943,1817.86092713648
CUST002895,70.0,854.0,863.0,74.5097142857143,10.0,0.0,174.0,13.773401815141883,74.72483470241981,1029.2151739264862
CUST002896,2.0,45.0,844.0,123.25,0.0,0.0,174.0,0.007381630484484798,135.43652473510096,0.9997423796973006
CUST002897,43.0,714.0,714.0,142.30162790697676,2.0,0.0,174.0,10.27021068164003,142.8950550183275,1467.5623204027668
CUST002898,79.0,760.0,877.0,164.88012658227848,0.0,0.0,174.0,0.3822547732102461,165.24653944610156,63.16627845974754
CUST002901,28.0,725.0,800.0,50.005714285714284,4.0,0.0,174.0,5.949436609853901,50.410285636095495,299.9127988765788
CUST002902,14.0,609.0,656.0,96.22,2.0,0.0,174.0,3.8360011284485447,97.54569233285908,374.18538586414195
CUST002903,77.0,721.0,722.0,93.26584415584415,14.0,0.0,174.0,17.93971789393266,93.49881565351946,1677.342376240954
CUST002904,16.0,881.0,887.0,286.27875,8.0,0.0,174.0,3.272959706080652,289.2772426473547,946.7927590709074
CUST002905,20.0,710.0,714.0,126.49549999999999,3.0,1574.035,174.0,4.950404049768406,127.6544547223155,631.9411296283283
CUST002906,26.0,675.0,677.0,63.82038461538461,6.0,0.0,174.0,6.666180576884244,64.33826468334014,428.8904903825196
CUST002907,10.0,480.0,730.0,262.66700000000003,4.0,481.19,174.0,1.7921422586280507,267.1247156719025,478.7254912796192
CUST002908,10.0,509.0,530.0,243.69099999999997,3.0,0.0,174.0,3.4841243801652704,247.85304226828046,863.5508272650492
CUST002909,10.0,178.0,583.0,42.129000000000005,0.0,0.0,174.0,0.0032565692581043894,43.150416078311274,0.14052231847504185
CUST002910,28.0,653.0,680.0,58.68607142857143,5.0,760.44,174.0,7.097793613217504,59.1384681802594,419.75264174531173
CUST002911,14.0,694.0,714.0,169.15642857142856,3.0,0.0,174.0,3.5579393007404185,171.29027639580374,609.440406223319
CUST002912,14.0,564.0,565.0,302.5664285714286,3.0,1565.82,174.0,4.443925775544007,306.1784955276547,1360.6345081926302
CUST002914,15.0,529.0,879.0,275.45133333333337,0.0,0.0,174.0,0.3071201406316097,278.53990121734245,85.54521363338489
CUST002915,76.0,642.0,666.0,196.95578947368423,25.0,591.6624999999999,174.0,18.951796898244165,197.40157849526926,3741.114623035146
CUST002916,27.0,752.0,832.0,282.25074074074075,2.0,0.0,174.0,5.533437852468014,283.997624559424,1571.4832057481165
CUST002917,32.0,746.0,757.0,33.7075,5.0,0.0,174.0,7.3023987455677295,33.98273813993045,248.15550436398473
CUST002918,12.0,190.0,829.0,97.13250000000001,0.0,0.0,174.0,8.885775978901361e-06,98.69382023716028,0.0008769711771293679
CUST002919,4.0,186.0,412.0,16.83,0.0,0.0,174.0,1.3641117606565698,18.43557892268044,25.14819002294076
CUST002920,44.0,400.0,899.0,121.32886363636364,0.0,0.0,174.0,6.048322995770736e-12,121.83537064208664,7.368996739527835e-10
CUST002921,30.0,708.0,768.0,39.89466666666667,7.0,1193.28,174.0,6.66447547467179,40.22015295258159,268.0462229400282
CUST002922,48.0,556.0,559.0,69.91375,22.0,1076.0600000000002,174.0,14.387359839378611,70.21304610962001,1010.1803597979856
CUST002924,79.0,604.0,608.0,122.86949367088609,23.0,3954.817499999999,174.0,21.635172221829514,123.1541600250153,2664.4614619759577
CUST002925,50.0,723.0,746.0,119.6436,10.0,481.19,174.0,11.36328882689209,120.08395197768029,1364.5486297970206
CUST002926,41.0,695.0,734.0,46.86682926829268,17.0,248.45666666666668,174.0,9.46267842088363,47.130850103300425,445.98407823040196
CUST002927,32.0,789.0,793.0,111.83625,8.0,1188.5066666666667,174.0,6.990669186077279,112.48788064031777,786.3655609994083
CUST002928,15.0,704.0,730.0,3.021333333333333,4.0,0.0,174.0,3.707427365435338,3.2946221358830896,12.214572265341989
CUST002929,56.0,782.0,812.0,176.05267857142857,7.0,0.0,174.0,11.675608290046227,176.6006895265722,2061.9204746643263
CUST002932,9.0,675.0,715.0,66.42777777777778,2.0,2670.04,174.0,2.394705661759562,67.98606005796816,162.80660294154197
CUST002933,20.0,689.0,696.0,212.64299999999997,4.0,0.0,174.0,5.070413277019741,214.467917440354,1087.4409760843446
CUST002934,20.0,632.0,745.0,108.9865,0.0,0.0,174.0,4.456674150219125,110.01010150567969,490.2791756433447
CUST002935,20.0,853.0,863.0,17.464,5.0,376.35,174.0,4.130708581690806,17.780087383253836,73.44435953721904
CUST002937,9.0,671.0,763.0,83.61,2.0,0.0,174.0,2.2298894098333544,85.46626902377908,190.58032819409343
CUST002939,3.0,272.0,442.0,68.67333333333333,3.0,0.0,174.0,1.4589284464106844,73.63718597701353,107.43138533549899
CUST002940,41.0,712.0,718.0,96.39804878048781,5.0,255.94,174.0,9.751218295872011,96.84811384128757,944.3870996098588
CUST002941,12.0,420.0,655.0,278.9916666666666,0.0,0.0,174.0,1.612046374170057,282.9082269622914,456.0611814974414
CUST002942,23.0,521.0,576.0,138.1478260869565,7.0,48.19,174.0,6.784424861670105,139.2328476473681,944.61479313993
CUST002944,72.0,797.0,798.0,156.57611111111112,22.0,88.63,174.0,15.269721787733186,156.96049081786532,2396.743026454853
CUST002945,65.0,818.0,828.0,132.2206153846154,15.0,176.07,174.0,13.324669019347741,132.5888638525762,1766.7027264869375
CUST002946,43.0,713.0,721.0,149.1306976744186,12.0,199.44,174.0,10.168585196894913,149.74857812989802,1522.7311748277423
CUST002947,27.0,769.0,838.0,98.43148148148148,7.0,127.85,174.0,5.547144108506748,99.12786800440189,549.8765689894525
CUST002948,17.0,355.0,633.0,360.2894117647059,0.0,0.0,174.0,0.07921031639942071,363.7839403313638,28.81544101467531
CUST002950,20.0,265.0,701.0,31.2375,0.0,0.0,174.0,8.768458658837804e-06,31.66006334015222,0.0002776099565343111
CUST002951,81.0,684.0,690.0,104.04037037037038,15.0,941.8499999999999,174.0,19.672924037538305,104.28226225989506,2051.5370239015633
CUST002952,44.0,749.0,751.0,50.91431818181818,12.0,1778.6133333333335,174.0,10.007847845714235,51.17443720168683,512.1459811045399
CUST002954,27.0,585.0,596.0,272.5155555555556,6.0,0.0,174.0,7.783683169959108,274.20680436759153,2134.338888244292
CUST002955,11.0,558.0,610.0,234.93090909090913,2.0,0.0,174.0,3.3041155311449915,238.58532121630319,788.313465334004
CUST002956,41.0,764.0,806.0,118.9929268292683,0.0,0.0,174.0,8.658989421991848,119.52786051706431,1034.990479850577
CUST002957,35.0,614.0,616.0,70.90542857142857,4.0,235.16,174.0,9.679912635715969,71.32074745858601,690.3786045130743
CUST002960,15.0,618.0,686.0,238.114,4.0,3244.84,174.0,3.8909986927274542,240.81672559978634,937.0175644956747
CUST002961,21.0,738.0,765.0,289.5295238095238,1.0,0.0,174.0,4.84116847669933,291.8327599822401,1412.8115580941826
CUST002962,13.0,707.0,772.0,42.255384615384614,5.0,170.52,174.0,3.0677049103635086,43.039783625223755,132.03335556808184
CUST002963,37.0,752.0,794.0,121.11972972972974,1.0,896.77,174.0,7.962347552147319,121.72159058592638,969.1896088453291
CUST002964,18.0,682.0,724.0,556.635,2.0,0.0,174.0,4.406539859841468,561.6216671301611,2474.8082623596715
CUST002965,14.0,592.0,597.0,236.66071428571428,2.0,0.0,174.0,4.218615449442965,239.54252797940052,1010.5378093325228
CUST002966,18.0,752.0,844.0,133.36777777777777,0.0,0.0,174.0,3.751631274640961,134.71569203069203,505.40360340724425
CUST002967,62.0,862.0,885.0,241.8174193548387,14.0,800.74,174.0,11.910623663684511,242.47540912231466,2888.033345753824
CUST002968,68.0,701.0,735.0,232.35838235294116,16.0,0.0,174.0,15.37185115847154,232.93679286026597,3580.6697091797246
CUST002969,6.0,374.0,760.0,54.18333333333334,0.0,0.0,174.0,0.7641808442765846,56.219888219597514,42.962161644787244
CUST002970,15.0,533.0,664.0,116.30733333333335,3.0,0.0,174.0,3.7141406033177957,117.7513144459158,437.34493807761714
CUST002971,36.0,775.0,794.0,144.62861111111113,10.0,214.38,174.0,7.805579654547311,145.3478802120932,1134.5244566150943
CUST002972,3.0,92.0,506.0,1602.6766666666665,0.0,0.0,174.0,0.12992678744557803,1690.3197312146683,219.6178124325948
CUST002973,21.0,820.0,846.0,400.9319047619048,5.0,168.0,174.0,4.399874995506719,404.0550252337944,1777.7916023350085
CUST002974,26.0,561.0,595.0,191.17115384615383,14.0,246.22000000000003,174.0,7.480340562102325,192.4449809785378,1439.5539971867668
CUST002976,73.0,820.0,840.0,126.34315068493152,11.0,270.85,174.0,14.693470763824745,126.65857949932379,1861.0541348608863
CUST002977,31.0,840.0,841.0,169.68322580645162,6.0,157.41,174.0,6.412672432176726,170.64369900511258,1094.2821443347484
CUST002978,18.0,819.0,826.0,11.921666666666667,2.0,171.37,174.0,3.9059417008551764,12.225530345771082,47.75220879261767
CUST002979,18.0,580.0,593.0,26.517222222222227,7.0,581.42,174.0,5.342456744209512,26.946561291303592,143.96083810397985
CUST002982,67.0,729.0,764.0,144.79686567164177,15.0,533.4449999999999,174.0,14.615848401048947,145.18296097153788,2121.9721479754035
CUST002983,10.0,451.0,543.0,61.75,2.0,0.0,174.0,3.315475233450619,63.07713951067146,209.13069384454073
CUST002984,27.0,866.0,872.0,147.17925925925925,4.0,0.0,174.0,5.428279242507864,148.1542314371125,804.2225391997838
CUST002985,35.0,489.0,662.0,211.87314285714285,0.0,0.0,174.0,0.19195749581040292,212.90911977404198,40.86950146702224
CUST002986,12.0,678.0,729.0,438.6275,4.0,617.73,174.0,3.0225805270963577,444.61148816480755,1343.87402625028
CUST002987,37.0,592.0,593.0,154.1018918918919,7.0,999.87,174.0,10.584454821859877,154.84108571969435,1638.9084763678375
CUST002988,17.0,679.0,705.0,46.523529411764706,3.0,0.0,174.0,4.298248181385747,47.16055361541484,202.70776381060188
CUST002989,49.0,720.0,774.0,166.7026530612245,10.0,2190.433333333333,174.0,10.46700631135327,167.2998293848642,1751.128370059699
CUST002991,9.0,319.0,621.0,274.16,0.0,0.0,174.0,0.6270952319486724,279.3209273652006,175.16082173419875
CUST002992,13.0,424.0,455.0,19.37076923076923,4.0,1516.075,174.0,5.053210243728909,19.88186231032565,100.4672302909453
CUST002994,23.0,473.0,534.0,229.47652173913045,7.0,0.0,174.0,7.193388846844487,231.17485177128506,1662.9306004024893
CUST002995,11.0,535.0,655.0,199.0590909090909,0.0,0.0,174.0,2.987052110849834,202.2060994241504,604.0001561116198
CUST002996,14.0,507.0,788.0,607.1,2.0,0.0,174.0,1.014338964341395,614.0863818619798,622.891744594035
CUST002997,15.0,777.0,804.0,40.74666666666667,2.0,0.0,174.0,3.382386664494976,41.40980732758156,140.0639800841182
CUST002998,9.0,624.0,652.0,129.3322222222222,3.0,1256.08,174.0,2.6163002226300525,131.98143967452395,345.3030700034919
CUST002999,66.0,836.0,855.0,174.22969696969696,15.0,1158.24,174.0,13.09623843142194,174.69023491234782,2287.7849680532163
CUST003000,33.0,807.0,848.0,119.00636363636363,5.0,0.0,174.0,6.7139903335746975,119.67164670996178,803.4742792136497
CUST003001,5.0,447.0,843.0,71.744,0.0,0.0,174.0,0.8781478918704826,74.7566624612394,65.64740554361062
CUST003002,31.0,825.0,870.0,306.41838709677415,5.0,733.185,174.0,6.1674432941867945,308.058949803007,1899.936104176782
CUST003003,5.0,565.0,584.0,254.344,1.0,0.0,174.0,1.7872910537079745,263.1370714088907,470.30253362802677
CUST003004,10.0,601.0,672.0,283.322,4.0,0.0,174.0,2.7638910700714736,288.1015503131236,796.2813021841897
CUST003006,26.0,832.0,842.0,55.28384615384615,8.0,217.3,174.0,5.413978500933023,55.75105380553471,301.8350067075251
CUST003007,83.0,863.0,865.0,116.0567469879518,15.0,459.88999999999993,174.0,16.254412414230657,116.31505252864625,1890.6328337835187
CUST003008,36.0,749.0,797.0,47.807500000000005,6.0,44.67,174.0,7.706094761479455,48.11237342520251,370.7585088142964
CUST003009,17.0,585.0,694.0,171.15941176470588,5.0,9482.52,174.0,4.151760130480956,172.93151023117926,717.9701494816696
CUST003010,37.0,763.0,777.0,152.75324324324325,5.0,926.05,174.0,8.18631034890062,153.4868214923683,1256.4907552028367
CUST003011,15.0,559.0,671.0,191.91400000000002,0.0,0.0,174.0,3.82682292002306,194.13929692613286,742.9367111540876
CUST003013,6.0,546.0,558.0,194.255,5.0,628.04,174.0,2.158476010200507,199.96726724111738,431.6245491653056
CUST003014,2.0,395.0,488.0,67.04,4.0,0.0,174.0,1.098215306340628,74.55628479837829,81.8788531494701
CUST003015,19.0,813.0,829.0,69.69842105263157,5.0,0.0,174.0,4.08998533926601,70.45650344313015,288.1660661383475
CUST003016,34.0,781.0,799.0,131.10264705882352,7.0,0.0,174.0,7.345699533989736,131.80310577647663,968.1860126806642
CUST003017,17.0,578.0,581.0,282.7394117647059,5.0,482.78,174.0,5.170977456682034,285.5276829725666,1476.4572119097966
CUST003018,17.0,656.0,739.0,104.9270588235294,4.0,2767.385,174.0,4.039624421888259,106.09597113068419,428.58787604346355
CUST003020,25.0,541.0,554.0,118.33,12.0,0.0,174.0,7.745842724630579,119.20531178142845,923.3455969994974
CUST003021,14.0,823.0,874.0,59.11,3.0,0.0,174.0,2.9249022564879796,60.02450342660775,175.56580551705548
CUST003022,69.0,873.0,876.0,146.4731884057971,12.0,847.5260000000001,174.0,13.394825451824557,146.85180326488884,1967.0542720188657
CUST003023,12.0,476.0,635.0,189.64666666666668,2.0,0.0,174.0,3.014762979357293,192.40612871489205,580.0588738511108
CUST003024,9.0,599.0,606.0,135.53666666666666,2.0,0.0,174.0,2.809271631877834,138.29348616088507,388.50396754526423
CUST003026,7.0,416.0,554.0,333.09000000000003,6.0,0.0,174.0,2.334892854316933,341.07907399597593,796.3830926302408
CUST003027,43.0,658.0,665.0,164.92697674418605,8.0,0.0,174.0,10.978711658748777,165.60142007882763,1818.0902413247786
CUST003028,37.0,809.0,816.0,425.1472972972973,7.0,222.55,174.0,7.81857618217355,427.0150851445401,3338.6499741399116
CUST003029,40.0,677.0,681.0,192.57750000000001,14.0,88.15,174.0,10.012671254925253,193.40918593660416,1936.54259646593
CUST003030,3.0,110.0,680.0,399.2033333333334,0.0,0.0,174.0,0.05356776241729258,421.9819842352108,22.604630675889474
CUST003032,19.0,651.0,669.0,347.8331578947368,4.0,0.0,174.0,5.011987438436969,350.8554445384575,1758.4830807339677
CUST003033,2.0,492.0,529.0,82.41,7.0,0.0,174.0,1.0343073951732578,91.20331002213611,94.33225802017468
CUST003034,23.0,225.0,565.0,42.53217391304348,0.0,0.0,174.0,4.238594073478264e-06,42.97509838566968,0.00018215399732464483
CUST003035,6.0,676.0,768.0,31.576666666666668,0.0,0.0,174.0,1.5804325636820236,33.01998520509428,52.18585987042964
CUST003036,47.0,662.0,676.0,357.89765957446815,6.0,0.0,174.0,11.770879532321477,359.1464998239783,4227.470183882965
CUST003037,62.0,884.0,905.0,80.21225806451612,9.0,380.695,174.0,11.665366558814704,80.46935120839827,938.7044785959647
CUST003038,51.0,465.0,630.0,63.733137254901955,0.0,0.0,174.0,0.0044853650690996165,63.99612528290195,0.28704598490165123
CUST003041,138.0,861.0,861.0,123.2118115942029,25.0,1115.96,174.0,26.967010666933884,123.37501831087947,3327.05543482265
CUST003042,9.0,581.0,581.0,7.933333333333334,3.0,69.51,174.0,2.9245079417279993,8.47716190709419,24.79152732061103
CUST003044,8.0,532.0,622.0,4.335,0.0,0.0,174.0,2.43565916542222,4.877778239846564,11.880605276779349
CUST003045,23.0,290.0,553.0,603.5521739130435,0.0,0.0,174.0,0.0016826814693572485,607.7625705515673,1.0226708152360495
CUST003046,3.0,502.0,704.0,248.26999999999998,0.0,0.0,174.0,0.9849401566457245,262.913695273733,258.9542562072169
CUST003047,14.0,520.0,563.0,183.49142857142857,4.0,242.66,174.0,4.426157491005817,185.78411209968715,822.3097394798948
CUST003048,31.0,631.0,654.0,8.58548387096774,5.0,0.0,174.0,8.119480951106674,8.74469364221209,71.0023734512047
CUST003049,25.0,682.0,703.0,381.8196,8.0,4553.33,174.0,6.184969157802229,384.32192004960797,2377.0192221741595
CUST003050,34.0,505.0,524.0,313.28058823529415,9.0,126.85,174.0,10.918690850310975,314.80684505468906,3437.278618713898
CUST003051,33.0,673.0,674.0,99.60060606060605,5.0,0.0,174.0,8.40416792499597,100.17524633085337,841.8895920923281
CUST003052,70.0,731.0,746.0,56.25328571428572,19.0,851.225,174.0,15.806477895486898,56.42830436173346,891.9327455735469
CUST003054,19.0,756.0,777.0,37.90894736842105,5.0,0.0,174.0,4.348089842446702,38.408242013308616,167.00248696430185
CUST003055,15.0,712.0,861.0,157.09733333333332,2.0,0.0,174.0,2.9930907924339443,158.96283642856352,475.7902020535166
CUST003056,17.0,393.0,833.0,127.79882352941176,0.0,0.0,174.0,0.002733708013027923,129.1760318021656,0.3531295532287299
CUST003057,36.0,588.0,649.0,384.25638888888886,9.0,0.0,174.0,9.075982802503658,386.0012681462534,3503.340871439999
CUST003058,40.0,798.0,816.0,38.333,9.0,387.78,174.0,8.418681867987987,38.5707884186425,324.7151970940266
CUST003059,57.0,820.0,861.0,242.8101754385965,19.0,36.81,174.0,11.161610495034658,243.5287187435933,2718.1727029708345
CUST003061,100.0,666.0,670.0,83.21880000000002,27.0,1164.6466666666668,174.0,24.896996604797486,83.3826674707359,2075.9779889178694
CUST003062,86.0,659.0,666.0,145.08139534883722,24.0,412.4833333333333,174.0,21.57305518863465,145.38254658468807,3136.345700935724
CUST003063,49.0,576.0,586.0,217.44836734693877,6.0,0.0,174.0,14.030001361186896,218.2049325714106,3061.4155009945857
CUST003065,4.0,381.0,456.0,405.39750000000004,1.0,0.0,174.0,1.870046592856626,422.5014112994284,790.0973246776122
CUST003066,16.0,750.0,832.0,183.01,5.0,84.69,174.0,3.4327771521535144,185.00866230717327,635.0935089185494
CUST003067,8.0,616.0,702.0,533.45,3.0,0.0,174.0,2.1826867384460757,544.3385456969553,1188.1205249177674
CUST003068,36.0,672.0,702.0,46.015,8.0,2188.7349999999997,174.0,8.74765888560172,46.31220150076051,405.123340969905
CUST003070,38.0,823.0,830.0,100.81736842105265,4.0,622.37,174.0,7.892832600722512,101.32102417232653,799.7098827259325
CUST003071,67.0,775.0,776.0,156.13805970149255,9.0,1559.0120000000002,174.0,14.614194655525047,156.55018489818917,2287.854875460574
CUST003072,38.0,597.0,607.0,160.2028947368421,6.0,2953.1566666666663,174.0,10.613606157796433,160.94728970685134,1708.2311451132837
CUST003073,28.0,809.0,815.0,146.29714285714286,6.0,990.8833333333332,174.0,5.994423108876415,147.23224263372128,882.5723576152782
CUST003074,13.0,636.0,703.0,115.8876923076923,3.0,0.0,174.0,3.3458925740950973,117.55146578000279,393.31457642730527
CUST003075,9.0,674.0,689.0,60.595555555555556,2.0,0.0,174.0,2.487190896137939,62.05269114555602,154.3368884980862
CUST003077,1.0,12.0,864.0,1402.38,0.0,0.0,174.0,0.007851080784684468,1660.7765682977486,13.038891003016666
CUST003078,24.0,562.0,620.0,14.984166666666667,4.0,184.65,174.0,6.5882175234385345,15.231279155527456,100.34698023683008
CUST003079,18.0,826.0,826.0,115.34833333333333,4.0,0.0,174.0,3.907741535869675,116.54133763367818,455.41342571693593
CUST003081,3.0,637.0,716.0,693.3266666666667,0.0,0.0,174.0,1.0054060807192424,731.9578811674968,735.914904556174
CUST003082,38.0,324.0,744.0,266.6144736842105,0.0,0.0,174.0,3.5065439201021814e-10,267.79024380519445,9.390182512777855e-08
CUST003083,7.0,351.0,593.0,44.68428571428571,0.0,0.0,174.0,1.6442523581102952,46.21052199539223,75.98175976043133
CUST003084,20.0,593.0,640.0,207.58350000000002,8.0,0.0,174.0,5.443256472892075,209.3693050067731,1139.6508247030326
CUST003085,26.0,538.0,561.0,86.15076923076923,20.0,2247.075,174.0,7.928820335370723,86.80120121654608,688.2311293403565
CUST003087,21.0,652.0,697.0,338.0880952380952,5.0,0.0,174.0,5.2646533679433505,340.74870627088376,1793.9238240913476
CUST003088,30.0,538.0,556.0,239.03466666666665,4.0,605.04,174.0,9.170996406954066,240.38381550901846,2204.5591083231175
CUST003092,45.0,546.0,593.0,226.71444444444444,0.0,0.0,174.0,12.308072823679128,227.5701899934782,2800.950470938225
CUST003093,26.0,686.0,745.0,220.64961538461537,6.0,0.0,174.0,6.002631845876745,222.098425020823,1333.1750789490604
CUST003094,37.0,533.0,533.0,281.62486486486483,8.0,0.0,174.0,11.697129634958609,282.895045980289,3309.060025919017
CUST003096,12.0,437.0,445.0,26.814166666666665,5.0,0.0,174.0,4.822740712317742,27.464801132266764,132.45561457629336
CUST003097,33.0,548.0,568.0,308.5466666666666,6.0,0.0,174.0,9.842338751236523,310.09727793977277,3052.082455319588
CUST003099,39.0,852.0,898.0,106.21923076923078,13.0,551.02,174.0,7.446510383292298,106.73125582141182,794.7754046959697
CUST003100,28.0,572.0,631.0,96.8932142857143,7.0,0.0,174.0,7.4592627525313056,97.55611757645995,727.6967141196524
CUST003101,40.0,603.0,606.0,165.92775,14.0,1400.5149999999999,174.0,11.1788017837214,166.65682469030818,1863.023609117362
CUST003102,49.0,764.0,780.0,338.70938775510206,10.0,242.98,174.0,10.699126310911529,339.8468257493967,3636.064115055136
CUST003103,26.0,619.0,668.0,149.37846153846152,9.0,651.9000000000001,174.0,6.6740844801307775,150.40420957987973,1003.8104009034122
CUST003105,14.0,507.0,836.0,154.87285714285716,0.0,0.0,174.0,0.48727033415404186,156.84843910592605,76.42759133468448
CUST003106,9.0,798.0,800.0,441.89444444444445,3.0,0.0,174.0,2.160501403428565,449.96434599477766,972.1486010145335
CUST003107,49.0,570.0,571.0,228.06673469387755,5.0,701.4733333333334,174.0,14.392298619576612,228.85665150131325,3293.7732694832766
CUST003108,25.0,262.0,864.0,42.760799999999996,0.0,0.0,174.0,4.737610008483146e-10,43.16948344687668,2.0452017683897047e-08
CUST003109,24.0,811.0,905.0,300.34708333333333,0.0,0.0,174.0,4.561692475473015,302.43016056093876,1379.59338778693
CUST003110,27.0,768.0,790.0,21.825925925925926,5.0,0.0,174.0,5.955400953456223,22.084524105688978,131.52219591564707
CUST003111,13.0,636.0,719.0,48.915384615384625,2.0,0.0,174.0,3.258086034333916,49.779322541001505,162.18531556944052
CUST003112,22.0,308.0,593.0,66.8509090909091,0.0,0.0,174.0,0.0019810839452928126,67.48489316248836,0.1336932383940064
CUST003113,33.0,592.0,597.0,115.03424242424242,11.0,429.385,174.0,9.419056557447943,115.68097202470197,1089.6056181212211
CUST003114,111.0,852.0,862.0,123.73549549549548,22.0,597.5,174.0,21.696295339218086,123.93918092696728,2689.021073492267
CUST003115,10.0,816.0,903.0,108.28300000000002,1.0,0.0,174.0,2.08895346733612,110.33519065373335,230.48507908530814
CUST003116,13.0,678.0,707.0,75.66230769230768,5.0,0.0,174.0,3.3546383325558424,76.84567823983583,257.7894579146057
CUST003117,16.0,655.0,734.0,244.00625,11.0,3111.065,174.0,3.8571207513300654,246.5954675466556,951.148495058145
CUST003118,44.0,707.0,716.0,40.007954545454545,4.0,157.41,174.0,10.465151764251168,40.22991103864618,421.01212448175556
CUST003119,24.0,793.0,890.0,76.99708333333334,1.0,0.0,174.0,4.615744154982766,77.64317383123831,358.3810257858491
CUST003120,13.0,653.0,667.0,373.9561538461539,3.0,120.08,174.0,3.5505949032938076,378.7019822174432,1344.6173279285158
CUST003121,61.0,786.0,812.0,157.2488524590164,13.0,0.0,174.0,12.707961517389787,157.70441762277883,2004.1016702726413
CUST003123,10.0,603.0,788.0,251.654,0.0,0.0,174.0,2.2173802577827977,255.94011727423756,567.5165632185084
CUST003124,78.0,759.0,778.0,166.33448717948718,11.0,0.0,174.0,16.86482338857552,166.70847322729398,2811.5089583573836
CUST003125,58.0,660.0,662.0,163.10327586206895,17.0,1388.1333333333334,174.0,14.756348179662817,163.59799465825634,2414.108970671848
CUST003126,25.0,700.0,702.0,138.1008,10.0,398.70500000000004,174.0,6.206175149435867,139.09819346916308,863.2677516397423
CUST003127,27.0,670.0,679.0,249.15296296296296,6.0,0.0,174.0,6.885739444786724,250.7106983420789,1726.328544804078
CUST003128,32.0,894.0,911.0,72.28875,4.0,0.0,174.0,6.115766460461241,72.74985689062167,444.92113477501914
CUST003129,12.0,718.0,736.0,63.96333333333334,2.0,0.0,174.0,3.0091011519486357,65.09508297764906,195.8776891742358
CUST003130,24.0,758.0,779.0,68.95208333333333,7.0,576.5233333333332,174.0,5.399248784308865,69.54641400029836,375.49839124415195
CUST003131,4.0,694.0,751.0,40.8625,0.0,0.0,174.0,1.1844759645635698,43.42663483084104,51.43780517901036
CUST003132,56.0,581.0,584.0,130.04857142857142,15.0,0.0,174.0,16.04505260134997,130.47019815359457,2093.4011922829786
CUST003133,5.0,257.0,480.0,99.084,3.0,1520.46,174.0,1.5853521143624094,102.96214099699398,163.23124792886492
CUST003134,121.0,893.0,893.0,96.42214876033057,22.0,564.4033333333333,174.0,22.865273154664706,96.5743029617988,2208.197816942874
CUST003135,11.0,633.0,708.0,967.7490909090909,3.0,0.0,174.0,2.859097842840931,981.7691496623949,2806.974057967528
CUST003136,21.0,667.0,680.0,295.97190476190474,2.0,0.0,174.0,5.422037955067645,298.3225547057361,1617.516214467245
CUST003138,11.0,536.0,556.0,175.63090909090909,4.0,0.0,174.0,3.6247804506085273,178.44652810187745,646.8294865426506
CUST003139,70.0,693.0,730.0,208.06928571428568,0.0,0.0,174.0,15.799539261990818,208.57778087811886,3295.4328381627565
CUST003141,81.0,858.0,860.0,213.93333333333337,18.0,404.68,174.0,15.957633750762156,214.38377084832408,3421.0576973048765
CUST003142,27.0,581.0,672.0,46.82296296296296,6.0,37.49,174.0,6.3901620185680725,47.224415160935585,301.7716641105008
CUST003143,10.0,550.0,550.0,117.672,2.0,0.0,174.0,3.3744204724773605,119.87048479299382,404.49341793126445
CUST003144,2.0,338.0,549.0,882.0,2.0,0.0,174.0,0.9302818982491722,957.227701607336,890.4916033079647
CUST003145,44.0,590.0,593.0,297.2638636363636,13.0,0.0,174.0,12.5108118889302,298.3859859245749,3733.050940195331
CUST003146,11.0,524.0,762.0,20.416363636363638,4.0,1232.86,174.0,1.986707188289339,21.036486998327167,41.793339935931805
CUST003148,61.0,783.0,787.0,138.04934426229508,17.0,651.8199999999999,174.0,13.152000336317887,138.45649812078636,1820.979909849979
CUST003149,14.0,339.0,746.0,148.39714285714285,0.0,0.0,174.0,0.011118505496801271,150.30097214237992,1.6711221849396258
CUST003150,9.0,645.0,669.0,662.5444444444444,7.0,0.0,174.0,2.5548961920277256,674.4410206892653,1723.1267955062965
CUST003151,23.0,617.0,687.0,359.81217391304347,8.0,100.75999999999999,174.0,5.721793564759725,362.38575962554694,2073.496507386019
CUST003152,6.0,290.0,451.0,139.92333333333332,0.0,0.0,174.0,2.290085008344432,144.20984772107968,330.25281032167806
CUST003153,54.0,666.0,685.0,47.20592592592593,0.0,0.0,174.0,13.28656052264732,47.40717126829783,629.8782502637463
CUST003154,66.0,816.0,816.0,160.67348484848486,16.0,1233.6525,174.0,13.727274053424132,161.10243654671936,2211.4972971511884
CUST003155,55.0,826.0,865.0,82.71799999999999,7.0,0.0,174.0,10.757732156083264,83.01491500144544,893.0522205455686
CUST003156,36.0,742.0,750.0,177.55527777777777,8.0,764.3249999999999,174.0,8.25136869506229,178.41547346107149,1472.171852431402
CUST003157,135.0,800.0,811.0,177.47066666666666,20.0,3351.455,174.0,27.889939674012243,177.69923820028336,4956.021033523835
CUST003158,30.0,828.0,831.0,157.626,4.0,0.0,174.0,6.285527961712978,158.556674382996,996.6124103505412
CUST003159,11.0,456.0,501.0,11.82181818181818,8.0,112.32,174.0,3.9694798621409615,12.32037247887629,48.90547044897515
CUST003161,149.0,901.0,907.0,190.6539597315436,28.0,687.805,174.0,27.664365914946597,190.87462130764624,5280.425367731588
CUST003162,11.0,699.0,734.0,95.30636363636363,0.0,0.0,174.0,2.7865529491087186,96.98579924688265,270.256064913067
CUST003164,8.0,160.0,645.0,193.30499999999998,0.0,0.0,174.0,0.002900554323805741,197.54270217201596,0.5729833389213106
CUST003165,12.0,540.0,545.0,196.4025,6.0,0.0,174.0,3.9980809367415318,199.24945617671295,796.6154523962333
CUST003166,27.0,706.0,807.0,127.28703703703704,2.0,192.745,174.0,5.483301937693044,128.1483283865844,702.6759773542828
CUST003167,55.0,727.0,738.0,164.11727272727273,16.0,0.0,174.0,12.627689828608439,164.64188815130314,2079.0466963710987
CUST003168,106.0,663.0,668.0,135.16528301886794,18.0,335.9733333333333,174.0,26.440643411359634,135.39515757322258,3579.935081018427
CUST003169,25.0,661.0,736.0,51.7888,7.0,0.0,174.0,5.777720692071492,52.253229975943206,301.9045680595774
CUST003170,9.0,464.0,581.0,23.01,2.0,0.0,174.0,2.8049924839618186,23.815299223253543,66.80173532452793
CUST003172,23.0,621.0,650.0,53.81,5.0,117.55,174.0,6.146141250257201,54.32865955493065,333.9116155617393
CUST003173,72.0,843.0,859.0,131.41291666666666,16.0,139.02,174.0,14.206030362261531,131.74356195776667,1871.5530412045166
CUST003174,34.0,556.0,567.0,141.34911764705882,7.0,578.66,174.0,10.164467725071175,142.09602280003045,1444.3304376118874
CUST003175,24.0,754.0,821.0,125.62333333333333,6.0,0.0,174.0,5.073881844115104,126.58227485414001,642.2635061692089
CUST003176,20.0,672.0,673.0,29.555499999999995,1.0,0.0,174.0,5.2368419292822095,29.96506064951417,156.92228602286022
CUST003178,48.0,762.0,762.0,140.79020833333334,10.0,182.29,174.0,10.741066934753281,141.31677541832278,1517.892943771702
CUST003179,45.0,736.0,743.0,190.72466666666668,10.0,235.97,174.0,10.328499914872543,191.45728821846998,1977.4665850661952
CUST003180,9.0,688.0,757.0,12.42,1.0,0.0,174.0,2.2585536130374315,13.041639649201306,29.45524234963583
CUST003181,102.0,907.0,911.0,159.8921568627451,22.0,382.53,174.0,18.94527671700109,160.1683087707639,3034.432930956195
CUST003182,44.0,788.0,813.0,100.76681818181818,5.0,0.0,174.0,9.250693856308116,101.20137640292734,936.1829509404851
CUST003183,79.0,797.0,798.0,112.35215189873418,19.0,113.75,174.0,16.72559607802068,112.61635305342342,1883.575632951331
CUST003185,6.0,775.0,795.0,57.32333333333333,1.0,0.0,174.0,1.5444967794333544,59.442287016362776,91.8084208589254
CUST003186,6.0,135.0,501.0,440.24,0.0,0.0,174.0,0.05554858043510841,452.40732075140545,25.130584446191335
CUST003187,25.0,553.0,562.0,112.0544,14.0,732.5849999999999,174.0,7.647203664730574,112.89096090440034,863.3001699430863
CUST003188,89.0,686.0,692.0,193.38269662921348,24.0,1124.3516666666667,174.0,21.522984321772316,193.75708779664785,4170.230762879514
CUST003189,31.0,574.0,626.0,59.92193548387097,8.0,1178.5125,174.0,8.3151028260064,60.33648105732187,501.7040441510187
CUST003190,19.0,731.0,783.0,119.99421052631578,5.0,0.0,174.0,4.293205008927399,121.16173454837197,520.1721656534024
CUST003191,13.0,723.0,790.0,114.57846153846154,4.0,110.0,174.0,3.000673708310426,116.22659915553366,348.7581002923446
CUST003192,65.0,860.0,872.0,160.73846153846154,8.0,460.48,174.0,12.678282020457287,161.17418183878945,2043.4117317686378
CUST003193,12.0,512.0,582.0,214.25666666666666,2.0,323.93,174.0,3.7015496325877737,217.3348503878284,804.4757356015849
CUST003194,87.0,879.0,882.0,255.81390804597703,14.0,207.10999999999999,174.0,16.709026191112056,256.307212573689,4282.643927864695
CUST003195,10.0,311.0,896.0,221.46000000000004,0.0,0.0,174.0,0.005168017404256043,225.27565127777038,1.1642284865586325
CUST003196,81.0,814.0,849.0,143.85086419753085,15.0,0.0,174.0,15.89892422231148,144.16830509503063,2292.120957964974
CUST003197,34.0,628.0,641.0,176.32,11.0,140.06,174.0,9.056321722869146,177.22542537818003,1605.0104696971368
CUST003198,21.0,640.0,761.0,130.2947619047619,0.0,0.0,174.0,4.470222740983904,131.42608343748378,587.503866940688
CUST003199,24.0,774.0,794.0,106.40249999999999,3.0,0.0,174.0,5.302849559263529,107.23777873847497,568.6658077197219
CUST003200,20.0,644.0,751.0,87.001,4.0,962.38,174.0,4.480120073545894,87.8546427333713,393.5993484639797
CUST003201,37.0,784.0,801.0,171.9518918918919,13.0,196.09,174.0,7.949631893823764,172.7654105481004,1373.4214178427353
CUST003202,15.0,465.0,521.0,69.23266666666667,3.0,0.0,174.0,5.028542146404107,70.19018034051867,352.9542801060031
CUST003203,8.0,492.0,554.0,544.025,3.0,0.0,174.0,2.7337078622922233,555.1203183094477,1517.536778680699
CUST003204,23.0,839.0,848.0,204.6282608695652,0.0,0.0,174.0,4.789338262144582,206.15972495897796,987.3686588592366
CUST003205,32.0,698.0,703.0,102.1975,9.0,784.99,174.0,7.838320776179452,102.80269506809745,805.8005005995091
CUST003207,32.0,702.0,748.0,154.13093750000002,7.0,171.87,174.0,7.3195392432730255,154.9863267206256,1134.4285006023538
CUST003208,8.0,475.0,537.0,635.8925,2.0,0.0,174.0,2.8128645834717942,648.7841003877595,1824.941818300338
CUST003209,12.0,775.0,783.0,249.01416666666668,3.0,0.0,174.0,2.8395952678580993,252.5424913283845,717.1184633091757
CUST003211,4.0,551.0,572.0,274.305,1.0,0.0,174.0,1.5366977479809898,286.18017977376337,439.77243777513695
CUST003213,12.0,851.0,887.0,20.8275,0.0,0.0,174.0,2.514864771956957,21.400601738443974,53.81961941069356
CUST003215,12.0,608.0,660.0,2.8425,2.0,0.0,174.0,3.317004422512997,3.1826797844512793,10.556962920467605
CUST003216,25.0,678.0,743.0,279.6628,0.0,0.0,174.0,5.779892645216214,281.53431732247657,1627.23813006815
CUST003217,34.0,651.0,652.0,73.49323529411765,7.0,0.0,174.0,8.92394862574392,73.93255513529351,659.7703237973392
CUST003218,18.0,427.0,444.0,179.94555555555553,6.0,0.0,174.0,6.983289922674735,181.6938906632074,1268.8211156799414
CUST003219,21.0,516.0,552.0,309.3247619047619,2.0,0.0,174.0,6.55789342162305,311.77368441536373,2044.5785940626947
CUST003220,9.0,574.0,584.0,61.99000000000001,3.0,0.0,174.0,2.9075666562288687,63.471319071842416,184.54709096015247
CUST003221,20.0,211.0,779.0,254.56499999999997,0.0,0.0,174.0,1.275737670293904e-08,256.7139952030936,3.2749971417223506e-06
CUST003222,81.0,740.0,752.0,312.69012345679016,18.0,3060.805,174.0,18.112542535068894,313.32797330474574,5675.166243909138
CUST003223,3.0,334.0,740.0,73.62666666666667,0.0,0.0,174.0,0.7040878484494942,78.85749245662386,55.522602197906515
CUST003225,15.0,471.0,489.0,206.54133333333337,4.0,0.0,174.0,5.401345890029563,208.91778844891255,1128.4372379925994
CUST003226,10.0,441.0,500.0,74.014,2.0,0.0,174.0,3.6389165155970282,75.5322302896565,274.85548026090913
CUST003227,29.0,720.0,730.0,121.8851724137931,6.0,0.0,174.0,6.880906705429838,122.65801799875669,843.9983785223786
CUST003228,8.0,548.0,620.0,98.25,6.0,371.43,174.0,2.4576597802056295,100.62909501547071,247.31207953801314
CUST003229,116.0,743.0,766.0,116.07120689655173,25.0,1801.6433333333332,174.0,25.080867856664234,116.25595079537136,2915.8001394495686
CUST003230,65.0,593.0,593.0,54.792769230769224,7.0,0.0,174.0,18.300609322386492,54.97782719310568,1006.1277368547035
CUST003231,35.0,611.0,617.0,240.70914285714284,4.0,0.0,174.0,9.661361024973758,241.8720800148057,2336.813486884378
CUST003232,41.0,756.0,775.0,104.94024390243901,9.0,70.03,174.0,9.053553486642532,105.42239430443729,954.447285525142
CUST003233,46.0,779.0,787.0,69.67239130434783,8.0,48.19,174.0,9.987955723814053,69.98393613763635,698.9964555209422
CUST003234,2.0,220.0,725.0,389.93,0.0,0.0,174.0,0.400630226126579,424.2737847657931,169.9769023302992
CUST003236,15.0,572.0,613.0,269.60266666666666,6.0,0.0,174.0,4.357004189317014,272.63079469852624,1187.8535146383058
CUST003237,51.0,878.0,881.0,157.80470588235295,7.0,0.0,174.0,9.916733831118794,158.3515443068032,1570.3301166371818
CUST003239,6.0,681.0,757.0,166.75333333333333,1.0,0.0,174.0,1.6066949100704535,171.7439113252874,275.9400681619306
CUST003240,8.0,717.0,721.0,473.58500000000004,1.0,0.0,174.0,2.1555786761153275,483.3030074041082,1041.797656862704
CUST003241,24.0,721.0,758.0,20.6725,4.0,110.0,174.0,5.5256998064903495,20.95621002418254,115.79772567539658
CUST003242,12.0,745.0,856.0,18.6825,0.0,0.0,174.0,2.5583633681004834,19.22782205585769,49.19175559606084
CUST003243,88.0,571.0,575.0,76.99181818181818,18.0,467.87999999999994,174.0,25.350012947558884,77.16719483439486,1956.189388178709
CUST003244,3.0,376.0,532.0,44.32,4.0,784.0699999999999,174.0,1.2807354253398349,47.97126461763728,61.438497994159455
CUST003245,52.0,778.0,789.0,218.35365384615386,5.0,0.0,174.0,11.220560514130698,219.06912082837454,2458.0783270321863
CUST003246,99.0,736.0,736.0,191.6112121212121,12.0,94.68,174.0,22.558872409885442,191.94497770730004,4330.062261817287
CUST003247,116.0,610.0,612.0,218.27103448275864,34.0,840.6866666666666,174.0,31.402032657565695,218.59112885960892,6864.20576710359
CUST003249,44.0,858.0,871.0,184.93045454545455,6.0,428.77,174.0,8.67955467489536,185.6595102842563,1611.4418704265
CUST003250,41.0,765.0,791.0,142.85829268292682,9.0,0.0,174.0,8.866845888128212,143.4828670772755,1272.2404699609872
CUST003252,19.0,626.0,766.0,191.8,0.0,0.0,174.0,3.9172340915160997,193.5520715538684,758.1887731743767
CUST003253,33.0,663.0,755.0,163.28030303030303,8.0,183.9,174.0,6.8379659661901435,164.15238627474662,1122.4684306156155
CUST003255,34.0,795.0,797.0,220.49911764705882,7.0,0.0,174.0,7.374622400505422,221.6048034478453,1634.2517475660813
CUST003257,34.0,831.0,906.0,123.55705882352943,6.0,251.38,174.0,6.360543094241904,124.22331399051666,790.1277419462244
CUST003258,113.0,657.0,662.0,277.1573451327434,33.0,2091.0474999999997,174.0,28.404363446554804,277.5660097353479,7884.085820932791
CUST003259,19.0,778.0,899.0,75.40157894736842,5.0,0.0,174.0,3.6400961814466215,76.20608888772529,277.39749316319063
CUST003260,18.0,672.0,688.0,330.8905555555556,2.0,0.0,174.0,4.64323961774835,333.9365379276764,1550.5473627195115
CUST003261,105.0,873.0,878.0,167.07104761904762,23.0,358.4375,174.0,20.19471585515399,167.34980292371728,3379.581718460489
CUST003262,16.0,716.0,785.0,313.045,2.0,157.41,174.0,3.63978808311334,316.30263889288284,1151.2745756996171
CUST003263,8.0,630.0,650.0,398.95,2.0,0.0,174.0,2.373997321057458,407.2086718075718,966.7122959825411
CUST003264,19.0,638.0,717.0,114.70263157894736,9.0,0.0,174.0,4.600244081315201,115.82707858122916,532.8328326993301
CUST003265,38.0,597.0,625.0,329.8042105263158,10.0,0.0,174.0,10.277313600250821,331.23614151381406,3404.2177020745266
CUST003266,34.0,850.0,892.0,91.3944117647059,2.0,0.0,174.0,6.583246503053392,91.91487621347197,605.0982874109247
CUST003267,9.0,673.0,708.0,183.69222222222223,0.0,0.0,174.0,2.4186514737891898,187.28419080252013,452.9751841019311
CUST003268,14.0,686.0,689.0,266.96571428571434,2.0,0.0,174.0,3.685918109503203,270.18331563243066,995.873575975196
CUST003270,20.0,646.0,740.0,235.044,5.0,124.14,174.0,4.618544212834798,237.04208823285273,1094.7893648061174
CUST003271,23.0,575.0,616.0,90.30434782608695,10.0,1044.0,174.0,6.438096393606012,91.06808142409514,586.3050865890856
CUST003273,6.0,798.0,798.0,26.325,0.0,0.0,174.0,1.5413531758727719,27.63050611347678,42.58836834897947
CUST003274,38.0,590.0,637.0,322.1484210526316,10.0,604.86,174.0,9.943354532817162,323.5493167207341,3217.165565005007
CUST003275,8.0,288.0,828.0,117.99,0.0,0.0,174.0,0.028335233989641665,120.75507055878988,3.4216231797190004
CUST003276,78.0,723.0,811.0,97.22871794871796,0.0,0.0,174.0,3.3355327892225506,97.46650697100196,325.1027298527653
CUST003277,18.0,595.0,644.0,323.6011111111111,8.0,0.0,174.0,4.906499533840495,326.584427428425,1602.386340937132
CUST003278,20.0,215.0,594.0,151.925,0.0,0.0,174.0,5.940858535221081e-06,153.28053731540714,0.0009106179883935099
CUST003279,13.0,352.0,644.0,76.7476923076923,0.0,0.0,174.0,0.26899510642890406,77.94402536505673,20.966561398570633
CUST003280,48.0,754.0,789.0,140.00062499999999,19.0,166.5675,174.0,10.311511984014441,140.52466022351493,1449.0217179443316
CUST003281,41.0,733.0,752.0,220.61268292682925,15.0,1199.7733333333335,174.0,9.316090065695555,221.52931060549682,2063.7870097922537
CUST003282,25.0,572.0,582.0,242.68200000000002,7.0,418.94,174.0,7.399981313103322,244.32516649814087,1808.0016664071004
CUST003283,101.0,613.0,640.0,157.5122772277228,29.0,2657.73,174.0,25.46858696499713,157.78754682168307,4018.6258582215914
CUST003284,55.0,726.0,742.0,51.721090909090904,18.0,806.72,174.0,12.551955814642366,51.93129740489069,651.8393504232397
CUST003285,45.0,849.0,893.0,194.17311111111113,0.0,0.0,174.0,8.590576237025989,194.91753007569227,1674.4539020480404
CUST003286,5.0,733.0,769.0,43.064,0.0,0.0,174.0,1.3764481220971352,45.16876471414938,62.17246136823826
CUST003287,13.0,773.0,794.0,158.68,2.0,3076.05,174.0,3.0077481765849154,160.8548325950543,483.81082943264636
CUST003288,33.0,672.0,681.0,225.56060606060606,8.0,1003.53,174.0,8.316317485675995,226.72359581762294,1885.5054043134346
CUST003289,27.0,735.0,845.0,64.99851851851852,0.0,0.0,174.0,5.188354879478866,65.50384107282399,339.8571734547945
CUST003290,19.0,791.0,892.0,50.97263157894737,4.0,555.0,174.0,3.726710500377367,51.57827341975896,192.21729314475056
CUST003291,26.0,713.0,733.0,101.5673076923077,8.0,0.0,174.0,6.170952226843694,102.30925139068778,631.345502696076
CUST003292,71.0,571.0,571.0,151.39014084507042,27.0,8830.92,174.0,20.67442098403752,151.76871544788338,3137.7303153761395
CUST003293,18.0,330.0,709.0,145.05777777777777,0.0,0.0,174.0,0.0015848320855538839,146.50618887736888,0.23218770886507176
CUST003294,10.0,628.0,674.0,21.798,3.0,0.0,174.0,2.7718966645598337,22.502629823619095,62.37496455191441
CUST003295,5.0,233.0,627.0,48.408,0.0,0.0,174.0,0.3957530646642808,50.68193506144537,20.05753112368307
CUST003296,8.0,685.0,770.0,54.3425,2.0,2549.37,174.0,2.0033774384527505,55.86307317310562,111.9148204376349
CUST003297,15.0,660.0,684.0,61.266,3.0,1314.87,174.0,3.9436976466452647,62.141186507183015,245.06605098812213
CUST003299,13.0,806.0,822.0,55.37076923076923,5.0,35.0,174.0,2.9113467987274,56.311802395610734,163.94318563503126
CUST003300,8.0,516.0,883.0,95.29,0.0,0.0,174.0,1.0218969950686738,97.61121823693856,99.74861060132004
CUST003301,23.0,820.0,840.0,80.9404347826087,5.0,0.0,174.0,4.828126287052365,81.64128598470376,394.17443897150804
CUST003302,19.0,774.0,774.0,24.349999999999998,3.0,0.0,174.0,4.372001728126133,24.738915672993002,108.15858207429207
CUST003304,98.0,710.0,713.0,88.76795918367347,26.0,0.0,174.0,23.012304478093885,88.94387723675419,2046.8035844343913
CUST003305,52.0,799.0,812.0,111.54519230769232,8.0,171.37,174.0,10.914690909273961,111.94459283059639,1221.8406297104855
CUST003306,13.0,870.0,891.0,30.784615384615385,3.0,0.0,174.0,2.6944642514096864,31.432021519416683,84.69245833360823
CUST003307,30.0,862.0,864.0,187.56266666666667,5.0,0.0,174.0,6.0561097403535635,188.64722798714985,1142.4683149036775
CUST003308,9.0,480.0,576.0,155.62555555555556,2.0,0.0,174.0,2.8727258720016637,158.7307713459511,455.98999352829406
CUST003309,117.0,873.0,878.0,147.45726495726495,29.0,738.77,174.0,22.471606857528958,147.68163881906224,3318.643727617554
CUST003311,23.0,647.0,670.0,286.1508695652174,4.0,112.32,174.0,5.980515560861513,288.22979035697983,1723.7627463337697
CUST003312,44.0,747.0,759.0,104.73636363636365,10.0,0.0,174.0,9.897866091964552,105.18481171933287,1041.1051813064605
CUST003313,39.0,820.0,823.0,87.91333333333333,7.0,233.61,174.0,8.161229776386136,88.35305958183685,721.0696206941053
CUST003314,7.0,687.0,800.0,586.1814285714287,3.0,0.0,174.0,1.7174420978083593,599.8419880784759,1030.1938823590344
CUST003315,11.0,649.0,728.0,315.50454545454545,6.0,1394.815,174.0,2.7828545103563074,320.29866434867574,891.3445827438132
CUST003317,13.0,554.0,570.0,362.2753846153846,3.0,0.0,174.0,4.114572454730782,366.8817121278052,1509.5613868655355
CUST003318,15.0,636.0,676.0,53.87266666666667,6.0,0.0,174.0,3.9771058245936706,54.67145080745983,217.43414544533482
CUST003320,21.0,675.0,690.0,51.71666666666666,4.0,318.49,174.0,5.346506606911865,52.26967967497554,279.4601877234236
CUST003321,24.0,793.0,814.0,339.83,7.0,1322.3,174.0,5.178129213843588,342.1671019748625,1771.7854667522336
CUST003322,9.0,773.0,788.0,570.7788888888889,3.0,0.0,174.0,2.1897060099724808,581.0839993314436,1272.403125634907
CUST003323,12.0,761.0,804.0,81.005,1.0,0.0,174.0,2.7590551184740693,82.35745458172423,227.2287566082019
CUST003324,10.0,685.0,698.0,151.675,2.0,0.0,174.0,2.6934427363810394,154.40330049405614,415.87644818897445
CUST003325,56.0,754.0,777.0,164.09053571428572,7.0,2180.4900000000002,174.0,12.205589180468259,164.60568381631722,2009.1093534320207
CUST003326,7.0,526.0,829.0,6.8028571428571425,1.0,0.0,174.0,1.345004844912388,7.480214524768132,10.060924776797153
CUST003327,67.0,883.0,884.0,33.60388059701493,10.0,0.0,174.0,12.903177155266818,33.73476979437754,435.28571094899735
CUST003329,5.0,175.0,621.0,349.48400000000004,0.0,0.0,174.0,0.10661235142933788,361.2888354137075,38.51785228862239
CUST003331,12.0,513.0,531.0,120.48,2.0,0.0,174.0,4.0895147847961955,122.34369139761868,500.3263347971047
CUST003332,24.0,847.0,894.0,227.60416666666666,5.0,913.8,174.0,4.71625637039867,229.21923133134524,1081.0566599843435
CUST003334,19.0,596.0,706.0,86.01210526315788,4.0,0.0,174.0,4.477443699604263,86.9029920404604,389.10325418831883
CUST003335,96.0,781.0,786.0,194.12322916666665,19.0,2672.025,174.0,20.549016183669973,194.47146266701813,3996.1972336065264
CUST003336,31.0,612.0,804.0,46.45870967741936,0.0,0.0,174.0,0.81077690925727,46.806292236217445,37.94946095307293
CUST003337,4.0,105.0,802.0,216.7775,0.0,0.0,174.0,0.005406713991734827,226.35814840970602,1.223853768149946
CUST003338,5.0,474.0,650.0,191.176,3.0,0.0,174.0,1.5363485369113616,197.96941712408653,304.1500243517854
CUST003339,13.0,704.0,790.0,264.5346153846154,2.0,0.0,174.0,2.9841897956925303,267.973646378733,799.6842210379336
CUST003340,10.0,733.0,747.0,12.531,3.0,1322.3,174.0,2.525421387078884,13.091236620026926,33.06088894352629
CUST003341,33.0,666.0,692.0,136.5381818181818,7.0,127.365,174.0,8.167514995810377,137.28535466813287,1121.2801929571212
CUST003342,23.0,841.0,898.0,220.30260869565217,2.0,0.0,174.0,4.501571368832098,221.9393322573714,999.0757437074973
CUST003343,32.0,762.0,794.0,104.86749999999999,12.0,123.77,174.0,6.955306207593809,105.48555804076798,733.6843566524506
CUST003344,105.0,712.0,712.0,138.00066666666666,26.0,2443.1,174.0,24.67145614809079,138.2368827727533,3410.50519137675
CUST003345,55.0,788.0,791.0,280.6530909090909,6.0,0.0,174.0,11.831388974811913,281.5036951799159,3330.5797155204705
CUST003346,23.0,794.0,803.0,50.33826086956522,5.0,215.84,174.0,5.045266339231966,50.83360631708228,256.4690828533446
CUST003349,24.0,298.0,663.0,7.995416666666666,0.0,0.0,174.0,1.9989801394698846e-05,8.19756501401327,0.00016386769655025692
CUST003351,23.0,704.0,768.0,219.61565217391305,3.0,0.0,174.0,5.195121231683839,221.24776254969447,1149.4089486844623
CUST003352,14.0,483.0,512.0,624.1564285714286,7.0,0.0,174.0,4.850325563501667,631.3318003069961,3062.164770080553
CUST003353,15.0,840.0,870.0,74.97266666666665,3.0,0.0,174.0,3.136404588440984,75.98949723633619,238.3338078053683
CUST003355,42.0,760.0,771.0,110.11809523809524,9.0,0.0,174.0,9.323185115085444,110.6077075505879,1031.216132649365
CUST003356,20.0,568.0,623.0,150.844,9.0,0.0,174.0,5.559139852553502,152.19118065156664,846.0520575672934
CUST003358,12.0,672.0,680.0,209.56583333333333,4.0,0.0,174.0,3.246334711622289,212.58326653651596,690.1164372675448
CUST003359,48.0,555.0,559.0,170.89520833333333,15.0,844.4933333333333,174.0,14.385723705920586,171.51830948442012,2467.415010749446
CUST003362,6.0,568.0,716.0,78.0,0.0,0.0,174.0,1.6552433502862718,80.6615436366759,133.51448372843373
CUST003363,17.0,364.0,710.0,436.8005882352941,0.0,0.0,174.0,0.014615655413426966,440.9919134674914,6.445385847348657
CUST003365,9.0,730.0,840.0,63.61,2.0,0.0,174.0,2.0294592030846412,65.11941430413368,132.15719465900574
CUST003366,34.0,591.0,605.0,257.11470588235295,7.0,0.0,174.0,9.5603841943281,258.3863672291556,2470.272941287475
CUST003367,11.0,78.0,687.0,305.5418181818182,0.0,0.0,174.0,5.9254253600309396e-08,310.195015203482,1.838037409641895e-05
CUST003370,4.0,273.0,409.0,232.75,1.0,113.57,174.0,1.9579850478852074,242.9677246291212,475.72717194250976
CUST003371,11.0,504.0,556.0,35.373636363636365,2.0,0.0,174.0,3.5995822554855623,36.2053289899207,130.32405978613556
CUST003372,29.0,398.0,819.0,37.59620689655172,0.0,0.0,174.0,3.737508504981147e-06,37.92075191907548,0.00014172913281282475
CUST003374,8.0,546.0,672.0,15.38125,4.0,0.0,174.0,2.233404900654394,16.14001518743468,36.047189016252965
CUST003376,78.0,538.0,549.0,317.8252564102564,19.0,2548.45,174.0,23.47048101579434,318.4978078657427,7475.296753085027
CUST003378,2.0,162.0,809.0,264.53,0.0,0.0,174.0,0.16044607642928918,288.4548541828892,46.28144958062731
CUST003379,57.0,723.0,746.0,61.40771929824561,13.0,445.1,174.0,12.903975812380361,61.63667356662646,795.3581448593319
CUST003380,11.0,98.0,794.0,63.05272727272727,0.0,0.0,174.0,7.076487054682855e-08,64.27593812612979,4.548478440771536e-06
CUST003381,27.0,801.0,813.0,106.27407407407408,10.0,0.0,174.0,5.8013665395085106,107.01527974349463,620.8348631200527
CUST003382,4.0,541.0,561.0,31.965,0.0,0.0,174.0,1.5650045289025554,34.17425076997101,53.48285722685627
CUST003383,87.0,602.0,603.0,141.62436781609196,24.0,696.2785714285714,174.0,23.980596421310594,141.9159442167152,3403.228984010274
CUST003384,60.0,646.0,654.0,107.8515,15.0,127.85,174.0,15.41858347822919,108.18804137769261,1668.1063473280672
CUST003385,32.0,543.0,569.0,206.47062499999998,6.0,0.0,174.0,9.5229188702907,207.5781655202127,1976.75002949276
CUST003386,17.0,571.0,610.0,166.0911764705882,4.0,999.87,174.0,4.910919271037146,167.81711789679613,824.136318289289
CUST003387,34.0,862.0,875.0,187.66882352941175,10.0,0.0,174.0,6.739358364358103,188.6256922210197,1271.2161366025664
CUST003388,21.0,685.0,709.0,41.051428571428566,3.0,0.0,174.0,5.204747589653934,41.52594899110086,216.1320829195244
CUST003389,30.0,779.0,846.0,14.51,6.0,0.0,174.0,6.071598274110294,14.704998524670076,89.28284366318125
CUST003390,87.0,864.0,876.0,89.15701149425287,15.0,180.2,174.0,16.800813644926066,89.35589865641522,1501.2518014013315
CUST003391,24.0,363.0,604.0,525.2033333333334,0.0,0.0,174.0,0.019516705301744132,528.7330881850274,10.319127865388273
CUST003392,15.0,551.0,574.0,68.10333333333332,2.0,0.0,174.0,4.649997378052126,69.049176528496,321.07848981416487
CUST003393,48.0,531.0,569.0,233.8758333333333,9.0,959.6399999999999,174.0,13.81933877190056,234.70088684504466,3243.411065377172
CUST003394,19.0,557.0,589.0,58.01631578947368,6.0,69.51,174.0,5.633389299720427,58.67929796802553,330.56332928818165
CUST003395,3.0,101.0,645.0,647.54,0.0,0.0,174.0,0.0530369462517907,683.7034196574513,36.26154152053775
CUST003396,64.0,687.0,687.0,103.21,13.0,217.3,174.0,15.68893057029128,103.51430343537012,1624.028719629586
CUST003397,11.0,824.0,824.0,28.834545454545456,1.0,0.0,174.0,2.504348128552363,29.573743233795234,74.06294852184321
CUST003398,19.0,621.0,638.0,339.2710526315789,12.0,155.505,174.0,5.241829275226646,342.2236379665976,1793.8778841678763
CUST003400,2.0,174.0,612.0,199.39,0.0,0.0,174.0,0.4393620642321447,217.90266009859613,95.73816254259458
CUST003402,184.0,822.0,827.0,150.48353260869567,40.0,490.65,174.0,37.25439070684534,150.62866242115496,5611.579041487219
CUST003403,7.0,572.0,749.0,286.22285714285715,2.0,0.0,174.0,1.766564833444188,293.1616927994316,517.889137012444
CUST003404,37.0,845.0,888.0,108.73810810810812,5.0,0.0,174.0,7.1649531267048205,109.28841367565401,783.0463612779871
CUST003405,10.0,287.0,777.0,22.947,0.0,0.0,174.0,0.012429312705457943,23.669532898069015,0.294196025982224
CUST003407,14.0,819.0,822.0,17.96857142857143,3.0,290.71,174.0,3.116365692557281,18.427216622468258,57.42594569158133
CUST003409,32.0,783.0,806.0,198.18,5.0,0.0,174.0,6.868960866942944,199.24759966523266,1368.623964932797
CUST003410,10.0,704.0,772.0,124.725,1.0,0.0,174.0,2.4300481649323626,127.03338068863809,308.69723362757924
CUST003412,40.0,592.0,615.0,157.91,15.0,196.23666666666668,174.0,10.981570821780696,158.60820343185398,1741.7672189023046
CUST003413,36.0,541.0,569.0,214.55166666666668,6.0,123.64,174.0,10.646523253148782,215.57020739887665,2295.073225758246
CUST003414,25.0,808.0,825.0,574.2068,3.0,238.56,174.0,5.315703027324856,577.8970817949365,3071.9292671795442
CUST003415,29.0,816.0,819.0,158.60724137931035,5.0,0.0,174.0,6.170601513695673,159.5753975137649,984.6761894470264
CUST003416,48.0,574.0,594.0,100.32979166666667,13.0,77.055,174.0,13.540652166894048,100.72661922211527,1363.904114833847
CUST003417,6.0,96.0,733.0,76.75,0.0,0.0,174.0,0.0003827233293244664,79.37874156789992,0.030380096250453074
CUST003418,33.0,522.0,563.0,21.34030303030303,13.0,2538.03,174.0,9.803772288243971,21.549395435177928,211.2653657958085
CUST003419,13.0,672.0,672.0,141.26153846153846,2.0,0.0,174.0,3.5300020887767003,143.22834619994327,505.59636125783214
CUST003421,15.0,543.0,543.0,194.022,6.0,2403.265,174.0,4.9118236775477015,196.26908090111252,964.0391187406099
CUST003422,35.0,871.0,883.0,120.37942857142856,5.0,0.0,174.0,6.870144769431958,121.01257347299668,831.3738986810087
CUST003424,37.0,793.0,801.0,66.92567567567568,7.0,3047.065,174.0,7.957519936384713,67.30188029835989,535.5560542303764
CUST003425,10.0,799.0,871.0,191.613,0.0,0.0,174.0,2.1672221716950633,194.96359204094983,422.52941934445766
CUST003426,20.0,682.0,713.0,89.0615,5.0,0.0,174.0,4.940794146054678,89.93107141592759,444.3309112002402
CUST003427,16.0,801.0,882.0,188.99374999999998,0.0,0.0,174.0,3.252527744790795,191.05034594922918,621.3965508517476
CUST003429,98.0,627.0,634.0,408.009693877551,29.0,162.6125,174.0,25.6991184871836,408.68618428664337,10502.8746740574
CUST003430,85.0,868.0,893.0,109.77270588235294,21.0,353.59666666666664,174.0,16.05274048961638,110.01355953715344,1766.0191215888851
CUST003431,82.0,700.0,700.0,69.67731707317073,20.0,583.7700000000001,174.0,19.65356959061034,69.8518389692333,1372.8379782139339
CUST003432,13.0,796.0,817.0,65.48538461538462,4.0,0.0,174.0,2.9270527629306375,66.54721440803411,194.78720779837377
CUST003434,9.0,597.0,693.0,28.38,3.0,0.0,174.0,2.433226101458564,29.278429715478328,71.24103939342191
CUST003436,3.0,179.0,769.0,229.36666666666667,0.0,0.0,174.0,0.14446522009563406,242.9915162388271,35.10382287481399
CUST003437,17.0,212.0,830.0,212.25294117647059,0.0,0.0,174.0,1.1217136069060997e-07,214.3992834539821,2.4049459356124952e-05
CUST003438,17.0,741.0,781.0,301.7647058823529,5.0,0.0,174.0,3.8931008293796165,304.72624277653046,1186.329988487045
CUST003439,64.0,804.0,807.0,301.9915625,15.0,711.02,174.0,13.45915470262298,302.77353962492674,4075.075909672638
CUST003440,29.0,762.0,776.0,159.64655172413794,5.0,6409.545,174.0,6.490024700185552,160.6202355502574,1042.4292960707921
CUST003441,16.0,123.0,629.0,143.55375,0.0,0.0,174.0,1.8572650885733503e-08,145.17040365634927,2.6961992260503854e-06
CUST003443,62.0,700.0,702.0,193.68983870967742,17.0,2559.97,174.0,14.898910306341472,194.2284375837665,2893.79207050138
CUST003446,78.0,881.0,890.0,182.16692307692307,15.0,579.605,174.0,14.870806616371986,182.57211246274366,2714.9945779759787
CUST003447,39.0,806.0,822.0,169.64641025641026,11.0,84.69,174.0,8.160637117447987,170.40893978200597,1390.6455191299967
CUST003448,13.0,598.0,605.0,61.643076923076926,7.0,399.2633333333333,174.0,3.895073981513139,62.659018879700795,244.06151414546315
CUST003449,11.0,640.0,741.0,85.02454545454545,2.0,0.0,174.0,2.7156987737506944,86.55854568066842,235.0669363626347
CUST003450,10.0,282.0,485.0,139.478,0.0,0.0,174.0,1.5847428065974682,142.0162536715447,225.05923642590173
CUST003451,14.0,116.0,558.0,4.778571428571429,0.0,0.0,174.0,8.161592530782284e-07,5.091067830405342,4.155122117834221e-06
CUST003452,10.0,384.0,643.0,103.43199999999999,0.0,0.0,174.0,1.33110327446056,105.40860508875808,140.30973938996593
CUST003453,48.0,755.0,796.0,71.94979166666667,11.0,0.0,174.0,10.187485880681596,72.25561650509675,736.1030729456172
CUST003455,8.0,395.0,733.0,90.485,0.0,0.0,174.0,0.8714779136196291,92.7122662366524,80.79669234686541
CUST003457,11.0,743.0,763.0,220.4663636363636,0.0,0.0,174.0,2.6905715092792257,223.91617607996054,602.4624838274923
CUST003459,30.0,684.0,698.0,135.67633333333333,4.0,1402.74,174.0,7.412090607529585,136.4941772860143,1011.7072094441445
CUST003462,18.0,773.0,781.0,217.21666666666664,6.0,171.87,174.0,4.119982741243076,219.28541487430232,903.4521246884533
CUST003463,45.0,842.0,849.0,463.794,10.0,0.0,174.0,9.095508027221808,465.46081425642785,4233.602572426538
CUST003464,37.0,616.0,623.0,85.88621621621621,9.0,998.02,174.0,10.098380561482864,86.34136979812519,871.9080104211911
CUST003465,7.0,387.0,460.0,465.8342857142857,3.0,230.24,174.0,2.8801769754020876,476.79800526564674,1373.262636683759
CUST003466,15.0,380.0,797.0,48.63133333333334,0.0,0.0,174.0,0.0111572263421503,49.37595377669123,0.550898692146095
CUST003467,25.0,531.0,552.0,110.95,0.0,0.0,174.0,7.759821854777482,111.77974140210736,867.390880253448
CUST003468,47.0,692.0,707.0,80.87659574468084,8.0,3842.57,174.0,11.280505685519815,81.2181843355462,916.1821901647253
CUST003469,8.0,577.0,664.0,313.03625,3.0,0.0,174.0,2.296935354021186,319.61505319891745,734.1351153699557
CUST003470,27.0,589.0,592.0,43.321111111111115,10.0,998.02,174.0,7.840149936436837,43.702550792901505,342.63455082109436
CUST003472,34.0,680.0,700.0,157.19676470588237,5.0,676.31,174.0,8.324712525447937,158.0155059811295,1315.4336618561024
CUST003473,98.0,694.0,695.0,206.46193877551022,18.0,117.17666666666666,174.0,23.581222922147262,206.82240147376137,4877.125154446605
CUST003474,15.0,730.0,748.0,172.66,2.0,125.61,174.0,3.626062843457915,174.68632697629465,633.4235995088821
CUST003477,5.0,458.0,657.0,121.992,4.0,0.0,174.0,1.4927822163300073,126.59531957406297,188.97924173077527
CUST003478,6.0,279.0,315.0,708.275,3.0,0.0,174.0,3.612053455797054,727.4760027549017,2627.68220976027
CUST003479,27.0,756.0,766.0,18.392592592592592,8.0,0.0,174.0,6.141082259837324,18.631569828409653,114.41800294616685
CUST003481,19.0,835.0,900.0,193.74473684210525,7.0,2286.645,174.0,3.7529544981228686,195.51263986484835,733.7500412206591
CUST003482,44.0,567.0,571.0,60.07386363636363,7.0,0.0,174.0,12.961021499407304,60.36603288024947,782.4054499948415
CUST003483,8.0,371.0,714.0,268.52875,0.0,0.0,174.0,0.7366764072893031,274.23729957712015,202.02414859719318
CUST003484,14.0,572.0,579.0,181.27285714285716,9.0,1223.855,174.0,4.340661345559963,183.54095829549854,796.6891430003037
CUST003485,11.0,397.0,406.0,320.72727272727275,1.0,0.0,174.0,4.853523992393692,325.59526662435223,1580.2844383711147
CUST003486,43.0,751.0,775.0,124.10000000000001,5.0,647.86,174.0,9.469910098137378,124.62825122560513,1180.21833479456
CUST003487,31.0,565.0,633.0,25.8441935483871,5.0,0.0,174.0,8.00289820762079,26.08924420543639,208.78956568986797
CUST003488,24.0,314.0,742.0,26.838333333333335,0.0,0.0,174.0,3.867219427305465e-06,27.16171302699223,0.00010504030429688028
CUST003490,19.0,740.0,760.0,30.56894736842105,6.0,7685.14,174.0,4.440942630428301,31.00848946529054,137.70692277159566
CUST003491,12.0,629.0,737.0,551.1350000000001,4.0,0.0,174.0,2.9323984802697574,558.5760616559854,1637.967594315078
CUST003492,11.0,372.0,606.0,96.07090909090908,0.0,0.0,174.0,1.4879077604359499,97.7611591274473,145.45958733494263
CUST003494,3.0,108.0,722.0,215.95666666666662,0.0,0.0,174.0,0.03733400893622296,228.85874842760742,8.544214558929099
CUST003495,27.0,575.0,608.0,70.49592592592592,6.0,0.0,174.0,7.600591653276332,71.03266527321847,539.8902827855959
CUST003496,14.0,548.0,548.0,172.50285714285715,5.0,0.0,174.0,4.573168493865171,174.67378430714433,798.812647097633
CUST003497,43.0,804.0,814.0,255.2716279069767,5.0,0.0,174.0,9.058241977784983,256.26957486953586,2321.351820712341
CUST003498,21.0,786.0,813.0,33.336190476190474,4.0,0.0,174.0,4.5692495127169,33.753929321496116,154.23012510452682
CUST003499,32.0,843.0,859.0,189.8840625,9.0,0.0,174.0,6.47015549835748,190.91169571679103,1235.2283577427456
CUST003500,36.0,781.0,796.0,103.5888888888889,11.0,0.0,174.0,7.7911195738543775,104.13250741915438,811.3088168279098
CUST003501,50.0,810.0,899.0,183.298,9.0,191.59,174.0,8.171050625014226,183.93427520651505,1502.9362743877336
CUST003503,24.0,545.0,628.0,110.67041666666667,9.0,0.0,174.0,6.266388660445382,111.53315427961431,698.9100932414805
CUST003504,22.0,779.0,785.0,473.9931818181818,9.0,0.0,174.0,4.9454794979421495,477.4864390459131,2361.399394846967
CUST003505,21.0,579.0,596.0,27.37047619047619,4.0,0.0,174.0,6.135225602741404,27.744309372057263,170.217597189824
CUST003507,30.0,659.0,665.0,99.86033333333333,4.0,481.19,174.0,7.766400327869229,100.49406812601958,780.4771636428311
CUST003508,193.0,863.0,864.0,130.17756476683937,32.0,513.8059999999999,174.0,37.47799376168394,130.29976657168098,4883.373838722333
CUST003509,20.0,749.0,767.0,153.2575,6.0,35.75,174.0,4.619031917094473,154.62333819844827,714.2101342663256
CUST003510,20.0,677.0,683.0,21.709,0.0,0.0,174.0,5.162178471326427,22.057903329602524,113.86683369067366
CUST003511,28.0,605.0,899.0,119.92642857142857,0.0,0.0,174.0,0.04514884520727781,120.71623593979106,5.4501986504508535
CUST003512,31.0,797.0,797.0,29.451612903225808,8.0,4136.36,174.0,6.7507989655251395,29.714606041415177,200.59733172537264
CUST003513,56.0,882.0,885.0,200.72642857142858,16.0,225.43,174.0,10.815603944804954,201.3422241895427,2177.6377542002215
CUST003515,35.0,537.0,557.0,84.79085714285715,9.0,846.1,174.0,10.604253550877173,85.26731132459555,904.1961888875918
CUST003516,43.0,844.0,887.0,130.69790697674418,9.0,1235.46,174.0,8.281297879733577,131.2497838051511,1086.9185563410883
CUST003517,15.0,670.0,687.0,280.68800000000005,2.0,0.0,174.0,3.9307618033502987,283.83068335632584,1115.6708087558588
CUST003518,40.0,753.0,765.0,218.78825,15.0,190.47,174.0,8.95912213839211,219.7208568729676,1968.505993077088
CUST003519,44.0,654.0,699.0,231.6265909090909,16.0,262.16,174.0,10.520072502168519,232.51904139696822,2446.117173630829
CUST003520,48.0,692.0,702.0,234.77812500000002,10.0,225.5775,174.0,11.600182708441189,235.6060717813805,2733.0734798821236
CUST003521,8.0,407.0,799.0,58.5,0.0,0.0,174.0,0.5717524065968527,60.10186462808786,34.363385742067486
CUST003522,4.0,27.0,695.0,445.4,0.0,0.0,174.0,0.00014924311627030612,464.09944371246047,0.06926364723896312
CUST003523,16.0,617.0,637.0,35.219375,5.0,0.0,174.0,4.476512397109319,35.78715380302147,160.2016376564835
CUST003524,14.0,448.0,527.0,204.48,6.0,0.0,174.0,4.594595037847209,207.00524261555287,951.1052605297768
CUST003525,23.0,564.0,581.0,138.4308695652174,11.0,0.0,174.0,6.843734061273461,139.51779187502487,954.8226644087695
CUST003526,9.0,535.0,573.0,226.1933333333333,5.0,646.7149999999999,174.0,2.9477680364475205,230.5223874625843,679.5265254477766
CUST003527,42.0,755.0,766.0,201.23238095238096,14.0,36.81,174.0,9.381062119987984,202.05604934301905,1895.500350606219
CUST003528,29.0,851.0,870.0,197.2862068965517,7.0,325.095,174.0,5.81646828932043,198.46008155999237,1154.3367710896418
CUST003529,2.0,127.0,796.0,249.68,0.0,0.0,174.0,0.09723073808479057,272.3710334559664,26.482836615840803
CUST003530,9.0,460.0,574.0,150.94555555555556,5.0,382.53,174.0,2.841588047601608,153.96960734155408,437.5181959156729
CUST003531,19.0,558.0,584.0,56.567894736842106,10.0,1653.38,174.0,5.686270602364163,57.21908579162042,325.3632054310442
CUST003532,9.0,205.0,892.0,256.2444444444444,0.0,0.0,174.0,0.0002602004956132619,261.0946670596693,0.06793696177090555
CUST003533,50.0,816.0,868.0,33.9018,8.0,2005.2,174.0,9.678684377315033,34.07824547157691,329.8325820520582
CUST003534,5.0,554.0,733.0,68.58,3.0,0.0,174.0,1.3865670940554207,71.49250247268317,99.12915140029828
CUST003536,21.0,450.0,783.0,65.90428571428572,0.0,0.0,174.0,0.01616713948409003,66.56171485805197,1.0761125284103539
CUST003537,82.0,878.0,881.0,289.77097560975614,14.0,153.925,174.0,15.78131287791139,290.35806959723243,4582.231542940296
CUST003538,25.0,860.0,867.0,138.4192,6.0,0.0,174.0,5.073725332403399,139.41855954081294,707.3714773494141
CUST003539,32.0,756.0,762.0,77.11375,9.0,0.0,174.0,7.260181539193174,77.59810177569112,563.3763059883057
CUST003540,48.0,856.0,909.0,118.03895833333333,7.0,0.0,174.0,8.92575347711443,118.49257173384187,1057.63548416557
CUST003541,89.0,896.0,898.0,280.97337078651685,19.0,151.274,174.0,16.796215160478738,281.4990170467218,4728.118057780011
CUST003543,45.0,638.0,659.0,162.24866666666668,11.0,286.85,174.0,11.539618705344521,162.8838694745482,1879.617746987392
CUST003546,28.0,621.0,750.0,385.5971428571429,7.0,0.0,174.0,4.835028614298985,387.8506928246937,1875.26919788308
CUST003547,19.0,485.0,641.0,38.25052631578947,0.0,0.0,174.0,3.3836622601763984,38.75260164357275,131.125715665007
CUST003548,11.0,756.0,786.0,54.66454545454545,1.0,0.0,174.0,2.6130580098624763,55.76910623793715,145.72790975791307
CUST003549,45.0,612.0,620.0,143.464,12.0,71.32,174.0,12.254940055799347,144.03493891436923,1765.1395423363156
CUST003550,80.0,870.0,878.0,254.84250000000003,21.0,736.7425000000001,174.0,15.446400045464008,255.37718506905918,3944.6581630611863
CUST003552,16.0,843.0,851.0,113.97,2.0,0.0,174.0,3.4048896945326783,115.30022885866028,392.5845610181117
CUST003553,9.0,563.0,603.0,220.9177777777778,1.0,0.0,174.0,2.809859899882661,225.155339339869,632.6549592555709
CUST003554,34.0,773.0,792.0,68.74058823529413,5.0,1015.12,174.0,7.406433474118149,69.15836470577383,512.2168273721145
CUST003555,7.0,275.0,857.0,43.42285714285714,0.0,0.0,174.0,0.030607919042651095,44.92082627202379,1.3749330138630986
CUST003556,64.0,627.0,629.0,144.44578124999998,20.0,82.255,174.0,17.04974573208374,144.84917459855782,2469.6415964076136
CUST003557,33.0,776.0,836.0,162.32575757575756,8.0,0.0,174.0,6.741463543338008,163.1933822116883,1100.162236694122
CUST003558,14.0,727.0,741.0,9.304285714285713,3.0,0.0,174.0,3.436994304741758,9.666928262903479,33.225177383946395
CUST003559,11.0,728.0,796.0,51.108181818181826,2.0,0.0,174.0,2.5672154073039155,52.16243816092301,133.91221492925928
CUST003560,5.0,426.0,484.0,1214.0,0.0,0.0,174.0,2.1110991883858117,1253.1720644486893,2645.5705281654
CUST003563,60.0,614.0,622.0,25.264166666666664,21.0,271.12,174.0,16.16486435848566,25.38898556671395,410.4095078854811
CUST003564,14.0,872.0,883.0,146.70499999999998,2.0,804.0,174.0,2.908612484909246,148.59007988155477,432.19096147715237
CUST003565,245.0,780.0,780.0,273.17910204081636,47.0,1327.84,174.0,52.38100596617851,273.3649573817637,14319.1314635583
CUST003566,163.0,781.0,788.0,175.8840490797546,30.0,406.865,174.0,34.58014126388188,176.07182498811332,6088.588580678445
CUST003567,12.0,673.0,739.0,124.7275,2.0,0.0,174.0,2.9744499668381494,126.64620034949992,376.7027864297477
CUST003568,21.0,636.0,671.0,95.0142857142857,3.0,0.0,174.0,5.470414378129116,95.88595473106813,524.5359054214726
CUST003569,63.0,779.0,813.0,88.09190476190476,17.0,656.9566666666666,174.0,13.0317066686396,88.36414324109754,1151.5355947436356
CUST003570,97.0,820.0,838.0,190.61092783505157,22.0,1380.0220000000002,174.0,19.46981106107983,190.95000144277,3717.760450203653
CUST003573,11.0,723.0,739.0,83.01181818181819,2.0,2566.23,174.0,2.7745101861815242,84.51734856346256,234.4942444983813
CUST003574,39.0,773.0,790.0,286.57666666666665,9.0,0.0,174.0,8.473980352670257,287.8010100793864,2438.8201048913747
CUST003575,30.0,613.0,647.0,116.313,9.0,512.955,174.0,7.9231563704720145,117.03130835309705,927.2573563225155
CUST003576,50.0,783.0,786.0,116.58699999999999,5.0,0.0,174.0,10.848233633202183,117.01794400366344,1269.4379958287116
CUST003577,8.0,521.0,687.0,32.9625,3.0,0.0,174.0,2.1208945878182326,34.06503076600511,72.24833938548181
CUST003579,35.0,764.0,800.0,146.62085714285715,12.0,8177.46,174.0,7.515094637127874,147.36953880713207,1107.4960307654865
CUST003580,15.0,619.0,712.0,326.7286666666667,3.0,0.0,174.0,3.711329395110137,330.3471321533126,1226.0270221509222
CUST003581,5.0,604.0,664.0,627.53,1.0,0.0,174.0,1.575637647485569,648.1366951413013,1021.2285775815113
CUST003582,18.0,679.0,686.0,192.9372222222222,6.0,0.0,174.0,4.660252565308929,194.79724437290892,907.8043578039592
CUST003583,47.0,607.0,637.0,101.24829787234043,9.0,34.35,174.0,12.367183657379602,101.65660435205228,1257.205896007405
CUST003584,24.0,600.0,606.0,130.86791666666667,6.0,0.0,174.0,6.858063153155871,131.86060072901267,904.3083272126399
CUST003585,21.0,707.0,718.0,306.58190476190475,5.0,0.0,174.0,5.1510600739639045,309.0106407604493,1591.7323740511536
CUST003587,4.0,251.0,517.0,255.37,0.0,0.0,174.0,1.2031203349866173,266.4899418201164,320.61946807318265
CUST003588,6.0,783.0,794.0,56.64333333333334,3.0,0.0,174.0,1.54749249510156,58.74444269094865,90.90658419316674
CUST003589,15.0,616.0,625.0,44.245333333333335,2.0,0.0,174.0,4.3012032890529985,44.944629054556074,193.31598631472355
CUST003590,50.0,796.0,848.0,121.15039999999999,9.0,1754.08,174.0,9.882277493671602,121.59538978938234,1201.6393838498389
CUST003591,13.0,574.0,833.0,41.13230769230769,0.0,0.0,174.0,1.7771219130605318,41.90329404136657,74.46726207033134
CUST003592,16.0,490.0,604.0,80.83624999999999,0.0,0.0,174.0,4.325904094244785,81.84568356934005,354.05657764887127
CUST003593,11.0,800.0,814.0,285.8263636363636,6.0,3003.12,174.0,2.5311916445851117,290.20068734402236,734.5535550580457
CUST003594,15.0,851.0,871.0,91.36733333333333,3.0,1518.9750000000001,174.0,3.135940375383558,92.55358563377469,290.2425260754737
CUST003596,21.0,534.0,709.0,263.16714285714284,3.0,0.0,174.0,2.6718583621288925,265.27636071492805,708.7808626513009
CUST003597,72.0,599.0,604.0,121.56097222222222,26.0,1709.2925,174.0,19.872422661948647,121.8705793069471,2421.8636620441857
CUST003599,15.0,600.0,630.0,14.918000000000001,3.0,0.0,174.0,4.25697592838871,15.314228408341195,65.19230169615501
CUST003600,40.0,784.0,790.0,55.0,7.0,413.84000000000003,174.0,8.694215220995336,55.301962440613245,480.80716360209203
CUST003601,73.0,738.0,746.0,118.47698630136986,15.0,1330.505,174.0,16.492148528083334,118.77584800762514,1958.8689268908047
CUST003602,16.0,573.0,579.0,46.926875,1.0,251.705,174.0,4.904509201323379,47.60800381168987,233.49389275107148
CUST003603,19.0,734.0,747.0,294.63421052631577,4.0,102.39,174.0,4.517590089884767,297.2234218761479,1342.733585149325
CUST003605,33.0,640.0,694.0,145.4375757575758,8.0,2091.5,174.0,8.019550002478393,146.22631699317944,1172.6692608050585
CUST003606,73.0,573.0,604.0,334.764794520548,21.0,281.34499999999997,174.0,19.633886501390787,335.5191849105122,6587.5455955721445
CUST003607,37.0,860.0,876.0,125.21648648648649,8.0,241.39,174.0,7.299802117409874,125.83540564761127,918.5735605915633
CUST003608,26.0,631.0,648.0,76.29884615384616,3.0,0.0,174.0,6.935977572744195,76.89079767363164,533.3128482147206
CUST003610,23.0,705.0,724.0,166.2017391304348,3.0,645.69,174.0,5.561505081895733,167.4751538613854,931.4139192913647
CUST003611,13.0,585.0,590.0,224.88153846153847,2.0,0.0,174.0,3.9887656564513985,227.84700147581935,908.8282944121794
CUST003614,36.0,824.0,860.0,75.98138888888889,3.0,326.04499999999996,174.0,7.21011758888411,76.40684694270665,550.9023510527853
CUST003616,56.0,701.0,709.0,158.41160714285712,15.0,477.66999999999996,174.0,13.354930783969067,158.91115387666338,2122.247460823497
CUST003617,40.0,731.0,745.0,136.1355,8.0,685.85,174.0,9.185085574545427,136.74986367416503,1256.059200154627
CUST003618,20.0,650.0,668.0,53.3165,6.0,2005.2,174.0,5.264836282514466,53.90974491363459,283.82598100240307
CUST003619,32.0,536.0,559.0,143.1784375,7.0,381.99,174.0,9.691296454801474,143.98106203591618,1395.3631560672256
CUST003620,13.0,654.0,660.0,210.93615384615384,1.0,0.0,174.0,3.588879259397611,213.73507019791052,767.0693604391735
CUST003621,19.0,831.0,866.0,101.81421052631579,0.0,0.0,174.0,3.9149079944974545,102.83373709292668,402.5846194491481
CUST003622,6.0,506.0,560.0,207.14166666666668,8.0,1547.1266666666663,174.0,2.136801065527425,213.19210136881858,455.5491093669223
CUST003624,43.0,737.0,774.0,297.26906976744186,1.0,0.0,174.0,9.436770739602386,298.41740000815037,2816.096588585134
CUST003625,4.0,651.0,660.0,545.62,1.0,0.0,174.0,1.3453303755841175,568.3168003385233,764.5738544501895
CUST003628,18.0,497.0,546.0,273.8088888888889,9.0,0.0,174.0,5.710191806440957,276.3641503454356,1578.0923068965228
CUST003629,21.0,531.0,554.0,683.6885714285714,4.0,427.64,174.0,6.561208155925875,688.8926864851792,4519.968313124245
CUST003630,18.0,863.0,885.0,70.07444444444445,6.0,0.0,174.0,3.652220964639564,70.87823719045802,258.8629838036864
CUST003631,6.0,587.0,610.0,332.81333333333333,2.0,0.0,174.0,1.983186348283703,342.16160055803914,678.5702151336047
CUST003633,26.0,486.0,539.0,414.36884615384616,9.0,0.0,174.0,8.060738127055743,416.9675623411322,3361.0663275086563
CUST003634,11.0,626.0,743.0,45.34090909090909,1.0,0.0,174.0,2.6865636763931313,46.31358788470168,124.42440293448054
CUST003635,10.0,283.0,884.0,87.899,0.0,0.0,174.0,0.0023075308952064675,89.63357858272624,0.20683225182755755
CUST003638,19.0,254.0,824.0,10.94157894736842,0.0,0.0,174.0,3.280980212525122e-07,11.221341034149734,3.681699789104147e-06
CUST003639,29.0,567.0,602.0,156.15310344827589,0.0,0.0,174.0,8.200102392336252,157.10820696774059,1288.3033838118286
CUST003640,15.0,526.0,546.0,188.75266666666667,6.0,0.0,174.0,4.874426290938976,190.94529451963263,930.7487637375832
CUST003641,33.0,719.0,721.0,117.29606060606062,10.0,103.05000000000001,174.0,7.88348047280464,117.95335498554874,929.8829707303673
CUST003642,7.0,192.0,587.0,719.7285714285715,0.0,0.0,174.0,0.06552631965179616,736.3817675888411,48.25238708878107
CUST003643,17.0,720.0,730.0,56.28176470588235,7.0,0.0,174.0,4.166193983225778,57.00765835486253,237.50496323581902
CUST003644,17.0,694.0,776.0,127.06764705882354,5.0,139.02,174.0,3.866482185206013,128.4381964178065,496.60399834943956
CUST003645,19.0,744.0,747.0,114.39631578947368,3.0,0.0,174.0,4.521342545295175,115.5182691747365,522.2976651785963
CUST003648,13.0,571.0,645.0,24.31692307692308,4.0,6514.82,174.0,3.6122403999835844,24.887086984436404,89.89814104308681
CUST003651,11.0,855.0,856.0,191.70363636363635,0.0,0.0,174.0,2.4146265466806094,194.74660264216638,470.24031661563504
CUST003655,6.0,146.0,548.0,338.0133333333333,0.0,0.0,174.0,0.0437370787979748,347.4980571641472,15.19854990833146
CUST003656,5.0,851.0,907.0,59.974000000000004,0.0,0.0,174.0,1.1741154552476278,62.61406983630044,73.51614711075464
CUST003658,39.0,587.0,592.0,295.8248717948718,9.0,209.25,174.0,11.148788491102655,297.08574082286253,3312.146088156636
CUST003659,11.0,769.0,829.0,159.76181818181817,0.0,0.0,174.0,2.4743245071402584,162.35297034309446,401.7139333269342
CUST003660,16.0,360.0,639.0,38.938125,0.0,0.0,174.0,0.12658923884089318,39.54190810323378,5.0055800491049105
CUST003661,7.0,830.0,840.0,1119.0728571428572,3.0,0.0,174.0,1.6648510963600502,1144.6748957951136,1905.7132552403211
CUST003662,22.0,590.0,600.0,43.223181818181814,4.0,1209.72,174.0,6.374888394308008,43.691233411467316,278.52673680776525
CUST003665,26.0,679.0,713.0,102.75653846153847,3.0,831.565,174.0,6.317296823707008,103.50554136744717,653.8752277166483
CUST003666,14.0,795.0,804.0,2.9614285714285713,2.0,129.14,174.0,3.1815692101172792,3.253790535538663,10.352159784040824
CUST003668,5.0,629.0,885.0,83.224,1.0,0.0,174.0,1.1314997111466416,86.60007480909832,97.9879596317723
CUST003670,16.0,629.0,648.0,264.6925,6.0,0.0,174.0,4.405547550535505,267.4819982741223,1178.4046623089016
CUST003671,14.0,440.0,632.0,45.75428571428571,4.0,209.36,174.0,2.4197735086851684,46.52080418941548,112.56980958027758
CUST003673,9.0,562.0,680.0,40.03888888888889,1.0,0.0,174.0,2.4491378716657173,41.13951563621384,100.75634576663525
CUST003674,58.0,881.0,884.0,109.21534482758621,11.0,691.8066666666667,174.0,11.20446011318245,109.56713912286483,1227.6406400176513
CUST003675,7.0,482.0,495.0,560.7728571428571,2.0,0.0,174.0,2.738711178082684,573.8640400197768,1571.6478611018515
CUST003676,25.0,579.0,585.0,60.7612,3.0,184.65,174.0,7.367892031116285,61.28103318345278,451.51203605093434
CUST003677,53.0,666.0,668.0,119.5077358490566,11.0,239.42,174.0,13.399810737679633,119.92269543938727,1606.941422040186
CUST003678,34.0,635.0,649.0,207.76382352941178,8.0,1669.28,174.0,8.949750991597059,208.81178125598927,1868.8134463529382
CUST003679,5.0,198.0,709.0,436.23400000000004,0.0,0.0,174.0,0.08234966064975403,450.7850045057598,37.12199214704716
CUST003681,49.0,707.0,714.0,106.26285714285714,19.0,906.7033333333334,174.0,11.650541467444167,106.67019610242494,1242.765543031703
CUST003682,6.0,457.0,476.0,53.88166666666667,1.0,0.0,174.0,2.499274976479906,55.91030532033291,139.7352270144594
CUST003683,12.0,577.0,597.0,103.48666666666666,0.0,0.0,174.0,3.6648019228301787,105.1302790870905,385.2816489460426
CUST003684,14.0,615.0,859.0,151.65357142857144,5.0,36.23,174.0,2.029823848850504,153.5934828292106,311.76771447474204
CUST003686,25.0,602.0,617.0,94.1376,12.0,2136.69,174.0,7.000561131132399,94.8635273851293,664.0979225744501
CUST003687,7.0,593.0,597.0,164.71,3.0,617.73,174.0,2.3019482159284106,168.9258733951319,388.8586128860724
CUST003688,29.0,762.0,812.0,148.08,3.0,0.0,174.0,6.167056433742073,148.9921657897834,918.8430946110493
CUST003690,5.0,331.0,723.0,489.63800000000003,0.0,0.0,174.0,0.7232424201448783,505.87956835811667,365.8735633211707
CUST003692,7.0,445.0,776.0,44.972857142857144,0.0,0.0,174.0,1.1473560413396966,46.50555997514357,53.35843519336657
CUST003693,83.0,819.0,823.0,206.23807228915666,20.0,0.0,174.0,17.044171106394522,206.66338490960902,3522.4060938260477
CUST003694,60.0,881.0,881.0,165.03883333333334,10.0,237.85999999999999,174.0,11.621480706672612,165.52198125968874,1923.6105117396985
CUST003695,59.0,695.0,701.0,238.53186440677965,10.0,504.52,174.0,14.20789769111681,239.21483246456066,3398.7398658541256
CUST003696,11.0,534.0,661.0,475.3663636363636,4.0,0.0,174.0,2.9430121819926547,482.42171343016474,1419.7729794827444
CUST003699,16.0,801.0,842.0,387.303125,3.0,0.0,174.0,3.42799162980164,391.279718333408,1341.303599358066
CUST003700,25.0,706.0,715.0,96.8468,11.0,711.64,174.0,6.095529313602322,97.58945628372777,594.8593914759749
CUST003701,83.0,854.0,856.0,150.53698795180722,19.0,543.0516666666666,174.0,16.417951393424737,150.85914755911125,2476.7981518789784
CUST003703,13.0,623.0,623.0,323.2384615384615,4.0,0.0,174.0,3.791486534791283,327.3785796609665,1241.25147656365
CUST003704,32.0,849.0,857.0,107.84468749999999,2.0,1988.99,174.0,6.489303672428608,108.47708841771465,703.9407682434386
CUST003706,39.0,795.0,835.0,146.32333333333332,0.0,0.0,174.0,7.993679312493487,146.99374879757136,1175.0208888290106
CUST003707,8.0,389.0,615.0,51.30875,0.0,0.0,174.0,1.8800340314937334,52.770004363351596,99.2094040451738
CUST003708,20.0,578.0,692.0,265.96200000000005,7.0,0.0,174.0,4.6725686021800765,268.1990996413825,1253.1786921172895
CUST003710,7.0,246.0,445.0,47.02428571428571,1.0,0.0,174.0,1.8646554510806586,48.60295868268273,90.62777184631238
CUST003711,16.0,395.0,799.0,209.11062500000003,0.0,0.0,174.0,0.011194134974394749,211.36198908552058,2.366014634279867
CUST003712,14.0,331.0,809.0,294.52,0.0,0.0,174.0,0.0022208272527090758,298.0429103363523,0.6619018177516987
CUST003713,21.0,769.0,796.0,126.17619047619047,6.0,1322.3,174.0,4.661994027938479,127.27720069940135,593.3655495533363
CUST003714,8.0,370.0,456.0,26.82375,4.0,0.0,174.0,3.212940479067631,27.80624999768948,89.33982618865075
CUST003715,31.0,822.0,825.0,167.4358064516129,7.0,597.5,174.0,6.530658076065213,168.38510149896356,1099.665522993267
CUST003716,72.0,707.0,711.0,264.9790277777778,29.0,628.04,174.0,17.038015932759087,265.59489508024063,4525.210054036618
CUST003717,27.0,641.0,645.0,131.3625925925926,6.0,926.05,174.0,7.231591900399528,132.24717508207328,956.3576001742395
CUST003718,49.0,894.0,908.0,178.1559183673469,7.0,1311.6025,174.0,9.257555711454659,178.78906863270322,1655.1497634663406
CUST003719,4.0,285.0,480.0,574.1925,2.0,0.0,174.0,1.586446467362667,598.0289378579623,948.7408958454123
CUST003720,29.0,676.0,732.0,129.32827586206898,10.0,235.1,174.0,6.766027363318543,130.14070844921824,880.5355944490713
CUST003721,9.0,710.0,716.0,178.51555555555555,0.0,0.0,174.0,2.400191107495368,182.01774657258525,436.87737672986464
CUST003723,9.0,310.0,666.0,104.77111111111111,0.0,0.0,174.0,0.2601335441376895,106.99437169798166,27.832825112581272
CUST003724,33.0,536.0,580.0,262.55242424242425,12.0,0.0,174.0,9.515553763448217,263.8881999413429,2511.0423540814213
CUST003725,3.0,62.0,794.0,7.866666666666667,0.0,0.0,174.0,0.0041071561018616405,9.553181400262709,0.03923640728028011
CUST003726,20.0,598.0,604.0,59.385000000000005,5.0,80.12,174.0,5.796622612879952,60.02515741549961,347.94318481636384
CUST003728,18.0,784.0,796.0,216.2588888888889,6.0,89.84,174.0,4.044675254373794,218.31940325165854,883.0310878816368
CUST003729,23.0,586.0,602.0,147.13826086956522,3.0,0.0,174.0,6.620957286571022,148.28365677100348,981.779757777372
CUST003730,20.0,564.0,566.0,40.528999999999996,10.0,1374.8,174.0,6.163331275764185,41.02339122366195,252.8407501667057
CUST003732,10.0,720.0,737.0,140.159,4.0,0.0,174.0,2.5572427362460437,142.70786463211942,364.9386502356711
CUST003733,23.0,634.0,655.0,82.39521739130436,6.0,3244.84,174.0,6.111441854247375,83.10583803653101,507.8964969087591
CUST003734,18.0,374.0,651.0,74.945,0.0,0.0,174.0,0.07568217253441324,75.79066404412288,5.736002112685058
CUST003736,19.0,735.0,795.0,256.4836842105263,4.0,124.24,174.0,4.222778249363966,258.7623245582332,1092.6959158993664
CUST003737,23.0,680.0,681.0,92.28260869565217,2.0,0.0,174.0,5.904128524449705,93.0596271012661,549.435998843238
CUST003739,37.0,637.0,642.0,235.50054054054056,12.0,324.535,174.0,9.81865693737322,236.57866661446604,2322.884766188633
CUST003741,7.0,501.0,836.0,55.24285714285714,0.0,0.0,174.0,1.1913727556585256,57.00569876936299,67.91503643109581
CUST003742,5.0,538.0,734.0,18.096,2.0,0.0,174.0,1.3708418367708437,19.410374513684122,26.608553450748715
CUST003743,14.0,443.0,456.0,43.78142857142858,3.0,0.0,174.0,5.414748482076601,44.52608725214279,241.09756336135047
CUST003744,40.0,758.0,783.0,130.93125,16.0,0.0,174.0,8.744213161735122,131.52557541569973,1150.0876676547468
CUST003745,73.0,766.0,768.0,148.1572602739726,15.0,0.0,174.0,16.05234871639731,148.51863228187725,2384.0728762710764
CUST003746,53.0,663.0,716.0,83.6522641509434,8.0,383.34000000000003,174.0,11.96714807009685,83.96312837001315,1004.799189632497
CUST003747,20.0,545.0,559.0,182.89899999999997,10.0,249.42,174.0,6.226628905568577,184.49398163159185,1148.775558930708
CUST003748,9.0,156.0,573.0,56.809999999999995,0.0,0.0,174.0,0.0029925501295351062,58.20148369945424,0.17417085758393716
CUST003749,8.0,449.0,474.0,195.27875,1.0,0.0,174.0,3.183815002367975,199.55504483810648,635.3463455537774
CUST003750,6.0,96.0,773.0,483.43333333333334,0.0,0.0,174.0,0.0002489312010655574,496.7341186372699,0.12365262076261668
CUST003751,83.0,715.0,716.0,223.68240963855422,16.0,706.9250000000001,174.0,19.465938674092925,224.14002748217007,4363.096029377425
CUST003752,3.0,255.0,511.0,304.3333333333333,0.0,0.0,174.0,1.1255573114447193,321.99871188245857,362.42800443508287
CUST003753,50.0,580.0,585.0,184.68959999999998,22.0,821.9499999999999,174.0,14.342086332517438,185.33015844169196,2658.0211323898816
CUST003754,16.0,600.0,612.0,322.92125,2.0,1122.31,174.0,4.652874620424659,326.2745090528752,1518.1143824636385
CUST003755,82.0,791.0,804.0,236.4025609756098,19.0,371.885,174.0,17.199612598424654,236.8896142868238,4074.409594323611
CUST003757,41.0,746.0,750.0,39.326829268292684,15.0,0.0,174.0,9.357220083443277,39.562529107445954,370.19529191600253
CUST003759,6.0,463.0,503.0,78.91666666666667,3.0,352.14,174.0,2.366331732215369,81.60226515377829,193.09802945403803
CUST003760,27.0,797.0,802.0,289.7577777777778,4.0,0.0,174.0,5.880606581076582,291.5475630973069,1714.476518246863
CUST003761,47.0,543.0,556.0,180.30808510638298,13.0,2395.905,174.0,14.14307341470736,180.9753145795617,2559.5471603485003
CUST003763,13.0,769.0,802.0,213.5323076923077,2.0,0.0,174.0,2.975402553676354,216.3622293386763,643.7647296934064
CUST003764,23.0,610.0,631.0,121.03782608695651,4.0,506.94000000000005,174.0,6.3297665205528055,122.00794720039917,772.281819430461
CUST003765,15.0,622.0,649.0,111.53133333333334,6.0,0.0,174.0,4.141933616020307,112.9259594817303,467.73182769872585
CUST003766,42.0,796.0,815.0,230.53047619047615,7.0,3160.84,174.0,8.833777818995472,231.46156140072318,2044.680007051767
CUST003767,42.0,592.0,647.0,56.27214285714285,13.0,1080.83,174.0,10.55929095647355,56.56433752502169,597.279297686879
CUST003768,22.0,536.0,603.0,370.8286363636364,4.0,0.0,174.0,6.1812430134893,373.59739103969474,2309.296263221943
CUST003769,79.0,648.0,649.0,121.78936708860758,15.0,392.4266666666667,174.0,20.35110637348453,122.07193167535054,2484.2988667417944
CUST003770,20.0,849.0,855.0,288.7595,2.0,2800.86,174.0,4.168851457956187,291.1728355746885,1213.8563001027774
CUST003771,17.0,599.0,683.0,751.210588235294,3.0,0.0,174.0,4.33115167983405,758.2652838888894,3284.161958075206
CUST003772,3.0,503.0,532.0,53.74,0.0,0.0,174.0,1.3368258102778534,57.89898070874011,77.40085180022331
CUST003773,18.0,643.0,783.0,78.24888888888889,2.0,0.0,174.0,3.735189330289106,79.12295587698988,295.5392205726683
CUST003776,42.0,675.0,678.0,290.4552380952381,9.0,1002.165,174.0,10.541037133853504,291.6060279411388,3073.8299689830665
CUST003778,22.0,564.0,584.0,142.63045454545454,9.0,318.555,174.0,6.528609167663307,143.79662216715298,938.7919457594916
CUST003779,44.0,830.0,854.0,43.97954545454545,12.0,1853.19,174.0,8.829863031147143,44.215398966860214,390.4159167449006
CUST003780,69.0,691.0,715.0,100.91579710144927,11.0,73.4,174.0,16.158803956771237,101.19288781706388,1635.1560360554797
CUST003781,41.0,560.0,586.0,119.95853658536586,10.0,2920.3866666666668,174.0,11.746834602214923,120.49709720020425,1415.4594708578143
CUST003782,38.0,619.0,653.0,240.17973684210526,7.0,332.58,174.0,9.837819928978059,241.24834485996996,2373.357774896384
CUST003783,24.0,611.0,623.0,100.55,4.0,68.7,174.0,6.677375020627087,101.347624989491,676.7360995047087
CUST003784,32.0,786.0,801.0,190.019375,12.0,89.84,174.0,6.9171613139226835,191.04766009731145,1321.507483540573
CUST003785,78.0,745.0,751.0,105.00448717948719,16.0,3017.3149999999996,174.0,17.493030248165578,105.25760106758443,1841.2743993246
CUST003786,7.0,612.0,657.0,283.37142857142857,3.0,0.0,174.0,2.093399679365159,290.24636701931445,607.6016516551351
CUST003787,14.0,520.0,546.0,40.99428571428571,7.0,417.515,174.0,4.572677635392864,41.708062093113774,190.71752274875826
CUST003788,9.0,568.0,570.0,267.32,1.0,0.0,174.0,2.976819564178922,272.3623030510818,810.7734322672889
CUST003789,19.0,561.0,624.0,70.17052631578947,13.0,761.555,174.0,5.2706560910281945,70.93245196138429,373.8605599818349
CUST003790,10.0,84.0,603.0,263.147,0.0,0.0,174.0,2.7021987370828056e-06,267.6121947630565,0.0007231413347166891
CUST003791,5.0,379.0,513.0,26.413999999999998,2.0,0.0,174.0,1.9295810460134577,27.991690185242515,54.01223482732489
CUST003793,21.0,881.0,893.0,603.432380952381,2.0,0.0,174.0,4.183838505883048,608.0458372643518,2543.9655872884928
CUST003794,46.0,758.0,758.0,7.313260869565218,10.0,0.0,174.0,10.358122446470318,7.416123229152774,76.81711248567728
CUST003795,18.0,218.0,571.0,161.23444444444445,0.0,0.0,174.0,8.33526349835126e-05,162.82192346445842,0.013571636353846428
CUST003796,33.0,801.0,829.0,296.87030303030303,4.0,785.78,174.0,6.881531160028724,298.36637490556234,2053.2175060174395
CUST003797,6.0,139.0,805.0,385.7633333333333,0.0,0.0,174.0,0.0015024458670145464,396.5010961913897,0.5957214332394906
CUST003798,10.0,445.0,469.0,635.539,1.0,0.0,174.0,3.8991725758818427,645.8065983318592,2518.111377539126
CUST003799,39.0,694.0,700.0,74.04820512820513,10.0,72.46,174.0,9.517841311833893,74.43317130905415,708.4431128561248
CUST003801,112.0,651.0,666.0,174.40053571428572,30.0,888.594,174.0,27.88229809350719,174.67189902726025,4870.253957237059
CUST003802,10.0,131.0,561.0,69.348,0.0,0.0,174.0,0.00029135870952634417,70.79352729106354,0.020626310754342302
CUST003803,10.0,560.0,587.0,33.564,7.0,0.0,174.0,3.1648183258984233,34.451961045531846,109.03419768003779
CUST003804,13.0,537.0,544.0,164.6384615384615,5.0,0.0,174.0,4.302706782142174,166.88445472968286,718.054875199505
CUST003805,14.0,449.0,837.0,93.54285714285713,0.0,0.0,174.0,0.09538553116363377,94.83888600378661,9.046257516438498
CUST003806,20.0,526.0,531.0,286.9485,5.0,0.0,174.0,6.540096044753924,289.3478356503452,1892.362635494931
CUST003807,25.0,292.0,882.0,93.1732,0.0,0.0,174.0,3.5224399164752363e-09,93.89317236157682,3.3073305821090763e-07
CUST003808,12.0,381.0,854.0,89.38833333333334,0.0,0.0,174.0,0.023278774563821814,90.84935963487808,2.1148617622079002
CUST003809,6.0,793.0,835.0,32.525,2.0,0.0,174.0,1.4709736093654426,33.993204374605654,50.00310653281083
CUST003812,6.0,69.0,871.0,349.91333333333336,0.0,0.0,174.0,1.6708716126874374e-05,359.71033285889456,0.00601029783964276
CUST003813,2.0,104.0,745.0,269.105,0.0,0.0,174.0,0.07853819200719168,293.4099706694665,23.04388861326304
CUST003814,23.0,629.0,645.0,167.8695652173913,4.0,0.0,174.0,6.205289337906573,169.15418006306183,1049.6506300076462
CUST003815,25.0,531.0,552.0,127.3452,4.0,645.69,174.0,7.759821854777482,128.2761792724387,995.400299365624
CUST003816,2.0,449.0,556.0,486.55,1.0,0.0,174.0,0.972193803066493,528.9215126200208,514.2142168777401
CUST003817,85.0,554.0,784.0,53.89858823529412,0.0,0.0,174.0,1.3052443891721159e-08,54.03840750801546,7.053332819963352e-07
CUST003818,59.0,664.0,669.0,211.7650847457627,17.0,0.0,174.0,14.851923865486334,212.37826689163634,3154.22585055852
CUST003819,8.0,493.0,520.0,399.54125,3.0,2099.775,174.0,2.921699180170811,407.81148249855397,1191.5024740802683
CUST003820,9.0,847.0,850.0,122.58444444444444,0.0,0.0,174.0,2.038834938713766,125.11663696827915,255.09217086529392
CUST003821,33.0,611.0,622.0,260.0612121212121,8.0,1123.06,174.0,9.05612472421159,261.38535155962785,2367.1383448058846
CUST003822,13.0,382.0,549.0,8.324615384615385,0.0,0.0,174.0,2.8841892814817776,8.703786677319373,25.10336824302843
CUST003823,31.0,557.0,565.0,157.99064516129033,10.0,599.135,174.0,9.338592311965082,158.8929621305062,1483.836594577304
CUST003824,16.0,485.0,513.0,138.80625,1.0,0.0,174.0,5.470035587956579,140.37693917493536,767.8668530153125
CUST003825,38.0,794.0,802.0,184.62447368421053,7.0,855.72,174.0,8.1549280841692,185.46786974422966,1512.4771396882534
CUST003826,76.0,822.0,827.0,131.3596052631579,7.0,0.0,174.0,15.557359066266335,131.67270512937986,2048.4795529243715
CUST003827,35.0,552.0,599.0,262.8982857142857,7.0,0.0,174.0,9.729073962757962,264.158918076536,2570.02165188874
CUST003828,10.0,610.0,816.0,274.28800000000007,0.0,0.0,174.0,2.094293533771838,278.92678758502916,584.1545676350775
CUST003829,19.0,197.0,618.0,32.607894736842105,0.0,0.0,174.0,1.3101622997960228e-06,33.064035239779436,4.331925245028617e-05
CUST003830,60.0,617.0,620.0,248.09933333333336,15.0,0.0,174.0,16.224471431382,248.79541675650984,4036.5741314247725
CUST003831,297.0,750.0,751.0,219.05289562289562,72.0,809.525,174.0,65.76018309054933,219.1782189270173,14413.199806101162
CUST003833,34.0,704.0,734.0,98.31235294117647,6.0,667.3199999999999,174.0,7.941958846237054,98.8641758664661,785.1752160986164
CUST003835,24.0,611.0,631.0,168.55375,13.0,402.0,174.0,6.589929235125744,169.7888967549706,1118.8968145253275
CUST003836,19.0,724.0,756.0,63.78684210526315,1.0,0.0,174.0,4.456030757108495,64.49680025803485,287.39972568488645
CUST003837,97.0,746.0,766.0,86.12092783505155,1.0,0.0,174.0,21.16711560320629,86.29446893629438,1826.6049998918375
CUST003838,12.0,779.0,838.0,174.61249999999998,4.0,386.68,174.0,2.6464265622404355,177.1772560445194,468.88659662109086
CUST003840,15.0,770.0,791.0,102.56666666666666,2.0,0.0,174.0,3.4374285201285417,103.86865236232742,357.0410679775811
CUST003842,33.0,641.0,653.0,101.5760606060606,13.0,389.214,174.0,8.649476154360444,102.15992807278262,883.6298617967115
CUST003843,4.0,580.0,633.0,51.855,0.0,0.0,174.0,1.391488215360673,54.8575796792944,76.33367564694728
CUST003844,16.0,483.0,526.0,391.4075,9.0,2732.18,174.0,5.3196928719187,395.4238311887852,2103.5333361617636
CUST003846,17.0,624.0,644.0,212.77882352941174,3.0,0.0,174.0,4.685068862451675,214.92995508199257,1006.9616401627806
CUST003847,91.0,883.0,889.0,133.25318681318683,1.0,0.0,174.0,17.328696467779714,133.5177875764548,2313.6892139618744
CUST003850,13.0,526.0,554.0,83.65615384615384,10.0,107.19,174.0,4.217175108967334,84.93499314082479,358.1857389537975
CUST003851,28.0,819.0,823.0,98.93392857142858,6.0,0.0,174.0,5.939623972957043,99.60807540642715,591.6345125841275
CUST003852,42.0,885.0,889.0,127.28190476190477,7.0,1476.6399999999999,174.0,8.14270661309024,127.83444545989275,1040.9183844269924
CUST003853,8.0,726.0,746.0,200.15875,0.0,0.0,174.0,2.084112273258776,204.53046331082166,426.26444884138715
CUST003854,39.0,611.0,616.0,178.76999999999998,10.0,0.0,174.0,10.740060121620935,179.56856297470767,1928.5771623014355
CUST003855,1.0,288.0,294.0,991.97,1.0,1453.66,174.0,1.2382768733447866,1175.9885281176182,1456.199397686822
CUST003857,10.0,493.0,530.0,324.53499999999997,4.0,0.0,174.0,3.4737267027018213,329.95670819589515,1146.179427995674
CUST003858,45.0,833.0,870.0,92.46311111111112,15.0,0.0,174.0,8.832668811855413,92.85957177943283,820.1978435384453
CUST003859,19.0,552.0,567.0,78.9663157894737,7.0,285.9625,174.0,5.856782677467499,79.79984509077465,467.37035039223883
CUST003860,9.0,767.0,817.0,224.52222222222224,5.0,2538.03,174.0,2.1080495444626233,228.8222947126762,482.3687341319492
CUST003861,17.0,737.0,857.0,15.632941176470588,3.0,0.0,174.0,3.447084066603562,15.98864100541086,55.114189656396135
CUST003862,28.0,795.0,804.0,336.4578571428571,8.0,140.60999999999999,174.0,6.071201315761549,338.4406687040801,2054.7414331434297
CUST003863,24.0,833.0,838.0,163.31000000000003,5.0,36.23,174.0,5.043797911825304,164.51140957492197,829.7623040854287
CUST003864,18.0,785.0,791.0,73.25722222222223,2.0,0.0,174.0,4.070957380331835,74.08837674157539,301.6106240929218
CUST003865,13.0,510.0,560.0,81.90230769230769,2.0,0.0,174.0,4.1514462446021,83.16020118795193,345.23510492207816
CUST003866,25.0,481.0,532.0,250.1448,11.0,499.01,174.0,7.887222238999731,251.83404815488848,1986.2711051445656
CUST003868,13.0,420.0,873.0,87.35538461538461,0.0,0.0,174.0,0.03329917062203829,88.67840300984479,2.9529172723146955
CUST003873,12.0,553.0,577.0,423.44249999999994,8.0,171.56,174.0,3.7813089511701055,429.22982873353817,1623.0505934993391
CUST003874,15.0,724.0,737.0,63.48799999999999,7.0,139.02,174.0,3.6791873529872277,64.38614855291587,236.88870346344495
CUST003875,21.0,891.0,894.0,151.8,5.0,36.81,174.0,4.181890231004759,153.08959289921816,640.203873013736
CUST003876,21.0,706.0,739.0,147.21142857142857,4.0,0.0,174.0,4.9973458408459,148.46725111818424,741.9421998772817
CUST003877,104.0,829.0,841.0,94.4776923076923,13.0,0.0,174.0,20.82225961891922,94.65188185730518,1970.8660574520784
CUST003878,30.0,605.0,611.0,232.395,16.0,212.63500000000002,174.0,8.411851266226348,233.71001818977632,1965.9339124394528
CUST003879,48.0,712.0,730.0,62.11375,11.0,247.54,174.0,11.16296479740173,62.38803479204622,696.4354361626863
CUST003880,7.0,443.0,562.0,244.3642857142857,1.0,0.0,174.0,2.3489668116920277,250.36511931084854,588.099356066498
CUST003883,13.0,766.0,773.0,114.07461538461538,1.0,0.0,174.0,3.089155543984603,115.71673567784431,357.46699555101367
CUST003884,32.0,794.0,799.0,18.148125,17.0,318.93,174.0,6.940089390495301,18.34840440757246,127.33956676151085
CUST003885,29.0,604.0,616.0,179.01793103448279,7.0,481.19,174.0,8.076013132082904,180.09464377057608,1454.4467081089651
CUST003886,13.0,710.0,823.0,6.378461538461538,3.0,1542.1,174.0,2.840993577877254,6.734390343649047,19.132359717225537
CUST003887,22.0,868.0,879.0,207.9018181818182,3.0,0.0,174.0,4.4374418383057925,209.52637263881314,929.7610921759195
CUST003888,8.0,557.0,571.0,3.3225,2.0,0.0,174.0,2.6828569444665256,3.8454808620547367,10.316875035576672
CUST003889,19.0,595.0,596.0,137.40526315789472,6.0,0.0,174.0,5.598156906007843,138.71452488545685,776.5456754511172
CUST003890,34.0,629.0,648.0,90.46176470588235,8.0,0.0,174.0,8.954649601364885,90.97800153979122,814.6761252212654
CUST003891,6.0,329.0,501.0,321.5883333333333,1.0,926.05,174.0,2.109443050540345,330.64203798043076,697.4705492343164
CUST003892,32.0,764.0,851.0,177.7528125,4.0,0.0,174.0,6.244750392000188,178.72200229461518,1116.0742938883566
CUST003893,58.0,864.0,895.0,159.91137931034484,11.0,91.71,174.0,11.014213369645345,160.39763238493464,1766.6537470736064
CUST003894,15.0,753.0,771.0,214.77533333333332,4.0,208.92,174.0,3.523224104224018,217.23687822594417,765.3742056920242
CUST003895,39.0,807.0,831.0,97.37615384615385,5.0,645.69,174.0,8.066383029020121,97.85325332942436,789.3218219908754
CUST003896,230.0,764.0,769.0,168.37730434782608,39.0,2073.9162499999998,174.0,49.82844966873333,168.50533301238139,8396.359504920594
CUST003897,26.0,874.0,907.0,180.4284615384615,6.0,0.0,174.0,5.029691303536655,181.63852064837408,913.5856876923903
CUST003898,27.0,567.0,615.0,82.10370370370372,2.0,0.0,174.0,7.460566447293429,82.70677962102985,617.0394250043472
CUST003899,18.0,722.0,732.0,137.22444444444443,3.0,0.0,174.0,4.381058706040554,138.60551377337953,607.2388928220884
CUST003900,22.0,534.0,543.0,64.62454545454544,6.0,0.0,174.0,7.000052092289191,65.24289425018382,456.70365840300167
CUST003901,14.0,403.0,826.0,182.74214285714285,0.0,0.0,174.0,0.025625781790323543,185.02652409563245,4.741449331896718
CUST003903,11.0,724.0,860.0,273.24636363636364,3.0,0.0,174.0,2.3350413754492245,277.442744386527,647.8402874607236
CUST003904,35.0,852.0,853.0,177.93685714285715,5.0,0.0,174.0,7.106990587710605,178.82341808649667,1270.8963492029702
CUST003905,50.0,692.0,693.0,167.4384,22.0,526.29,174.0,12.229279959173883,168.02586060705252,2054.8352897447717
CUST003906,39.0,758.0,764.0,192.99333333333334,11.0,1110.0,174.0,8.75907592805931,193.8480711002307,1697.9299732747604
CUST003907,11.0,206.0,653.0,132.14181818181817,0.0,0.0,174.0,0.0014753886222389264,134.34228795151876,0.1982070831292164
CUST003908,15.0,493.0,512.0,73.702,6.0,0.0,174.0,5.175407255932311,74.70569955881841,386.63241955620805
CUST003909,28.0,562.0,589.0,57.90071428571429,10.0,0.0,174.0,8.1193358175428,58.34878402413447,473.75337203722404
CUST003910,19.0,548.0,548.0,473.53473684210525,8.0,168.625,174.0,6.056943686292352,477.58031907601656,2892.6770983249658
CUST003911,11.0,456.0,585.0,19.993636363636366,2.0,0.0,174.0,3.2215474019511734,20.607780286718892,66.38894104265985
CUST003912,36.0,757.0,765.0,356.1336111111111,13.0,625.89,174.0,8.097427257580133,357.7581244961128,2896.9203889155706
CUST003914,18.0,668.0,715.0,178.36166666666668,8.0,413.225,174.0,4.453289615848927,180.09638536381217,802.0213627925915
CUST003915,23.0,593.0,612.0,86.36608695652174,8.0,1346.8449999999998,174.0,6.516277830244834,87.10337356831174,567.5897821227237
CUST003916,23.0,554.0,822.0,505.014347826087,0.0,0.0,174.0,0.23033091404961678,508.5630238181619,117.13778612787426
CUST003917,6.0,536.0,537.0,22.916666666666668,2.0,4088.73,174.0,2.2398634104625597,24.132732472614272,54.054024459890364
CUST003918,43.0,623.0,624.0,102.9511627906977,12.0,0.0,174.0,11.664844238244005,103.40368484500831,1206.187877377494
CUST003919,23.0,663.0,693.0,172.88521739130437,13.0,1966.86,174.0,5.78579538273481,174.20351433379682,1007.905888888659
CUST003920,5.0,560.0,607.0,50.75,2.0,0.0,174.0,1.7171001944405788,53.09807371289882,91.17471269683874
CUST003922,19.0,640.0,674.0,73.03631578947369,0.0,0.0,174.0,4.963793248147309,73.82157089326141,366.43501516759886
CUST003923,20.0,602.0,629.0,122.07249999999999,5.0,0.0,174.0,5.563200729373425,123.1972627480634,685.3711019768358
CUST003924,22.0,803.0,866.0,80.84772727272728,3.0,161.45,174.0,4.460566822131187,81.58000800662738,363.8930770635587
CUST003925,22.0,666.0,667.0,218.66818181818186,1.0,0.0,174.0,5.7746610110200685,220.36834614572308,1272.5524965506816
CUST003927,22.0,662.0,758.0,95.38545454545455,3.0,0.0,174.0,4.903244583421651,96.21983063060355,471.7893633572556
CUST003928,20.0,813.0,843.0,148.637,3.0,604.86,174.0,4.21591237997381,149.96711945166285,632.2482354852766
CUST003929,25.0,517.0,522.0,287.90360000000004,8.0,0.0,174.0,8.196733043147978,289.8260030110822,2375.6263756444428
CUST003931,81.0,636.0,639.0,56.82777777777778,12.0,0.0,174.0,21.161169148463653,56.98007357864832,1205.764975089682
CUST003932,2.0,311.0,516.0,205.92,1.0,0.0,174.0,0.9799687799737191,224.97520887615883,220.46868096670198
CUST003933,71.0,817.0,829.0,90.49971830985915,20.0,270.67333333333335,174.0,14.506868337076279,90.74642991191162,1316.4465107918224
CUST003934,19.0,501.0,627.0,104.73842105263158,3.0,0.0,174.0,4.488831465078936,105.78175266418643,474.8364597901976
CUST003935,49.0,609.0,611.0,129.7069387755102,3.0,0.0,174.0,13.504503229435313,130.18791403037986,1758.1231054567118
CUST003936,19.0,625.0,634.0,260.0978947368421,4.0,0.0,174.0,5.277941864088951,262.40595719463363,1384.96338686389
CUST003937,52.0,714.0,872.0,431.2721153846154,0.0,0.0,174.0,0.37543307949815696,432.6176484055401,162.41897598614284
CUST003938,13.0,536.0,562.0,322.65999999999997,5.0,0.0,174.0,4.162798222660246,326.7932096835278,1360.3741924480266
CUST003940,22.0,246.0,712.0,127.88818181818182,0.0,0.0,174.0,2.6094751789469577e-07,128.95081760962492,3.364939578572325e-05
CUST003941,9.0,421.0,771.0,122.77444444444444,0.0,0.0,174.0,0.7325679525268186,125.30993208811577,91.79804038106566
CUST003942,2.0,29.0,779.0,284.65,0.0,0.0,174.0,0.004791829907431174,310.24653586812065,1.486648629249779
CUST003943,60.0,666.0,752.0,147.88583333333332,0.0,0.0,174.0,6.76022649728929,148.32500749867148,1002.7106459031515
CUST003945,27.0,674.0,684.0,31.158148148148147,7.0,113.57,174.0,6.837406452149484,31.470078466488015,215.17371755641568
CUST003946,12.0,733.0,750.0,69.0825,0.0,0.0,174.0,2.9560517084671654,70.28054746487808,207.75293240556056
CUST003948,19.0,775.0,887.0,179.84894736842102,0.0,0.0,174.0,3.7140167178376124,181.50372929746177,674.1078849606455
CUST003949,8.0,731.0,769.0,36.50625,1.0,0.0,174.0,2.0211538852764983,37.67807158827651,76.15318078037112
CUST003950,12.0,805.0,811.0,49.17583333333334,3.0,647.86,174.0,2.7464611537397197,50.11607152951633,137.64184363385775
CUST003951,37.0,623.0,638.0,77.98918918918919,16.0,574.2,174.0,9.863139251641508,78.41146068825772,773.3831556928998
CUST003952,32.0,543.0,551.0,144.1553125,6.0,0.0,174.0,9.855101489773746,144.9626432218441,1428.6215611771358
CUST003953,27.0,779.0,812.0,250.25814814814817,6.0,0.0,174.0,5.791587464247447,251.82219948160443,1458.4502937368802
CUST003955,19.0,786.0,847.0,25.14842105263158,1.0,0.0,174.0,3.9779069286128466,25.543836411222134,101.61100384355363
CUST003956,28.0,366.0,847.0,183.60928571428573,0.0,0.0,174.0,2.6746901497673584e-07,184.7499609270346,4.941489006614438e-05
CUST003957,18.0,671.0,691.0,63.79944444444445,5.0,386.68,174.0,4.621962124764101,64.54929213375165,298.34438342253344
CUST003958,24.0,705.0,714.0,150.48583333333332,7.0,418.0,174.0,5.872572125046376,151.60473492831585,890.3097403650723
CUST003959,71.0,884.0,886.0,84.97225352112676,13.0,1558.493333333333,174.0,13.627166677451733,85.2069949632872,1161.1299224495049
CUST003961,100.0,852.0,863.0,83.14309999999999,28.0,240.91,174.0,19.549600522470968,83.30685115042988,1628.615660775855
CUST003962,7.0,658.0,811.0,190.9257142857143,1.0,0.0,174.0,1.6731738501774196,195.72905144669969,327.48873060064875
CUST003963,47.0,580.0,581.0,124.60872340425531,13.0,1256.798,174.0,13.598179322264636,125.09353592476232,1701.0443335610714
CUST003964,27.0,625.0,627.0,157.82111111111112,5.0,0.0,174.0,7.428467097907429,158.8568997487702,1180.0632530593184
CUST003965,7.0,434.0,570.0,274.0257142857143,4.0,841.6066666666667,174.0,2.2873725107454357,280.6912261107342,642.0453946131248
CUST003968,14.0,851.0,857.0,311.84357142857147,4.0,0.0,174.0,2.994022511000063,315.5584316541203,944.789047908311
CUST003969,17.0,651.0,673.0,152.82941176470587,4.0,0.0,174.0,4.493405606161296,154.43457667364535,693.9371926105046
CUST003970,23.0,634.0,634.0,149.9691304347826,6.0,0.0,174.0,6.317286120919793,151.1335367499178,954.753794115777
CUST003972,29.0,650.0,727.0,97.2003448275862,0.0,0.0,174.0,6.639353856560871,97.84190131648937,649.6070048388818
CUST003973,22.0,494.0,514.0,36.4,6.0,1251.78,174.0,7.352390914626804,36.82013384580724,270.71601756325606
CUST003976,98.0,765.0,781.0,93.28591836734694,18.0,249.42,174.0,21.042931293735464,93.46892059905205,1966.8600742654678
CUST003978,94.0,885.0,912.0,205.31021276595746,19.0,424.90999999999997,174.0,17.33255680925479,205.68415649488333,3565.0323272112178
CUST003979,17.0,657.0,700.0,362.16705882352943,5.0,1852.1,174.0,4.313839849182251,365.6786873521798,1577.479293496491
CUST003980,6.0,105.0,729.0,686.735,0.0,0.0,174.0,0.0006582464040313405,705.3707575057541,0.46430776463702533
CUST003981,31.0,626.0,638.0,247.9190322580645,8.0,0.0,174.0,8.327377170954444,249.26863251506268,2075.7539198409654
CUST003982,36.0,593.0,617.0,202.61833333333334,18.0,376.35,174.0,9.891135638045553,203.58579923615721,2013.6947542247417
CUST003983,18.0,582.0,644.0,118.24500000000002,5.0,212.65,174.0,4.878610604505573,119.4629064274513,582.8130021420209
CUST003984,24.0,832.0,834.0,418.03041666666667,3.0,0.0,174.0,5.067912041894936,420.8706436068618,2132.935402815287
CUST003985,21.0,579.0,612.0,32.02333333333333,5.0,0.0,174.0,5.965183438461515,32.431409988753224,193.45930975086608
CUST003986,40.0,676.0,679.0,477.97625,11.0,110.75,174.0,10.041449530505036,479.90682509799626,4818.960163566437
CUST003988,17.0,742.0,752.0,313.4129411764706,6.0,861.68,174.0,4.050347085126536,316.48055997772065,1281.8561136049748
CUST003989,35.0,603.0,610.0,167.4337142857143,10.0,436.46,174.0,9.764489558804751,168.27403159133473,1643.1100244915688
CUST003990,75.0,706.0,862.0,115.43026666666667,0.0,0.0,174.0,0.010180595660745504,115.71489708971646,1.17804657919518
CUST003991,29.0,690.0,707.0,20.558275862068964,6.0,0.0,174.0,7.086913530195561,20.792202687789633,147.35254255066485
CUST003992,9.0,216.0,730.0,143.74666666666667,0.0,0.0,174.0,0.003767938625441772,146.6458700232995,0.5525526379223038
CUST003993,8.0,602.0,645.0,322.21250000000003,1.0,0.0,174.0,2.383878702502,328.9707261006086,784.2263076978596
CUST003994,4.0,447.0,501.0,229.33,0.0,0.0,174.0,1.727498606876718,239.41131513340042,413.5827133634721
CUST003995,18.0,490.0,741.0,231.6627777777778,0.0,0.0,174.0,0.6753484563730523,233.85571662813464,157.93409723882468
CUST003996,21.0,786.0,832.0,86.4152380952381,3.0,0.0,174.0,4.455875499283471,87.22362099487985,388.65759574987254
CUST003998,20.0,605.0,625.0,31.841,8.0,0.0,174.0,5.603510979063115,32.26822869318436,180.815373757178
CUST003999,25.0,547.0,572.0,292.99440000000004,7.0,2263.5299999999997,174.0,7.4994270887804655,294.9482379280264,2211.942805305507
CUST004000,37.0,620.0,649.0,351.7027027027027,14.0,726.83,174.0,9.668354733638154,353.2646778389877,3415.488220211734
CUST004001,22.0,600.0,636.0,228.90363636363637,2.0,0.0,174.0,6.005624106844721,230.67568210065832,1385.351437286563
CUST004002,6.0,547.0,612.0,30.19333333333333,4.0,0.0,174.0,1.963459174600864,31.600350915648853,62.04599892593755
CUST004003,54.0,654.0,658.0,123.22,8.0,110.43,174.0,13.839441657450498,123.637830528883,1711.0785422582285
CUST004004,24.0,824.0,834.0,113.84291666666667,6.0,0.0,174.0,5.06503130359146,114.72606547459964,581.0911129667305
CUST004006,8.0,487.0,599.0,304.97375000000005,5.0,0.0,174.0,2.490722498037323,311.39490741279735,775.5983016673034
CUST004007,10.0,612.0,633.0,21.459,6.0,0.0,174.0,2.951122880365437,22.158347715491573,65.39200693428039
CUST004008,24.0,690.0,702.0,133.00166666666667,4.0,1044.1775,174.0,5.965844218791452,134.00807882587634,799.4713223347036
CUST004009,17.0,558.0,588.0,263.2817647058823,4.0,0.0,174.0,5.0930959036591625,265.8928327361779,1354.2176972209586
CUST004010,55.0,863.0,878.0,179.76945454545455,13.0,222.55,174.0,10.695678003206872,180.33785424783244,1928.8356208240684
CUST004011,11.0,533.0,545.0,95.13181818181819,4.0,0.0,174.0,3.696932541766143,96.80878486273474,357.89554708788165
CUST004012,6.0,387.0,575.0,79.65666666666667,2.0,0.0,174.0,1.8854030354493203,82.36168397849367,155.28496897776964
CUST004015,21.0,821.0,861.0,117.3104761904762,1.0,0.0,174.0,4.318282297952214,118.3462377189853,511.0524633711388
CUST004016,26.0,678.0,711.0,245.96538461538464,3.0,0.0,174.0,6.335607680165138,247.56446724601028,1568.4713400198134
CUST004017,37.0,535.0,575.0,238.82432432432432,0.0,0.0,174.0,10.718725873937679,239.91629015507831,2571.5969468643775
CUST004018,20.0,665.0,747.0,65.8255,2.0,0.0,174.0,4.63431739436545,66.51544566107293,308.2536868210802
CUST004019,10.0,687.0,715.0,214.798,2.0,0.0,174.0,2.6286956147252485,218.5098477251286,574.3958784893274
CUST004021,7.0,552.0,620.0,49.15,5.0,0.0,174.0,2.1997717306718743,50.776307761247004,111.69628640108604
CUST004023,18.0,252.0,632.0,246.64999999999998,0.0,0.0,174.0,0.00013674008149468927,248.97178132886657,0.03404442166878717
CUST004024,38.0,879.0,880.0,93.05447368421054,6.0,1487.795,174.0,7.466337436674133,93.52665992885524,698.3016023539024
CUST004025,21.0,877.0,887.0,68.01952380952382,6.0,0.0,174.0,4.211560771369879,68.69252039887313,289.30272419841924
CUST004027,110.0,898.0,900.0,192.6982727272727,15.0,2127.45,174.0,20.653006557994253,193.00013344602206,3986.0330217544597
CUST004028,22.0,742.0,744.0,25.866363636363634,5.0,2246.38,174.0,5.206050398410402,26.212522005516337,136.46371063015977
CUST004029,28.0,761.0,768.0,67.88821428571428,6.0,578.66,174.0,6.343093856293798,68.39131127562771,433.8125063763109
CUST004030,16.0,565.0,601.0,51.723125,4.0,0.0,174.0,4.713382004592207,52.450690282249404,247.22013970479367
CUST004033,13.0,729.0,767.0,504.473076923077,1.0,0.0,174.0,3.1020652131030158,510.7776402121118,1584.46554933284
CUST004034,31.0,796.0,822.0,76.1116129032258,9.0,1691.7749999999999,174.0,6.537081828696935,76.6066822398403,500.7841504268202
CUST004035,137.0,821.0,824.0,302.61401459854017,28.0,551.988,174.0,27.91609936459369,302.97954848660487,8458.007180991794
CUST004036,17.0,607.0,649.0,99.74882352941177,5.0,123.64,174.0,4.631537364675938,100.87057701281344,467.18584643126724
CUST004038,18.0,871.0,877.0,163.4288888888889,3.0,35.66,174.0,3.6887127270422266,165.03523315671077,608.7675649555403
CUST004039,50.0,849.0,862.0,277.12559999999996,7.0,628.04,174.0,9.92377365523581,278.0506691680608,2759.3119055106895
CUST004040,28.0,658.0,659.0,172.43285714285713,9.0,1074.86,174.0,7.337661723103336,173.51195456879285,1273.1720275402763
CUST004041,73.0,892.0,897.0,89.2813698630137,15.0,1063.8033333333333,174.0,13.835908284905903,89.51874201590147,1238.5731043121652
CUST004044,14.0,643.0,818.0,8.09142857142857,0.0,0.0,174.0,2.805325465363024,8.440632332603315,23.67872082641858
CUST004045,78.0,886.0,911.0,128.51935897435897,12.0,0.0,174.0,14.485530538801461,128.81881712039097,1866.008909369704
CUST004046,6.0,567.0,569.0,166.0,1.0,0.0,174.0,2.121709687493265,170.97080927850507,362.7504223247676
CUST004048,35.0,676.0,833.0,219.90685714285715,0.0,0.0,174.0,2.4145437252277637,220.9782052034635,533.561538786116
CUST004049,29.0,765.0,800.0,321.8368965517242,4.0,0.0,174.0,6.2834143290991875,323.67320839044686,2033.7728755460412
CUST004051,4.0,448.0,609.0,1219.475,4.0,926.05,174.0,1.3916301710322634,1269.049057864522,1766.0469574443373
CUST004052,10.0,625.0,716.0,62.633,1.0,846.1,174.0,2.5901335234124723,63.973897922106865,165.70093763141648
CUST004054,9.0,634.0,665.0,28.491111111111113,6.0,336.0,174.0,2.5671403394720915,29.391467797254137,75.45202261862603
CUST004055,29.0,690.0,691.0,118.75068965517241,12.0,0.0,174.0,7.2542710014612455,119.5068641328917,866.9351789548053
CUST004057,9.0,652.0,750.0,505.6711111111111,3.0,0.0,174.0,2.2615378145569567,514.8470745532735,1164.3461278162526
CUST004059,17.0,715.0,771.0,17.59058823529412,3.0,0.0,174.0,3.927338598697143,17.964116596036092,70.55116849910848
CUST004060,13.0,823.0,828.0,411.1853846153846,2.0,0.0,174.0,2.893592936160657,416.37583350478553,1204.8221706174531
CUST004061,53.0,694.0,707.0,34.631509433962265,7.0,0.0,174.0,12.681757440632314,34.80005691809355,441.32588075546096
CUST004063,21.0,693.0,761.0,68.23714285714286,0.0,0.0,174.0,4.807214134538769,68.91174104996615,331.2734956110728
CUST004064,21.0,588.0,862.0,117.93809523809523,0.0,0.0,174.0,0.4641980808504839,118.97847583307853,55.22958014423074
CUST004065,72.0,578.0,582.0,373.5359722222222,20.0,206.105,174.0,20.57964522122422,374.38365603700447,7704.682817866391
CUST004066,17.0,633.0,714.0,119.69058823529413,6.0,269.20500000000004,174.0,4.172038843225061,120.99395381503277,504.7914751116958
CUST004067,23.0,569.0,584.0,162.5786956521739,7.0,0.0,174.0,6.813040766548601,163.82778020690944,1116.165345242838
CUST004069,2.0,258.0,371.0,1783.52,1.0,0.0,174.0,1.378905765140801,1933.6510054279058,2666.3225191548454
CUST004070,24.0,393.0,885.0,61.78833333333333,0.0,0.0,174.0,8.024223100129464e-06,62.3365739457432,0.000500202576638361
CUST004071,15.0,622.0,675.0,171.29800000000003,4.0,0.0,174.0,3.9701112842889685,173.31025213098047,688.0609876681718
CUST004072,36.0,597.0,649.0,116.31722222222223,0.0,0.0,174.0,9.240800455322395,116.91531819271415,1080.3911255893956
CUST004075,82.0,864.0,868.0,161.88085365853658,22.0,69.51,174.0,16.006382025513446,162.22821381889855,2596.6867657019698
CUST004076,18.0,642.0,657.0,255.70055555555552,8.0,0.0,174.0,4.850395422136065,258.10014289759636,1251.8877515631655
CUST004077,22.0,593.0,613.0,136.08545454545455,7.0,0.0,174.0,6.238954988421631,137.20565803112342,856.0199246129499
CUST004078,20.0,548.0,559.0,89.363,8.0,0.0,174.0,6.229254297513762,90.23490215982021,562.0961520647938
CUST004080,46.0,521.0,646.0,149.50108695652173,0.0,0.0,174.0,0.7034922367780263,150.0797755034071,105.57995696403589
CUST004081,14.0,582.0,592.0,173.82714285714286,0.0,0.0,174.0,4.249867598625443,176.01274346779007,748.030855408933
CUST004082,37.0,832.0,838.0,109.37810810810811,13.0,455.96,174.0,7.6230204336712735,109.93107854345118,838.0068580322501
CUST004083,6.0,754.0,756.0,126.43166666666667,2.0,0.0,174.0,1.6225576487879618,130.36413739209095,211.52332825318192
CUST004085,35.0,313.0,564.0,218.5014285714286,0.0,0.0,174.0,1.8617294615281313e-05,219.56658875750986,0.004087735870570875
CUST004087,10.0,96.0,828.0,517.751,0.0,0.0,174.0,1.8853804893855327e-07,526.1832916884239,9.920557119900111e-05
CUST004088,18.0,613.0,617.0,61.445,5.0,555.0,174.0,5.151987592897406,62.174606950013576,320.32280359974277
CUST004090,52.0,836.0,848.0,181.94384615384615,9.0,1155.3700000000001,174.0,10.473449931976427,182.55156962178015,1911.9447244374232
CUST004091,14.0,822.0,827.0,127.3107142857143,2.0,0.0,174.0,3.0979570205843627,128.98090019986452,399.5772852954613
CUST004092,42.0,622.0,626.0,78.76119047619048,8.0,0.0,174.0,11.36481555047544,79.13583767047558,899.364198557321
CUST004093,24.0,843.0,852.0,12.15625,5.0,236.01999999999998,174.0,4.9631125989577,12.385168270268005,61.468984682378284
CUST004094,9.0,736.0,798.0,346.3855555555555,3.0,0.0,174.0,2.1518116094590676,352.79907166192885,759.15713820852
CUST004095,10.0,404.0,495.0,457.191,3.0,171.37,174.0,3.5909752000201642,464.6796796878259,1668.6532057122965
CUST004096,159.0,859.0,859.0,152.66471698113207,24.0,678.41,174.0,31.098061596083276,152.83479470923385,4752.865859892497
CUST004097,22.0,572.0,594.0,106.77045454545454,8.0,130.67,174.0,6.423329614506692,107.68478505210031,691.6948688569435
CUST004098,21.0,783.0,850.0,229.79238095238097,6.0,0.0,174.0,4.34117152675046,231.6559717145832,1005.6583084090586
CUST004099,53.0,657.0,718.0,148.3111320754717,12.0,0.0,174.0,11.474343134094143,148.80971349761114,1707.4937143578309
CUST004100,27.0,795.0,797.0,58.21925925925926,4.0,688.26,174.0,5.917020387341415,58.685839444849805,347.24530844342127
CUST004101,18.0,461.0,501.0,25.857777777777777,12.0,3960.43,174.0,6.203598200946479,26.28144772049257,163.03954179711664
CUST004102,15.0,754.0,759.0,52.272000000000006,5.0,36.81,174.0,3.580136079247173,53.05424292513022,189.94140925340275
CUST004103,31.0,617.0,806.0,35.189677419354844,0.0,0.0,174.0,0.9399898141347801,35.48121038178813,33.35197635205405
CUST004104,31.0,547.0,589.0,41.11709677419355,9.0,1722.5075,174.0,8.8694473476754,41.43811136865303,367.5331469713775
CUST004106,73.0,711.0,711.0,272.9778082191781,22.0,527.0,174.0,17.275747022526854,273.60206762870496,4726.680105193791
CUST004107,20.0,587.0,663.0,364.087,5.0,0.0,174.0,5.175881324105638,367.0826543493836,1899.9762550500996
CUST004108,13.0,775.0,809.0,763.8123076923076,2.0,0.0,174.0,2.9505777049325923,773.2141023978617,2281.428291674597
CUST004109,67.0,885.0,889.0,159.58492537313433,11.0,268.28000000000003,174.0,12.831108512536405,160.00496169078363,2053.041025998675
CUST004110,10.0,481.0,491.0,142.399,6.0,0.0,174.0,3.7460789124133513,144.98276705750484,543.116886337456
CUST004111,43.0,848.0,879.0,256.58953488372094,15.0,1148.4,174.0,8.388560442858738,257.59220097112865,2160.827747455328
CUST004112,25.0,728.0,751.0,17.1672,4.0,0.0,174.0,5.808368059570902,17.41784685335467,101.16926532952282
CUST004113,23.0,685.0,719.0,79.22782608695653,7.0,141.3,174.0,5.583769289948151,79.91717644132433,446.23907555243466
CUST004114,39.0,637.0,640.0,184.04692307692306,15.0,361.895,174.0,10.3622301678095,184.8663271618192,1915.6274323283437
CUST004115,22.0,603.0,610.0,604.4877272727273,8.0,626.34,174.0,6.278761903913371,608.8974198004412,3823.1219228341574
CUST004117,13.0,701.0,756.0,193.93153846153848,2.0,0.0,174.0,3.135587658709569,196.52737243027568,616.2288035909916
CUST004120,10.0,638.0,682.0,42.376,6.0,0.0,174.0,2.7423025530777094,43.4012646939676,119.01939897706879
CUST004121,5.0,241.0,468.0,199.774,1.0,37.49,174.0,1.5255147884912887,206.8395965114464,315.53686332378265
CUST004124,22.0,656.0,676.0,38.64318181818182,4.0,0.0,174.0,5.690425286792367,39.07906905042603,222.37652270884925
CUST004125,14.0,658.0,679.0,67.15785714285714,2.0,0.0,174.0,3.7306390710969417,68.16153301829912,254.28607822393096
CUST004126,12.0,757.0,818.0,105.19833333333334,1.0,0.0,174.0,2.7066026269156342,106.86411337925533,289.23868999530265
CUST004127,33.0,623.0,726.0,271.9690909090909,7.0,1079.0,174.0,6.419917649845771,273.3488511348467,1754.8771139656665
CUST004129,124.0,866.0,877.0,76.83782258064515,21.0,712.9559999999999,174.0,23.801472141774997,76.9620295821531,1831.80960307408
CUST004130,9.0,650.0,863.0,280.08000000000004,0.0,0.0,174.0,1.8531080759741256,285.34359636221564,528.7725228463229
CUST004131,49.0,753.0,757.0,74.83,12.0,179.68,174.0,11.024123546367017,75.138610453712,828.3373247440654
CUST004132,56.0,741.0,749.0,66.26982142857143,8.0,1651.04,174.0,12.677102354572792,66.5162327496358,843.2330908077199
CUST004133,10.0,638.0,640.0,24.661,1.0,0.0,174.0,2.9263442221214566,25.410239486064807,74.35910750276824
CUST004134,28.0,423.0,488.0,61.36928571428571,7.0,227.14,174.0,8.961437403751999,61.836465936042295,554.1436187550858
CUST004136,32.0,731.0,778.0,188.78375,6.0,204.78,174.0,7.053216441186277,189.80608235925675,1338.7433807334662
CUST004137,63.0,668.0,673.0,117.88301587301588,19.0,637.2425,174.0,15.746119045777535,118.22798172715778,1861.6318748178376
CUST004138,30.0,547.0,555.0,79.98733333333332,13.0,49.36,174.0,9.202925133691982,80.5189126274554,741.0095247567581
CUST004139,26.0,710.0,726.0,59.26653846153847,0.0,0.0,174.0,6.230606311002957,59.75738715267035,372.32475352247485
CUST004140,12.0,280.0,670.0,123.81916666666666,0.0,0.0,174.0,0.015754109274043627,125.72610328111644,1.9807027696904034
CUST004142,36.0,793.0,825.0,121.99666666666667,3.0,0.0,174.0,7.507580250146409,122.61907073682404,920.5725137550857
CUST004143,72.0,885.0,916.0,21.001527777777778,8.0,377.855,174.0,13.288940829947036,21.096396507336262,280.34876491109287
CUST004146,20.0,839.0,848.0,365.41549999999995,5.0,126.85,174.0,4.200859734212613,368.4214243104493,1547.6867266070265
CUST004147,6.0,584.0,591.0,50.666666666666664,2.0,522.0,174.0,2.046584077472601,52.61093839944108,107.67270882918797
CUST004150,7.0,594.0,663.0,22.291428571428572,0.0,0.0,174.0,2.066556689311644,23.315866883500515,48.183560675197825
CUST004151,15.0,640.0,682.0,266.0573333333333,1.0,0.0,174.0,3.9426377958442735,269.0488240536995,1060.7620626415714
CUST004152,40.0,605.0,638.0,392.62800000000004,5.0,168.0,174.0,10.562198456356555,394.2299532421935,4163.9350035842135
CUST004154,10.0,811.0,856.0,38.217,3.0,0.0,174.0,2.2116307586470576,39.177461485406056,86.64607886683447
CUST004155,19.0,805.0,917.0,59.85842105263158,5.0,0.0,174.0,3.608123693207235,60.536399209819834,218.4228162904027
CUST004156,69.0,860.0,861.0,179.8840579710145,10.0,1410.9499999999998,174.0,13.619945837947673,180.33712858400958,2456.181923885216
CUST004157,20.0,818.0,872.0,271.342,1.0,0.0,174.0,4.065730718808834,273.62068969823895,1112.46804340779
CUST004158,6.0,441.0,658.0,51.49666666666667,3.0,0.0,174.0,1.6508790745952642,53.46271897310834,88.26048402367176
CUST004159,18.0,558.0,857.0,433.7916666666667,0.0,0.0,174.0,0.4377734846398761,437.72227155257826,191.6232041220543
CUST004160,7.0,520.0,614.0,768.1071428571429,1.0,0.0,174.0,2.201932179969169,785.8444467189344,1730.3761756804888
CUST004161,12.0,335.0,649.0,158.79749999999999,0.0,0.0,174.0,0.20226697941625693,161.1574375456373,32.59682810282013
CUST004162,10.0,306.0,598.0,55.775999999999996,0.0,0.0,174.0,0.4603045687065464,57.0100559886838,26.24198923380716
CUST004163,17.0,759.0,760.0,157.7329411764706,5.0,36.7,174.0,4.012524302057949,159.38276312900953,639.5272103842964
CUST004164,24.0,254.0,690.0,81.81708333333333,0.0,0.0,174.0,1.9691661678198778e-07,82.49418469328064,1.6244475753989266e-05
CUST004166,71.0,837.0,849.0,243.0487323943662,13.0,0.0,174.0,14.18052846747695,243.6258008887297,3454.742604914503
CUST004167,13.0,495.0,557.0,142.73538461538462,6.0,398.02,174.0,4.151194742815723,144.71979417437504,600.7600487580391
CUST004169,19.0,794.0,819.0,46.00631578947368,6.0,0.0,174.0,4.133794244084217,46.571528471881535,192.5171163352681
CUST004170,18.0,718.0,778.0,163.52833333333334,2.0,0.0,174.0,4.099611235242776,165.13553250732167,676.9914844048145
CUST004171,60.0,706.0,707.0,153.31733333333332,21.0,2258.73,174.0,14.333359496239474,153.77043179663482,2204.04687883314
CUST004172,4.0,481.0,500.0,21.3875,3.0,0.0,174.0,1.741920122684548,23.174858535764468,40.368752423815884
CUST004174,62.0,816.0,836.0,234.9716129032258,22.0,2736.0,174.0,12.584162818737427,235.6126201642625,2964.9875742964164
CUST004176,47.0,667.0,688.0,303.62553191489366,0.0,0.0,174.0,11.557877634833876,304.69662944276155,3521.6463588457586
CUST004177,104.0,783.0,788.0,251.59778846153844,20.0,752.8000000000001,174.0,22.18246889598467,252.00410860768292,5590.073300850269
CUST004178,10.0,476.0,731.0,480.892,0.0,0.0,174.0,1.7307334446658835,488.74997539499526,845.8959284957459
CUST004179,19.0,514.0,544.0,241.25052631578947,11.0,150.08,174.0,6.068181980169593,243.40515848930403,1477.0267966251185
CUST004180,2.0,63.0,618.0,1320.04,0.0,0.0,174.0,0.05386386532537657,1431.66250505658,77.11487636375887
CUST004181,36.0,689.0,689.0,217.5922222222222,8.0,139.02,174.0,8.94898849069367,218.62377657367006,1956.461660349758
CUST004182,28.0,710.0,716.0,378.68107142857144,4.0,0.0,174.0,6.7806261218269634,380.8965165248486,2582.716869661284
CUST004183,33.0,694.0,730.0,54.666060606060604,11.0,209.14,174.0,7.743642954340427,55.030815065285324,426.1389833519077
CUST004184,19.0,730.0,739.0,203.5026315789474,5.0,36.4,174.0,4.565680969107957,205.34997044281016,937.5624520576198
CUST004185,5.0,782.0,785.0,203.81199999999998,1.0,0.0,174.0,1.3537269049004252,211.00542395575422,285.6437194888252
CUST004186,26.0,584.0,751.0,188.15461538461537,0.0,0.0,174.0,2.6047475808266696,189.41053651290915,493.3666367650817
CUST004190,37.0,687.0,719.0,132.85054054054055,2.0,0.0,174.0,8.774641363164559,133.501246802932,1171.4255622310475
CUST004191,90.0,763.0,766.0,196.117,20.0,3114.6200000000003,174.0,19.766663749217006,196.49189331390548,3883.9891845829907
CUST004192,30.0,551.0,560.0,110.98700000000001,13.0,0.0,174.0,9.124851403418317,111.67793049442686,1019.0445208029242
CUST004193,16.0,692.0,699.0,251.290625,4.0,0.0,174.0,4.106480071723439,253.95036861707152,1042.8421279328256
CUST004194,23.0,755.0,766.0,168.36695652173913,4.0,252.26,174.0,5.276200082202087,169.65491154760767,895.1332582534754
CUST004195,30.0,864.0,865.0,59.773,6.0,218.23,174.0,6.049768135981606,60.20066920003416,364.20009029113595
CUST004197,5.0,606.0,674.0,459.304,1.0,946.56,174.0,1.5516397368420425,474.5853113755424,736.3854276518454
CUST004200,23.0,532.0,596.0,333.1065217391304,8.0,4415.46,174.0,6.521507653061037,335.5007683884323,2187.9708286530195
CUST004201,7.0,205.0,895.0,124.08,0.0,0.0,174.0,0.0023895162649183936,127.38540219657924,0.30438949046189734
CUST004203,27.0,620.0,623.0,234.3133333333333,6.0,2682.18,174.0,7.472740323721921,235.7862626325049,1761.9695125536066
CUST004204,36.0,581.0,615.0,221.2538888888889,13.0,593.8233333333334,174.0,9.876141903958585,222.30111522359948,2195.4773593565164
CUST004205,28.0,743.0,758.0,217.5832142857143,3.0,0.0,174.0,6.417620194959603,218.91107266859723,1404.8881208582586
CUST004207,6.0,182.0,880.0,445.95666666666665,0.0,0.0,174.0,0.003799797545463346,458.27400221260757,1.7413484287571304
CUST004208,38.0,729.0,737.0,96.96447368421053,8.0,0.0,174.0,8.837991210687726,97.45251042987209,861.2844306386635
CUST004209,22.0,687.0,698.0,171.27863636363637,7.0,0.0,174.0,5.5268179024877035,172.64599404279699,954.1829706685158
CUST004211,28.0,532.0,538.0,274.36428571428576,13.0,122.98,174.0,8.873324142855417,276.0049857790267,2449.0817038615037
CUST004212,41.0,384.0,734.0,260.9548780487805,0.0,0.0,174.0,4.981435793698294e-08,262.0230350564678,1.3052509256037515e-05
CUST004213,16.0,491.0,494.0,58.53375,0.0,0.0,174.0,5.689037176179844,59.32725458635251,337.5149569024456
CUST004214,120.0,719.0,719.0,79.15066666666667,26.0,708.4533333333334,174.0,27.888789383888344,79.2819800323463,2211.0784430597473
CUST004215,11.0,628.0,668.0,30.377272727272725,3.0,0.0,174.0,3.0430433385154454,31.138292243686085,94.7551727848961
CUST004216,21.0,623.0,684.0,259.6,8.0,499.01,174.0,5.320847019468052,261.6829648783024,1392.3750237182783
CUST004217,2.0,112.0,668.0,302.57500000000005,0.0,0.0,174.0,0.14117991871377847,329.66084472536596,46.541491261442715
CUST004218,13.0,309.0,468.0,242.86,0.0,0.0,174.0,2.6050061660387347,246.0401758278126,640.9361751247062
CUST004220,19.0,794.0,802.0,63.95052631578947,4.0,0.0,174.0,4.224029906918093,64.66181696837714,273.1334487100889
CUST004222,33.0,700.0,702.0,253.01818181818177,4.0,0.0,174.0,8.085757470527628,254.30942380292893,2056.2843233401095
CUST004223,59.0,797.0,806.0,72.92237288135594,11.0,1748.0,174.0,12.438255459376427,73.17356657057333,910.1515138784781
CUST004224,21.0,472.0,833.0,286.58619047619044,0.0,0.0,174.0,0.010899044556674932,288.8677646990758,3.148382638442317
CUST004226,98.0,717.0,717.0,107.47020408163266,17.0,138.53,174.0,22.89603552060164,107.67544733180972,2465.3408668057864
CUST004227,17.0,505.0,509.0,529.1723529411765,8.0,0.0,174.0,5.8503415537660715,534.2049191607189,3125.281236792199
CUST004228,8.0,486.0,491.0,231.9025,6.0,0.0,174.0,3.090981764625285,236.89489776640616,732.2378091287326
CUST004229,18.0,791.0,794.0,62.34277777777778,5.0,0.0,174.0,4.057148827134727,63.08010276335023,255.92536494186442
CUST004230,39.0,873.0,873.0,119.22179487179486,12.0,227.5,174.0,7.714986073602536,119.78517331064528,924.1409439156945
CUST004231,14.0,477.0,490.0,126.98142857142857,1.0,0.0,174.0,5.066968824150519,128.64796591018938,651.8552325573083
CUST004232,10.0,157.0,792.0,50.175,0.0,0.0,174.0,2.608888408242081e-05,51.32178434378041,0.0013389280826478862
CUST004234,23.0,744.0,857.0,72.25,0.0,0.0,174.0,4.493411716768985,72.89249148024373,327.5359752818106
CUST004237,13.0,547.0,608.0,239.03076923076924,0.0,0.0,174.0,3.833821199078868,242.1652133973735,928.4181288023084
CUST004238,51.0,815.0,816.0,85.36607843137256,10.0,1883.3425,174.0,10.672407444446387,85.6943414305346,914.564927430168
CUST004239,30.0,585.0,606.0,80.87666666666668,13.0,1585.25,174.0,8.456483168902212,81.41281750459474,688.4661209605127
CUST004240,37.0,863.0,870.0,161.6508108108108,12.0,0.0,174.0,7.354075934529673,162.42143724944236,1194.4595829278455
CUST004241,34.0,737.0,779.0,62.81529411764706,3.0,0.0,174.0,7.47873833592086,63.20621170168303,472.7027185217065
CUST004242,16.0,694.0,736.0,282.0425,2.0,135.56,174.0,3.8930171085239222,284.9999780008271,1109.5097902861614
CUST004244,7.0,622.0,675.0,612.1557142857143,1.0,0.0,174.0,2.038398725410652,626.3983274242121,1276.8495522208782
CUST004245,24.0,802.0,835.0,73.33208333333333,3.0,0.0,174.0,5.045673157580852,73.95459399526628,373.15070980170515
CUST004246,7.0,618.0,697.0,86.9342857142857,4.0,0.0,174.0,1.9682237455551,89.40729551591521,175.97356206028633
CUST004247,46.0,563.0,605.0,85.73543478260869,14.0,117.07,174.0,12.502731600779857,86.10073398393985,1076.4943676313449
CUST004248,31.0,613.0,615.0,35.402903225806455,8.0,0.0,174.0,8.62981417465772,35.6954967247714,308.0455036068805
CUST004249,29.0,557.0,565.0,31.474827586206896,7.0,0.0,174.0,8.76247671094065,31.76681534846657,278.3559796716903
CUST004250,51.0,799.0,863.0,251.22823529411764,11.0,60.88,174.0,9.678333385475115,252.05696872944338,2439.491375495829
CUST004252,27.0,550.0,747.0,148.41296296296298,0.0,0.0,174.0,0.787717392578274,149.39498555767534,117.68102848776093
CUST004253,24.0,712.0,831.0,100.08958333333334,3.0,2538.03,174.0,4.687215230932248,100.88424609922849,472.866174877421
CUST004254,15.0,159.0,875.0,96.46466666666667,0.0,0.0,174.0,8.315422988865955e-09,97.70359457517087,8.124467164252149e-07
CUST004255,18.0,656.0,667.0,65.71722222222222,4.0,1018.07,174.0,4.783838622889066,66.48355670530988,318.0466063538967
CUST004256,15.0,659.0,720.0,43.788000000000004,1.0,0.0,174.0,3.7296423357443222,44.482569659604756,165.9040750051578
CUST004257,33.0,630.0,631.0,217.59,7.0,367.04,174.0,8.944024439795292,218.71575966821885,1956.1990998409428
CUST004258,48.0,699.0,725.0,71.515,10.0,36.23,174.0,11.209451032135185,71.8194306445258,805.056390965641
CUST004259,24.0,770.0,780.0,171.29999999999998,0.0,0.0,174.0,5.398909470541195,172.5528155474776,931.5970300278248
CUST004260,21.0,735.0,890.0,144.52285714285713,4.0,964.4166666666666,174.0,3.686028062100756,145.75889270227333,537.2713688013126
CUST004261,9.0,494.0,613.0,23.046666666666667,2.0,1376.52,174.0,2.676814225820735,23.852601790239557,63.84898379495037
CUST004263,23.0,640.0,887.0,99.26304347826085,0.0,0.0,174.0,0.8586832706526127,100.08693827642647,85.94297950880805
CUST004264,20.0,663.0,668.0,38.967,10.0,245.75,174.0,5.272193954037266,39.44931619228465,207.98444631986754
CUST004265,17.0,396.0,635.0,14.200588235294118,0.0,0.0,174.0,0.4382625160531096,14.543243450371069,6.373758466132532
CUST004266,3.0,571.0,587.0,285.4866666666667,1.0,0.0,174.0,1.2219258299417488,302.1362537157582,369.1880925771186
CUST004269,53.0,558.0,561.0,138.84,21.0,0.0,174.0,15.790195640951241,139.31108489335415,2199.749285419229
CUST004270,6.0,604.0,818.0,105.45166666666667,0.0,0.0,174.0,1.4206644493575658,108.83358746975485,154.61600861432774
CUST004271,57.0,810.0,839.0,98.91333333333333,16.0,600.895,174.0,11.521981548994225,99.24351190613552,1143.481913039882
CUST004272,48.0,797.0,797.0,43.806250000000006,5.0,0.0,174.0,10.291055486290281,44.02183034377925,453.03109867588944
CUST004273,6.0,540.0,680.0,518.8299999999999,3.0,0.0,174.0,1.7389335422262002,533.0596524194889,926.9553095996889
CUST004274,12.0,552.0,676.0,58.06,1.0,0.0,174.0,3.1148619710959786,59.11529615890731,184.13598791545655
CUST004275,30.0,717.0,885.0,143.845,0.0,0.0,174.0,3.079651884593074,144.70483430219727,445.6405156684903
CUST004276,2.0,67.0,795.0,121.185,0.0,0.0,174.0,0.021838271656904152,133.19995303132347,2.908856758984916
CUST004277,22.0,693.0,708.0,55.36727272727273,3.0,708.68,174.0,5.450528320520802,55.92060967525657,304.7968667357755
CUST004278,13.0,566.0,800.0,181.88538461538462,0.0,0.0,174.0,2.0963837327923187,184.33735401712258,386.44183030747456
CUST004279,11.0,575.0,691.0,6.252727272727273,0.0,0.0,174.0,2.864310994218244,6.672507284656273,19.112135974442285
CUST004280,1.0,88.0,439.0,1065.38,0.0,0.0,174.0,0.42468321313220136,1262.7025215135477,536.2485640665061
CUST004281,17.0,597.0,599.0,85.95470588235294,2.0,0.0,174.0,5.025434510812397,86.95083464497642,436.96572516880667
CUST004282,10.0,569.0,597.0,338.071,3.0,951.765,174.0,3.1147534425098047,343.70361856643837,1070.5520291328908
CUST004283,18.0,831.0,840.0,24.91,5.0,0.0,174.0,3.8431778509356,25.325522066066622,97.33048546768804
CUST004284,44.0,629.0,637.0,221.18204545454546,14.0,0.0,174.0,11.689435071761535,222.03794936669615,2595.4981925890697
CUST004285,42.0,473.0,712.0,323.5807142857143,0.0,0.0,174.0,0.0004516182727960836,324.85295343647584,0.14670952974368778
CUST004286,16.0,798.0,811.0,193.529375,7.0,0.0,174.0,3.563713894558391,195.6298840932024,697.168936133793
CUST004287,23.0,624.0,631.0,99.86478260869565,5.0,0.0,174.0,6.341667728066305,100.69271832416375,638.5597622476199
CUST004288,30.0,539.0,729.0,193.72933333333333,0.0,0.0,174.0,0.5034128086943181,194.84559388935278,98.08776768155155
CUST004289,17.0,890.0,897.0,49.892352941176476,1.0,0.0,174.0,3.4237221222529355,50.56005743377743,173.10358713840276
CUST004290,40.0,829.0,837.0,199.23775,7.0,0.0,174.0,8.22632213233831,200.09508032550622,1646.0465878537238
CUST004291,32.0,838.0,853.0,55.36125,7.0,447.24,174.0,6.514309774311112,55.74080708916823,363.1128844489587
CUST004292,60.0,782.0,787.0,192.70516666666666,15.0,170.615,174.0,12.940193223615513,193.25924053776777,2500.8119148079027
CUST004294,12.0,514.0,576.0,784.4125,5.0,625.89,174.0,3.7500193808841558,794.8747154576273,2980.795588340881
CUST004295,10.0,589.0,654.0,413.433,2.0,3363.42,174.0,2.839071949301726,420.2398670404982,1193.0912184929653
CUST004296,28.0,720.0,724.0,36.447500000000005,8.0,508.09499999999997,174.0,6.710615821446635,36.77737084802332,246.79880668395552
CUST004297,33.0,819.0,821.0,50.84848484848485,5.0,0.0,174.0,6.966300670265262,51.195407704520676,356.64260300650574
CUST004298,110.0,856.0,857.0,195.52618181818184,12.0,2473.77,174.0,21.646139331817334,195.8319923064396,4239.006591092571
CUST004299,7.0,385.0,744.0,261.56857142857143,0.0,0.0,174.0,0.8286633177544027,267.954933123449,222.04442389073634
CUST004300,16.0,681.0,717.0,180.05874999999997,4.0,0.0,174.0,3.9945593386501863,182.02883881043334,727.124997973866
CUST004301,71.0,845.0,862.0,46.203380281690144,20.0,258.5,174.0,13.96325935390775,46.354164678577995,647.2552235407344
CUST004302,22.0,593.0,594.0,148.28227272727275,6.0,558.975,174.0,6.44121601750354,149.48813186000606,962.8853493633522
CUST004303,56.0,795.0,795.0,259.83160714285714,11.0,654.1633333333333,174.0,11.985724738829589,260.6097787520255,3123.5970723690575
CUST004305,7.0,397.0,416.0,86.57714285714285,1.0,0.0,174.0,3.210369038411927,89.04214950137148,285.858159872849
CUST004306,7.0,714.0,732.0,320.47857142857146,0.0,0.0,174.0,1.8965898196796371,328.1850379304078,622.432401909987
CUST004308,19.0,473.0,790.0,105.67,0.0,0.0,174.0,0.08047194654659803,106.72091529217954,8.588039790796289
CUST004309,70.0,852.0,879.0,106.08257142857143,2.0,225.91,174.0,13.472513180547436,106.36704426144082,1433.031405788134
CUST004310,86.0,717.0,723.0,309.276976744186,5.0,242.98,174.0,19.962401919923433,309.8715760926697,6185.78094552201
CUST004311,43.0,748.0,755.0,150.88744186046512,13.0,45.76,174.0,9.73412674559492,151.51161281693373,1474.833242589537
CUST004312,32.0,332.0,713.0,46.206875,0.0,0.0,174.0,2.2308952822454688e-07,46.54233003844128,1.0383106450747021e-05
CUST004313,10.0,492.0,496.0,11.825,4.0,3842.57,174.0,3.71377650918571,12.374236123454564,45.9551474344028
CUST004314,5.0,544.0,667.0,463.13,2.0,0.0,174.0,1.5449233110172096,478.53242772074344,739.2959026634345
CUST004315,41.0,743.0,745.0,42.5919512195122,9.0,0.0,174.0,9.418360618006977,42.8399151840295,403.48177004802255
CUST004316,30.0,758.0,779.0,162.273,7.0,47.615,174.0,6.67285108052565,163.2275618988128,1089.1932127880605
CUST004317,3.0,81.0,591.0,879.39,0.0,0.0,174.0,0.04139754916559414,928.0495954241383,38.418978754680516
CUST004318,32.0,696.0,717.0,197.0325,0.0,0.0,174.0,7.677636777785092,198.09457147753997,1520.8981674555387
CUST004319,26.0,697.0,709.0,425.6023076923077,9.0,585.4,174.0,6.375041188603215,428.2677050808512,2730.224259639001
CUST004320,71.0,805.0,913.0,278.6542253521127,0.0,0.0,174.0,2.4455121457644866,279.3084003428591,683.0520854525116
CUST004321,54.0,722.0,743.0,277.9551851851852,14.0,471.815,174.0,12.298585556681896,278.81389918665394,3429.0165935391447
CUST004322,7.0,154.0,752.0,613.407142857143,0.0,0.0,174.0,0.0015296723943260672,627.6777990591734,0.9601414017521618
CUST004323,14.0,144.0,743.0,416.51928571428573,0.0,0.0,174.0,1.3021479312041997e-07,421.3939813606973,5.4871730105073306e-05
CUST004325,21.0,671.0,759.0,190.83380952380952,0.0,0.0,174.0,4.748511090810543,192.41067821813994,913.664239509216
CUST004326,30.0,555.0,593.0,181.334,9.0,0.0,174.0,8.571499353057817,182.38654337911936,1563.3261385805731
CUST004327,6.0,424.0,480.0,61.20666666666667,0.0,0.0,174.0,2.4601965595333724,63.42752544336017,156.04417987547012
CUST004328,57.0,782.0,782.0,211.69543859649121,12.0,933.13,174.0,12.3877061681965,212.3300060041424,2630.281725070715
CUST004330,18.0,665.0,687.0,281.90388888888884,8.0,0.0,174.0,4.646156089065605,284.5287416177922,1321.9649453816794
CUST004331,16.0,754.0,809.0,110.41375,0.0,0.0,174.0,3.551494246650064,111.70954785560009,396.7358165050437
CUST004333,13.0,518.0,562.0,41.350769230769224,7.0,90.73,174.0,4.145696159475811,42.12436461795249,174.6348166170044
CUST004335,29.0,701.0,726.0,160.98758620689654,11.0,139.02,174.0,6.902231543389621,161.96840247922867,1117.9434166245578
CUST004336,10.0,860.0,877.0,226.00100000000003,3.0,0.0,174.0,2.1667749848533995,229.8874065963753,498.1142819458484
CUST004338,16.0,666.0,720.0,374.8,4.0,0.0,174.0,3.9633323046568516,378.65554021983706,1500.737734890572
CUST004339,25.0,651.0,659.0,48.5732,14.0,913.8,174.0,6.585207352918252,49.017774134243346,322.7922066525054
CUST004340,7.0,483.0,546.0,188.92428571428573,2.0,0.0,174.0,2.476348249690648,193.68277318119664,479.62599636248706
CUST004341,9.0,406.0,561.0,49.22333333333333,3.0,0.0,174.0,2.7020312611208506,50.4832434758021,136.4073020343925
CUST004342,10.0,665.0,692.0,21.221,4.0,0.0,174.0,2.7114944693148826,21.916639332794375,59.42684633684097
CUST004343,35.0,620.0,649.0,410.2968571428571,11.0,1980.68,174.0,9.167645492524056,412.20646155798596,3778.96270929136
CUST004344,68.0,693.0,697.0,184.97426470588235,12.0,418.28,174.0,16.416386224930243,185.44552385129617,3044.3453432273914
CUST004345,17.0,757.0,786.0,275.53058823529415,0.0,0.0,174.0,3.875910460105019,278.2532078033622,1078.4845186828272
CUST004346,25.0,558.0,775.0,119.5484,0.0,0.0,174.0,0.6665047073262235,120.43123521641014,80.26798518084902
CUST004348,5.0,596.0,637.0,108.59400000000001,3.0,0.0,174.0,1.6428810704208572,112.77319077296421,185.27294037186297
CUST004349,13.0,644.0,658.0,343.83384615384614,5.0,3160.84,174.0,3.596406534862405,348.2199304268517,1252.3404333564615
CUST004351,5.0,820.0,848.0,145.346,1.0,0.0,174.0,1.255160130951811,150.6886167841585,189.13834397575167
CUST004352,20.0,595.0,664.0,463.0625,5.0,0.0,174.0,5.199968118572434,466.82328384239526,2427.466192987745
CUST004353,15.0,562.0,591.0,29.677333333333333,5.0,36.13,174.0,4.520088400613688,30.22608401304559,136.62457174334222
CUST004354,22.0,477.0,478.0,84.75500000000001,10.0,0.0,174.0,7.888294049269031,85.5147206750981,674.5652622262797
CUST004355,45.0,617.0,618.0,272.3411111111111,4.0,3849.1000000000004,174.0,12.301534050544923,273.3529492488513,3362.6606130016226
CUST004356,34.0,895.0,900.0,40.38470588235294,7.0,0.0,174.0,6.564101067302184,40.67394739591605,266.9879015129255
CUST004357,23.0,595.0,598.0,200.3121739130435,11.0,0.0,174.0,6.67293808665455,201.81465376397225,1346.6966895466114
CUST004358,16.0,643.0,643.0,189.62125,4.0,554.86,174.0,4.446365611422626,191.6839212966936,852.2967959162596
CUST004359,16.0,797.0,804.0,178.473125,1.0,0.0,174.0,3.5949723781446794,180.4278620609143,648.6331803566852
CUST004360,70.0,693.0,720.0,221.232,1.0,0.0,174.0,16.24109365011037,221.76940816447987,3601.7777267288684
CUST004362,14.0,732.0,745.0,163.74142857142857,2.0,305.02,174.0,3.4197804086632364,165.8152767211244,567.0518347879745
CUST004363,12.0,269.0,486.0,183.79250000000002,0.0,0.0,174.0,0.6650865650705636,186.47614531544815,124.02277895545069
CUST004364,11.0,596.0,675.0,171.48090909090908,4.0,0.0,174.0,2.983845296535681,174.23782672877684,519.8987197632597
CUST004365,14.0,572.0,655.0,235.94071428571428,5.0,1347.7,174.0,3.7862223567384055,238.81455018332127,904.2049890185169
CUST004366,23.0,755.0,801.0,103.4913043478261,12.0,1198.855,174.0,5.028850435131996,104.34359359741276,524.7283260655853
CUST004367,35.0,714.0,725.0,121.78428571428572,7.0,0.0,174.0,8.290999795586933,122.42361597447139,1015.0141750193554
CUST004368,8.0,738.0,816.0,456.38374999999996,0.0,0.0,174.0,1.899911771366421,465.7654219525114,884.9132078630245
CUST004369,18.0,659.0,712.0,266.33,4.0,989.48,174.0,4.463194790318844,268.8209667816126,1199.8003384681683
CUST004370,65.0,802.0,804.0,174.73676923076923,22.0,182.29,174.0,13.714540384926218,175.2056088439984,2402.864398156602
CUST004371,39.0,889.0,898.0,39.09487179487179,6.0,561.53,174.0,7.504537865680484,39.34179043156786,295.24195599736714
CUST004372,108.0,853.0,863.0,190.17814814814815,29.0,2427.0625,174.0,21.09439094614262,190.48202167312803,4018.1022333845744
CUST004373,51.0,488.0,619.0,70.39588235294117,0.0,0.0,174.0,0.11525289182597048,70.67897446621495,8.145956198525202
CUST004374,49.0,653.0,654.0,52.73142857142857,15.0,1003.53,174.0,12.666881130371296,52.970628887564665,670.9726595197935
CUST004375,11.0,597.0,626.0,92.97727272727273,3.0,89.84,174.0,3.2399347628695723,94.62376355840867,306.5748209464393
CUST004376,39.0,741.0,750.0,163.9274358974359,12.0,468.96000000000004,174.0,8.911975007547113,164.66737843947269,1467.511561210883
CUST004377,5.0,95.0,795.0,140.244,0.0,0.0,174.0,0.0008712278623027785,145.4251072198052,0.12669840528826323
CUST004378,17.0,762.0,778.0,154.3729411764706,3.0,0.0,174.0,3.9194106238660598,155.99216319702296,611.39734167426
CUST004379,23.0,569.0,741.0,114.95217391304348,0.0,0.0,174.0,2.7685373713387094,115.88142745460536,320.82206255215044
CUST004380,45.0,566.0,570.0,165.7913333333333,7.0,0.0,174.0,13.26816189533111,166.43865589598377,2208.3350320692184
CUST004381,35.0,510.0,517.0,184.27571428571432,12.0,523.23,174.0,11.398294566993117,185.19018419138132,2110.8522703290764
CUST004382,14.0,681.0,736.0,103.4007142857143,5.0,123.77,174.0,3.437806233503843,104.80597088839946,360.302620028562
CUST004383,31.0,543.0,544.0,371.2648387096774,5.0,165.185,174.0,9.682790230766596,373.2279328769407,3613.8877823100524
CUST004384,19.0,810.0,892.0,322.038947368421,2.0,0.0,174.0,3.763544093692609,324.8512517501442,1222.592009852906
CUST004386,9.0,470.0,539.0,109.5111111111111,5.0,0.0,174.0,3.091187036264392,111.81657626653761,345.6459509945898
CUST004387,15.0,528.0,537.0,24.854666666666663,3.0,0.0,174.0,4.958308161028092,25.353580131007934,125.71086327485632
CUST004388,40.0,746.0,791.0,71.87025,7.0,3093.71,174.0,8.59131986034739,72.2371690491302,620.6126251070641
CUST004389,6.0,627.0,742.0,102.79666666666667,3.0,0.0,174.0,1.6227246107121818,106.10891587567465,172.1855492074458
CUST004390,105.0,751.0,752.0,122.15257142857143,22.0,211.09,174.0,23.421204387796358,122.36559673878924,2865.9496512538503
CUST004393,22.0,710.0,789.0,104.22090909090907,10.0,2146.936666666667,174.0,4.821384339685076,105.11733468478384,506.81107127865164
CUST004394,33.0,844.0,849.0,150.22181818181818,9.0,986.0066666666668,174.0,6.745200935453047,151.03290624637455,1018.747300497238
CUST004395,1.0,29.0,885.0,283.63,0.0,0.0,174.0,0.015384579386272487,339.2770435504942,5.219634610442406
CUST004396,32.0,833.0,850.0,31.8775,5.0,0.0,174.0,6.534868061839728,32.14392194517872,210.05628890181757
CUST004397,26.0,658.0,695.0,349.7134615384615,6.0,0.0,174.0,6.465331884151962,351.9283869681831,2275.333821203564
CUST004399,92.0,893.0,908.0,93.70315217391305,18.0,322.9,174.0,17.14055792313651,93.89880623271233,1609.477927145177
CUST004400,46.0,785.0,804.0,75.2986956521739,15.0,211.09,174.0,9.772192758052054,75.62906870036717,739.0618374519493
CUST004401,48.0,718.0,728.0,190.18041666666667,11.0,989.48,174.0,11.207137077875664,190.86535736520244,2139.054223409549
CUST004403,15.0,559.0,680.0,691.4393333333334,3.0,0.0,174.0,3.73344638314749,698.8267020635712,2609.032023266129
CUST004405,10.0,443.0,517.0,473.54499999999996,3.0,0.0,174.0,3.5046028943605334,481.2884985560191,1686.7250650618598
CUST004406,26.0,794.0,810.0,56.777692307692305,6.0,0.0,174.0,5.614816852414103,57.25376734684565,321.46941776326526
CUST004407,6.0,377.0,553.0,64.48333333333333,5.0,0.0,174.0,1.9752158934011033,66.7901772663116,131.92501965949572
CUST004408,26.0,418.0,570.0,163.32538461538462,14.0,94.53000000000002,174.0,1.2441659839910524,164.4339208144362,204.5830908915998
CUST004410,72.0,684.0,687.0,145.82333333333335,13.0,1219.415,174.0,17.60329107058797,146.18475116091025,2573.332724766976
CUST004411,4.0,503.0,568.0,141.9825,9.0,645.69,174.0,1.5353919417727966,148.57988869261987,228.1283638081476
CUST004412,33.0,667.0,684.0,164.88939393939395,12.0,704.1,174.0,8.272848641190226,165.76899312390208,1371.3817895165453
CUST004413,34.0,550.0,561.0,323.20705882352945,7.0,376.35,174.0,10.266049052020138,324.7783115437224,3334.1900773401326
CUST004414,3.0,242.0,735.0,157.24666666666664,0.0,0.0,174.0,0.40714946734369845,166.9844159744602,67.98761601870004
CUST004415,31.0,520.0,534.0,59.27645161290323,17.0,73.62,174.0,9.83372559977232,59.687786696793076,586.9533160340038
CUST004417,81.0,892.0,902.0,248.5035802469136,14.0,1003.9325,174.0,15.233761996532646,249.0196222698794,3793.505658125803
CUST004418,19.0,732.0,796.0,74.7678947368421,2.0,0.0,174.0,4.212291612923843,75.56724606054804,318.31127679259885
CUST004419,14.0,864.0,874.0,149.27214285714285,2.0,2091.5,174.0,2.9374807874527846,151.18566738067068,444.1049932689473
CUST004420,19.0,606.0,609.0,70.64421052631579,5.0,0.0,174.0,5.48480404581732,71.40999228070282,391.66981457298243
CUST004421,38.0,612.0,623.0,41.54815789473684,12.0,1640.2700000000002,174.0,10.355662186725663,41.811545952477225,432.9862453886108
CUST004425,4.0,292.0,396.0,35.26,4.0,0.0,174.0,2.080141623520039,37.600674538509,78.2147281799827
CUST004426,102.0,758.0,759.0,164.73735294117645,14.0,582.055,174.0,22.56114077328401,165.0208037549671,3723.057584036287
CUST004427,14.0,504.0,719.0,268.55642857142857,7.0,0.0,174.0,2.1919683815088993,271.7916554656334,595.7587151386289
CUST004428,34.0,814.0,882.0,125.75205882352941,0.0,0.0,174.0,6.5597656669345525,126.42826375074347,829.3397838822732
CUST004431,17.0,627.0,629.0,24.644117647058827,3.0,222.105,174.0,4.79957902854398,25.081883365022605,120.38248139514862
CUST004432,32.0,669.0,673.0,99.07,15.0,0.0,174.0,8.169455205931676,99.66012804673896,814.168951895249
CUST004433,15.0,575.0,577.0,33.69266666666667,8.0,137.455,174.0,4.639620878656288,34.28291161624061,159.05971251583813
CUST004434,53.0,713.0,723.0,87.95566037735848,19.0,726.87,174.0,12.421598384902332,88.27901818824718,1096.5665097478948
CUST004435,34.0,516.0,550.0,64.97323529411766,5.0,0.0,174.0,10.362978779678494,65.37393465368413,677.4686975602172
CUST004436,62.0,908.0,913.0,292.665,9.0,1074.3533333333332,174.0,11.592688806347104,293.44912821030664,3401.864423835938
CUST004437,13.0,827.0,827.0,16.354615384615386,5.0,0.0,174.0,2.897871195478939,16.829687201898242,48.77026577130146
CUST004439,15.0,616.0,628.0,242.588,2.0,0.0,174.0,4.280510254633767,245.3369597098713,1050.1673718787754
CUST004441,34.0,739.0,768.0,100.06529411764707,14.0,638.875,174.0,7.611604855774967,100.62506298571465,765.9182180347275
CUST004442,4.0,507.0,646.0,28.1275,0.0,0.0,174.0,1.3360437806429355,30.183688945459778,40.32672989244246
CUST004443,27.0,611.0,682.0,181.58592592592592,6.0,522.0,174.0,6.6421450101138095,182.75752663136217,1213.901993575244
CUST004444,12.0,371.0,869.0,46.296666666666674,0.0,0.0,174.0,0.013209094024407588,47.19961706046598,0.6234641796677277
CUST004445,8.0,551.0,589.0,264.9125,5.0,0.0,174.0,2.597247951433492,270.55034116483404,702.6863193499976
CUST004446,74.0,772.0,774.0,282.465,12.0,622.37,174.0,16.147915630490125,283.1005165588485,4571.483256340458
CUST004447,26.0,606.0,616.0,121.57153846153845,9.0,3842.57,174.0,7.281507265650086,122.43222615822724,891.4911443208462
CUST004448,41.0,561.0,609.0,167.84731707317073,11.0,1613.23,174.0,11.059453385553716,168.5657527481777,1864.2450849192444
CUST004449,2.0,94.0,525.0,198.73,0.0,0.0,174.0,0.23218217772444855,217.18782362184402,50.42714186375317
CUST004450,42.0,666.0,673.0,185.67571428571426,12.0,209.14,174.0,10.610968131336172,186.44234662525517,1978.3337983721146
CUST004451,80.0,837.0,837.0,235.64162499999998,30.0,1482.81,174.0,16.180168800160143,236.13941591510638,3820.7756098776435
CUST004454,16.0,597.0,623.0,207.67374999999998,4.0,0.0,174.0,4.56678138202109,209.91120250800992,958.6185714912384
CUST004455,3.0,22.0,616.0,383.39000000000004,0.0,0.0,174.0,0.001413135274076235,405.31634901362844,0.5727668299509527
CUST004456,26.0,499.0,550.0,300.2819230769231,4.0,896.77,174.0,7.93983083150912,302.2034256508905,2399.4440763706143
CUST004457,24.0,581.0,601.0,396.80583333333334,4.0,0.0,174.0,6.898000021383252,399.5095057868778,2755.8165794606957
CUST004458,8.0,774.0,886.0,210.075,1.0,0.0,174.0,1.7466004843082215,214.6406054071458,374.8913853563307
CUST004459,19.0,634.0,637.0,67.16842105263159,6.0,673.85,174.0,5.257478032214123,67.9059075376144,357.0138171365711
CUST004461,106.0,834.0,845.0,165.4488679245283,20.0,453.8733333333333,174.0,21.125907113387445,165.72263831279136,3501.0410635815338
CUST004462,13.0,730.0,756.0,348.72,2.0,0.0,174.0,3.149593642411922,353.16443853415365,1112.3244703331463
CUST004463,27.0,669.0,706.0,53.757407407407406,4.0,0.0,174.0,6.602095812078329,54.19848883229489,357.8236161406682
CUST004464,14.0,577.0,579.0,942.7764285714286,7.0,1737.1399999999999,174.0,4.342776556687616,953.4821966775106,4140.760130950103
CUST004465,37.0,566.0,576.0,118.69756756756757,11.0,1085.4866666666667,174.0,10.86563522648895,119.28934288947433,1296.1544862445912
CUST004467,33.0,755.0,768.0,169.85484848484847,3.0,484.96,174.0,7.416816790957014,170.75764092621114,1266.4781384057314
CUST004468,8.0,315.0,755.0,71.1125,0.0,0.0,174.0,0.14463453870338996,72.96097640823544,10.552677166154051
CUST004469,16.0,849.0,874.0,83.405625,5.0,0.0,174.0,3.314537860251375,84.43993481777247,279.87936087066515
CUST004470,82.0,632.0,636.0,142.32256097560978,26.0,989.48,174.0,21.51069949071426,142.6332585361934,3068.141161753411
CUST004471,8.0,728.0,756.0,131.64625,2.0,7920.86,174.0,2.0563325716455756,134.67834074690805,276.9434587730485
CUST004472,65.0,816.0,817.0,49.48384615384616,20.0,271.78000000000003,174.0,13.507028758931037,49.656343463250984,670.7096592214882
CUST004473,46.0,811.0,814.0,97.9486956521739,6.0,0.0,174.0,9.675756796270122,98.35486606951538,951.657763818351
CUST004474,60.0,763.0,778.0,152.495,9.0,4330.61,174.0,13.064969618341395,152.9459903137372,1998.234716696114
CUST004475,8.0,492.0,640.0,818.4975,4.0,0.0,174.0,2.286186185291744,834.959569693119,1908.8730335095477
CUST004476,7.0,405.0,469.0,35.604285714285716,4.0,2732.18,174.0,2.842303389984146,36.92704972163251,104.95787860590919
CUST004477,45.0,542.0,543.0,241.98288888888888,14.0,1931.1933333333334,174.0,13.888665277775639,242.89086904529086,3373.4299791980807
CUST004478,47.0,886.0,887.0,55.774468085106385,9.0,0.0,174.0,9.101724264191615,56.033846512456314,510.00462041841234
CUST004480,16.0,738.0,836.0,219.9275,8.0,0.0,174.0,3.393188088179303,222.28359121556667,754.2500339103783
CUST004481,34.0,674.0,736.0,119.24970588235294,7.0,8232.82,174.0,7.75096833875854,119.89643616142352,929.3134806171782
CUST004482,59.0,872.0,898.0,151.51305084745763,13.0,550.54,174.0,11.182963131218965,151.96914487204373,1699.4653441869386
CUST004483,15.0,755.0,843.0,41.714000000000006,6.0,184.65,174.0,3.1921530350377547,42.38713703906023,135.30622814579735
CUST004485,30.0,614.0,631.0,150.296,3.0,0.0,174.0,8.148459039143361,151.1889951295126,1231.9573339820786
CUST004486,4.0,607.0,749.0,484.14000000000004,3.0,1205.08,174.0,1.1679360110862638,504.3846202809466,589.0889614641886
CUST004487,8.0,586.0,708.0,139.5475,3.0,0.0,174.0,2.1373604906991583,142.73408361730574,305.0741909997793
CUST004489,41.0,831.0,849.0,79.89243902439024,8.0,34.35,174.0,8.301987349275262,80.28050736032554,666.4877564988221
CUST004490,19.0,408.0,862.0,144.67,0.0,0.0,174.0,0.0008217212248465229,146.03840158273874,0.12000285422319647
CUST004491,32.0,765.0,785.0,44.0884375,2.0,0.0,174.0,7.046743014409603,44.413686769277696,312.9718369855838
CUST004492,56.0,707.0,708.0,151.40875,15.0,72.46,174.0,13.381901311356152,151.8890582187342,2032.5643873579302
CUST004494,72.0,570.0,703.0,129.74305555555554,0.0,0.0,174.0,0.01150484469049992,130.07013496350717,1.4964367016275135
CUST004495,15.0,822.0,826.0,90.916,1.0,0.0,174.0,3.3030068123194236,92.09758824254722,304.1989613633227
CUST004496,23.0,726.0,755.0,144.77347826086955,5.0,0.0,174.0,5.337079335621448,145.90299370767758,778.6958527225522
CUST004498,16.0,471.0,822.0,140.12125,0.0,0.0,174.0,0.11326318358354429,141.70467077958187,16.049922141153484
CUST004499,29.0,802.0,828.0,480.845172413793,6.0,971.79,174.0,6.091989869521761,483.5271880651574,2945.6427313312824
CUST004500,34.0,785.0,789.0,176.26970588235295,15.0,409.51,174.0,7.444869129386729,177.17490328130228,1319.0439679410467
CUST004502,22.0,389.0,827.0,81.51,0.0,0.0,174.0,0.0001239241840772446,82.24693173370531,0.010192383907956267
CUST004503,49.0,689.0,704.0,155.77244897959181,5.0,0.0,174.0,11.793335626595523,156.33529426190194,1843.7145955131828
CUST004504,35.0,165.0,706.0,107.2882857142857,0.0,0.0,174.0,1.04174555696333e-17,107.86379243271415,1.1236662652399483e-15
CUST004505,4.0,234.0,780.0,307.4025,0.0,0.0,174.0,0.19356592967605152,320.5978006172189,62.05681132856938
CUST004506,10.0,609.0,657.0,3.7659999999999996,8.0,803.7149999999999,174.0,2.837998302266957,4.189665299266664,11.890263006385574
CUST004507,25.0,511.0,575.0,95.27,9.0,187.72,174.0,7.242370429753688,96.00291978317038,695.2887074076485
CUST004508,10.0,515.0,712.0,94.231,1.0,0.0,174.0,2.291039478114189,96.0642402601996,220.08696687116375
CUST004509,48.0,539.0,560.0,170.41770833333337,14.0,664.06,174.0,14.296188980562354,171.03927834286355,2445.2098462885833
CUST004511,10.0,435.0,599.0,163.9,4.0,0.0,174.0,2.7253849387524656,166.8187835968849,454.645400315957
CUST004512,12.0,604.0,613.0,276.68666666666667,2.0,0.0,174.0,3.5795587403013704,280.5733751355495,1004.3288772623114
CUST004513,41.0,801.0,803.0,309.9378048780488,8.0,5076.06,174.0,8.769218130678171,311.1899466692469,2728.8925224167333
CUST004514,22.0,746.0,784.0,168.675,4.0,0.0,174.0,4.931342579113966,170.0240728974968,838.4469501538028
CUST004515,21.0,859.0,878.0,123.51571428571428,5.0,0.0,174.0,4.249730133204844,124.59714429315017,529.5042386138722
CUST004516,84.0,862.0,872.0,103.12345238095237,31.0,952.3874999999999,174.0,16.307529719503904,103.35501167513071,1685.4649245518672
CUST004517,14.0,598.0,652.0,130.835,4.0,0.0,174.0,3.8506879752068612,132.54423595964133,510.3864955927717
CUST004518,12.0,534.0,548.0,127.59166666666665,12.0,1124.05,174.0,3.973456751758303,129.54746055503566,514.7512318155489
CUST004519,40.0,569.0,569.0,65.21074999999999,9.0,0.0,174.0,11.862998884500717,65.55202754800136,777.6436296787004
CUST004522,6.0,550.0,580.0,322.98,4.0,248.28,174.0,2.0770700642971893,332.0702242836681,689.7331221040606
CUST004523,33.0,723.0,754.0,283.1445454545455,8.0,806.105,174.0,7.523250926064474,284.5765053702524,2140.9404575629433
CUST004524,12.0,611.0,797.0,37.7925,4.0,1428.245,174.0,2.501937125680197,38.58531377344459,96.53802903580048
CUST004525,56.0,767.0,769.0,136.54214285714286,9.0,0.0,174.0,12.370043198834768,136.98160896818396,1694.4684203823276
CUST004526,62.0,789.0,824.0,288.2804838709677,9.0,1017.3075,174.0,12.663453956772187,289.0537353388597,3660.418668496664
CUST004527,46.0,739.0,768.0,210.4073913043478,11.0,1546.66,174.0,10.17873516909627,211.18990049733057,2149.6460675501207
CUST004528,23.0,820.0,827.0,71.42695652173914,2.0,0.0,174.0,4.906202986662253,72.0639209380713,353.5602241369579
CUST004529,13.0,746.0,748.0,57.448461538461544,4.0,104.46,174.0,3.188470974652546,58.41430812574654,186.2523259633532
CUST004530,19.0,836.0,840.0,158.14000000000001,4.0,0.0,174.0,4.0425424642126515,159.61805646309347,645.262771307148
CUST004531,70.0,744.0,764.0,215.36685714285716,27.0,34.96,174.0,15.429114694969293,215.8913820314761,3331.0128950190774
CUST004532,22.0,892.0,906.0,154.22454545454545,3.0,0.0,174.0,4.3097177109853515,155.47213589850276,670.0410176464987
CUST004534,56.0,902.0,907.0,175.13125,15.0,681.05,174.0,10.562541363844229,175.67672957158155,1855.5927227647067
CUST004538,14.0,782.0,806.0,468.26214285714286,1.0,0.0,174.0,3.1698753917242213,473.7101634519481,1501.602189935989
CUST004539,19.0,753.0,764.0,623.0463157894737,7.0,0.0,174.0,4.422800358982034,628.3090230642991,2778.8853727604333
CUST004540,31.0,741.0,756.0,141.3290322580645,6.0,204.765,174.0,7.0896442825368915,142.1484781646526,1007.7821454913495
CUST004541,51.0,652.0,675.0,294.1025490196078,9.0,980.8399999999999,174.0,12.726401560899497,295.0606508828877,3755.0603279560037
CUST004542,33.0,732.0,732.0,117.2439393939394,4.0,0.0,174.0,7.7720092830426415,117.90099031924841,916.3275912411192
CUST004543,22.0,680.0,713.0,22.230454545454545,6.0,127.85,174.0,5.39922806248144,22.551078702224423,121.75841696827764
CUST004545,26.0,546.0,592.0,98.58846153846154,3.0,0.0,174.0,7.467280189592419,99.31272297218798,741.5959288246993
CUST004546,54.0,753.0,784.0,190.29611111111112,16.0,218.19,174.0,11.644182398441314,190.90506009026012,2222.9333404763884
CUST004547,22.0,660.0,695.0,35.89954545454545,1.0,0.0,174.0,5.528292123839501,36.31616471505035,200.76636736227084
CUST004548,18.0,740.0,744.0,189.08888888888887,3.0,0.0,174.0,4.316014992346844,190.9158276037363,823.9955742140312
CUST004549,8.0,538.0,764.0,700.9862499999999,2.0,0.0,174.0,1.8028094919517241,715.1506262501167,1289.2803371789303
CUST004551,46.0,704.0,708.0,129.65065217391304,9.0,2875.24,174.0,11.048611466094991,130.16291199086598,1438.119441882595
CUST004552,39.0,861.0,878.0,173.29076923076923,9.0,402.0,174.0,7.662020970523553,174.06769208479585,1333.7103070443425
CUST004553,18.0,335.0,897.0,177.92833333333334,0.0,0.0,174.0,2.0489372202047496e-05,179.65932674103829,0.0036811068151663983
CUST004555,49.0,607.0,614.0,191.6251020408163,22.0,85.26,174.0,13.43493475361563,192.30055811290012,2583.545451330684
CUST004556,10.0,325.0,576.0,432.91399999999993,0.0,0.0,174.0,1.055510983452367,440.02440907127175,464.4505967618647
CUST004557,65.0,839.0,855.0,170.9893846153846,18.0,0.0,174.0,12.91067055355214,171.44935809948115,2213.5261790403874
CUST004559,15.0,530.0,632.0,135.89466666666667,4.0,0.0,174.0,4.07194864119059,137.54106238041237,560.0601420678304
CUST004561,15.0,461.0,502.0,26.331333333333337,5.0,0.0,174.0,5.239225258449891,26.84550660304463,140.64965627055474
CUST004562,23.0,552.0,622.0,246.87956521739133,5.0,36.4,174.0,6.238462776048095,248.6947635998833,1551.4730253159528
CUST004563,16.0,709.0,752.0,38.66875,5.0,0.0,174.0,3.814131680672407,39.269925060646976,149.78066527144492
CUST004565,122.0,646.0,649.0,124.2955737704918,35.0,2127.33,174.0,31.22641875571641,124.48157622344033,3887.1138265247787
CUST004566,62.0,625.0,634.0,183.41258064516128,17.0,181.38,174.0,16.39073481905455,183.92568455346478,3014.677121928919
CUST004567,27.0,375.0,729.0,42.08925925925925,0.0,0.0,174.0,7.129693732916046e-05,42.463659107223926,0.003027528842134578
CUST004568,25.0,816.0,829.0,394.2108,5.0,1792.5,174.0,5.29326448690863,396.78963382796076,2100.3124775150236
CUST004569,52.0,715.0,739.0,125.19153846153846,13.0,395.34,174.0,11.905094282846372,125.6313211063206,1495.6527226492942
CUST004570,28.0,537.0,694.0,160.7382142857143,0.0,0.0,174.0,2.178776091959296,161.75287876510444,352.42330505900003
CUST004571,21.0,758.0,784.0,354.40714285714284,6.0,0.0,174.0,4.730401751942982,357.1878566274666,1689.6420627633267
CUST004572,12.0,675.0,822.0,265.365,0.0,0.0,174.0,2.5924180493891473,269.10508268503776,697.6328735350507
CUST004573,19.0,512.0,645.0,146.40052631578948,0.0,0.0,174.0,4.27236311964516,147.7830155493158,631.382705342844
CUST004575,18.0,518.0,571.0,31.359444444444446,12.0,1544.466,174.0,5.4703852288101995,31.83041123501786,174.1246114469959
CUST004577,61.0,621.0,626.0,114.58163934426229,26.0,2088.455,174.0,16.336116751298825,114.92961969605956,1877.5036855372018
CUST004578,27.0,870.0,874.0,161.46962962962965,3.0,0.0,174.0,5.417102115538443,162.52626895971719,880.4213954122539
CUST004580,2.0,89.0,831.0,267.075,0.0,0.0,174.0,0.034949671580451244,291.21130696066825,10.17773953878933
CUST004581,8.0,701.0,750.0,630.7725,5.0,561.53,174.0,2.0666871834897216,643.5639892032715,1330.0454482419188
CUST004582,24.0,680.0,715.0,134.15541666666667,5.0,913.8,174.0,5.841048266300171,135.16925180971063,789.5301239402015
CUST004583,9.0,539.0,545.0,139.07555555555555,8.0,4010.4,174.0,3.103056398325321,141.89374906544452,440.30430591989517
CUST004584,55.0,655.0,779.0,139.92072727272728,0.0,0.0,174.0,1.0864355556448233,140.37765703519707,152.51127782115276
CUST004585,14.0,720.0,754.0,67.21571428571428,1.0,0.0,174.0,3.373100762701862,68.2200312340555,230.11303938713746
CUST004587,4.0,258.0,627.0,53.12,0.0,0.0,174.0,0.7136205838106379,56.173035238384095,40.08623420123119
CUST004588,46.0,675.0,686.0,107.09608695652175,13.0,933.13,174.0,11.374773450014802,107.53286877322036,1223.1620207255526
CUST004589,23.0,567.0,602.0,225.5913043478261,9.0,3154.0,174.0,6.59158908158921,227.26354360179064,1498.0278926488365
CUST004590,36.0,775.0,789.0,287.89166666666665,8.0,369.3,174.0,7.857861902744174,289.22410359891916,2272.683065025281
CUST004591,28.0,671.0,828.0,252.77,0.0,0.0,174.0,3.5954734962967208,254.29172392548514,914.2991537016845
CUST004592,42.0,618.0,639.0,123.15071428571429,9.0,453.84,174.0,11.11251598419126,123.68810862901454,1374.486084194309
CUST004593,13.0,197.0,838.0,276.94153846153847,0.0,0.0,174.0,3.5665777673663238e-06,280.52874261026216,0.0010005275765009908
CUST004594,12.0,507.0,850.0,33.38916666666667,0.0,0.0,174.0,0.6647996411875666,34.12495330616179,22.686256713478826
CUST004595,20.0,526.0,529.0,127.42999999999999,7.0,437.31666666666666,174.0,6.564554338087656,128.59617886880852,844.1766038547331
CUST004597,5.0,305.0,609.0,1405.682,3.0,0.0,174.0,1.0963066504367427,1450.9219743495858,1590.65540974426
CUST004598,2.0,13.0,591.0,105.985,0.0,0.0,174.0,0.005664256831697823,116.73705235460785,0.661228646311854
CUST004599,41.0,559.0,559.0,176.40341463414634,11.0,948.9233333333332,174.0,12.352862576050793,177.15398786930646,2188.358866948912
CUST004600,19.0,629.0,634.0,19.99,5.0,732.5999999999999,174.0,5.279996475329092,20.343422333843307,107.4131982188238
CUST004601,20.0,785.0,882.0,188.84300000000002,5.0,0.0,174.0,3.9524373181689816,190.4839316869739,752.8758001111466
CUST004602,14.0,306.0,541.0,195.08285714285714,1.0,127.33,174.0,0.37050755480063013,197.50397685640743,73.17671552846777
CUST004603,12.0,458.0,505.0,121.20333333333333,4.0,0.0,174.0,4.2536533064390625,123.07639254932221,523.5243041120164
CUST004604,28.0,861.0,879.0,88.74071428571429,9.0,0.0,174.0,5.570836054630829,89.35870046328861,497.80267033584477
CUST004606,49.0,541.0,562.0,263.3410204081633,0.0,0.0,174.0,14.53578975806386,264.2417313921472,3840.9622528230348
CUST004607,14.0,699.0,703.0,63.62928571428571,4.0,0.0,174.0,3.6160624550389713,64.59386405735519,233.57544664369337
CUST004608,29.0,611.0,643.0,122.87551724137928,1.0,0.0,174.0,7.7224530494505625,123.65363008926978,954.9093527585133
CUST004609,13.0,779.0,787.0,556.4215384615384,5.0,0.0,174.0,3.03657153326564,563.346510805692,1710.6419780770887
CUST004610,32.0,701.0,702.0,39.144375,9.0,0.0,174.0,7.851393064247589,39.44580578957021,309.70452598988896
CUST004611,15.0,341.0,727.0,32.05733333333333,0.0,0.0,174.0,0.010187479225827276,32.63067882350653,0.3324243626391148
CUST004612,6.0,119.0,764.0,421.4533333333333,0.0,0.0,174.0,0.0009199161539900679,433.1276608590816,0.3984411319642008
CUST004613,15.0,616.0,772.0,142.01933333333332,0.0,0.0,174.0,3.1830294855020056,143.7290210705257,457.4937119898224
CUST004614,30.0,882.0,897.0,81.02933333333334,10.0,382.7825,174.0,5.836880815687819,81.56626894152495,476.0925903920202
CUST004616,13.0,603.0,657.0,177.8,0.0,0.0,174.0,3.5766141204554343,180.20317855146126,644.5172329581083
CUST004617,48.0,614.0,615.0,162.275625,7.0,182.29,174.0,13.156752522225691,162.8710867746632,2142.85458172019
CUST004618,49.0,618.0,624.0,287.2040816326531,14.0,66.60666666666667,174.0,13.233941453091496,288.17974489886615,3813.7538719584372
CUST004619,18.0,561.0,907.0,205.13888888888889,0.0,0.0,174.0,0.17027674516403246,207.10380659339958,35.264962097805366
CUST004620,8.0,551.0,638.0,64.8425,4.0,0.0,174.0,2.382578126150414,66.56837931316902,158.60436444484023
CUST004623,1.0,441.0,631.0,138.38,1.0,0.0,174.0,0.5880112927082138,167.70358570062723,98.61160221962854
CUST004624,35.0,532.0,652.0,149.54057142857144,0.0,0.0,174.0,3.6295849286444772,150.30210812227747,545.534266384111
CUST004626,36.0,561.0,618.0,106.03472222222223,4.0,683.39,174.0,9.535232397788818,106.58880895250502,1016.3490643656486
CUST004627,10.0,787.0,787.0,21.852,2.0,379.225,174.0,2.4057046513331097,22.557471221373923,54.26661343957201
CUST004628,3.0,610.0,727.0,84.14,0.0,0.0,174.0,0.9842453875853054,89.93747000486813,88.52054002338322
CUST004629,40.0,888.0,893.0,126.12100000000001,9.0,2415.1099999999997,174.0,7.733759911528806,126.69680420077295,979.8426652467523
CUST004630,21.0,669.0,679.0,16.36,7.0,0.0,174.0,5.43130884980727,16.65279975592339,90.44649868841506
CUST004631,4.0,570.0,587.0,233.8275,0.0,0.0,174.0,1.500700229428121,244.0882015974367,366.3032201379707
CUST004632,14.0,706.0,746.0,47.11571428571428,3.0,89.84,174.0,3.4042562930427755,47.89731776017644,163.05474540495015
CUST004633,95.0,420.0,864.0,126.81126315789473,0.0,0.0,174.0,1.017794835387118e-24,127.05428435797356,1.2931519443335176e-22
CUST004634,11.0,575.0,619.0,282.4236363636364,6.0,402.0,174.0,3.2654816947035963,286.7498288030551,936.3763169157664
CUST004638,29.0,668.0,682.0,255.69275862068963,3.0,0.0,174.0,7.335333342788715,257.1772752504592,1886.4810421522445
CUST004639,19.0,657.0,728.0,135.73631578947368,2.0,0.0,174.0,4.560462252377144,137.03199116039121,624.9292230550426
CUST004640,11.0,470.0,489.0,80.89545454545454,5.0,0.0,174.0,4.084397001911779,82.37104915566886,336.4360662157417
CUST004641,14.0,574.0,588.0,31.54714285714286,4.0,0.0,174.0,4.274971959375769,32.15624232035172,137.46703423839602
CUST004642,6.0,95.0,723.0,33.24333333333333,0.0,0.0,174.0,0.00040379052943548515,34.73038796346225,0.014023801743266222
CUST004645,16.0,276.0,891.0,27.803125,0.0,0.0,174.0,5.609925781418235e-06,28.299100941455215,0.00015875585596242665
CUST004646,5.0,490.0,573.0,242.38400000000001,0.0,0.0,174.0,1.796821764696237,250.7984641196579,450.64013888258955
CUST004648,35.0,800.0,813.0,73.44085714285715,8.0,2153.44,174.0,7.433501135202081,73.86733911164409,549.0929491407634
CUST004649,50.0,847.0,854.0,82.6486,11.0,216.48,174.0,10.018749016182907,82.9750842819555,831.3065440175355
CUST004650,22.0,682.0,699.0,213.6654545454545,6.0,0.0,174.0,5.5156063621634255,215.3304857886745,1187.6781973837542
CUST004651,5.0,312.0,381.0,37.892,0.0,0.0,174.0,2.603583583410486,39.8330392208457,103.70864699273989
CUST004652,13.0,534.0,537.0,612.2853846153846,3.0,0.0,174.0,4.356869961324803,619.8775265923086,2700.7257753103468
CUST004655,19.0,692.0,831.0,152.6684210526316,3.0,0.0,174.0,3.7523888564196164,154.10193517460962,578.2503843019033
CUST004656,34.0,586.0,603.0,175.06235294117647,11.0,393.63,174.0,9.584530267458826,175.9620775053769,1686.5138577752207
CUST004657,68.0,689.0,696.0,97.32558823529412,14.0,1622.1200000000001,174.0,16.43299802052433,97.59864436417251,1603.838329642305
CUST004658,17.0,775.0,800.0,158.3235294117647,5.0,0.0,174.0,3.8132423665882778,159.97872992377748,610.0376706983321
CUST004659,16.0,419.0,802.0,242.79749999999999,0.0,0.0,174.0,0.026966888939484096,245.3750146363009,6.617000768221411
CUST004660,5.0,510.0,623.0,36.732,2.0,0.0,174.0,1.64902858489062,38.63631811252546,63.71239298248169
CUST004661,34.0,698.0,701.0,234.07,8.0,235.16,174.0,8.33130394593197,235.23720152993374,1959.832625336331
CUST004662,9.0,679.0,723.0,103.01444444444445,1.0,0.0,174.0,2.3683689642611365,105.20723962510614,249.16956114368583
CUST004663,27.0,688.0,692.0,207.99703703703705,9.0,0.0,174.0,6.76639397628144,209.3195729649963,1416.3386976281543
CUST004664,21.0,652.0,702.0,320.71238095238095,0.0,0.0,174.0,5.220902340088712,323.24511253404836,1687.631164451252
CUST004665,63.0,874.0,876.0,95.59460317460318,12.0,0.0,174.0,12.254342811109233,95.88515757221053,1175.0095913870941
CUST004667,29.0,593.0,596.0,172.6862068965517,4.0,1827.6,174.0,8.33908802075429,173.72924362921052,1448.7434544030527
CUST004668,22.0,593.0,627.0,62.94318181818182,5.0,0.0,174.0,6.089534764626218,63.54972275638751,386.98824600737964
CUST004669,27.0,759.0,831.0,29.81148148148148,0.0,0.0,174.0,5.577885842166449,30.115715817924084,167.98202488750692
CUST004670,18.0,568.0,587.0,3.618333333333333,7.0,0.0,174.0,5.389007010654171,3.850814735542364,20.75206760656819
CUST004671,11.0,592.0,592.0,41.96272727272728,2.0,0.0,174.0,3.425748662849368,42.88762199150521,146.92221369018813
CUST004672,23.0,576.0,606.0,97.28434782608696,3.0,0.0,174.0,6.5610215512815655,98.09495489690889,643.6031131506123
CUST004673,14.0,514.0,542.0,136.53785714285715,4.0,0.0,174.0,4.6021759955207715,138.31028231271347,636.5282611932711
CUST004674,22.0,485.0,565.0,331.52363636363634,4.0,36.13,174.0,6.362891065875351,334.0163604259986,2125.3097156107874
CUST004676,56.0,863.0,864.0,230.875,22.0,242.98,174.0,11.068638221610108,231.57362091841614,2563.204631614231
CUST004677,54.0,749.0,750.0,120.20777777777778,18.0,0.0,174.0,12.227727298471232,120.61702564983362,1474.8720971988753
CUST004679,63.0,876.0,882.0,157.16698412698415,9.0,617.73,174.0,12.170936174984382,157.6078517377957,1918.2351041771128
CUST004681,19.0,441.0,771.0,437.5242105263158,0.0,0.0,174.0,0.0353730661169878,441.2766428007121,15.609307861672
CUST004682,28.0,570.0,591.0,279.64464285714286,7.0,1388.17,174.0,8.106787645508753,281.31443564183115,2280.556391364464
CUST004683,7.0,681.0,765.0,737.4514285714286,1.0,0.0,174.0,1.8025685214123297,754.5017734145589,1360.041146106862
CUST004684,25.0,745.0,752.0,193.87919999999997,8.0,539.55,174.0,5.811432902800211,195.22101661901726,1134.5138392978638
CUST004685,16.0,459.0,472.0,213.04999999999998,1.0,0.0,174.0,5.925948628273063,215.339504439174,1276.0908409443243
CUST004687,52.0,654.0,657.0,234.1065384615385,17.0,1973.7740000000001,174.0,13.360448844067143,234.86862121176753,3137.9501987764033
CUST004688,9.0,467.0,467.0,55.34888888888889,2.0,989.48,174.0,3.5840928835568486,56.715032924102374,203.27194589396768
CUST004689,4.0,179.0,882.0,482.7575,0.0,0.0,174.0,0.029988035115185708,502.94697813830504,15.08239164148803
CUST004690,25.0,560.0,636.0,32.4816,7.0,610.9266666666667,174.0,6.522572163504061,32.826810947809285,214.11524330479122
CUST004691,21.0,412.0,655.0,64.52619047619048,0.0,0.0,174.0,0.13732744741029446,65.17347729948906,8.950107276391604
CUST004692,24.0,799.0,820.0,146.85208333333333,5.0,0.0,174.0,5.142027814974877,147.947606148244,760.7507059732187
CUST004693,67.0,670.0,670.0,145.49059701492536,17.0,191.59,174.0,16.80223028474724,145.87828454181496,2451.0805304154583
CUST004694,16.0,374.0,632.0,107.39625,0.0,0.0,174.0,0.27304449955301424,108.66283293771355,29.66978883949079
CUST004698,30.0,606.0,650.0,213.91066666666666,14.0,1249.8200000000002,174.0,7.8497747418749295,215.1306676830271,1688.7272813809152
CUST004699,2.0,303.0,494.0,530.57,0.0,0.0,174.0,1.026356755367459,576.598939448246,591.7962166404197
CUST004700,174.0,819.0,821.0,134.84735632183907,35.0,237.5466666666667,174.0,35.50451171613562,134.98703498292372,4792.6487650776235
CUST004701,31.0,639.0,659.0,100.49548387096775,9.0,156.43,174.0,8.06663822084333,101.11183302063587,815.63257682379
CUST004702,25.0,688.0,700.0,78.5344,5.0,236.25,174.0,6.217313351860435,79.16397999452998,492.1872698064036
CUST004703,19.0,260.0,884.0,176.84947368421052,0.0,0.0,174.0,1.1725822412076486e-07,178.47983787546588,2.0928228830639154e-05
CUST004704,109.0,648.0,715.0,169.40284403669725,0.0,0.0,174.0,1.7112359664131138,169.6746421352054,290.35335021003743
CUST004705,26.0,512.0,768.0,27.25923076923077,0.0,0.0,174.0,0.08181611272223138,27.56008586679108,2.2548590919117553
CUST004706,13.0,116.0,739.0,7.4338461538461535,0.0,0.0,174.0,4.523987481959033e-08,7.802379185465525,3.529786576454375e-07
CUST004707,26.0,617.0,620.0,200.72730769230768,9.0,0.0,174.0,7.242593509145607,202.05785962102277,1463.4229425630738
CUST004709,21.0,888.0,892.0,46.663333333333334,6.0,305.02,174.0,4.19062154592481,47.17915549685892,197.70998554367392
CUST004710,7.0,464.0,487.0,333.06857142857143,1.0,0.0,174.0,2.7761098867798117,341.05716523510324,946.812168366266
CUST004711,19.0,515.0,727.0,187.66894736842107,0.0,0.0,174.0,1.5393053485898835,189.387389369056,291.52502141126274
CUST004712,6.0,401.0,476.0,282.42833333333334,3.0,0.0,174.0,2.462041367572745,290.4544147698168,715.1107845574211
CUST004713,6.0,210.0,552.0,368.24333333333334,0.0,0.0,174.0,0.34313283505165465,378.52134239542556,129.88310134370045
CUST004716,12.0,436.0,462.0,117.59583333333335,1.0,0.0,174.0,4.643925982950067,119.42217217406348,554.58772829947
CUST004717,24.0,793.0,823.0,216.58541666666667,5.0,0.0,174.0,5.118030754149176,218.12958902094505,1116.3939449991171
CUST004718,15.0,400.0,549.0,230.83533333333332,0.0,0.0,174.0,3.4530233698935073,233.46284152678564,806.1526477937352
CUST004719,183.0,631.0,641.0,150.01786885245903,6.0,1066.08,174.0,47.03947714079865,150.16340165793468,7063.607899672985
CUST004720,65.0,665.0,681.0,269.494,13.0,526.29,174.0,16.019689043783746,270.1870305972027,4328.312213830472
CUST004721,7.0,509.0,514.0,382.3257142857143,1.0,0.0,174.0,2.647258431599822,391.4181035609742,1036.1848749326014
CUST004722,27.0,825.0,862.0,186.54370370370373,4.0,3076.05,174.0,5.467880386310186,187.74363730619078,1026.5597520810538
CUST004724,9.0,760.0,796.0,457.0722222222222,4.0,0.0,174.0,2.1644188239350806,465.405347965353,1007.3320958962662
CUST004726,48.0,840.0,841.0,63.846666666666664,6.0,72.8,174.0,9.775585649811601,64.12650819321019,626.8741732660716
CUST004727,8.0,617.0,666.0,249.33,2.0,1733.06,174.0,2.311069692175221,254.6631570764971,588.5443040331501
CUST004728,59.0,711.0,742.0,120.7350847457627,13.0,225.58333333333334,174.0,13.3502208209799,121.11093495849462,1616.8577255312373
CUST004729,30.0,547.0,592.0,174.93566666666666,7.0,617.8166666666667,174.0,8.540068546106584,175.9553199470769,1502.6704934001518
CUST004730,54.0,555.0,621.0,127.92203703703704,0.0,0.0,174.0,11.048386234412506,128.35326497397975,1418.0964458804187
CUST004731,6.0,583.0,626.0,82.33333333333333,3.0,0.0,174.0,1.9303350752142774,85.10859080843264,164.28809803957697
CUST004732,35.0,730.0,797.0,199.52057142857143,8.0,0.0,174.0,7.375281475890628,200.50216197278976,1478.7598810739387
CUST004733,43.0,543.0,555.0,92.67372093023256,9.0,547.3299999999999,174.0,13.000595211904287,93.08944180500703,1210.218151409017
CUST004734,13.0,574.0,606.0,805.9938461538463,9.0,181.46,174.0,3.8758236942916144,815.8994056995007,3162.282248768571
CUST004735,2.0,264.0,419.0,107.295,3.0,0.0,174.0,1.205693358609623,118.15589445240374,142.45977722184278
CUST004736,103.0,852.0,853.0,138.4645631067961,16.0,354.3025,174.0,20.377231679879564,138.70606480432613,2826.4456179221424
CUST004737,41.0,830.0,839.0,101.95170731707319,10.0,0.0,174.0,8.404993074894271,102.42263247606813,860.8615166737937
CUST004738,42.0,643.0,645.0,226.18690476190477,8.0,0.0,174.0,11.050920452123608,227.10206495638508,2509.68685434602
CUST004739,10.0,300.0,747.0,22.206,0.0,0.0,174.0,0.03109995676053243,22.91698705110001,0.7127173063708919
CUST004740,5.0,640.0,692.0,114.896,2.0,235.07,174.0,1.5176567821956541,119.27468769075226,181.01803871813868
CUST004741,12.0,812.0,829.0,286.8183333333333,2.0,84.69,174.0,2.6872764381109824,290.83625601390384,781.5574181345772
CUST004742,10.0,334.0,864.0,98.23799999999999,0.0,0.0,174.0,0.016660115815222722,100.13367508989569,1.6682386240015448
CUST004744,6.0,175.0,609.0,576.9183333333334,0.0,0.0,174.0,0.056791865737880545,592.6723197568882,33.6589668101914
CUST004747,10.0,220.0,540.0,332.72799999999995,0.0,0.0,174.0,0.06230437199886758,338.2773669330302,21.07615890819294
CUST004748,34.0,675.0,685.0,144.12323529411765,9.0,36.4,174.0,8.509675720180757,144.88271530149896,1232.904924675027
CUST004750,11.0,570.0,594.0,129.55090909090907,3.0,0.0,174.0,3.4056969400622883,131.71473068682286,448.580455261241
CUST004752,18.0,834.0,843.0,69.06222222222222,5.0,156.39499999999998,174.0,3.8301078540857643,69.85731307418364,267.5610434707589
CUST004753,4.0,83.0,766.0,16.7775,0.0,0.0,174.0,0.0028168649290942764,18.380984917263675,0.05177675177565091
CUST004754,44.0,740.0,740.0,34.960454545454546,7.0,394.225,174.0,10.15065439459933,35.164749299149435,356.94521700839493
CUST004755,16.0,724.0,782.0,35.58125,4.0,242.69,174.0,3.6642567482022788,36.152532414756415,132.4721608653728
CUST004757,23.0,628.0,676.0,173.5908695652174,4.0,1470.38,174.0,5.889775089405229,174.9139052423789,1030.2035618871498
CUST004759,21.0,873.0,895.0,5.498571428571428,4.0,0.0,174.0,4.171304404414362,5.711434699509688,23.824132717589777
CUST004760,49.0,641.0,648.0,114.83857142857143,19.0,152.17333333333332,174.0,12.769940186904378,115.2728461342035,1472.0273503080102
CUST004761,51.0,756.0,786.0,231.16823529411764,18.0,289.615,174.0,10.997926670639584,231.93643993167942,2550.819958617813
CUST004762,38.0,825.0,853.0,158.59342105263156,2.0,0.0,174.0,7.66799742756467,159.33129147934972,1221.75193319421
CUST004763,9.0,773.0,807.0,418.74888888888887,3.0,796.8566666666667,174.0,2.136831080562487,426.4173831800591,911.1819176712737
CUST004765,58.0,880.0,898.0,71.1741379310345,17.0,705.1949999999999,174.0,11.018725502615808,71.42503726884708,787.0128796795299
CUST004766,24.0,634.0,671.0,93.35708333333334,5.0,1394.68,174.0,6.196340707810985,94.1084306160957,583.1278995747194
CUST004767,44.0,562.0,703.0,259.47386363636366,0.0,0.0,174.0,0.5889244006674057,260.46375469414767,153.39346062883308
CUST004768,62.0,648.0,655.0,145.25354838709677,18.0,0.0,174.0,15.899896894844508,145.6719905465445,2316.1696301568213
CUST004769,58.0,551.0,564.0,66.2698275862069,28.0,900.5020000000001,174.0,17.121528379117503,66.50771944544535,1138.7138059155775
CUST004770,15.0,458.0,601.0,19.245333333333335,0.0,0.0,174.0,3.691749963843324,19.686280205176473,72.67682423566978
CUST004771,52.0,900.0,906.0,199.9073076923077,6.0,90.73,174.0,9.836420258762518,200.56818844388528,1972.8729920727314
CUST004772,93.0,701.0,702.0,247.82311827956988,19.0,1828.7800000000002,174.0,22.183521424174486,248.27133977947366,5507.532585006457
CUST004773,20.0,561.0,568.0,540.2625,3.0,110.75,174.0,6.139881428026058,544.620077966805,3343.9027020384897
CUST004774,11.0,606.0,610.0,310.92727272727274,2.0,0.0,174.0,3.329497342376487,315.6566465143797,1050.9779656731014
CUST004775,18.0,637.0,721.0,167.39055555555555,6.0,0.0,174.0,4.344335297523387,169.03095756568578,734.3271553267866
CUST004776,33.0,743.0,788.0,128.0030303030303,6.0,0.0,174.0,7.182545638931795,128.71033611572,924.4678633534102
CUST004777,4.0,425.0,547.0,743.255,3.0,0.0,174.0,1.5594541837475626,773.8346338726675,1206.7596573214946
CUST004778,15.0,763.0,764.0,493.95533333333333,4.0,243.03,174.0,3.558842161235281,499.301911496736,1776.936693819951
CUST004780,3.0,433.0,708.0,183.46333333333334,1.0,574.2,174.0,0.9302487129002611,194.61410000012327,181.03951603735737
CUST004781,74.0,797.0,807.0,88.60837837837839,23.0,362.854,174.0,15.50471712044613,88.84113792625557,1377.4567122051308
CUST004782,21.0,282.0,665.0,97.49333333333334,0.0,0.0,174.0,4.402393262918972e-05,98.38324731222863,0.004331217451514464
CUST004783,15.0,573.0,640.0,59.37,4.0,0.0,174.0,4.148469410154646,60.22559333044607,249.84403163976916
CUST004784,40.0,769.0,769.0,60.351,7.0,604.86,174.0,8.924172758592821,60.673565740041184,541.4613825439662
CUST004785,17.0,700.0,755.0,189.00117647058823,2.0,0.0,174.0,4.0064066213620055,190.93576207590695,764.9663014357141
CUST004786,58.0,585.0,606.0,261.0805172413793,17.0,186.88,174.0,15.957666988574987,261.83509660477966,4178.2772775404355
CUST004787,56.0,697.0,712.0,137.1194642857143,4.0,0.0,174.0,13.285985005529778,137.56051643610738,1827.6269587230552
CUST004789,33.0,755.0,781.0,362.4360606060606,6.0,347.96,174.0,7.28526348534018,364.2383850997651,2653.5726069265934
CUST004790,26.0,834.0,860.0,112.38000000000001,3.0,69.51,174.0,5.296874824175491,113.18612723694794,599.5327478073134
CUST004791,20.0,571.0,577.0,209.49,7.0,874.0,174.0,6.050799159359637,211.2905431932781,1278.476641134528
CUST004793,85.0,677.0,884.0,153.69529411764705,0.0,0.0,174.0,7.318058051430055e-06,154.01557079957618,0.0011270948879354343
CUST004794,49.0,630.0,638.0,200.07408163265305,14.0,0.0,174.0,12.956874261015445,200.77607538558837,2601.4303633912264
CUST004795,9.0,793.0,798.0,898.3122222222222,5.0,0.0,174.0,2.165213715798871,914.2976567901696,1979.649826804844
CUST004796,9.0,741.0,748.0,56.025555555555556,1.0,0.0,174.0,2.3024226740349345,57.40343484211705,132.16696994797726
CUST004798,40.0,824.0,844.0,314.327,12.0,565.27,174.0,8.149869849531079,315.6274658662811,2572.3227677475043
CUST004799,9.0,324.0,660.0,110.74888888888889,0.0,0.0,174.0,0.40855108868035916,113.07582049752011,46.19724956768671
CUST004800,47.0,710.0,717.0,132.26702127659576,16.0,2017.42,174.0,11.144031355372626,132.77691493480046,1479.6701033030602
CUST004801,48.0,800.0,814.0,210.3791666666667,11.0,249.42,174.0,10.072789858615883,211.12887625633627,2126.6568036157914
CUST004802,56.0,719.0,736.0,141.52214285714285,14.0,212.65,174.0,12.869811864309213,141.97529021329638,1827.1952744258253
CUST004804,10.0,696.0,780.0,91.3,1.0,0.0,174.0,2.3979531708986226,93.0875710598404,223.21963619419515
CUST004805,18.0,556.0,613.0,66.74055555555555,3.0,265.57,174.0,5.116798350911684,67.51568745293743,345.4641582198589
CUST004806,35.0,588.0,800.0,515.3574285714285,0.0,0.0,174.0,0.12232562548306118,517.7295976780316,63.331596867058835
CUST004807,9.0,558.0,603.0,181.65666666666664,6.0,193.34,174.0,2.8071948034096605,185.2133331443873,519.9299063251062
CUST004808,37.0,759.0,759.0,210.42216216216215,8.0,0.0,174.0,8.381561503369966,211.39586548148398,1771.8274480911819
CUST004809,45.0,844.0,890.0,83.80799999999999,4.0,0.0,174.0,8.607776746117995,84.1748508195737,724.5583234926778
CUST004811,19.0,799.0,808.0,273.9963157894737,7.0,295.905,174.0,4.193788040295556,276.41752076379424,1159.2364927073488
CUST004812,31.0,837.0,852.0,55.534193548387094,4.0,142.20999999999998,174.0,6.326512201536662,55.926915494147096,353.8223132680314
CUST004813,21.0,643.0,716.0,12.391428571428573,2.0,0.0,174.0,5.0650472354720115,12.655020967719096,64.09827896738595
CUST004814,14.0,745.0,763.0,170.27142857142857,4.0,0.0,174.0,3.3415406957733733,172.41763089945425,576.1405303193591
CUST004815,5.0,366.0,534.0,119.852,0.0,0.0,174.0,1.8031408288095576,124.3875754604377,224.28831590934502
CUST004816,70.0,802.0,804.0,180.301,12.0,522.0,174.0,14.74697013450616,180.74849980638734,2665.4927285015865
CUST004817,12.0,649.0,890.0,230.29083333333332,4.0,0.0,174.0,2.045853011643446,233.57667395917366,477.8635418690347
CUST004818,74.0,825.0,862.0,100.05540540540541,15.0,1064.376,174.0,14.353790899716898,100.31194732579763,1439.8567166579148
CUST004819,69.0,647.0,653.0,120.37507246376813,19.0,611.53,174.0,17.70799232829976,120.69552795965839,2137.27548316972
CUST004821,17.0,777.0,788.0,49.77764705882353,2.0,212.65,174.0,3.8737582795227734,50.44430691088923,195.40905155084502
CUST004822,5.0,482.0,570.0,166.0,2.0,0.0,174.0,1.8027120965339685,171.99644244902592,310.06006736366754
CUST004823,5.0,441.0,634.0,13.518,1.0,0.0,174.0,1.5428032503858462,14.687452760330627,22.65984985852666
CUST004824,4.0,246.0,660.0,16.62,0.0,0.0,174.0,0.5145749757107059,18.217202901013376,9.374116740305958
CUST004825,48.0,602.0,886.0,123.21583333333332,0.0,0.0,174.0,0.00010887415030867814,123.68604679341428,0.013466213249672385
CUST004826,17.0,717.0,748.0,162.33588235294118,5.0,0.0,174.0,4.06126899783016,164.0276238551641,666.1603035507247
CUST004827,2.0,68.0,870.0,112.235,0.0,0.0,174.0,0.015456647958323235,123.50633717233632,1.9089939742947732
CUST004830,7.0,116.0,655.0,261.7742857142857,0.0,0.0,174.0,0.0007903382845068937,268.16525722782615,0.21194126936178997
CUST004831,18.0,310.0,901.0,89.9161111111111,0.0,0.0,174.0,4.798010861773034e-06,90.89047912939274,0.0004360935060945817
CUST004832,16.0,577.0,581.0,56.6625,10.0,0.0,174.0,4.8896504819122395,57.4378874645314,280.85119412096697
CUST004833,28.0,790.0,801.0,226.55214285714285,10.0,110.75,174.0,6.091810041153755,227.92941655798575,1388.5027084622545
CUST004834,69.0,659.0,673.0,185.62072463768115,18.0,254.28,174.0,17.183009626083543,186.08657934899864,3197.5274842388026
CUST004835,16.0,530.0,565.0,34.46875,3.0,362.11,174.0,4.993247698520169,35.02926138040719,174.90977876857966
CUST004836,22.0,509.0,545.0,483.2168181818182,4.0,0.0,174.0,6.929592220543528,486.7748510362118,3373.1512208967683
CUST004837,20.0,836.0,841.0,62.4215,8.0,0.0,174.0,4.23546969420535,63.08513106004326,267.1951607597859
CUST004838,165.0,860.0,863.0,307.1575757575758,27.0,2567.0,174.0,32.110940787424205,307.4652506441913,9872.998457626169
CUST004840,27.0,531.0,633.0,396.4014814814815,0.0,0.0,174.0,6.1391371929835366,398.8007182959319,2448.2923222791055
CUST004841,6.0,302.0,590.0,596.1133333333333,0.0,0.0,174.0,1.1512981101592425,612.371028325012,705.0216076268583
CUST004842,38.0,590.0,639.0,47.83315789473684,9.0,0.0,174.0,9.886999601263126,48.122024315364946,475.78243521798765
CUST004843,12.0,547.0,606.0,14.549999999999999,0.0,0.0,174.0,3.5832771954002895,15.04180245758831,53.89894772399222
CUST004844,26.0,738.0,776.0,59.48692307692307,1.0,602.54,174.0,5.8270343347174185,59.97907995884211,349.50015828493434
CUST004845,15.0,256.0,645.0,378.24733333333336,0.0,0.0,174.0,0.0010903259576800321,382.39819035017547,0.4169386731086663
CUST004846,238.0,631.0,631.0,156.76697478991596,55.0,1413.1325,174.0,62.22314052678414,156.88320790691486,9761.765891884657
CUST004847,38.0,651.0,652.0,82.11973684210527,10.0,2005.2,174.0,9.931860260466681,82.54759545057736,819.8511828526695
CUST004848,13.0,634.0,745.0,120.28538461538461,3.0,0.0,174.0,3.106984074796848,122.00167876007919,379.0572730060469
CUST004849,12.0,425.0,498.0,248.89666666666668,4.0,258.22,174.0,4.244372825417774,252.4234695975202,1071.3793148573845
CUST004850,16.0,549.0,559.0,72.345,6.0,171.87,174.0,5.066304815980556,73.27222274199815,371.2194149553852
CUST004852,15.0,706.0,751.0,38.174,4.0,1871.31,174.0,3.598779709730125,38.81055484198807,139.67063728871491
CUST004853,35.0,803.0,845.0,213.77942857142858,8.0,0.0,174.0,7.122849375700924,214.8237985557868,1530.157559428787
CUST004855,62.0,844.0,909.0,177.21161290322578,16.0,612.1,174.0,10.862655074454635,177.70933396725064,1930.3951983973086
CUST004856,55.0,812.0,815.0,136.55545454545452,8.0,448.64,174.0,11.498728907859999,137.00297053804115,1575.3600177884655
CUST004857,14.0,719.0,805.0,35.58142857142857,1.0,72.26,174.0,3.1334217214682636,36.235229019017986,113.54025369056812
CUST004858,27.0,816.0,910.0,22.29444444444444,3.0,124.14,174.0,5.043080812750727,22.555720131660745,113.7503194137536
CUST004859,73.0,854.0,904.0,119.59575342465753,14.0,749.4166666666666,174.0,13.226240550902077,119.89697139185625,1585.7861849533153
CUST004860,17.0,562.0,767.0,38.58,0.0,0.0,174.0,2.3967118069332622,39.14468150730093,93.81852034719027
CUST004861,19.0,790.0,838.0,118.33263157894736,3.0,0.0,174.0,4.03045902032105,119.4866292282735,481.5859625808518
CUST004862,20.0,597.0,598.0,203.95700000000002,4.0,0.0,174.0,5.853956968001567,205.71477037086413,1204.2454134333625
CUST004863,30.0,656.0,667.0,114.77933333333334,4.0,0.0,174.0,7.740221373479491,115.4897580008789,893.9162932963768
CUST004866,76.0,655.0,662.0,290.515,26.0,1225.385,174.0,19.215067725589915,291.1500422955457,5594.467781017279
CUST004867,24.0,616.0,620.0,218.72,8.0,246.47,174.0,6.713601033627618,220.2779058126327,1478.857976149018
CUST004868,30.0,673.0,869.0,30.162666666666667,0.0,0.0,174.0,1.3244165041668763,30.43812641848877,40.31275698456434
CUST004869,22.0,726.0,745.0,62.05,4.0,0.0,174.0,5.191182074101011,62.650268313211036,325.22894980515974
CUST004870,16.0,600.0,636.0,255.30875000000003,7.0,0.0,174.0,4.470742470017982,258.0073964147295,1153.4846247300966
CUST004871,25.0,702.0,706.0,206.58840000000004,4.0,0.0,174.0,6.17187856079447,208.00869399908072,1283.8043989517837
CUST004872,2.0,192.0,309.0,509.53,1.0,0.0,174.0,1.5878331432315393,553.8108190378448,879.3591735484944
CUST004873,138.0,842.0,845.0,101.63623188405798,26.0,518.4266666666667,174.0,27.449519143410466,101.77542488730889,2793.6864737729193
CUST004874,1.0,52.0,833.0,495.5,0.0,0.0,174.0,0.038530016776764306,589.5439524293329,22.715138377742132
CUST004876,9.0,480.0,502.0,722.8322222222223,4.0,1501.56,174.0,3.3422892004709905,735.7743534800011,2459.1706756197327
CUST004878,14.0,727.0,768.0,120.83714285714284,3.0,0.0,174.0,3.3114661114767787,122.43559983690197,405.4413396982327
CUST004880,71.0,859.0,882.0,195.89239436619718,17.0,2940.76,174.0,13.638346408531909,196.36734210037588,2678.125834887618
CUST004881,28.0,623.0,623.0,196.78571428571428,7.0,0.0,174.0,7.737659005852997,197.99898650960537,1532.048641115814
CUST004882,20.0,511.0,518.0,12.578,12.0,284.1766666666667,174.0,6.691242787543478,12.85631619035403,86.02473298308486
CUST004883,56.0,837.0,842.0,98.15964285714287,6.0,0.0,174.0,11.342038162117392,98.49366310663216,1117.1188856821557
CUST004884,139.0,842.0,844.0,168.36071942446043,43.0,440.675,174.0,27.680042913401504,168.57263970718665,4666.097901120297
CUST004885,91.0,547.0,550.0,89.25153846153846,41.0,812.1475,174.0,27.317331185699754,89.44182820603461,2443.3120429587093
CUST004886,11.0,488.0,543.0,23.574545454545454,4.0,0.0,174.0,3.674907748589748,24.239341011503846,89.07734210388475
CUST004887,11.0,77.0,763.0,95.66545454545457,0.0,0.0,174.0,1.3760123270063692e-08,97.34996946427036,1.3395475801652964e-06
CUST004888,29.0,636.0,673.0,159.5444827586207,7.0,0.0,174.0,7.387333977832224,160.51762371920174,1185.7972957417467
CUST004889,35.0,646.0,661.0,153.65085714285715,6.0,2993.5933333333337,174.0,9.043306857793176,154.43049075929497,1396.5623161358978
CUST004891,13.0,689.0,708.0,187.67615384615385,4.0,0.0,174.0,3.3541572086221443,190.19728113169577,637.9515815682099
CUST004893,42.0,720.0,767.0,164.6542857142857,11.0,1195.0,174.0,9.241281625033565,165.3438463198989,1527.9890488084552
CUST004894,33.0,481.0,612.0,107.90181818181817,0.0,0.0,174.0,2.0008213333835254,108.51523277638336,217.11959273606698
CUST004897,47.0,867.0,872.0,157.2804255319149,11.0,120.24,174.0,9.249255820817947,157.87223878202806,1460.2007235002338
CUST004898,19.0,751.0,791.0,5.962105263157895,7.0,0.0,174.0,4.263338201213346,6.201331077402357,26.438371680660985
CUST004900,11.0,179.0,889.0,119.33181818181819,0.0,0.0,174.0,6.282242621655124e-06,121.35109166491183,0.0007623570002416871
CUST004901,21.0,739.0,793.0,302.00428571428574,9.0,0.0,174.0,4.652657164877397,304.39933196623195,1416.2657328565822
CUST004902,20.0,762.0,801.0,582.743,8.0,113.57,174.0,4.419599862793108,587.4289732103539,2596.201009401176
CUST004906,29.0,644.0,658.0,96.55793103448276,0.0,0.0,174.0,7.587649608859893,97.19607077170319,737.4897283736321
CUST004907,28.0,782.0,785.0,86.04607142857142,5.0,0.0,174.0,6.214078016362318,86.64921116908096,538.4449582609222
CUST004908,18.0,753.0,761.0,275.19166666666666,4.0,3154.0,174.0,4.222978578528088,277.7588156173384,1172.9695283493531
CUST004909,21.0,668.0,683.0,9.672380952380953,3.0,0.0,174.0,5.398291487140444,9.915962066753586,53.529253611763444
CUST004911,23.0,852.0,891.0,111.88521739130435,1.0,0.0,174.0,4.552665836038535,112.79387510147043,513.5128216888619
CUST004912,4.0,176.0,502.0,45.675,0.0,0.0,174.0,0.6008116969924033,48.43108532737793,29.09796256272582
CUST004913,42.0,834.0,841.0,252.61690476190475,7.0,724.7625,174.0,8.585048876817297,253.628966359674,2177.4170727744513
CUST004914,13.0,604.0,697.0,109.94384615384615,0.0,0.0,174.0,3.334516262641642,111.5366335783148,371.92071854719256
CUST004916,97.0,859.0,866.0,93.35711340206186,16.0,126.54,174.0,18.92038935773598,93.54211803028554,1769.8532944802976
CUST004917,22.0,801.0,823.0,66.62136363636364,0.0,0.0,174.0,4.720587709577126,67.25373565928015,317.4771579763468
CUST004918,24.0,634.0,657.0,373.76250000000005,10.0,0.0,174.0,6.3410941150546565,376.317916513504,2386.26732579341
CUST004919,11.0,659.0,679.0,111.12727272727274,4.0,0.0,174.0,3.0048373394267838,113.0304936600415,339.63824784353505
CUST004920,24.0,806.0,820.0,68.26583333333333,5.0,427.64,174.0,5.145766316975358,68.8557488127306,354.3155929706651
CUST004921,31.0,523.0,560.0,25.953548387096777,6.0,0.0,174.0,9.321912938900908,26.199142950173652,244.22612965533827
CUST004922,7.0,397.0,468.0,378.98,3.0,292.7,174.0,2.839074989138398,387.9974156967285,1101.553758754916
CUST004923,21.0,855.0,857.0,138.6457142857143,7.0,2940.76,174.0,4.354904714242144,139.83849603752444,608.9833256263465
CUST004924,10.0,264.0,644.0,68.697,0.0,0.0,174.0,0.0488366140613118,70.1323837736859,3.4250281595553047
CUST004925,32.0,853.0,862.0,302.283125,11.0,110.0,174.0,6.45278703416951,303.8522511265786,1960.6938663728042
CUST004926,66.0,832.0,841.0,106.47166666666666,16.0,282.6,174.0,13.327121314708972,106.77432704830088,1422.9944098691174
CUST004927,25.0,767.0,778.0,33.0496,7.0,208.92,174.0,5.624547658401683,33.39831826155649,187.85043277259172
CUST004928,55.0,689.0,695.0,104.96763636363637,14.0,1005.78,174.0,13.375837252382167,105.32679088433817,1408.8340131845969
CUST004929,13.0,766.0,833.0,317.3692307692308,1.0,0.0,174.0,2.8548153290391673,321.43925395902806,917.6497095571472
CUST004930,19.0,548.0,571.0,445.2305263157895,6.0,0.0,174.0,5.810507889339729,449.0456931956699,2609.1835429874677
CUST004931,28.0,719.0,724.0,124.40285714285714,8.0,1733.06,174.0,6.710075843175309,125.21732789653043,840.2177670654706
CUST004933,54.0,751.0,758.0,41.64648148148148,13.0,320.94,174.0,12.098765394688785,41.83188642420942,506.11417986377654
CUST004935,19.0,815.0,873.0,91.97263157894737,6.0,44.67,174.0,3.869068038623242,92.91204105855196,359.4830084628938
CUST004936,29.0,574.0,575.0,204.26241379310343,7.0,157.41,174.0,8.626138322303376,205.4733922156925,1772.4419028054574
CUST004937,15.0,518.0,720.0,140.02933333333334,0.0,0.0,174.0,2.4472397355733233,141.7184565021151,346.81903801609565
CUST004938,11.0,529.0,534.0,85.25545454545455,3.0,0.0,174.0,3.7709375164219745,86.79272095969748,327.2899276192671
CUST004940,19.0,836.0,889.0,24.476315789473684,3.0,0.0,174.0,3.807234476183581,24.866259758144615,94.67168144494457
CUST004942,21.0,283.0,720.0,90.15761904761905,0.0,0.0,174.0,8.000154377382081e-06,90.99354462056951,0.0007279624043097609
CUST004944,10.0,873.0,902.0,45.29,4.0,0.0,174.0,2.107257332420103,46.36066900984842,97.69385970690453
CUST004945,36.0,583.0,592.0,45.19694444444444,11.0,92.535,174.0,10.316136952936525,45.49064465627241,469.28772035147625
CUST004946,5.0,426.0,562.0,488.216,2.0,0.0,174.0,1.7850065480696553,504.4125533442965,900.3797106481036
CUST004947,5.0,467.0,488.0,98.23400000000001,4.0,221.5,174.0,2.1114945700372156,102.08523328831106,215.5524157692512
CUST004948,22.0,759.0,814.0,52.2,12.0,97.935,174.0,4.739498158698157,52.73109386861348,249.91892229643327
CUST004949,62.0,806.0,806.0,133.83483870967743,17.0,209.36,174.0,13.065742086191912,134.22495428525292,1753.7486342220145
CUST004950,27.0,598.0,614.0,50.57222222222222,8.0,1074.86,174.0,7.563680506748103,50.99510082964094,385.7106500848092
CUST004951,18.0,609.0,715.0,78.90722222222222,0.0,0.0,174.0,4.272409219904578,79.78694878466558,340.8824956156596
CUST004953,16.0,527.0,563.0,73.36875,3.0,0.0,174.0,5.008343577875035,74.3058845140566,372.14939950429937
CUST004954,25.0,667.0,669.0,76.4088,1.0,0.0,174.0,6.495644456304334,77.0252547373098,500.32866892983554
CUST004955,15.0,573.0,609.0,31.238666666666667,2.0,0.0,174.0,4.388888298223914,31.803552093185512,139.58223762373655
CUST004956,30.0,721.0,736.0,51.541666666666664,2.0,0.0,174.0,7.048139145096671,51.927023384412564,365.9888862040284
CUST004957,7.0,535.0,562.0,133.95714285714286,3.0,0.0,174.0,2.4291657537802394,137.48388037480058,333.9711339032847
CUST004958,30.0,703.0,744.0,371.437,7.0,2548.45,174.0,6.935474364455097,373.46675199098195,2590.1690844097648
CUST004959,18.0,847.0,855.0,665.9644444444444,5.0,3257.41,174.0,3.7789740735794197,671.8909973244432,2539.05865916049
CUST004960,133.0,738.0,745.0,184.9232330827068,38.0,448.8675,174.0,29.8241264093724,185.16385268283707,5522.350148859342
CUST004961,26.0,774.0,806.0,329.8665384615385,6.0,482.78,174.0,5.628727525122814,331.96365366264064,1868.5329547112422
CUST004964,26.0,439.0,703.0,335.91230769230765,0.0,0.0,174.0,0.01783769359092493,338.04531024242084,6.029948663953459
CUST004965,20.0,188.0,554.0,145.115,0.0,0.0,174.0,2.226553363389555e-06,146.41789265236014,0.0003260072513455233
CUST004966,19.0,811.0,814.0,24.98526315789474,3.0,0.0,174.0,4.166073817206298,25.37935030123464,105.73224678768041
CUST004967,4.0,416.0,430.0,22.0825,2.0,0.0,174.0,2.002913986637461,23.897579178900706,47.86479558419639
CUST004968,54.0,827.0,851.0,93.31537037037036,2.0,794.135,174.0,10.804918978812005,93.64799431264721,1011.8589910764006
CUST004970,17.0,606.0,607.0,135.1370588235294,2.0,0.0,174.0,4.963575729820239,136.58109730488485,677.930619734743
CUST004971,26.0,755.0,759.0,272.6996153846154,6.0,0.0,174.0,5.979923655727963,274.4573909182508,1641.2342444414248
CUST004972,19.0,618.0,636.0,115.19894736842106,9.0,4330.61,174.0,5.2566221938016024,116.32743471580403,611.4893750751024
CUST004973,37.0,773.0,777.0,262.7694594594595,7.0,193.51333333333332,174.0,8.194291486310364,263.9611293832151,2162.974435221748
CUST004974,17.0,792.0,832.0,231.86235294117645,1.0,0.0,174.0,3.6664505257613884,234.18728053603814,858.6360778479868
CUST004975,26.0,795.0,834.0,293.5403846153846,6.0,0.0,174.0,5.441752586531764,295.42186979298674,1607.6127240640355
CUST004976,27.0,621.0,625.0,59.736666666666665,1.0,0.0,174.0,7.449542057421498,60.21191858983506,448.55121989301557
CUST004977,25.0,558.0,667.0,160.76160000000002,3.0,0.0,174.0,5.582929987428508,161.8989204680411,903.8703380133297
CUST004978,25.0,870.0,870.0,81.1256,7.0,3244.84,174.0,5.059211743472585,81.77118026104718,413.69771545430353
CUST004979,28.0,697.0,708.0,35.23464285714286,5.0,913.8,174.0,6.84992148640357,35.55783133269805,243.56835285576247
CUST004980,47.0,843.0,856.0,262.2848936170213,12.0,386.68,174.0,9.407589938024694,263.220599409161,2476.271462482452
CUST004981,28.0,809.0,835.0,117.99464285714285,6.0,184.65,174.0,5.844908433293054,118.77380683543464,694.2220252267522
CUST004982,30.0,795.0,849.0,41.251999999999995,6.0,0.0,174.0,6.097410219664432,41.584463544677284,253.5575329965783
CUST004983,10.0,675.0,683.0,60.053,1.0,0.0,174.0,2.7506169421056588,61.35369780715404,168.76052064918872
CUST004984,28.0,875.0,911.0,359.0107142857143,5.0,858.2766666666666,174.0,5.370654318379827,361.1177833429965,1939.4387825548151
CUST004985,31.0,563.0,582.0,163.0632258064516,9.0,449.65000000000003,174.0,9.065435852484617,163.99077263491165,1486.6478297211813
CUST004986,33.0,748.0,792.0,108.4890909090909,6.0,683.39,174.0,7.151737504239267,109.10524860946497,780.2920983896597
CUST004989,19.0,571.0,574.0,274.1863157894737,5.0,1313.94,174.0,5.798199938987572,276.60906749187643,1603.834678254807
CUST004990,32.0,727.0,735.0,81.3528125,8.0,357.39,174.0,7.512148605984533,81.85758635250245,614.9263532072098
CUST004991,51.0,859.0,873.0,98.93901960784315,13.0,765.6366666666668,174.0,9.993557658641901,99.30823743310356,992.4425967658203
CUST004992,17.0,621.0,626.0,52.80823529411765,7.0,0.0,174.0,4.819978258558911,53.5024950848379,257.8808630875737
CUST004993,46.0,744.0,749.0,84.6904347826087,6.0,0.0,174.0,10.4725906295434,85.05223693092618,890.7172595045228
CUST004994,12.0,466.0,521.0,327.37166666666667,10.0,310.995,174.0,4.121272871042637,331.91479155134715,1367.911425918339
CUST004995,23.0,828.0,848.0,112.82826086956523,4.0,1224.74,174.0,4.784648119570892,113.74325149131303,544.2214343617899
CUST004996,23.0,701.0,702.0,133.38,4.0,0.0,174.0,5.736685986316784,134.4330037142128,771.1999285057967
CUST004997,38.0,588.0,613.0,46.4928947368421,12.0,128.455,174.0,10.47745557445416,46.776327949657656,490.09689802863653
CUST004998,25.0,779.0,787.0,75.73,6.0,93.53,174.0,5.564715658289646,76.34226325038797,424.8229876987042
CUST004999,98.0,548.0,857.0,178.97163265306125,0.0,0.0,174.0,1.606203364233414e-14,179.28899043798899,2.879745796115103e-12
CUST005001,34.0,651.0,849.0,135.71205882352942,0.0,0.0,174.0,0.5529933219936857,136.4334116376953,75.44676553246109
CUST005002,12.0,656.0,663.0,137.1625,4.0,0.0,174.0,3.325243252851313,139.24224480309454,463.0143350433609
CUST005003,8.0,627.0,777.0,139.25,3.0,123.77,174.0,1.9403398165560442,142.43076661000393,276.3640875559918
CUST005005,23.0,674.0,686.0,74.09217391304348,5.0,0.0,174.0,5.8575558425053,74.7470363229192,437.8349393232712
CUST005006,77.0,321.0,764.0,171.43896103896105,0.0,0.0,174.0,7.158325391806121e-24,171.82800480384003,1.2300007698107123e-21
CUST005007,28.0,712.0,725.0,328.13571428571424,6.0,0.0,174.0,6.696103103083175,330.07267406741653,2210.200657065789
CUST005008,8.0,624.0,632.0,1009.8725000000001,5.0,35.66,174.0,2.440634678488206,1030.076518507846,2514.040472566647
CUST005009,16.0,681.0,688.0,199.976875,6.0,0.0,174.0,4.168620066751326,202.1398076832848,842.6440585977949
CUST005011,19.0,754.0,778.0,416.20052631578943,3.0,0.0,174.0,4.341259578925712,419.7793694260561,1822.3712085562613
CUST005012,22.0,797.0,799.0,128.87227272727273,11.0,0.0,174.0,4.864196769031744,129.94181957882446,632.0625789574237
CUST005013,48.0,799.0,801.0,202.32666666666668,11.0,1501.56,174.0,10.240710788641431,203.0505552775205,2079.3820120701375
CUST005014,45.0,783.0,783.0,120.4948888888889,10.0,112.32,174.0,9.831063853947493,120.98724858028285,1189.4333663061789
CUST005015,19.0,623.0,624.0,106.88368421052631,2.0,0.0,174.0,5.361533634608433,107.94447971034457,578.7479586373199
CUST005016,20.0,719.0,737.0,121.44500000000001,10.0,673.85,174.0,4.797357804155364,122.56491186317912,587.9877364424367
CUST005017,11.0,579.0,838.0,262.56545454545454,0.0,0.0,174.0,1.8311665716868255,266.61075480655785,488.2087018539614
CUST005019,43.0,807.0,817.0,61.21116279069767,7.0,0.0,174.0,9.026506635182422,61.51422340755196,555.2585457463616
CUST005020,4.0,484.0,514.0,254.3775,3.0,0.0,174.0,1.6950774759575473,265.45785514628517,449.97163107446926
CUST005023,44.0,736.0,757.0,125.17772727272728,7.0,0.0,174.0,9.907495395418056,125.69770186178935,1245.3494024103097
CUST005024,101.0,833.0,838.0,229.92871287128713,6.0,0.0,174.0,20.32236108730224,230.31415385311251,4680.527398119435
CUST005026,4.0,393.0,424.0,113.81,0.0,0.0,174.0,2.022346833023677,119.28370550016572,241.2330240495891
CUST005028,17.0,635.0,638.0,53.14588235294118,3.0,0.0,174.0,4.735334645028188,53.84321713682675,254.96565150779116
CUST005029,31.0,820.0,825.0,294.89516129032256,4.0,0.0,174.0,6.529756904430725,296.4784100994539,1935.9319453615533
CUST005030,21.0,625.0,678.0,110.60095238095238,2.0,0.0,174.0,5.385671231609573,111.58733405618248,600.9726948383891
CUST005031,20.0,752.0,871.0,188.2275,0.0,0.0,174.0,3.9123014149779176,189.86367356801566,742.8039187530532
CUST005032,20.0,659.0,667.0,111.85500000000002,5.0,0.0,174.0,5.278225006612756,112.90077642725831,595.9157014043507
CUST005033,45.0,648.0,663.0,27.12688888888889,14.0,0.0,174.0,11.491452349039706,27.299828953843452,313.7146835600265
CUST005035,12.0,503.0,873.0,102.805,0.0,0.0,174.0,0.45632812126182726,104.4397842229275,47.658810519439136
CUST005036,30.0,635.0,672.0,231.46133333333333,7.0,142.02,174.0,7.639054380132342,232.77155208750222,1778.1545445442375
CUST005037,7.0,483.0,596.0,73.74571428571429,1.0,0.0,174.0,2.2413451749435263,75.92318349084444,170.17006098355617
CUST005038,91.0,604.0,617.0,85.62604395604396,18.0,799.945,174.0,24.46062029731716,85.81021088013797,2098.9709859717686
CUST005039,10.0,641.0,642.0,11.693000000000001,2.0,0.0,174.0,2.91798748100807,12.240179373387212,35.71669017683709
CUST005040,29.0,660.0,667.0,95.49172413793104,4.0,0.0,174.0,7.497157041266191,96.12419313108113,720.6581713687161
CUST005041,36.0,826.0,833.0,60.52611111111111,9.0,326.2366666666667,174.0,7.466599040673923,60.8854203652964,454.6070212905506
CUST005042,10.0,713.0,800.0,369.203,2.0,0.0,174.0,2.340213527484871,375.32069995353567,878.3305791763546
CUST005043,7.0,798.0,842.0,515.9328571428572,2.0,0.0,174.0,1.656134827304008,528.0192276017827,874.4710323174742
CUST005044,12.0,811.0,834.0,48.406666666666666,2.0,0.0,174.0,2.670516514821791,49.33694346151822,131.75512230481337
CUST005045,3.0,33.0,667.0,65.75333333333333,0.0,0.0,174.0,0.002069711323125394,70.55980476830649,0.14603842688648114
CUST005047,7.0,285.0,508.0,690.9242857142857,4.0,1478.4850000000001,174.0,1.6859345247210682,706.9320112238602,1191.8410843528075
CUST005048,40.0,642.0,778.0,355.0895,0.0,0.0,174.0,2.5843209816931054,356.5469163415066,921.4316768593318
CUST005049,10.0,439.0,883.0,339.038,0.0,0.0,174.0,0.20749413964888958,344.6856858188257,71.52025982826468
CUST005050,10.0,644.0,659.0,300.037,3.0,0.0,174.0,2.843254590608837,305.07699408112217,867.4115639102955
CUST005052,10.0,153.0,685.0,89.639,0.0,0.0,174.0,0.00011534434250984561,91.40069028815954,0.010542552526233793
CUST005053,172.0,777.0,781.0,93.66029069767441,38.0,1295.4150000000002,174.0,36.80443797031898,93.76482335606282,3450.9616250061304
CUST005054,49.0,819.0,844.0,74.51102040816326,9.0,0.0,174.0,9.907716349251025,74.81862896827211,741.2817534574959
CUST005055,81.0,842.0,862.0,142.40716049382715,13.0,305.02,174.0,15.872320897071065,142.72186165182262,2265.3271871651095
CUST005056,21.0,562.0,818.0,214.37333333333333,0.0,0.0,174.0,0.5683292110324804,216.12344505726915,122.8292670150194
CUST005057,7.0,718.0,773.0,13.394285714285715,1.0,0.0,174.0,1.7936538977575136,14.219349369187173,25.504591419618414
CUST005058,21.0,508.0,532.0,194.69809523809522,3.0,0.0,174.0,6.811261025285236,196.303403784048,1337.0737233251164
CUST005059,26.0,776.0,796.0,295.1953846153846,4.0,0.0,174.0,5.706237162072247,297.08669378069555,1695.247132408583
CUST005060,9.0,594.0,643.0,37.55555555555556,1.0,0.0,174.0,2.6418581544513806,38.61311450852453,102.01037143311045
CUST005061,16.0,711.0,723.0,2.17,8.0,0.0,174.0,3.975394267839777,2.4178004179917907,9.611709922465181
CUST005062,24.0,635.0,656.0,97.22958333333334,9.0,0.0,174.0,6.352404834679381,98.00584546324487,622.572806547557
CUST005063,31.0,638.0,692.0,34.38193548387097,7.0,604.86,174.0,7.587542689332134,34.669450922135894,263.0559388874114
CUST005064,34.0,572.0,579.0,14.97529411764706,8.0,0.0,174.0,9.97286145108062,15.149356790862285,151.0824363482569
CUST005065,34.0,703.0,743.0,152.35764705882352,8.0,2948.565,174.0,7.823777776022589,153.1544529990831,1198.2464056731226
CUST005066,13.0,713.0,727.0,325.15615384615387,0.0,0.0,174.0,3.2726795125338044,329.31917454627893,1077.756115622151
CUST005067,18.0,636.0,686.0,393.285,4.0,68.09,174.0,4.625068997166538,396.8673762914384,1835.5389980723583
CUST005068,7.0,521.0,817.0,723.9128571428571,3.0,0.0,174.0,1.3758214554501094,740.6598182952353,1019.0156692003641
CUST005069,67.0,657.0,868.0,194.0086567164179,0.0,0.0,174.0,0.00021799360065124148,194.5077011325087,0.04240143412427114
CUST005070,30.0,760.0,798.0,124.09266666666667,4.0,0.0,174.0,6.499572788062774,124.85096574723296,811.4779395340728
CUST005071,9.0,527.0,599.0,216.79777777777775,1.0,0.0,174.0,2.804486561659822,220.96388726762203,619.6902524541619
CUST005073,177.0,728.0,747.0,153.97005649717514,0.0,0.0,174.0,38.66884865241155,154.1239556315284,5959.795914026564
CUST005074,3.0,214.0,620.0,1136.9366666666667,0.0,0.0,174.0,0.5496437184768614,1199.4774284258965,659.2852339890732
CUST005075,13.0,442.0,513.0,4.952307692307692,2.0,0.0,174.0,4.442217055796824,5.291204255655062,23.504677790175656
CUST005076,24.0,585.0,597.0,688.0195833333333,10.0,700.355,174.0,6.950189516654536,692.596863551625,4813.679460324316
CUST005077,43.0,885.0,893.0,55.222325581395346,13.0,763.1,174.0,8.292068256306752,55.503941535623994,460.2424717074536
CUST005078,54.0,691.0,699.0,193.60907407407407,12.0,161.52,174.0,13.064486908694997,194.22746260385864,2537.4821424971583
CUST005079,152.0,886.0,900.0,189.2354605263158,24.0,313.5133333333334,174.0,28.358435004022567,189.45032930591142,5372.514850112361
CUST005080,26.0,554.0,573.0,9.553076923076922,12.0,94.68,174.0,7.7812029398153575,9.74882927879149,75.85761904389038
CUST005081,10.0,752.0,776.0,366.57,3.0,0.0,174.0,2.4334271286197695,372.646674022268,906.8085259557148
CUST005082,4.0,175.0,758.0,142.925,0.0,0.0,174.0,0.06729222207336306,149.55998107557804,10.064223459825774
CUST005083,23.0,473.0,497.0,44.919130434782616,8.0,418.28,174.0,7.899275060890908,45.37808426867376,358.45396937454063
CUST005084,114.0,837.0,837.0,76.8101754385965,28.0,205.02249999999998,174.0,22.936906908774382,76.94525521578396,1764.8861559563231
CUST005086,59.0,862.0,870.0,96.18101694915255,7.0,218.23,174.0,11.56391180975171,96.49285019630541,1115.8348099416587
CUST005087,18.0,450.0,507.0,217.56333333333333,13.0,802.7433333333332,174.0,6.068069777498804,219.63506177252142,1332.7608804209203
CUST005088,59.0,858.0,864.0,295.32796610169487,10.0,369.215,174.0,11.6428283449066,296.1590120306191,3448.1285398696273
CUST005089,28.0,723.0,772.0,205.0725,5.0,4415.46,174.0,6.257232797397271,206.33142919926738,1291.0637859195087
CUST005090,12.0,700.0,703.0,8.654166666666667,2.0,0.0,174.0,3.14698881990141,9.069612770603863,28.54196998992541
CUST005091,50.0,756.0,792.0,106.866,10.0,2095.6949999999997,174.0,10.67966434786945,107.26702353143368,1145.5758069107255
CUST005092,34.0,656.0,787.0,181.57235294117646,0.0,0.0,174.0,4.457317405553682,182.5015868170291,813.4674994607102
CUST005093,62.0,803.0,833.0,354.48709677419356,12.0,74.98,174.0,12.578624435580227,355.4245880928463,4470.752408790714
CUST005094,8.0,255.0,624.0,30.80125,0.0,0.0,174.0,0.16300136180510955,31.861521918842065,5.193471461954604
CUST005095,18.0,749.0,769.0,251.60500000000002,1.0,0.0,174.0,4.176498837732425,253.96937858081563,1060.7028144624028
CUST005096,6.0,229.0,518.0,95.57666666666667,4.0,0.0,174.0,0.7833919234226382,98.69945112642458,77.32035285868842
CUST005097,44.0,575.0,575.0,474.00227272727267,14.0,2800.86,174.0,12.881480632170186,475.742821511855,6128.271941198958
CUST005098,17.0,521.0,594.0,44.9635294117647,8.0,0.0,174.0,4.943270232335153,45.58634650413536,225.345629674808
CUST005099,14.0,763.0,776.0,40.645714285714284,2.0,234.14,174.0,3.2897780490669577,41.355628398186525,136.05083850972414
CUST005101,18.0,738.0,767.0,98.02833333333334,4.0,0.0,174.0,4.1822277037010185,99.07244068034684,414.34350608662237
CUST005103,12.0,577.0,581.0,74.28083333333333,6.0,3960.43,174.0,3.7662011381545955,75.54620389843413,284.52219910554174
CUST005104,10.0,767.0,828.0,216.715,2.0,0.0,174.0,2.2776154753778104,220.45671734542492,502.11563107693155
CUST005105,11.0,854.0,855.0,9.835454545454546,3.0,1565.82,174.0,2.4173282766329334,10.305911909276105,24.912772274781233
CUST005106,11.0,768.0,771.0,84.28454545454545,1.0,0.0,174.0,2.667734588872964,85.80807844787458,228.91317888011974
CUST005108,69.0,657.0,657.0,201.96014492753622,21.0,410.76000000000005,174.0,17.61673453385297,202.4624118565498,3566.726562760444
CUST005109,57.0,831.0,839.0,222.38456140350877,10.0,602.54,174.0,11.575904245284912,223.04797779947413,2581.9820331111473
CUST005110,8.0,707.0,715.0,703.5550000000001,2.0,212.65,174.0,2.17202910238381,717.769602930811,1559.016466372193
CUST005111,32.0,811.0,836.0,116.51375,6.0,1075.1933333333334,174.0,6.632096346715173,117.18791493045502,777.2015424894392
CUST005112,38.0,744.0,757.0,112.80105263157895,10.0,896.77,174.0,8.611218038278832,113.3532882802351,976.109880736981
CUST005113,63.0,852.0,863.0,114.56793650793651,7.0,0.0,174.0,12.420880774837698,114.90480944405763,1427.2189385600846
CUST005114,16.0,549.0,717.0,108.50875,2.0,1207.8,174.0,3.2174282476294054,109.78610397206278,353.22891211689364
CUST005115,44.0,760.0,767.0,176.08136363636365,9.0,0.0,174.0,9.805056695743062,176.77945546463158,1733.3325834732982
CUST005116,9.0,421.0,499.0,92.2911111111111,1.0,0.0,174.0,3.297206255067392,94.29793435292292,310.91973898839177
CUST005117,8.0,782.0,826.0,35.56,3.0,612.37,174.0,1.8872445306142591,36.713319594463655,69.28701160534484
CUST005118,30.0,614.0,614.0,321.839,9.0,91.71,174.0,8.377782445361337,323.61379760977195,2711.165992691864
CUST005119,66.0,849.0,849.0,227.07560606060605,11.0,341.895,174.0,13.216795141796629,227.65927602465223,3008.9260133475614
CUST005120,194.0,846.0,847.0,192.07896907216494,40.0,301.71999999999997,174.0,38.39402345211507,192.24953360389827,7381.233101846255
CUST005121,5.0,550.0,743.0,422.61199999999997,4.0,0.0,174.0,1.3596542410619887,436.73178473201983,593.8042233174623
CUST005122,35.0,601.0,611.0,224.61428571428573,12.0,212.8,174.0,9.745700912926438,225.7063598209736,2199.6666769605654
CUST005123,27.0,883.0,891.0,233.1588888888889,5.0,102.39,174.0,5.316632083266111,234.6252207250314,1247.4159760500947
CUST005124,36.0,617.0,622.0,202.27222222222224,8.0,482.78,174.0,9.852579254642386,203.2382067647711,2002.4205397213034
CUST005125,3.0,452.0,516.0,387.25333333333333,2.0,0.0,174.0,1.3658037619995278,409.38790702834467,559.143543536426
CUST005126,10.0,644.0,653.0,179.524,0.0,0.0,174.0,2.8695825220203472,182.68622801394804,524.2332069226492
CUST005127,4.0,190.0,575.0,545.35,0.0,0.0,174.0,0.4161058058701443,568.0360311678085,236.36309051235935
CUST005129,7.0,507.0,637.0,98.3,1.0,0.0,174.0,2.093591466247708,101.0277022827548,211.51073535378953
CUST005130,30.0,527.0,609.0,65.131,0.0,0.0,174.0,7.5641683646073385,65.58621155203471,496.10514657634536
CUST005132,53.0,832.0,847.0,439.38905660377355,3.0,395.34,174.0,10.677193879676594,440.73269355536576,4705.788418202731
CUST005133,48.0,647.0,657.0,106.36791666666666,16.0,1111.565,174.0,12.34980245383843,106.78410594800313,1318.762613667592
CUST005134,20.0,549.0,569.0,77.9255,11.0,706.3833333333333,174.0,6.118330505673086,78.7089846365309,481.5675817722412
CUST005135,9.0,723.0,762.0,42.23777777777778,3.0,176.07,174.0,2.2551298694873156,43.37653927455707,97.8197293530433
CUST005136,5.0,62.0,616.0,197.498,0.0,0.0,174.0,0.0007981482954707182,204.49154716443184,0.16321457980746126
CUST005137,15.0,779.0,817.0,395.38866666666667,0.0,0.0,174.0,3.326676560713451,399.7166614332487,1329.7280485166227
CUST005138,13.0,209.0,856.0,38.348461538461535,0.0,0.0,174.0,5.403175263052261e-06,39.0862010249425,0.00021118959450465723
CUST005140,34.0,725.0,751.0,102.65352941176471,6.0,35.66,174.0,7.779825163021841,103.22503054433666,803.0726900825285
CUST005142,15.0,842.0,855.0,364.8353333333333,1.0,0.0,174.0,3.1938256543037182,368.84759135946024,1178.0348998119787
CUST005143,53.0,759.0,772.0,164.6909433962264,17.0,830.8575000000001,174.0,11.666650705852385,165.23707857961526,1927.7632794438543
CUST005144,4.0,277.0,816.0,273.7,0.0,0.0,174.0,0.29201755939104046,285.55104885419877,83.38592036795488
CUST005145,22.0,544.0,563.0,48.065909090909095,11.0,0.0,174.0,6.757019933464389,48.567970122715245,328.1747422470898
CUST005146,27.0,539.0,562.0,529.6777777777778,8.0,0.0,174.0,8.203796314306791,532.8386670404686,4371.29989278674
CUST005147,37.0,692.0,699.0,59.061081081081085,8.0,628.04,174.0,9.058258023450398,59.40453866490107,538.1016389907095
CUST005148,36.0,705.0,721.0,89.8488888888889,1.0,0.0,174.0,8.55769685791137,90.3337000317998,773.0484209256414
CUST005149,25.0,808.0,813.0,144.35479999999998,5.0,0.0,174.0,5.396110811587804,145.39081096947123,784.5449269778825
CUST005150,15.0,572.0,577.0,110.36933333333333,7.0,591.04,174.0,4.6382958398842415,111.75195142721113,518.3386114037792
CUST005151,41.0,559.0,603.0,157.54439024390246,9.0,0.0,174.0,11.241113686564535,158.22412709291197,1778.6154006088593
CUST005152,40.0,847.0,873.0,109.69175,14.0,4415.46,174.0,7.883501048807358,110.20429560291711,868.7956799686732
CUST005153,6.0,419.0,766.0,95.60333333333334,0.0,0.0,174.0,1.0439398190756903,98.72681757055848,103.0648560725275
CUST005154,43.0,676.0,677.0,88.44604651162791,17.0,427.64,174.0,10.800627843179454,88.84662904678326,959.5993754553238
CUST005157,10.0,491.0,531.0,50.80499999999999,0.0,0.0,174.0,3.4652758127355714,51.96160065092005,180.06127792665816
CUST005159,32.0,827.0,849.0,53.07187499999999,3.0,71.31,174.0,6.538169130062043,53.44040281274214,349.4023919683514
CUST005160,31.0,306.0,697.0,476.67,0.0,0.0,174.0,8.091600961463151e-08,479.1573554001533,3.877150117648021e-05
CUST005161,10.0,723.0,732.0,205.13400000000001,1.0,0.0,174.0,2.575620563353372,208.69526868989448,537.5198255122494
CUST005162,25.0,773.0,785.0,106.846,7.0,113.57,174.0,5.5762702063011815,107.65039982531417,600.2877172423093
CUST005164,13.0,525.0,553.0,73.32,10.0,989.48,174.0,4.224267298847242,74.47539688172274,314.60398361613125
CUST005166,19.0,538.0,579.0,268.02947368421053,6.0,0.0,174.0,5.707654906211315,270.4021045414451,1543.361898635844
CUST005167,16.0,631.0,695.0,259.998125,2.0,0.0,174.0,4.082442270473591,262.74217313985434,1072.6297538622325
CUST005168,35.0,821.0,828.0,193.72257142857143,8.0,147.13,174.0,7.308970661247302,194.67863431722213,1422.9004265962687
CUST005169,27.0,739.0,750.0,259.4637037037037,7.0,0.0,174.0,6.264980801701381,261.08036329625133,1635.6634637522366
CUST005171,16.0,222.0,643.0,28.667499999999997,0.0,0.0,174.0,6.326373553985951e-05,29.171844672075988,0.0018455198665440749
CUST005172,31.0,844.0,895.0,130.9609677419355,8.0,171.87,174.0,5.992924320179997,131.72884526022676,789.4410004292405
CUST005173,19.0,629.0,749.0,327.09315789473686,5.0,2730.0533333333337,174.0,4.201347804872835,329.946606957273,1386.220452865179
CUST005174,27.0,871.0,890.0,63.38074074074074,9.0,3025.16,174.0,5.317351977010006,63.87681795705742,339.6555242490675
CUST005175,5.0,200.0,561.0,158.98399999999998,0.0,0.0,174.0,0.38416546383179273,164.75834305594418,63.294465280244424
CUST005176,19.0,581.0,632.0,6.966315789473685,3.0,0.0,174.0,5.243467273875382,7.2137165543576485,37.82488667578741
CUST005177,29.0,466.0,664.0,363.0103448275862,0.0,0.0,174.0,0.17124774874605972,365.06564238889297,62.51666940363203
CUST005179,17.0,776.0,788.0,107.97999999999999,6.0,169.21,174.0,3.873434974061252,109.17671581678543,422.88890939788297
CUST005180,9.0,704.0,751.0,269.4266666666667,4.0,123.64,174.0,2.283951206415092,274.5055050815512,626.9571794985931
CUST005181,35.0,766.0,780.0,260.2545714285714,5.0,0.0,174.0,7.731892756589093,261.5035639447188,2021.9175118864039
CUST005182,16.0,165.0,813.0,26.106875000000002,0.0,0.0,174.0,1.2561113339582623e-08,26.586428139644088,3.3395513715673815e-07
CUST005183,11.0,449.0,577.0,81.49545454545455,5.0,3093.71,174.0,3.259242944718681,82.97953610117739,270.4504675937915
CUST005184,7.0,528.0,716.0,269.2657142857143,6.0,367.04,174.0,1.8119923444894355,275.8245600288954,499.7919911945252
CUST005185,16.0,825.0,847.0,98.089375,3.0,0.0,174.0,3.416340552800366,99.2658503688965,339.12595012347424
CUST005186,10.0,699.0,754.0,219.97599999999997,5.0,0.0,174.0,2.490569084867194,223.76852842095246,557.3109790514503
CUST005187,16.0,662.0,676.0,353.65625,3.0,217.3,174.0,4.2357072189685665,357.30708005577276,1513.4481783808162
CUST005188,51.0,900.0,904.0,107.92,7.0,322.9,174.0,9.674137230626778,108.31631692525438,1047.866914250973
CUST005189,17.0,675.0,697.0,59.90823529411765,0.0,0.0,174.0,4.3471982075070335,60.66715565540476,263.73215031972575
CUST005193,11.0,678.0,770.0,35.04272727272728,7.0,1886.605,174.0,2.631161434157712,35.86973921997358,94.37907448888882
CUST005194,56.0,572.0,573.0,106.2644642857143,19.0,1508.0033333333333,174.0,16.33696662728115,106.62075040840776,1741.8596411978306
CUST005195,12.0,541.0,568.0,677.8333333333334,2.0,0.0,174.0,3.835301941904564,686.9152525577156,2634.5274020584707
CUST005198,13.0,857.0,865.0,31.163076923076922,4.0,0.0,174.0,2.7745991192050368,31.815002940826087,88.27387913712171
CUST005199,32.0,625.0,630.0,326.5621875,12.0,403.96000000000004,174.0,8.694025137171108,328.24828026231046,2853.798799833714
CUST005200,30.0,661.0,668.0,175.83666666666664,9.0,0.0,174.0,7.7326789754882626,176.86095146240956,1367.6089609582245
CUST005201,34.0,627.0,642.0,95.75441176470588,3.0,0.0,174.0,9.040141452345045,96.2946397463143,870.5171644092887
CUST005202,71.0,792.0,793.0,172.75140845070422,18.0,499.01,174.0,15.152316358127143,173.17624255918736,2624.0212129685683
CUST005203,20.0,842.0,883.0,57.577999999999996,9.0,145.505,174.0,4.0275162661670825,58.204188413131625,234.41831559294124
CUST005204,24.0,550.0,558.0,125.41000000000001,12.0,419.5,174.0,7.407962882420714,126.36756897919486,936.1262605396147
CUST005205,3.0,411.0,480.0,247.33666666666667,4.0,0.0,174.0,1.4570019011511568,261.93005744446594,381.63259166521857
CUST005206,8.0,639.0,641.0,157.29625000000001,1.0,0.0,174.0,2.4096305958856625,160.82987431763434,387.54058588821744
CUST005207,3.0,387.0,597.0,331.56,1.0,3257.41,174.0,1.1200376290040375,350.6928325590785,392.7891686881802
CUST005210,29.0,693.0,698.0,8.948620689655172,6.0,0.0,174.0,7.183045530852837,9.120800228390086,65.51512331833895
CUST005211,32.0,610.0,800.0,307.6721875,0.0,0.0,174.0,0.7207102539129551,309.2672759350645,222.89209696612826
CUST005212,8.0,533.0,699.0,74.59,2.0,0.0,174.0,2.092623482876081,76.50647184652786,160.09923957804196
CUST005215,5.0,65.0,852.0,339.57,0.0,0.0,174.0,9.646629091649625e-05,351.06099656208085,0.03386555222379278
CUST005217,14.0,579.0,589.0,59.993571428571435,8.0,3687.04,174.0,4.270165489097088,60.91786506723279,260.1293650795705
CUST005218,77.0,641.0,644.0,158.68506493506493,18.0,283.515,174.0,19.986685035488872,159.04864560521287,3178.855185032481
CUST005221,9.0,786.0,798.0,506.4455555555556,4.0,0.0,174.0,2.164085488161118,515.634949983251,1115.8781124474372
CUST005222,8.0,502.0,826.0,158.68125,0.0,0.0,174.0,1.2528606388886243,162.24195517515696,203.2665596152867
CUST005223,23.0,675.0,717.0,220.4378260869565,4.0,0.0,174.0,5.58699486818033,222.0754576871736,1240.734442447037
CUST005224,44.0,574.0,585.0,113.43795454545456,9.0,617.33,174.0,12.657221486455867,113.91685042076526,1441.870806815089
CUST005225,171.0,856.0,856.0,143.59567251461988,33.0,558.425,174.0,33.53643201440149,143.74566005189598,4820.716555695678
CUST005227,51.0,624.0,633.0,61.92588235294118,2.0,628.04,174.0,13.568934717109403,62.18341719218401,843.7627283675233
CUST005228,12.0,778.0,875.0,22.47666666666667,4.0,1867.1100000000001,174.0,2.5193246898188866,23.071126599298,58.1236588635487
CUST005229,19.0,861.0,868.0,247.9542105263158,4.0,292.62,174.0,3.9169446291469514,250.16341520837088,979.8762456094871
CUST005230,8.0,559.0,590.0,130.39375,3.0,171.37,174.0,2.596078709977449,133.40135065734333,346.3204063237652
CUST005232,67.0,606.0,620.0,26.178955223880596,17.0,534.8,174.0,18.033965695167712,26.292803002085268,474.16350736940836
CUST005233,44.0,824.0,826.0,56.35977272727273,10.0,241.39,174.0,9.139633494278845,56.63894597193051,517.659207685706
CUST005234,22.0,779.0,813.0,39.14863636363637,2.0,0.0,174.0,4.76794775070774,39.58807329511419,188.75386502229287
CUST005235,82.0,893.0,894.0,335.9109756097561,13.0,656.415,174.0,15.563329173163881,336.5845603958515,5238.376308045295
CUST005236,3.0,498.0,691.0,210.1,3.0,0.0,174.0,1.0051528727074819,222.68642104895648,223.83389583030646
CUST005237,11.0,728.0,887.0,143.68818181818182,0.0,0.0,174.0,2.24061224268155,146.0519738528881,327.2458406825867
CUST005239,8.0,546.0,588.0,137.985,1.0,0.0,174.0,2.59950363426663,141.14103210836774,366.896625909845
CUST005240,23.0,547.0,625.0,219.8347826086957,0.0,0.0,174.0,6.135591500667081,221.46836453239652,1358.8394150916108
CUST005241,23.0,618.0,630.0,205.35304347826087,3.0,1402.74,174.0,6.347605207035032,206.88937477081183,1313.2520725754275
CUST005242,23.0,573.0,578.0,24.87913043478261,4.0,0.0,174.0,6.888047102697669,25.20350770775866,173.60294824424543
CUST005244,32.0,626.0,637.0,123.5040625,6.0,0.0,174.0,8.59804716286559,124.21190390934869,1067.9798080019089
CUST005245,25.0,460.0,542.0,151.7296,12.0,9482.52,174.0,7.131846551451763,152.811149239582,1089.8256677276936
CUST005248,33.0,878.0,901.0,183.16757575757578,6.0,626.34,174.0,6.361185425510808,184.13255092566448,1171.3012993104635
CUST005249,7.0,557.0,579.0,33.997142857142855,1.0,0.0,174.0,2.364165890845722,35.28389265618573,83.41697551401616
CUST005250,7.0,348.0,670.0,121.92285714285713,0.0,0.0,174.0,0.9480973403953001,125.1799202687351,118.68274947768347
CUST005252,26.0,721.0,739.0,206.36192307692306,7.0,2343.7166666666667,174.0,6.125099622228184,207.72592176834647,1272.3419649503003
CUST005253,16.0,543.0,873.0,20.378124999999997,0.0,0.0,174.0,0.3665753710973281,20.802213363888452,7.625579083513206
CUST005254,14.0,548.0,606.0,439.99000000000007,0.0,0.0,174.0,4.11450375691954,445.12475755253075,1831.4674872477874
CUST005256,50.0,618.0,623.0,44.75020000000001,7.0,0.0,174.0,13.51839175531576,44.960035992195934,607.7873798756013
CUST005258,4.0,83.0,691.0,258.3575,0.0,0.0,174.0,0.00531314916196466,269.5966006997848,1.4324069530765826
CUST005259,15.0,638.0,648.0,122.88933333333333,6.0,676.31,174.0,4.1568067431485,124.40133253098043,517.1122979214382
CUST005260,17.0,907.0,908.0,226.95764705882354,4.0,0.0,174.0,3.385177434907644,229.23790689582387,776.0109896492023
CUST005261,7.0,502.0,528.0,342.8671428571428,4.0,0.0,174.0,2.574721777847002,351.07531129012494,903.9212496431002
CUST005262,19.0,388.0,656.0,38.1521052631579,0.0,0.0,174.0,0.08519891854748717,38.65337937722547,3.293226121145353
CUST005263,10.0,615.0,625.0,635.9799999999999,4.0,1402.74,174.0,2.9902671503352525,646.2544697468568,1932.473511641353
CUST005264,13.0,225.0,564.0,315.43307692307695,0.0,0.0,174.0,0.006325033055937736,319.4799770531592,2.0207214155714612
CUST005265,23.0,782.0,813.0,42.082608695652176,4.0,0.0,174.0,4.97363598029767,42.52251415925325,211.4915063951791
CUST005266,4.0,422.0,766.0,258.3575,0.0,0.0,174.0,0.9466372634974216,269.5966006997848,255.21018833465135
CUST005267,27.0,742.0,744.0,77.29444444444444,5.0,660.405,174.0,6.317759566996292,77.8700362239994,491.96416633652007
CUST005268,8.0,607.0,798.0,173.10750000000002,1.0,0.0,174.0,1.840487753051076,176.9502811468798,325.674825349777
CUST005269,26.0,719.0,752.0,67.78576923076923,7.0,0.0,174.0,6.009449213761331,68.3271876006717,410.60876380537957
CUST005271,4.0,97.0,589.0,196.98250000000002,0.0,0.0,174.0,0.025860559664865987,205.77360865304155,5.321420684026765
CUST005273,7.0,119.0,887.0,36.137142857142855,0.0,0.0,174.0,5.997509003633726e-05,37.47184757533174,0.002247377432158427
CUST005274,24.0,510.0,533.0,91.37041666666666,6.0,104.46,174.0,7.70958772892046,92.10898215566884,710.1222785506981
CUST005275,16.0,275.0,894.0,57.414375,0.0,0.0,174.0,4.994889408342484e-06,58.19704198943146,0.000290687788629874
CUST005277,9.0,445.0,547.0,7.835555555555555,3.0,0.0,174.0,2.9914311811936933,8.377688395131479,25.061278291520857
CUST005279,10.0,329.0,402.0,449.37199999999996,2.0,0.0,174.0,4.360173800255275,456.738848409215,1991.460760392625
CUST005280,14.0,662.0,751.0,380.53999999999996,6.0,395.34,174.0,3.33531341655899,385.016035362376,1284.1491483344832
CUST005281,18.0,505.0,549.0,60.76777777777777,4.0,662.9833333333332,174.0,5.695553278255636,61.49156276903747,350.2284719142536
CUST005282,12.0,671.0,764.0,64.0175,3.0,0.0,174.0,2.859509779509708,65.14995115145173,186.296922452156
CUST005284,21.0,743.0,765.0,48.070952380952384,2.0,0.0,174.0,4.84440876202641,48.597134150318475,235.42438248717568
CUST005285,7.0,264.0,508.0,219.47,0.0,0.0,174.0,1.3051182499129825,224.91298151309257,293.5380368150784
CUST005286,14.0,156.0,624.0,100.13428571428572,0.0,0.0,174.0,5.491973710885551e-06,101.50334939884549,0.0005574537264652901
CUST005289,14.0,647.0,647.0,114.02142857142857,3.0,323.93,174.0,3.9126421535230276,115.5443655807629,452.08375537336815
CUST005290,9.0,512.0,512.0,111.65333333333334,6.0,0.0,174.0,3.2910733356360873,113.99595048317519,375.16903300566963
CUST005291,16.0,793.0,819.0,20.700000000000003,2.0,1209.72,174.0,3.5261765437038375,21.127204702478263,74.49825365590826
CUST005292,11.0,638.0,645.0,473.8954545454546,1.0,382.53,174.0,3.158227321729694,480.92999846375153,1518.8862609876398
CUST005293,50.0,762.0,765.0,59.797399999999996,12.0,327.455,174.0,11.131733251105558,60.05355008845515,668.5001003665893
CUST005294,11.0,664.0,672.0,133.68363636363637,5.0,1223.37,174.0,3.0380238860413793,135.9059150114922,412.88541605922296
CUST005296,100.0,613.0,626.0,254.8143,19.0,1206.23,174.0,26.472176947182415,255.24184040427244,6756.807163506394
CUST005299,12.0,576.0,592.0,59.732499999999995,3.0,395.34,174.0,3.695711235402915,60.809456540784026,224.7341917565208
CUST005301,82.0,674.0,680.0,228.18695121951217,25.0,723.88,174.0,20.18853621590215,228.6586041265444,4616.282510486374
CUST005303,47.0,752.0,753.0,146.12659574468086,9.0,2611.5433333333335,174.0,10.642693843403787,146.68187989323474,1561.090340078623
CUST005304,75.0,757.0,761.0,98.48906666666667,14.0,73.69,174.0,16.6252950440083,98.73897026581948,1641.5645130108114
CUST005305,4.0,370.0,526.0,658.9125,0.0,0.0,174.0,1.5767482505862227,686.1280643133609,1081.8512250842032
CUST005306,10.0,401.0,827.0,190.35999999999999,0.0,0.0,174.0,0.17786806311369693,193.69106849674986,34.4514551959393
CUST005307,7.0,822.0,883.0,52.6,1.0,1501.56,174.0,1.5798985174091442,54.303618261739416,85.79420598167424
CUST005308,11.0,303.0,451.0,45.168181818181814,4.0,0.0,174.0,3.1535615387258003,46.13841740038862,145.50033857154276
CUST005309,15.0,560.0,567.0,261.25266666666664,7.0,0.0,174.0,4.713890008232938,264.19450618283344,1245.3838429252937
CUST005310,33.0,572.0,579.0,105.04333333333332,7.0,1738.005,174.0,9.691294877797644,105.64339616469158,1023.8213041240227
CUST005311,48.0,616.0,621.0,363.956875,17.0,4010.4,174.0,13.031985790258517,365.1990436711289,4759.268747738151
CUST005312,17.0,855.0,873.0,363.0164705882353,3.0,0.0,174.0,3.510900662548683,366.5358348139775,1286.870905296228
CUST005314,17.0,588.0,590.0,201.15235294117647,8.0,35.66,174.0,5.097397471399063,203.19760080052995,1035.7789365149777
CUST005315,19.0,457.0,563.0,116.3,0.0,0.0,174.0,5.2009232205294245,117.43745065804221,610.7831640871902
CUST005316,13.0,494.0,558.0,187.45846153846153,7.0,0.0,174.0,4.140271612096098,189.97698897263305,786.556334394886
CUST005318,19.0,780.0,795.0,117.89105263157896,5.0,0.0,174.0,4.256964301009457,119.0414555305977,506.7552265339592
CUST005319,62.0,656.0,661.0,277.44209677419354,8.0,568.9100000000001,174.0,15.76755911480787,278.18846127413474,4386.3530081973595
CUST005320,46.0,840.0,854.0,56.22369565217391,9.0,151.12,174.0,9.232888217182717,56.49023493363419,521.5680245046346
CUST005321,12.0,517.0,561.0,48.9775,0.0,0.0,174.0,3.8654093274294503,49.915169600823425,192.9425621552458
CUST005322,29.0,797.0,800.0,285.0868965517242,5.0,1263.05,174.0,6.310401981563672,286.72774928653496,1809.3673572670418
CUST005324,62.0,685.0,708.0,189.03564516129032,22.0,414.38125,174.0,14.707815656137084,189.56269829968502,2788.053221871698
CUST005325,19.0,652.0,692.0,35.461052631578944,8.0,493.59999999999997,174.0,4.835967543867328,35.94041976314139,173.80670348751966
CUST005326,22.0,534.0,540.0,32.370909090909095,6.0,0.0,174.0,7.038931821796578,32.762747492465635,230.6147458942024
CUST005327,8.0,488.0,658.0,26.82,1.0,0.0,174.0,2.1788483095928024,27.80242667406803,60.57727036137097
CUST005328,52.0,771.0,834.0,86.71134615384615,12.0,418.85,174.0,10.130732202235066,87.03725862428696,881.7511587393257
CUST005329,84.0,573.0,578.0,177.26261904761907,23.0,2840.18,174.0,24.09462838658299,177.62983940009767,4279.924970713771
CUST005330,46.0,721.0,727.0,111.38130434782609,12.0,623.2800000000001,174.0,10.772472158176024,111.83242648260368,1204.7117006651151
CUST005331,7.0,252.0,658.0,1387.0985714285714,0.0,0.0,174.0,0.16352014581340513,1418.706755621774,231.98713554573538
CUST005333,4.0,584.0,627.0,404.015,1.0,0.0,174.0,1.4060641115907502,421.06376915678686,592.0426545024902
CUST005334,29.0,455.0,616.0,89.25586206896551,0.0,0.0,174.0,0.7580806333745517,89.85516491212599,68.11746032855926
CUST005335,24.0,722.0,738.0,54.55458333333333,4.0,0.0,174.0,5.687121292704698,55.05628352597168,313.11176233774046
CUST005336,30.0,663.0,676.0,115.53433333333332,6.0,2084.86,174.0,7.640936170621992,116.24863901539183,888.2484306382863
CUST005337,9.0,585.0,763.0,3.8533333333333335,4.0,0.0,174.0,2.1148906910558063,4.3264035442865305,9.14987058156243
CUST005338,18.0,730.0,736.0,65.31722222222223,2.0,157.41,174.0,4.3599102055621515,66.08011797659555,288.1033807509099
CUST005339,9.0,272.0,558.0,230.62111111111113,0.0,0.0,174.0,0.48754911967748515,235.0269550213503,114.58718502113923
CUST005340,18.0,302.0,904.0,59.69111111111111,0.0,0.0,174.0,2.843987087979594e-06,60.40564019091468,0.00017179286074410258
CUST005341,19.0,679.0,704.0,291.4063157894737,4.0,0.0,174.0,4.771804790357901,293.9692499001695,1402.7638748915476
CUST005342,116.0,876.0,884.0,229.57120689655173,28.0,156.3322222222222,174.0,22.128677211979042,229.906266892955,5087.521569085305
CUST005348,85.0,733.0,733.0,240.58105882352942,27.0,588.9174999999999,174.0,19.489290714644998,241.0584467032404,4698.05814702021
CUST005349,41.0,849.0,853.0,228.20951219512196,8.0,0.0,174.0,8.276333154224515,229.1546743260726,1896.560428570396
CUST005350,22.0,542.0,561.0,161.52045454545456,5.0,3076.05,174.0,6.779486944473111,162.8192825994827,1103.831200691671
CUST005351,20.0,552.0,591.0,263.71799999999996,4.0,0.0,174.0,5.877303347709752,265.93775241320657,1562.9968425405461
CUST005352,5.0,365.0,558.0,17.16,0.0,0.0,174.0,1.684932132384578,18.44474437800503,31.078142476120473
CUST005353,18.0,606.0,909.0,178.54833333333332,1.0,0.0,174.0,0.5903303955431054,180.2846567705455,106.42751274170912
CUST005354,42.0,727.0,752.0,293.78023809523813,6.0,76.41,174.0,9.522510074084126,294.9432185263048,2808.599769699533
CUST005355,11.0,825.0,892.0,21.184545454545454,1.0,0.0,174.0,2.30588782966475,21.815534678561562,50.30417591292441
CUST005357,9.0,609.0,708.0,2.9188888888888886,9.0,538.9100000000001,174.0,2.3834345768724265,3.3757532765519875,8.045887082324393
CUST005360,52.0,885.0,910.0,106.3173076923077,7.0,0.0,174.0,9.769472772461912,106.7012379148601,1042.4148385972064
CUST005361,33.0,594.0,601.0,174.38939393939395,13.0,2208.57,174.0,9.358067043128145,175.31336689433962,1640.5942409537524
CUST005362,12.0,220.0,722.0,114.0,0.0,0.0,174.0,0.00032628528920028774,115.77976955931605,0.03777723559420411
CUST005363,76.0,798.0,806.0,133.09552631578947,12.0,4010.4,174.0,15.93888150211168,133.41213763471288,2126.4402527031025
CUST005365,30.0,786.0,819.0,536.0806666666667,6.0,1369.28,174.0,6.3494811920362775,538.9567556904957,3422.0957835776935
CUST005366,17.0,355.0,901.0,469.5529411764706,0.0,0.0,174.0,0.00011278792103294196,474.0425461028346,0.05346627325610126
CUST005369,6.0,557.0,563.0,118.17,3.0,1632.42,174.0,2.141982472362523,121.88567091886088,261.0769707403465
CUST005370,11.0,812.0,815.0,57.653636363636366,0.0,0.0,174.0,2.5302568677016235,58.800477566470526,148.7803121866973
CUST005371,47.0,779.0,867.0,146.88553191489362,0.0,0.0,174.0,8.095910151077609,147.44330160043054,1193.6877221353232
CUST005373,15.0,592.0,711.0,132.48333333333332,0.0,0.0,174.0,3.619317193699757,134.09447648541834,485.33044432384236
CUST005374,18.0,737.0,798.0,106.61333333333333,0.0,0.0,174.0,4.00216065177615,107.73124439537857,431.157747286064
CUST005375,50.0,662.0,673.0,238.03459999999998,17.0,258.92,174.0,12.558879285009134,238.83935014944808,2999.5545670369465
CUST005376,21.0,769.0,769.0,96.9342857142857,5.0,1497.04,174.0,4.830063633699668,97.82008528950821,472.47723660225347
CUST005377,21.0,625.0,672.0,17.133333333333333,4.0,93.95333333333333,174.0,5.443314141287822,17.43182456418398,94.88689715867109
CUST005378,24.0,736.0,748.0,101.55791666666666,5.0,0.0,174.0,5.6173117980647875,102.3620263791245,574.9994184532751
CUST005379,72.0,881.0,888.0,213.46680555555557,10.0,2158.0,174.0,13.780138354304666,213.97267175437193,2948.573020815463
CUST005380,19.0,872.0,875.0,35.37736842105264,4.0,926.05,174.0,3.8879444649480885,35.85605430672846,139.40634787672298
CUST005381,12.0,164.0,879.0,86.11333333333334,0.0,0.0,174.0,7.498730499236761e-07,87.53194543419275,6.56378468884909e-05
CUST005383,24.0,840.0,848.0,92.43083333333334,8.0,1479.135,174.0,4.985865158978046,93.17622131921465,464.56407552069976
CUST005384,103.0,550.0,555.0,90.72087378640776,29.0,584.35,174.0,30.593448231879837,90.89115269582733,2780.6737747356788
CUST005385,7.0,789.0,797.0,214.35857142857142,0.0,0.0,174.0,1.750702037245639,219.68701175294274,384.60649903228347
CUST005386,12.0,544.0,550.0,131.65583333333333,6.0,1366.09,174.0,3.963708971978045,133.6642618417386,529.806233894922
CUST005388,41.0,671.0,692.0,163.04536585365852,8.0,0.0,174.0,10.073666886473555,163.74576491850883,1649.5202898598654
CUST005389,92.0,888.0,889.0,70.88021739130434,21.0,854.905,174.0,17.52296679785581,71.03774719635906,1244.7920855162745
CUST005390,75.0,700.0,705.0,126.30466666666668,20.0,721.75,174.0,17.875340844080277,126.61158791762625,2263.2252888378057
CUST005391,64.0,709.0,710.0,278.79390625,18.0,327.3366666666667,174.0,15.205663537673258,279.520139220838,4250.289188995649
CUST005392,14.0,578.0,586.0,37.93142857142857,4.0,0.0,174.0,4.291588861669403,38.61126765899888,165.70368622029562
CUST005393,26.0,830.0,880.0,329.6419230769231,2.0,209.36,174.0,5.158211775874157,331.73770497362784,1711.173336296434
CUST005395,145.0,858.0,887.0,180.08924137931032,26.0,1882.6650000000002,174.0,26.567594680736097,180.30480629853562,4790.265012728128
CUST005396,21.0,688.0,839.0,113.5685714285714,0.0,0.0,174.0,3.8280313008749665,114.57679378837459,438.60355297579434
CUST005399,2.0,72.0,692.0,232.825,0.0,0.0,174.0,0.04546378088951677,254.11562615951632,11.553057148318606
CUST005400,26.0,551.0,887.0,11.363461538461538,0.0,0.0,174.0,0.01073722552705464,11.569960236296792,0.12422927239617305
CUST005401,10.0,612.0,629.0,41.059000000000005,3.0,0.0,174.0,2.9701601610008823,42.063743937613786,124.93605646604286
CUST005402,30.0,567.0,577.0,255.71466666666666,12.0,239.52,174.0,8.871820361562037,257.1495576574636,2281.3846815921565
CUST005403,22.0,528.0,540.0,200.87818181818182,9.0,837.8325,174.0,7.033354250702795,202.45341077827223,1423.92655726664
CUST005405,27.0,761.0,784.0,31.006666666666664,3.0,0.0,174.0,5.997865783248793,31.317731292873425,187.8395489305055
CUST005406,13.0,162.0,581.0,83.94153846153846,0.0,0.0,174.0,7.346173796004934e-05,85.22378604192822,0.006260687438175442
CUST005407,19.0,597.0,709.0,37.810526315789474,3.0,0.0,174.0,4.444796249440117,38.30901974696132,170.27578729102103
CUST005408,60.0,769.0,773.0,255.3381666666667,11.0,2584.055,174.0,13.164520733537495,256.05280770233327,3370.812495877856
CUST005409,13.0,707.0,753.0,165.25384615384615,3.0,106.4,174.0,3.1526570038596082,167.50718874823477,528.0927118039557
CUST005410,17.0,602.0,663.0,153.21411764705883,4.0,1042.43,174.0,4.511266262765839,154.82278611963963,698.4468117289415
CUST005412,23.0,572.0,708.0,30.256086956521745,0.0,0.0,174.0,4.396176952273374,30.616572628543988,134.5958709472089
CUST005413,36.0,727.0,750.0,137.58027777777775,5.0,0.0,174.0,8.233840266424577,138.2693799159842,1138.4879879657883
CUST005414,35.0,739.0,740.0,87.70028571428573,8.0,378.6,174.0,8.138597359728548,88.18954963912003,717.739235848592
CUST005415,33.0,681.0,682.0,332.8651515151515,7.0,0.0,174.0,8.310842468728072,334.52935256342136,2780.2207503201885
CUST005416,38.0,716.0,737.0,97.83473684210527,10.0,569.965,174.0,8.821522926053822,98.3263014923881,867.3877228491817
CUST005417,33.0,884.0,904.0,59.26545454545455,9.0,290.71,174.0,6.343330345370217,59.651692420554895,378.39039068399643
CUST005418,6.0,451.0,519.0,333.56,5.0,0.0,174.0,2.2828935722543364,342.927860993788,782.8678096096472
CUST005419,13.0,551.0,564.0,120.90461538461538,1.0,0.0,174.0,4.157082876919407,122.628304866247,509.77602638512826
CUST005420,13.0,868.0,869.0,20.235384615384614,5.0,0.0,174.0,2.763609598560417,20.756803606391045,57.363701682055776
CUST005421,14.0,509.0,538.0,122.95357142857142,4.0,112.13,174.0,4.6329367255001905,124.57547901327382,577.1503118173745
CUST005422,15.0,801.0,841.0,168.95266666666666,3.0,0.0,174.0,3.2355021613016683,170.94068223092398,553.0789468125363
CUST005423,16.0,684.0,802.0,371.545,0.0,0.0,174.0,3.4673436748661826,375.3690258676512,1301.533417582881
CUST005426,27.0,750.0,752.0,423.50703703703704,5.0,0.0,174.0,6.2538264487075335,426.06117771154,2664.5126619399093
CUST005428,23.0,500.0,587.0,298.76565217391305,6.0,453.84,174.0,6.277433218399435,300.92928624213107,1889.0634978455855
CUST005429,94.0,741.0,741.0,118.4240425531915,30.0,3265.5766666666664,174.0,21.298101683268982,118.65594157502055,2527.146308988811
CUST005430,38.0,708.0,738.0,217.96894736842106,0.0,0.0,174.0,8.789978613560748,218.9475164755088,1924.543987311962
CUST005432,19.0,472.0,544.0,82.14052631578947,5.0,239.42,174.0,5.886787203916991,82.99989583056362,488.6027247018051
CUST005433,79.0,879.0,883.0,85.1040506329114,15.0,2029.08,174.0,15.179644642698403,85.31523099215192,1295.0548890705957
CUST005434,15.0,798.0,807.0,280.5586666666667,2.0,211.09,174.0,3.3759946085461654,283.70001349827834,957.769716014662
CUST005435,18.0,758.0,869.0,187.14555555555557,3.0,0.0,174.0,3.6084068817921366,188.95578778006578,681.8293649800439
CUST005437,39.0,581.0,584.0,222.29205128205126,13.0,673.85,174.0,11.294443364785621,223.26250379412267,2521.6257045829534
CUST005438,95.0,805.0,806.0,180.5176842105263,15.0,904.51,174.0,19.86331455158257,180.8475809247605,3592.2323858013015
CUST005439,11.0,494.0,494.0,82.30272727272727,4.0,0.0,174.0,4.0562993008398305,83.79822762786158,339.9106921385119
CUST005441,15.0,680.0,897.0,101.03933333333333,5.0,0.0,174.0,2.4440542698275007,102.32553563662267,250.08916228507374
CUST005442,31.0,799.0,821.0,80.84064516129033,8.0,974.0600000000001,174.0,6.54867483260703,81.3592356258234,532.7951787429749
CUST005443,41.0,597.0,611.0,174.6548780487805,11.0,135.38,174.0,11.342868520514392,175.39888360524225,1989.52647537927
CUST005445,8.0,383.0,618.0,293.66999999999996,0.0,0.0,174.0,1.782720155785348,299.8701355765362,534.584534810376
CUST005446,7.0,419.0,793.0,38.667142857142856,0.0,0.0,174.0,0.8427519448221759,40.05854194235951,33.75941412866418
CUST005447,28.0,721.0,753.0,40.513928571428565,8.0,140.965,174.0,6.439940725835252,40.86620386377522,263.175930572612
CUST005448,50.0,784.0,792.0,173.306,9.0,1463.424,174.0,10.765222872271757,173.91152061763327,1872.196279504507
CUST005451,25.0,673.0,691.0,336.9536,4.0,0.0,174.0,6.289193621900103,339.1788793126675,2133.1616444564534
CUST005452,55.0,819.0,822.0,128.64981818181818,14.0,2220.7149999999997,174.0,11.405198944219983,129.075219520545,1472.1285574006824
CUST005453,23.0,827.0,836.0,118.54782608695652,7.0,165.525,174.0,4.855011747298702,119.50122586124355,580.1798553729329
CUST005454,23.0,662.0,676.0,137.41,3.0,0.0,174.0,5.938064161522806,138.4900667651353,822.3629021849506
CUST005455,6.0,518.0,526.0,152.16666666666666,1.0,0.0,174.0,2.2817236097045526,156.77446638405084,357.71600134732154
CUST005456,20.0,627.0,776.0,136.34300000000002,0.0,0.0,174.0,3.855845494512252,137.57808076040004,530.4798228436313
CUST005457,53.0,695.0,702.0,125.16830188679245,11.0,1827.6,174.0,12.778388684243065,125.59969519547457,1604.9617238302303
CUST005458,21.0,683.0,781.0,210.26428571428573,0.0,0.0,174.0,4.5829456057001385,211.98415622076632,971.5118572300127
CUST005459,58.0,801.0,837.0,105.93706896551724,7.0,0.0,174.0,11.697381931931064,106.28016843929441,1243.1997220243925
CUST005460,106.0,653.0,673.0,203.54377358490567,1.0,0.0,174.0,26.019879106342646,203.8727622591423,5304.744627059018
CUST005461,49.0,671.0,693.0,112.71836734693878,10.0,563.24,174.0,11.948319376897226,113.14598263309341,1351.904336713067
CUST005462,31.0,716.0,717.0,119.27935483870968,7.0,71.31,174.0,7.465200054818486,119.98913067860286,895.7428649195285
CUST005463,11.0,600.0,619.0,80.97454545454546,6.0,247.54,174.0,3.2787555226869247,82.45125879848591,270.33752013802456
CUST005465,23.0,664.0,722.0,169.41608695652175,8.0,0.0,174.0,5.51623270862156,170.71108731002823,941.6820835439287
CUST005466,16.0,716.0,762.0,12.813125,5.0,0.0,174.0,3.7647246920832145,13.163970330313703,49.55872414838282
CUST005467,19.0,570.0,898.0,400.88947368421054,0.0,0.0,174.0,0.1985819933570393,404.3436745046168,80.29537288443667
CUST005468,28.0,794.0,850.0,177.76464285714286,3.0,0.0,174.0,5.702718859396789,178.87311635450868,1020.0630940739329
CUST005469,15.0,532.0,550.0,19.577333333333332,2.0,0.0,174.0,4.842949118099929,20.02171107789623,96.96412800754914
CUST005470,2.0,180.0,654.0,33.26,2.0,0.0,174.0,0.386770891200725,37.9696542155195,14.685556999519841
CUST005471,11.0,712.0,830.0,153.01,0.0,0.0,174.0,2.4319060359403752,155.5056483062887,378.1751247388847
CUST005472,13.0,170.0,695.0,25.28538461538462,0.0,0.0,174.0,9.450024915588579e-06,25.86711464613243,0.0002444448779003377
CUST005473,112.0,792.0,792.0,183.39848214285715,24.0,402.44,174.0,23.76092800460336,183.6821882515931,4364.4592507741045
CUST005474,24.0,542.0,552.0,358.78208333333333,9.0,0.0,174.0,7.481215802912878,361.2411190097861,2702.522768197943
CUST005475,23.0,299.0,709.0,78.76173913043478,0.0,0.0,174.0,8.17302593521123e-06,79.44795952573591,0.0006493302337034517
CUST005476,43.0,754.0,760.0,30.768837209302323,13.0,426.095,174.0,9.67409448220451,30.962890788760618,299.53793093264994
CUST005477,8.0,547.0,606.0,6.29625,2.0,0.0,174.0,2.518644818363552,6.8773764938655475,17.321668670209753
CUST005480,28.0,531.0,540.0,37.18535714285714,7.0,920.7066666666666,174.0,8.839147233964578,37.51929329757043,331.6385575715254
CUST005481,17.0,433.0,598.0,228.49117647058824,0.0,0.0,174.0,2.877765016807455,230.78540234797532,664.1461572668364
CUST005482,34.0,710.0,773.0,154.48323529411766,6.0,422.15,174.0,7.415698211613205,155.28967635660146,1151.581375239643
CUST005484,40.0,783.0,785.0,123.83274999999999,4.0,427.115,174.0,8.74963129857097,124.39974360463837,1088.4518901773477
CUST005485,105.0,857.0,866.0,72.4647619047619,23.0,2685.0260000000003,174.0,20.4520492424289,72.60507817136754,1484.9226340112084
CUST005486,8.0,635.0,678.0,11.25,2.0,0.0,174.0,2.2748291250924506,11.927986997802599,27.134132226325413
CUST005487,15.0,688.0,727.0,46.44866666666667,5.0,0.0,174.0,3.714738853129963,47.17073153314806,175.2269491567478
CUST005488,20.0,536.0,553.0,221.0955,6.0,0.0,174.0,6.286649136111358,222.98575943953242,1401.8332319456717
CUST005489,38.0,690.0,691.0,33.34657894736842,7.0,4136.36,174.0,9.400816928738422,33.57671914438115,315.6485897439938
CUST005490,16.0,600.0,600.0,147.11499999999998,5.0,562.235,174.0,4.745842492187227,148.76613306855256,706.0206357151161
CUST005491,1.0,97.0,358.0,229.0,2.0,0.0,174.0,0.6808379890341532,274.74652374093665,187.05787071790354
CUST005492,19.0,309.0,676.0,81.39842105263158,0.0,0.0,174.0,0.000677956226253436,82.25174933029791,0.05576308557871235
CUST005493,34.0,616.0,648.0,275.2758823529412,15.0,567.5333333333333,174.0,8.919512421574195,276.629866866632,2467.4035336953402
CUST005495,5.0,543.0,550.0,49.582,1.0,230.62,174.0,1.8929993618899914,51.893099355555684,98.23360396656084
CUST005496,81.0,892.0,892.0,329.48765432098764,22.0,0.0,174.0,15.410675789870597,330.15738111070465,5087.948359929816
CUST005497,70.0,721.0,809.0,116.21785714285714,0.0,0.0,174.0,5.185136483120238,116.52459297681057,604.1959182247967
CUST005498,43.0,592.0,652.0,74.28255813953488,17.0,0.0,174.0,10.511420824101023,74.63242444729471,784.4928204884399
CUST005499,10.0,489.0,540.0,169.702,2.0,0.0,174.0,3.4019625576044685,172.71118711120906,587.5569918317527
CUST005500,17.0,416.0,463.0,171.65352941176468,7.0,1470.38,174.0,6.296336179709008,173.43012786823607,1091.9743887483341
CUST005502,63.0,687.0,690.0,97.87587301587303,12.0,817.6875,174.0,15.381822300220412,98.17199655007576,1510.0642057911166
CUST005503,16.0,596.0,759.0,89.70625,1.0,0.0,174.0,3.2649665939834867,90.80156138927504,296.4640646175238
CUST005504,15.0,807.0,838.0,112.12533333333334,2.0,0.0,174.0,3.250155218223411,113.52609785039157,368.9774393329917
CUST005505,5.0,94.0,846.0,182.004,0.0,0.0,174.0,0.0005307884697667999,188.50706711933375,0.10005737769649861
CUST005506,26.0,533.0,685.0,40.645384615384614,4.0,2902.6633333333334,174.0,2.9186830053058115,41.0256991756958,119.74101096489197
CUST005507,68.0,697.0,709.0,198.1539705882353,16.0,586.2375,174.0,16.13392826755647,198.6550334633587,3205.0860598868594
CUST005508,17.0,616.0,644.0,252.94117647058823,3.0,1003.53,174.0,4.679256677176612,255.4580714959133,1195.3538867859127
CUST005509,20.0,644.0,693.0,4.9465,4.0,688.26,174.0,5.051800139568294,5.1658209266178705,26.09669487807297
CUST005510,7.0,559.0,630.0,1481.7985714285714,2.0,0.0,174.0,2.165841311030336,1515.5288728381888,3282.3950408521905
CUST005511,42.0,896.0,915.0,29.87357142857143,5.0,2071.8,174.0,7.909693807328709,30.068979921034003,237.83642427409393
CUST005512,6.0,637.0,689.0,400.09,2.0,0.0,174.0,1.7619720398488397,411.20371830232085,724.5294543305679
CUST005513,26.0,796.0,810.0,575.6815384615385,5.0,0.0,174.0,5.615947351179773,579.2377977947483,3252.9689762286216
CUST005514,5.0,538.0,659.0,4.706,0.0,0.0,174.0,1.5629654910387922,5.596498961608267,8.747134747628156
CUST005515,28.0,586.0,858.0,121.51785714285714,0.0,0.0,174.0,0.07260523755877335,122.31643266543576,8.880813651015668
CUST005518,63.0,780.0,798.0,156.0836507936508,9.0,120.08,174.0,13.366779538107831,156.52187372332796,2092.193378951278
CUST005519,69.0,358.0,696.0,143.2963768115942,0.0,0.0,174.0,2.3112326114385236e-15,143.6679121811266,3.320499638503057e-13
CUST005520,28.0,670.0,674.0,234.87857142857143,4.0,216.85333333333332,174.0,7.181443224200278,236.30172052155856,1696.9873897064144
CUST005521,1.0,4.0,760.0,203.54,0.0,0.0,174.0,0.007563843798348368,244.6724429364092,1.8506641401313038
CUST005522,129.0,596.0,598.0,138.93100775193798,33.0,757.067,174.0,35.64591704109015,139.12433214748327,4959.21440212626
CUST005524,16.0,531.0,535.0,218.30375,2.0,997.6000000000001,174.0,5.281773463201438,220.6441203463311,1165.3922596566763
CUST005525,36.0,600.0,637.0,132.79916666666665,10.0,0.0,174.0,9.543397959644548,133.4678055841237,1273.7363834897615
CUST005526,82.0,746.0,765.0,106.14512195121951,18.0,0.0,174.0,17.994449097569323,106.38800382924542,1914.393519497367
CUST005527,18.0,546.0,596.0,298.65722222222223,6.0,0.0,174.0,5.26806548557499,301.42610037211165,1587.932435821784
CUST005529,6.0,428.0,466.0,21.459999999999997,1.0,0.0,174.0,2.5394328566114974,22.637840461800653,57.48727587142577
CUST005530,8.0,277.0,733.0,78.30000000000001,0.0,0.0,174.0,0.06800818699625306,80.28901334935027,5.460310233607272
CUST005531,7.0,593.0,697.0,314.2442857142857,4.0,0.0,174.0,1.9548242419025856,321.81104910053244,629.0840400938241
CUST005532,19.0,632.0,645.0,75.59421052631579,7.0,295.52,174.0,5.190817189352605,76.4002886175815,396.5799314276422
CUST005533,14.0,884.0,887.0,193.84214285714285,1.0,0.0,174.0,2.8975630401948558,196.24951511852086,568.6453416635876
CUST005534,5.0,586.0,715.0,416.9,0.0,0.0,174.0,1.4476907232106866,430.8389649296705,623.7215727263783
CUST005535,76.0,880.0,881.0,162.96855263157894,17.0,425.185,174.0,14.64813563837372,163.34559165186468,2392.70838244692
CUST005536,19.0,789.0,803.0,4.9457894736842105,6.0,0.0,174.0,4.216930427090252,5.176741792286705,21.829959977083533
CUST005538,22.0,553.0,590.0,56.10136363636364,6.0,0.0,174.0,6.43767412991518,56.6598559478927,364.7576888404696
CUST005539,33.0,724.0,733.0,65.22333333333333,2.0,0.0,174.0,7.756219538122867,65.6374000027103,509.09808433260747
CUST005540,5.0,559.0,784.0,9.22,4.0,0.0,174.0,1.2731919293786431,10.253394722778573,13.054539409775249
CUST005543,58.0,488.0,755.0,268.0106896551724,0.0,0.0,174.0,3.395212632526084e-07,268.78364959868486,9.125776425339193e-05
CUST005544,25.0,576.0,607.0,133.46200000000002,8.0,209.34,174.0,7.083642504931013,134.43074958358116,952.2593717199926
CUST005545,12.0,619.0,664.0,86.23333333333335,3.0,0.0,174.0,3.303345065208713,87.65349954230946,289.54975516136216
CUST005547,24.0,671.0,690.0,210.15,4.0,0.0,174.0,6.058666573254188,211.6527682425699,1282.3335520879737
CUST005548,27.0,653.0,657.0,152.04407407407405,5.0,2736.0,174.0,7.106839787552499,153.0468478807008,1087.6794278780592
CUST005549,8.0,510.0,589.0,477.7525,7.0,429.90999999999997,174.0,2.570179418453888,487.5519943887476,1253.0961014041045
CUST005550,18.0,736.0,748.0,142.5922222222222,2.0,0.0,174.0,4.291248216692834,144.01943738009905,618.0231538264553
CUST005551,22.0,573.0,578.0,226.97954545454547,5.0,363.99,174.0,6.605906629374979,228.73807871238049,1511.02239055661
CUST005552,7.0,535.0,623.0,385.83,3.0,2644.6,174.0,2.1775791584175,395.0009162556772,860.1457627941791
CUST005553,14.0,622.0,673.0,37.89928571428572,8.0,2091.5,174.0,3.741728981154412,38.578768650245344,144.3512967158743
CUST005555,39.0,621.0,629.0,276.118717948718,13.0,0.0,174.0,10.527329675985646,277.301757886212,2919.2470249985063
CUST005556,33.0,798.0,802.0,235.72242424242424,9.0,194.85199999999998,174.0,7.12278757005101,236.9328790717809,1687.6225659888798
CUST005557,7.0,270.0,464.0,248.77714285714282,6.0,760.44,174.0,2.036515916577404,254.87686346655082,519.0607892169566
CUST005558,110.0,838.0,841.0,81.72263636363637,26.0,847.34,174.0,22.036728923208127,81.8694962776952,1804.135896551166
CUST005559,27.0,503.0,705.0,379.35333333333335,0.0,0.0,174.0,0.39637680422417276,381.6551427421922,151.27924579587062
CUST005561,10.0,165.0,782.0,122.776,0.0,0.0,174.0,4.8554522528627785e-05,125.05401246226482,0.006071937865394337
CUST005562,11.0,156.0,788.0,83.08181818181819,0.0,0.0,174.0,7.216150044006377e-06,84.58833870710524,0.0006104021440837039
CUST005563,23.0,641.0,660.0,183.56130434782608,6.0,1109.72,174.0,6.069723734907761,184.9512954553205,1122.6032678270967
CUST005564,21.0,702.0,711.0,45.38380952380952,1.0,0.0,174.0,5.200107496431081,45.8902148196445,238.63405009646604
CUST005565,35.0,798.0,800.0,111.46257142857144,8.0,0.0,174.0,7.555719487865511,112.05645685137297,846.6671547730796
CUST005566,13.0,733.0,742.0,504.13692307692304,7.0,805.515,174.0,3.21125479359431,510.4374717544777,1639.1447780017268
CUST005568,7.0,523.0,573.0,23.18,0.0,0.0,174.0,2.3761091212810257,24.22435016768531,57.559699390542605
CUST005569,10.0,589.0,659.0,417.829,5.0,0.0,174.0,2.815146795027636,424.70436305031706,1195.6051264753537
CUST005570,89.0,810.0,814.0,156.33595505617978,26.0,2856.736666666667,174.0,18.44818546338908,156.64637242289407,2889.8413306246666
CUST005571,22.0,798.0,806.0,100.79954545454547,7.0,1451.87,174.0,4.8218298785388365,101.67194354290635,490.24481518429957
CUST005572,13.0,550.0,553.0,291.15384615384613,6.0,179.68,174.0,4.23903118643299,294.91078476871786,1250.1360138500222
CUST005573,25.0,813.0,885.0,198.18239999999997,4.0,0.0,174.0,4.9044363916600595,199.55078822556123,978.6841477578922
CUST005574,5.0,507.0,552.0,179.158,2.0,0.0,174.0,1.876273916749423,185.5709737794377,348.18197780815007
CUST005575,5.0,573.0,619.0,7.531999999999999,2.0,0.0,174.0,1.6862786157342429,8.511959178947054,14.35353474146122
CUST005576,11.0,623.0,674.0,388.88545454545454,6.0,1297.755,174.0,3.011430964605622,394.71753973428554,1188.6646214287773
CUST005577,21.0,763.0,820.0,185.26380952380953,14.0,273.94,174.0,4.5046727925268994,186.79968487933198,841.4714581285252
CUST005578,17.0,799.0,810.0,373.0417647058824,6.0,4116.41,174.0,3.773412755524809,376.6524305144059,1421.265085702481
CUST005579,24.0,736.0,774.0,328.67333333333335,5.0,418.68,174.0,5.4165729452543525,330.9386556710896,1792.5533688468697
CUST005580,21.0,708.0,725.0,43.59761904761905,1.0,0.0,174.0,5.100660865498579,44.09087857839729,224.89261889028066
CUST005581,8.0,238.0,605.0,138.26375000000002,0.0,0.0,174.0,0.12696916969484642,141.4252324975623,17.956644344116096
CUST005582,32.0,755.0,863.0,185.339375,3.0,0.0,174.0,5.815035026678822,186.34511376319227,1083.6033635834128
CUST005583,16.0,498.0,518.0,12.3,4.0,0.0,174.0,5.430571339984021,12.645877341998695,68.67433906241142
CUST005584,18.0,579.0,612.0,96.70388888888888,4.0,0.0,174.0,5.16885729804019,97.7366102230482,505.1865910371121
CUST005585,30.0,608.0,614.0,185.63933333333335,8.0,0.0,174.0,8.373190331570024,186.7140079192736,1563.3919258783505
CUST005586,87.0,825.0,842.0,129.57252873563218,19.0,2548.45,174.0,17.426033022375734,129.8428142638972,2262.6451690808713
CUST005587,25.0,787.0,791.0,250.998,0.0,0.0,174.0,5.53957676349042,252.69251653532706,1399.8095929070164
CUST005588,26.0,629.0,632.0,51.7723076923077,7.0,113.75,174.0,7.112977607611903,52.21867104750978,371.43023786018904
CUST005589,25.0,641.0,651.0,172.6352,10.0,1195.35,174.0,6.66013408970055,173.84583814499325,1157.8365929820338
CUST005591,23.0,636.0,636.0,210.16043478260872,7.0,1235.74,174.0,6.298550917178837,211.72904961751058,1333.5861996617748
CUST005592,14.0,659.0,785.0,62.04857142857143,4.0,0.0,174.0,3.126121421920762,62.99563502687564,196.93200414501783
CUST005593,5.0,485.0,682.0,791.6560000000001,1.0,0.0,174.0,1.4532901138611605,817.458288782825,1188.0040495819412
CUST005595,5.0,178.0,742.0,32.348,0.0,0.0,174.0,0.03435235108002388,34.113537647977246,1.1718802218649265
CUST005596,25.0,732.0,736.0,68.6212,7.0,176.3,174.0,5.93286443957703,69.1895674898842,410.4923245504489
CUST005597,16.0,680.0,706.0,255.52375,7.0,745.895,174.0,4.059529699880171,258.22447800788456,1048.2699377090614
CUST005598,9.0,614.0,645.0,14.706666666666669,4.0,1402.74,174.0,2.6419257744943008,15.36796337214743,40.60101853436065
CUST005599,21.0,693.0,748.0,47.24190476190476,7.0,0.0,174.0,4.912294480983649,47.76198501781743,234.62093540384828
CUST005601,43.0,503.0,758.0,82.68697674418604,0.0,0.0,174.0,0.00027269849059500883,83.06693736161611,0.02265222843686286
CUST005602,10.0,808.0,880.0,116.603,2.0,0.0,174.0,2.1462454965509625,118.78482823373623,254.94140265523603
CUST005603,15.0,560.0,585.0,50.80266666666667,3.0,0.0,174.0,4.566716580786295,51.569725568756006,235.504320821437
CUST005605,19.0,672.0,707.0,132.23105263157896,10.0,0.0,174.0,4.744602514574447,133.4981927974341,633.39586123785
CUST005606,13.0,638.0,676.0,169.63846153846154,4.0,313.5,174.0,3.49461489269335,171.94416863041693,600.8786524076316
CUST005607,13.0,804.0,846.0,65.03,1.0,0.0,174.0,2.8249416809961363,66.08639123430571,186.6902011444079
CUST005608,2.0,26.0,763.0,1779.5849999999998,0.0,0.0,174.0,0.004429722336267932,1929.3890637066638,8.546657830852482
CUST005609,27.0,747.0,751.0,190.63777777777779,7.0,662.735,174.0,6.26083701528684,191.86110835053225,1201.2111289549714
CUST005611,7.0,620.0,754.0,60.52285714285715,2.0,0.0,174.0,1.800282326896353,62.40401744837747,112.34484973964561
CUST005613,33.0,772.0,813.0,139.5451515151515,3.0,154.88,174.0,6.986196760445397,140.3063696896337,980.2079053955732
CUST005614,16.0,618.0,622.0,131.78125,5.0,0.0,174.0,4.586196583311686,133.28392432882,611.2662783672076
CUST005615,26.0,610.0,628.0,239.89615384615385,9.0,91.71,174.0,7.142406407194463,241.45920986138447,1724.599807590065
CUST005616,19.0,815.0,831.0,86.31473684210526,3.0,0.0,174.0,4.080591590350444,87.20808724446948,355.86058742033003
CUST005617,23.0,723.0,839.0,135.8804347826087,7.0,2438.425,174.0,4.539462157425465,136.95022990968752,621.6803861257436
CUST005618,12.0,775.0,807.0,85.13166666666667,1.0,85.26,174.0,2.7530461571024074,86.53756529973795,238.2419115934422
CUST005619,128.0,816.0,872.0,82.8075,0.0,0.0,174.0,10.027908191737179,82.9349848585192,831.6644140443436
CUST005620,13.0,475.0,509.0,13.2,8.0,0.0,174.0,4.555153581470024,13.637396939296657,62.12043750996551
CUST005621,28.0,767.0,797.0,96.63964285714285,15.0,2426.1575000000003,174.0,6.1054210898267325,97.30114906766107,594.0644875820726
CUST005623,19.0,566.0,578.0,242.35894736842104,9.0,0.0,174.0,5.75484198111662,244.52260283650938,1407.1889401354501
CUST005624,8.0,335.0,590.0,27.61,0.0,0.0,174.0,1.4126628219406037,28.607873516987084,40.413279332226836
CUST005625,35.0,759.0,759.0,110.86857142857141,7.0,204.595,174.0,7.945207818509257,111.45984156551452,885.571604656129
CUST005626,14.0,533.0,554.0,9.497142857142858,4.0,0.0,174.0,4.515194316316499,9.861922315424708,44.528495586560496
CUST005627,27.0,776.0,855.0,88.59629629629629,7.0,120.08,174.0,5.406485837695505,89.23647632876516,482.455745477319
CUST005628,42.0,724.0,724.0,99.33738095238095,13.0,1087.035,174.0,9.907304589954958,99.78746748573087,988.6248346413626
CUST005629,9.0,601.0,637.0,282.74111111111114,3.0,625.89,174.0,2.671107658746757,288.05085842074624,769.414854036233
CUST005630,9.0,598.0,682.0,152.7688888888889,6.0,0.0,174.0,2.4794803904489706,155.8245622634951,386.36394648263075
CUST005631,33.0,834.0,835.0,259.6690909090909,6.0,4116.41,174.0,6.855081352372612,260.99139877943816,1789.1172709025707
CUST005632,138.0,855.0,869.0,386.2105797101449,32.0,1269.1100000000001,174.0,26.655491199670294,386.6665051919108,10306.785626350247
CUST005633,17.0,487.0,578.0,31.328823529411768,7.0,597.5,174.0,4.939033487524866,31.827467683491683,157.1969287118809
CUST005634,31.0,694.0,763.0,476.95806451612907,6.0,354.425,174.0,6.845885533615701,479.44685268348775,3282.238272923467
CUST005635,18.0,814.0,881.0,231.4022222222222,6.0,0.0,174.0,3.6409989407070835,233.59292112290262,850.5115783651618
CUST005636,93.0,673.0,687.0,260.2255913978495,28.0,669.4680000000001,174.0,22.580424300770485,260.69430729900273,5886.58807160693
CUST005638,19.0,538.0,568.0,113.2142105263158,7.0,0.0,174.0,5.829895109083262,114.32654077785938,666.5117409192505
CUST005639,13.0,784.0,787.0,174.96538461538464,2.0,35.66,174.0,3.0376634269810694,177.33470997850668,538.6831628360046
CUST005640,5.0,425.0,526.0,31.756,0.0,0.0,174.0,1.928268797025001,33.50279722028278,64.60239849292722
CUST005642,25.0,821.0,846.0,51.7688,7.0,776.4125,174.0,5.185024965023956,52.233106478980275,270.8299610942673
CUST005643,18.0,634.0,648.0,5.767777777777777,7.0,1015.12,174.0,4.914456564356783,6.018737570814336,29.578824364029312
CUST005644,13.0,611.0,681.0,107.63615384615385,2.0,0.0,174.0,3.442324368120177,109.20138100874524,375.9065748787797
CUST005645,211.0,756.0,757.0,127.60009478672985,52.0,209.68076923076922,174.0,46.45615364491348,127.70998869517244,5932.914856813094
CUST005646,20.0,854.0,870.0,50.6785,6.0,0.0,174.0,4.096959287790977,51.25135187088598,209.9747020592698
CUST005647,18.0,490.0,527.0,20.68277777777778,7.0,0.0,174.0,5.930257054168879,21.061959167750665,124.90283192917028
CUST005648,3.0,390.0,475.0,83.57333333333334,3.0,0.0,174.0,1.4634955174030118,89.34026132281312,130.74907196955067
CUST005649,42.0,801.0,803.0,181.76261904761904,8.0,180.815,174.0,8.975955486868662,182.5149046440735,1638.2456597752823
CUST005650,15.0,628.0,655.0,16.772000000000002,4.0,209.14,174.0,4.106246173229761,17.187387559011185,70.57564439200648
CUST005651,16.0,825.0,864.0,44.862500000000004,2.0,2267.19,174.0,3.3458178796678406,45.52364188671487,152.31381497216645
CUST005652,87.0,600.0,603.0,116.94367816091955,26.0,1051.9385714285713,174.0,23.975644011606548,117.19165346384699,2809.7453645807527
CUST005653,51.0,747.0,758.0,191.68392156862743,10.0,209.14,174.0,11.43855710426154,192.33298672262288,2200.011851659898
CUST005654,18.0,684.0,767.0,46.57611111111112,4.0,4136.36,174.0,4.112575455891954,47.17789287319294,194.0226442909932
CUST005656,17.0,618.0,647.0,100.39941176470587,5.0,230.23000000000002,174.0,4.658058988185388,101.52709023493829,472.9191752131632
CUST005657,230.0,822.0,835.0,188.85221739130435,40.0,1108.2083333333333,174.0,45.786642871490855,188.9939131712387,8653.396807257057
CUST005658,5.0,176.0,542.0,248.73600000000002,0.0,0.0,174.0,0.26423712687282,257.35154384383907,68.00183254158061
CUST005659,68.0,717.0,720.0,206.48882352941177,14.0,0.0,174.0,15.920129160716188,207.00873429889984,3295.605787434865
CUST005661,6.0,82.0,712.0,152.81333333333333,0.0,0.0,174.0,0.000207405587273536,157.43810265429764,0.03265354214024585
CUST005662,4.0,128.0,683.0,45.63,0.0,0.0,174.0,0.03293820650886594,48.38429046559214,1.5936917511406272
CUST005664,21.0,569.0,629.0,202.58714285714285,8.0,0.0,174.0,5.745398939033444,204.2505121574798,1173.5006758466218
CUST005665,5.0,254.0,746.0,93.13,0.0,0.0,174.0,0.2092659612865547,96.819660411702,20.261059307492605
CUST005666,31.0,757.0,781.0,86.48354838709676,8.0,1687.495,174.0,6.865044348857387,87.03020536531878,597.4662195230795
CUST005667,6.0,234.0,583.0,247.33666666666667,2.0,0.0,174.0,0.42225386790550273,254.44188469237906,107.43906996852299
CUST005668,9.0,615.0,641.0,266.91888888888883,0.0,0.0,174.0,2.659181784377663,271.9542355758711,723.1757494277083
CUST005669,17.0,736.0,786.0,179.2294117647059,2.0,0.0,174.0,3.8622899962037294,181.07500471068272,699.364179256613
CUST005670,19.0,718.0,733.0,84.58894736842106,8.0,896.77,174.0,4.598543824518536,85.46824868108564,393.0294871648209
CUST005671,7.0,529.0,529.0,507.0114285714285,2.0,0.0,174.0,2.5786868534654754,518.8978801584803,1338.075141855777
CUST005672,69.0,761.0,768.0,75.47898550724638,14.0,574.2,174.0,15.182449049966365,75.69939056909652,1149.3021404288124
CUST005673,5.0,317.0,850.0,202.18,0.0,0.0,174.0,0.2715744922787885,209.321761155083,56.8464510085935
CUST005676,13.0,677.0,739.0,171.44384615384615,6.0,2111.6,174.0,3.198169180117168,173.7711145573435,555.7494229719058
CUST005677,14.0,524.0,541.0,17.339285714285715,6.0,565.06,174.0,4.619093309426333,17.79095825109344,82.17809622590892
CUST005678,58.0,746.0,762.0,44.734655172413795,1.0,0.0,174.0,12.889281346623203,44.91543027637625,578.9276176368514
CUST005680,26.0,817.0,850.0,56.41615384615385,4.0,0.0,174.0,5.35059976814994,56.89008281316072,304.39606391012865
CUST005682,28.0,667.0,684.0,128.31821428571428,7.0,303.22,174.0,7.07172384537278,129.15425713873034,913.343239939367
CUST005683,21.0,566.0,576.0,296.887619047619,5.0,0.0,174.0,6.340752893225344,299.24500834261113,1897.4386524316535
CUST005684,12.0,549.0,602.0,160.22666666666666,3.0,0.0,174.0,3.612057680031728,162.60511320827734,587.3390479763867
CUST005685,3.0,301.0,423.0,266.06333333333333,1.0,0.0,174.0,1.5879453840425202,281.6660478902606,447.2703005888387
CUST005686,75.0,687.0,690.0,295.0441333333334,24.0,217.625,174.0,18.247121747932358,295.69694423457776,5395.618141939905
CUST005688,11.0,452.0,539.0,54.25909090909091,4.0,0.0,174.0,3.633452898880282,55.35791657476018,201.1403824545352
CUST005690,11.0,780.0,868.0,316.1872727272727,4.0,0.0,174.0,2.356333860429594,320.9910487366711,756.3620770330241
CUST005692,4.0,536.0,663.0,143.0025,0.0,0.0,174.0,1.3107729931613024,149.64057222643135,196.14482075560946
CUST005693,34.0,625.0,626.0,55.34794117647059,10.0,212.65,174.0,9.273177654906934,55.70500984419958,516.5624525536024
CUST005694,17.0,537.0,537.0,522.8611764705882,3.0,612.37,174.0,5.567912367485768,527.8362660321677,2938.9460736480146
CUST005695,237.0,842.0,846.0,148.38459915611816,45.0,500.6959999999999,174.0,46.87917197895705,148.49589311327676,6961.364511426124
CUST005696,18.0,787.0,855.0,31.088333333333335,4.0,0.0,174.0,3.7438437417900037,31.556969430000354,118.14436251036528
CUST005698,13.0,743.0,759.0,180.6123076923077,2.0,0.0,174.0,3.1409711121481183,183.04907301624337,574.951850449512
CUST005699,25.0,624.0,626.0,57.7196,9.0,305.02,174.0,6.915988364258232,58.22065176533041,402.6533501685556
CUST005701,28.0,624.0,632.0,147.03928571428574,10.0,0.0,174.0,7.6281392398040655,147.9784744101777,1128.8004072946183
CUST005702,9.0,837.0,840.0,313.8333333333333,0.0,0.0,174.0,2.0620322858736277,319.6823048440705,659.1952338109685
CUST005703,6.0,587.0,616.0,43.04333333333333,0.0,0.0,174.0,1.9635795424593099,44.78755618266595,87.94392907702985
CUST005704,8.0,661.0,707.0,603.8462499999999,3.0,0.0,174.0,2.1859615920711812,616.1112511600445,1346.7955314787782
CUST005707,10.0,606.0,773.0,206.53400000000002,5.0,0.0,174.0,2.3020662525979114,210.11708270576034,483.7034451912551
CUST005708,10.0,503.0,528.0,37.690999999999995,4.0,0.0,174.0,3.4941113562682564,38.643265648016445,135.02387334402528
CUST005709,48.0,806.0,814.0,252.51395833333333,9.0,253.875,174.0,10.07971592752753,253.39877646855177,2554.1876831860495
CUST005710,87.0,856.0,857.0,54.23103448275862,13.0,629.772,174.0,17.177779826951326,54.368221143149185,933.9253323800167
CUST005711,10.0,549.0,611.0,39.729,3.0,0.0,174.0,3.026084426105445,40.7130206225412,123.20103764558175
CUST005713,7.0,246.0,722.0,241.36285714285717,0.0,0.0,174.0,0.06209369792372245,247.2964322046231,15.355549958928174
CUST005714,10.0,661.0,719.0,18.44,2.0,0.0,174.0,2.6029898447178983,19.092307348420814,49.697082140172284
CUST005715,24.0,807.0,823.0,56.26666666666667,1.0,610.04,174.0,5.1268932017100175,56.779382041889036,291.10182778785673
CUST005716,19.0,779.0,780.0,270.72105263157897,3.0,0.0,174.0,4.339673007078081,273.115594755884,1185.2323743741856
CUST005717,3.0,175.0,619.0,1169.28,0.0,0.0,174.0,0.34308205397239644,1233.5639922022485,423.21366815113663
CUST005718,19.0,588.0,623.0,97.1421052631579,1.0,1086.47,174.0,5.342122400215073,98.12359774338155,524.1882694946119
CUST005719,18.0,786.0,791.0,153.93555555555557,4.0,0.0,174.0,4.071251599897295,155.46028732855686,632.9179435068802
CUST005721,31.0,785.0,803.0,107.12483870967742,12.0,298.495,174.0,6.691946789097879,107.77416075838066,721.2189490347641
CUST005722,14.0,690.0,695.0,454.30357142857144,1.0,0.0,174.0,3.6551943599092804,459.5969272505784,1679.91609631795
CUST005723,89.0,863.0,869.0,207.56449438202245,23.0,123.77,174.0,17.327193290584844,207.96337524719453,3603.4216002705675
CUST005724,15.0,702.0,718.0,251.76733333333334,6.0,0.0,174.0,3.7703646525620846,254.6111518513942,959.976887088614
CUST005725,8.0,458.0,462.0,382.54375000000005,1.0,0.0,174.0,3.270393275405597,390.4816309637228,1277.028500073169
CUST005726,50.0,844.0,859.0,134.2396,8.0,2306.326666666667,174.0,9.954343293182157,134.7248773158827,1341.097678934146
CUST005727,14.0,620.0,625.0,236.43714285714287,2.0,2538.03,174.0,4.040654731285169,239.31647931851484,966.9952644328663
CUST005728,20.0,609.0,619.0,254.744,9.0,0.0,174.0,5.662068096701045,256.89437896149093,1454.553467339686
CUST005730,77.0,745.0,749.0,194.4135064935065,22.0,1028.1733333333334,174.0,17.320300688547988,194.8484188323919,3374.8332028651644
CUST005731,27.0,601.0,617.0,118.91037037037039,5.0,0.0,174.0,7.529146329480597,119.72379042658159,901.417937241801
CUST005732,5.0,555.0,609.0,100.632,1.0,0.0,174.0,1.7098016716409397,104.55914468292478,178.77540036421166
CUST005733,9.0,668.0,727.0,91.63888888888889,1.0,0.0,174.0,2.3503871587760563,93.63440081289893,220.07709329032798
CUST005734,27.0,220.0,840.0,139.30925925925925,0.0,0.0,174.0,1.7202078620631079e-12,140.23925566171783,2.4124067015916524e-10
CUST005735,19.0,727.0,861.0,8.194736842105263,2.0,0.0,174.0,3.6996086008193907,8.452137782457042,31.269601635288605
CUST005736,3.0,39.0,519.0,144.39000000000001,0.0,0.0,174.0,0.010993054454055292,153.4348048763061,1.6867171651525812
CUST005739,14.0,428.0,535.0,201.2307142857143,5.0,0.0,174.0,4.321661312791036,203.7199539306675,880.4086435457378
CUST005740,50.0,844.0,879.0,165.9686,11.0,404.985,174.0,9.689564502683998,166.55153667843578,1613.8118576668433
CUST005741,1.0,260.0,590.0,171.1,2.0,0.0,174.0,0.5451427834191571,206.35338632608432,112.49205938977025
CUST005743,37.0,722.0,736.0,66.51378378378378,14.0,750.7099999999999,174.0,8.618918930463224,66.88827334797014,576.5046053848185
CUST005746,55.0,672.0,673.0,127.72981818181819,8.0,1900.565,174.0,13.79575801536358,128.1526459792619,1767.9628929584537
CUST005747,14.0,514.0,546.0,230.6357142857143,5.0,0.0,174.0,4.56687848473952,233.4507693385985,1066.1412957383338
CUST005748,59.0,705.0,719.0,116.67610169491526,17.0,350.61,174.0,13.85346091236214,117.04136939315694,1621.4280360174382
CUST005752,48.0,588.0,589.0,123.66916666666667,11.0,397.295,174.0,13.70204415242803,124.14083377597414,1700.9831855176267
CUST005753,7.0,296.0,591.0,1510.8771428571429,0.0,0.0,174.0,0.9353095633323887,1545.259061342339,1445.29557789952
CUST005754,19.0,514.0,532.0,221.8142105263158,4.0,0.0,174.0,6.212121321915404,223.81061798695504,1390.3387120678267
CUST005755,30.0,725.0,732.0,35.58533333333333,2.0,2940.76,174.0,7.090696686596094,35.88866785076107,254.47565821573926
CUST005757,8.0,154.0,615.0,341.6225,0.0,0.0,174.0,0.0034577248808725807,348.76024916524,1.205916990997971
CUST005759,51.0,853.0,857.0,101.47627450980391,10.0,1681.71,174.0,10.181769158765926,101.85314821686076,1037.0452432376476
CUST005760,15.0,500.0,593.0,79.598,10.0,123.77,174.0,4.341760318613894,80.6626285514561,350.21779983980423
CUST005761,52.0,630.0,708.0,85.61903846153847,10.0,1632.42,174.0,9.207087485349497,85.94171858671542,791.2729216691758
CUST005762,29.0,537.0,546.0,134.6158620689655,4.0,0.0,174.0,9.04585531087893,135.45641729181156,1225.319151751766
CUST005764,13.0,672.0,672.0,72.58846153846154,1.0,0.0,174.0,3.5300020887767003,73.7351218171692,260.2851340308117
CUST005765,24.0,525.0,567.0,67.77666666666666,13.0,3054.21,174.0,7.226524956560317,68.36343495103992,494.0300687898778
CUST005767,66.0,856.0,863.0,191.97984848484847,12.0,136.18,174.0,13.004847710807729,192.4817446342883,2503.195776079502
CUST005768,13.0,661.0,699.0,327.31307692307695,2.0,0.0,174.0,3.3863289503845095,331.5018572813033,1122.5743364179111
CUST005769,66.0,699.0,703.0,79.55727272727272,18.0,277.23,174.0,15.814449524193556,79.79722203462704,1261.9491400374752
CUST005770,26.0,560.0,560.0,164.86846153846153,4.0,645.69,174.0,7.970880917543777,165.9861573560787,1323.0558942459863
CUST005771,36.0,604.0,613.0,29.7925,4.0,0.0,174.0,9.983914835856725,30.020268979555297,299.71980884139157
CUST005772,21.0,682.0,696.0,181.40952380952382,7.0,3476.745,174.0,5.303502773222241,182.91703291008244,970.1009913082061
CUST005774,7.0,691.0,837.0,6.902857142857143,2.0,0.0,174.0,1.6309237962024101,7.582455408840377,12.366406959921445
CUST005776,18.0,466.0,721.0,110.60111111111111,0.0,0.0,174.0,0.48831117967139304,111.75330438803358,54.57038789789694
CUST005777,41.0,620.0,624.0,241.31121951219512,20.0,105.565,174.0,11.136573978202517,242.30559296922183,2698.4541614339664
CUST005778,40.0,707.0,711.0,286.66375,9.0,625.89,174.0,9.611958654104512,287.857702275756,2766.8763325400932
CUST005780,14.0,743.0,855.0,133.55285714285714,4.0,483.71500000000003,174.0,2.931429884553492,135.2922076998016,396.5996207984164
CUST005781,26.0,713.0,719.0,378.7711538461539,8.0,0.0,174.0,6.294591421013411,381.15856411700946,2399.237427736718
CUST005783,69.0,668.0,683.0,187.32884057971015,20.0,269.6766666666667,174.0,16.940705498008167,187.79850180854345,3181.4391121056888
CUST005785,45.0,584.0,591.0,42.72688888888889,24.0,395.34,174.0,12.820862790541897,42.95319784010485,550.6970559229849
CUST005787,52.0,664.0,666.0,198.6473076923077,12.0,3244.84,174.0,13.190913780380928,199.30445986533442,2629.0079461290175
CUST005788,135.0,638.0,858.0,154.61059259259258,0.0,0.0,174.0,1.2350357924380745e-12,154.81315471367876,1.9119978721164647e-10
CUST005789,8.0,624.0,712.0,223.9475,2.0,0.0,174.0,2.1531216189542906,228.784353924101,492.60053851247176
CUST005790,41.0,714.0,738.0,114.43365853658536,16.0,0.0,174.0,9.472940392903874,114.95146715562586,1088.9283964420913
CUST005791,34.0,624.0,676.0,495.4908823529411,9.0,376.35,174.0,8.458147488383961,497.8430839273842,4210.83022992973
CUST005792,4.0,410.0,530.0,611.985,1.0,0.0,174.0,1.6048094836952467,637.328822614403,1022.7913387639195
CUST005793,35.0,799.0,825.0,303.3534285714286,5.0,2231.825,174.0,7.316943286299659,304.79217837983214,2230.1470833129606
CUST005794,32.0,583.0,597.0,392.07375,10.0,3244.84,174.0,9.134140412503436,394.0754507915399,3599.540500650514
CUST005796,46.0,649.0,666.0,274.8832608695652,13.0,1793.54,174.0,11.683790184734965,275.88153612376595,3223.3419839124613
CUST005797,7.0,837.0,856.0,204.07714285714286,3.0,0.0,174.0,1.634008014581905,209.1751882862579,341.7939341114244
CUST005799,37.0,750.0,769.0,154.3910810810811,5.0,0.0,174.0,8.261389885198582,155.13147905100473,1281.6016319078662
CUST005800,27.0,850.0,857.0,136.20777777777778,5.0,874.0,174.0,5.5187754724049976,137.12004971587783,756.7347671469404
CUST005801,19.0,836.0,848.0,291.82894736842104,2.0,0.0,174.0,4.003779833230673,294.39532198507254,1178.6940531612838
CUST005802,32.0,542.0,752.0,20.4453125,0.0,0.0,174.0,0.1454386760631927,20.656658821441983,3.0042771108795923
CUST005803,28.0,567.0,573.0,306.44464285714287,11.0,0.0,174.0,8.365614265313948,308.2620932478406,2578.801764729674
CUST005804,42.0,824.0,873.0,101.45261904761905,6.0,0.0,174.0,8.191367772234562,101.91046076597536,834.7860639719853
CUST005805,3.0,33.0,690.0,75.74333333333333,0.0,0.0,174.0,0.0017354848121339636,81.0882425337117,0.14072741335989195
CUST005806,40.0,819.0,826.0,110.84124999999999,10.0,4208.22,174.0,8.331635612797648,111.35822159669254,927.7961248328157
CUST005807,17.0,792.0,843.0,118.0635294117647,2.0,0.0,174.0,3.614305862909463,119.35207716729556,431.37491225617896
CUST005808,86.0,576.0,773.0,206.59383720930234,0.0,0.0,174.0,7.877718094160087e-07,207.00492264565966,0.00016307264247059222
CUST005810,84.0,549.0,549.0,98.28261904761905,22.0,3095.49,174.0,25.299459287982494,98.50532050588446,2492.1313457882907
CUST005811,15.0,523.0,574.0,38.26133333333333,10.0,0.0,174.0,4.615531873594512,38.89879067396857,179.5386081999829
CUST005812,9.0,671.0,859.0,220.89555555555555,2.0,187.49,174.0,1.9095393835026198,225.1327317235138,429.8998177415792
CUST005813,49.0,593.0,596.0,260.60469387755103,22.0,664.4399999999999,174.0,13.822467446905842,261.49681024257706,3614.5311470477354
CUST005814,24.0,519.0,554.0,42.66,4.0,975.17,174.0,7.408035816948941,43.08517295554268,319.1765044341001
CUST005816,85.0,821.0,823.0,175.82788235294117,16.0,255.63333333333333,174.0,17.450694139939003,176.18818029104997,3074.606045331542
CUST005817,23.0,640.0,666.0,40.02217391304348,0.0,0.0,174.0,6.011074445231763,40.448242738569036,243.13739828034358
CUST005818,22.0,571.0,583.0,66.65727272727273,4.0,5068.92,174.0,6.547395302736383,67.28989693205925,440.5735550945801
CUST005819,41.0,783.0,785.0,129.11365853658538,9.0,0.0,174.0,8.96088822684056,129.68660670723648,1162.1071872217774
CUST005820,20.0,566.0,571.0,21.0435,4.0,2174.7366666666667,174.0,6.1109816597444455,21.387258685952336,130.69714558206482
CUST005821,32.0,581.0,582.0,431.95,11.0,537.4233333333333,174.0,9.37006161638695,434.1438083248559,4067.9542343767857
CUST005823,37.0,637.0,687.0,68.55540540540541,9.0,485.96,174.0,9.03761170684516,68.93839598789413,623.0384546313194
CUST005825,106.0,892.0,898.0,191.80867924528303,22.0,730.1175000000001,174.0,19.947283287309038,192.12065798646066,3832.285190200142
CUST005826,42.0,832.0,859.0,211.42547619047616,5.0,1314.87,174.0,8.389806158181845,212.28651594821335,1781.0427188012886
CUST005827,24.0,613.0,635.0,333.80875000000003,7.0,0.0,174.0,6.548591139406258,336.1071125240176,2201.028058966204
CUST005828,37.0,803.0,808.0,396.55405405405406,6.0,0.0,174.0,7.89368242945994,398.3027837557715,3144.075685737915
CUST005829,10.0,376.0,484.0,125.218,5.0,989.48,174.0,3.570415929079896,127.53406233851088,455.3496476736877
CUST005830,60.0,621.0,628.0,452.70966666666664,19.0,440.372,174.0,16.021937333812133,453.9302930793875,7272.842709636922
CUST005831,111.0,819.0,834.0,120.01828828828829,23.0,683.39,174.0,22.35769341099211,120.21682869675502,2687.770998843807
CUST005832,32.0,589.0,645.0,108.95875,7.0,0.0,174.0,8.295981101393382,109.5965180171494,909.2106422487908
CUST005833,72.0,728.0,730.0,103.75583333333333,26.0,519.35,174.0,16.619747967601793,104.02741866625128,1728.9094799532904
CUST005834,6.0,356.0,799.0,118.91166666666668,0.0,0.0,174.0,0.4755184761134043,122.64680014633463,58.320819505770295
CUST005835,14.0,701.0,784.0,40.31928571428572,4.0,1123.06,174.0,3.2144379103125593,41.02558290928949,131.87418899629117
CUST005836,30.0,844.0,864.0,227.48000000000002,7.0,188.995,174.0,6.046759683357728,228.7697530423178,1383.3157194679914
CUST005837,40.0,894.0,902.0,390.929,13.0,3076.05,174.0,7.658115213233246,392.5244114732292,3005.9971670685627
CUST005838,17.0,533.0,641.0,158.21058823529413,4.0,0.0,174.0,4.416165959630309,159.8647601781645,705.989312043273
CUST005839,29.0,640.0,644.0,299.2496551724138,8.0,0.0,174.0,7.751928562594753,300.9658341686918,2333.065646257438
CUST005840,27.0,671.0,682.0,141.1559259259259,9.0,350.155,174.0,6.855615007544352,142.09647572930302,974.1587315289715
CUST005841,9.0,495.0,550.0,147.89777777777778,4.0,1299.795,174.0,3.0494329457109917,150.86897275844368,460.06481601517225
CUST005842,44.0,886.0,887.0,100.82090909090908,8.0,193.34,174.0,8.53777451248486,101.2556565818638,864.4979640095567
CUST005843,33.0,833.0,847.0,124.88424242424243,12.0,2538.03,174.0,6.755275404682038,125.57698061826089,848.3070885647708
CUST005844,25.0,754.0,756.0,251.13160000000005,6.0,0.0,174.0,5.784381558388291,252.82694149503948,1462.4474978476217
CUST005845,52.0,553.0,553.0,313.58846153846156,15.0,919.3433333333334,174.0,15.714317106603618,314.58574634707395,4943.500175315491
CUST005847,36.0,617.0,652.0,33.94777777777777,10.0,658.63,174.0,9.351712509387411,34.1933314028821,319.76620501796197
CUST005850,1.0,66.0,759.0,363.83,0.0,0.0,174.0,0.07154160945260123,434.01157931338116,31.049886905144575
CUST005852,15.0,804.0,865.0,121.106,7.0,211.59,174.0,3.139373427489235,122.59957031305802,384.88583326241246
CUST005853,12.0,460.0,809.0,137.48499999999999,0.0,0.0,174.0,0.437529106819873,139.56892146865817,61.06546554999501
CUST005854,28.0,506.0,579.0,292.42035714285714,0.0,0.0,174.0,7.742937858878788,294.1605391583846,2277.6667752376525
CUST005855,23.0,794.0,795.0,37.334782608695654,4.0,2057.89,174.0,5.096607343100956,37.74280453404295,192.36025473742737
CUST005856,6.0,592.0,617.0,147.62666666666667,1.0,0.0,174.0,1.9615946029891869,152.1153292702565,298.3886089284582
CUST005857,55.0,648.0,660.0,188.55527272727272,18.0,1232.86,174.0,14.03282514840365,189.14824924029926,2654.284308715793
CUST005858,3.0,158.0,484.0,160.94,0.0,0.0,174.0,0.6557162967209702,170.87681138456,112.0467099565714
CUST005859,13.0,816.0,874.0,389.09461538461534,0.0,0.0,174.0,2.7325690280849813,394.02123907381934,1076.6902343007866
CUST005860,30.0,572.0,625.0,107.91799999999999,1.0,8661.22,174.0,8.069998584400768,108.59315455596291,876.3466035422344
CUST005861,22.0,797.0,822.0,192.4818181818182,1.0,0.0,174.0,4.724379459274597,193.99808127478326,916.5205503132698
CUST005862,20.0,337.0,888.0,164.815,0.0,0.0,174.0,5.510837829336004e-06,166.27018338099833,0.0009162880164666402
CUST005863,32.0,771.0,794.0,12.96375,9.0,779.48,174.0,6.967613589735544,13.139053200104714,91.54784563330789
CUST005864,14.0,612.0,695.0,15.861428571428572,6.0,628.04,174.0,3.5892994567784333,16.296726048625217,58.493829953597434
CUST005865,127.0,753.0,753.0,115.50346456692914,28.0,1624.4499999999998,174.0,28.229274371216967,115.67150097425423,3265.322537932713
CUST005866,24.0,704.0,714.0,103.72458333333333,6.0,107.19,174.0,5.872008529013479,104.54263292153635,613.8752321607868
CUST005867,16.0,753.0,759.0,52.794375,6.0,2091.5,174.0,3.79799417611207,53.532311941167706,203.31540898636956
CUST005868,35.0,590.0,592.0,49.89771428571429,10.0,118.655,174.0,10.04842879507221,50.22053960706474,504.6375162916937
CUST005869,22.0,682.0,698.0,116.84045454545453,7.0,112.32,174.0,5.523756933181111,117.82550450967365,650.839447440872
CUST005870,25.0,741.0,758.0,14.0036,8.0,0.0,174.0,5.761993257162977,14.234712103758433,82.02031515951231
CUST005871,199.0,820.0,825.0,168.71246231155777,40.0,1236.33375,174.0,40.3602883348293,168.86070912569755,6815.266908736894
CUST005872,12.0,536.0,554.0,41.64,2.0,0.0,174.0,3.93115547842905,42.48264236493678,167.00587227106328
CUST005873,18.0,690.0,772.0,377.5711111111111,5.0,0.0,174.0,4.090810470311093,381.0183979002087,1558.6740515113318
CUST005874,32.0,910.0,912.0,91.22218749999999,0.0,0.0,174.0,6.116380274322689,91.77450798205315,561.3277903071001
CUST005875,33.0,517.0,554.0,29.382424242424243,0.0,0.0,174.0,9.98473220641409,29.629080777877817,295.8384370893213
CUST005876,8.0,665.0,707.0,50.12625,0.0,0.0,174.0,2.1872064592591665,51.564382981387304,112.78195152460374
CUST005878,16.0,715.0,750.0,30.1625,6.0,45.76,174.0,3.8289611716131797,30.68131900587563,117.47757916737527
CUST005879,6.0,516.0,594.0,44.711666666666666,0.0,0.0,174.0,2.0118154767365355,46.4996693437923,93.54875444897277
CUST005880,8.0,512.0,582.0,94.72625,1.0,0.0,174.0,2.606387014059293,97.03644525251372,252.91453079662728
CUST005881,21.0,734.0,798.0,136.51809523809524,0.0,0.0,174.0,4.609320839992932,137.69521842464982,634.6814398521173
CUST005882,13.0,763.0,802.0,172.5476923076923,1.0,240.16,174.0,2.973165325330174,174.88814370312093,519.9713646694798
CUST005884,12.0,274.0,792.0,25.940833333333334,0.0,0.0,174.0,0.001210883394547347,26.58015734541734,0.03218547115402155
CUST005885,46.0,821.0,846.0,76.71282608695653,7.0,2110.76,174.0,9.298752020458908,77.04793146921553,716.4496084215474
CUST005889,52.0,824.0,838.0,362.22249999999997,14.0,0.0,174.0,10.59002967381383,363.3637021361105,3848.03238800826
CUST005890,37.0,536.0,630.0,239.89216216216218,0.0,0.0,174.0,6.839866613171174,240.98857431583284,1648.3297036185854
CUST005891,113.0,787.0,792.0,108.25194690265486,34.0,205.86,174.0,23.96005659581278,108.43097127343137,2598.0122084503655
CUST005893,21.0,784.0,824.0,82.41,7.0,688.26,174.0,4.502191691648412,83.18890568559424,374.53240001500575
CUST005894,20.0,734.0,849.0,45.8275,0.0,0.0,174.0,4.015087991337101,46.362851245270555,186.15092727903416
CUST005895,8.0,210.0,692.0,24.95375,0.0,0.0,174.0,0.012519007458585555,25.899685951792474,0.3242383616055135
CUST005896,94.0,882.0,893.0,267.86,14.0,2788.1275,174.0,17.802654527424192,268.3362024219362,4777.096708918697
CUST005897,11.0,835.0,882.0,414.5236363636364,3.0,0.0,174.0,2.337187176731274,420.7183713058483,983.2975824312955
CUST005898,17.0,693.0,797.0,62.14941176470588,0.0,0.0,174.0,3.7214381630219764,62.92874279491261,234.185424987982
CUST005899,57.0,592.0,608.0,281.3436842105263,11.0,2770.97,174.0,15.677595504930938,282.1662260160863,4423.687956633122
CUST005900,69.0,882.0,916.0,151.1482608695652,13.0,5134.0,174.0,12.727833267764021,151.53729407602032,1928.7414128477112
CUST005901,11.0,460.0,597.0,48.971818181818186,3.0,0.0,174.0,3.12644623429595,49.99585585494569,156.30935526809807
CUST005902,31.0,627.0,838.0,99.78774193548388,0.0,0.0,174.0,0.4756736533833747,100.40057093817701,47.757906379939335
CUST005903,18.0,453.0,531.0,114.21222222222221,0.0,0.0,174.0,5.674483027273377,115.3954595778159,654.8095767987273
CUST005904,79.0,709.0,716.0,263.71139240506324,13.0,108.84666666666668,174.0,18.532014691879613,264.2701163689519,4897.457679174152
CUST005905,6.0,151.0,683.0,1020.4166666666666,0.0,0.0,174.0,0.009320810103311636,1047.8087833558484,9.766426694241865
CUST005906,50.0,729.0,731.0,365.84680000000003,8.0,734.08,174.0,11.624448052788045,367.04494603266244,4266.694908195076
CUST005907,221.0,862.0,873.0,182.05981900452488,43.0,735.1533333333333,174.0,42.323122940547286,182.20257047758156,7711.381790406415
CUST005908,9.0,160.0,647.0,108.34,0.0,0.0,174.0,0.0009963134799259817,110.6251548846206,0.11021733303044706
CUST005909,32.0,757.0,765.0,93.43437499999999,7.0,288.0833333333333,174.0,7.231844074771998,93.99735290053803,679.7741996180084
CUST005910,41.0,787.0,792.0,88.9919512195122,8.0,69.975,174.0,8.883410640761486,89.41419823544163,794.3030400398791
CUST005911,8.0,308.0,815.0,246.26875,0.0,0.0,174.0,0.05783520953166974,251.54205056018577,14.547987200174209
CUST005912,111.0,599.0,602.0,196.09783783783783,39.0,352.74333333333334,174.0,30.530660383094997,196.4016806980723,5996.27301206191
CUST005913,25.0,586.0,586.0,156.6848,4.0,0.0,174.0,7.360269099008784,157.79694684711745,1161.4279917967701
CUST005914,13.0,715.0,736.0,169.76923076923077,3.0,0.0,174.0,3.2324713510123617,172.07649960935922,556.2323551697435
CUST005916,35.0,601.0,610.0,223.972,12.0,917.3799999999999,174.0,9.76204589362219,225.0612462266447,2197.0582145403096
CUST005917,32.0,557.0,576.0,251.31812499999998,12.0,554.86,174.0,9.435509467145424,252.64172251153946,2383.803364553558
CUST005918,15.0,648.0,700.0,49.478,1.0,0.0,174.0,3.838642036913713,50.23136985772355,192.820247907618
CUST005919,34.0,723.0,761.0,124.32882352941178,6.0,1042.43,174.0,7.65665834532835,124.9985770443603,957.07139808087
CUST005920,3.0,168.0,219.0,742.7800000000001,0.0,0.0,174.0,2.898784613233946,784.076634149663,2272.869282669305
CUST005921,16.0,574.0,610.0,134.0725,2.0,1632.42,174.0,4.6485187320926515,135.5973578186651,630.3268578423347
CUST005922,30.0,647.0,848.0,26.457,0.0,0.0,174.0,0.9486527018659401,26.71341108147309,25.341749598494992
CUST005923,98.0,823.0,852.0,167.83561224489796,25.0,155.26,174.0,19.1732723345124,168.13550870391964,3223.7078974820315
CUST005924,12.0,501.0,806.0,82.50416666666666,0.0,0.0,174.0,1.0150279120293881,83.87603680743236,85.13651850994817
CUST005926,7.0,602.0,608.0,255.69857142857146,4.0,0.0,174.0,2.262373733606058,261.9533932284083,592.6364762689299
CUST005928,79.0,880.0,883.0,174.9921518987342,14.0,2183.3566666666666,174.0,15.180765487444175,175.37824127581763,2662.37595240859
CUST005929,94.0,790.0,791.0,122.12914893617021,4.0,0.0,174.0,20.01280348774983,122.3671052022033,2448.9088297765047
CUST005931,60.0,735.0,741.0,80.74583333333334,18.0,2669.782,174.0,13.702210565678975,81.01288610214047,1110.0556239048965
CUST005932,34.0,839.0,844.0,94.25558823529411,8.0,0.0,174.0,6.980497881131048,94.78902216918502,661.6745684064799
CUST005933,28.0,829.0,834.0,61.526785714285715,2.0,0.0,174.0,5.864355977777894,61.994833699958214,363.55977359969637
CUST005934,17.0,549.0,557.0,753.2035294117647,6.0,526.29,174.0,5.376515713878389,760.2763750250188,4087.637877212512
CUST005936,6.0,701.0,801.0,41.78666666666667,2.0,92.41,174.0,1.5170693368252077,43.4979125028565,65.98934927398942
CUST005937,27.0,716.0,741.0,157.3214814814815,7.0,0.0,174.0,6.325466615408513,158.35441481672598,1001.6655643257513
CUST005938,20.0,425.0,802.0,293.56100000000004,0.0,0.0,174.0,0.0047633373443697275,296.0114535408589,1.4100024110123377
CUST005939,27.0,695.0,697.0,581.6585185185186,15.0,0.0,174.0,6.721462197833281,585.116469295873,3932.838229701888
CUST005940,33.0,702.0,708.0,141.67727272727274,8.0,866.53,174.0,8.01811560053983,142.44844987619828,1142.1681382250613
CUST005942,10.0,747.0,788.0,32.65599999999999,2.0,0.0,174.0,2.3937201693130734,33.52981309809883,80.26098988621683
CUST005943,34.0,703.0,708.0,90.8435294117647,7.0,0.0,174.0,8.251817503783235,91.36149675468798,753.8983980921695
CUST005944,37.0,693.0,707.0,68.44027027027028,7.0,1400.43,174.0,8.953578022181082,68.82278144664346,616.2101433860388
CUST005946,14.0,583.0,615.0,14.914285714285715,7.0,0.0,174.0,4.08767005374945,15.339088590687632,62.7011330839637
CUST005947,45.0,895.0,906.0,121.196,8.0,161.51999999999998,174.0,8.543986619931593,121.69075825031354,1039.724210260009
CUST005948,8.0,458.0,747.0,227.29999999999998,2.0,0.0,174.0,1.4260445610576926,232.20240524167838,331.1309770594097
CUST005949,10.0,484.0,605.0,139.95499999999998,5.0,0.0,174.0,2.9448021186209075,142.50068601837896,419.6363220918551
CUST005950,23.0,712.0,728.0,22.536521739130432,4.0,0.0,174.0,5.5345690429866155,22.845167464110943,126.43815662871347
CUST005951,12.0,818.0,841.0,175.73583333333332,2.0,0.0,174.0,2.6493093532384315,178.31513755661197,472.4119617527296
CUST005952,32.0,675.0,675.0,41.9278125,11.0,0.0,174.0,8.149128613344322,42.24265275791954,344.24081029313055
CUST005953,10.0,646.0,741.0,177.152,5.0,817.18,174.0,2.5062270054811493,180.27726883849527,451.8157596374221
CUST005954,33.0,588.0,613.0,56.67060606060606,9.0,247.54,174.0,9.15313482777801,57.044723597707794,522.1380463031493
CUST005955,153.0,780.0,780.0,198.75581699346404,41.0,551.39,174.0,32.82468241870837,198.9788363044574,6531.417109737973
CUST005956,8.0,815.0,846.0,143.66875,3.0,0.0,174.0,1.847186475696989,146.9359162772806,271.4180373415378
CUST005957,22.0,423.0,546.0,97.20545454545457,0.0,0.0,174.0,4.400205714240733,98.05261210158505,431.4516640656246
CUST005958,6.0,434.0,793.0,79.045,0.0,0.0,174.0,1.008362072603877,81.73396616617262,82.41743152545698
CUST005959,35.0,541.0,561.0,71.40028571428572,12.0,120.49,174.0,10.533906093125013,71.8177833773483,756.5217859133817
CUST005961,19.0,596.0,622.0,138.15052631578948,7.0,0.0,174.0,5.36071666970545,139.46585498785134,747.6369336880978
CUST005962,11.0,768.0,773.0,249.06545454545457,2.0,0.0,174.0,2.660781715790553,252.91979853261608,672.9643754970152
CUST005963,20.0,666.0,672.0,203.5315,6.0,216.48,174.0,5.2420646729213995,205.2859810457354,1076.1223890858616
CUST005964,7.0,529.0,532.0,32.81428571428571,2.0,402.0,174.0,2.5643367973111895,34.0745290560169,87.37856870939345
CUST005965,26.0,574.0,584.0,304.8515384615385,7.0,0.0,174.0,7.655431995529116,306.80016601760406,2348.6878071648107
CUST005967,21.0,328.0,626.0,566.9966666666667,0.0,0.0,174.0,0.0035668308602421544,571.341968296335,2.0378801642708626
CUST005968,16.0,434.0,440.0,183.050625,2.0,0.0,174.0,6.328646370796939,185.0496806314613,1171.1139897454302
CUST005970,31.0,857.0,881.0,218.67032258064515,6.0,874.0,174.0,6.120970139562579,219.87444642635364,1345.8449210285626
CUST005971,11.0,417.0,891.0,369.2081818181818,0.0,0.0,174.0,0.06745982013424427,374.7619337713583,25.281372645377395
CUST005972,29.0,762.0,763.0,192.69310344827588,3.0,574.2,174.0,6.602580112746598,193.8425491624873,1279.8609601043433
CUST005973,98.0,785.0,809.0,63.98887755102041,23.0,498.5025,174.0,20.24240849267627,64.1259419019542,1298.0635109569828
CUST005975,35.0,553.0,564.0,140.87371428571427,21.0,257.01,174.0,10.503314826172582,141.5970922101901,1487.238837954216
CUST005976,45.0,560.0,591.0,132.79355555555554,21.0,360.015,174.0,12.698612340044257,133.32798999967386,1693.0804590831558
CUST005979,5.0,103.0,717.0,572.906,0.0,0.0,174.0,0.0026813493340662044,591.7835108129524,1.5867783226296703
CUST005980,24.0,762.0,849.0,94.67875,4.0,0.0,174.0,4.855621724049626,95.43860060696692,463.41374242008436
CUST005981,78.0,573.0,574.0,196.19820512820513,16.0,1892.1999999999998,174.0,22.559801597374808,196.63104805006083,4435.957431893245
CUST005982,12.0,296.0,781.0,86.20916666666666,0.0,0.0,174.0,0.003714596277217239,87.62901989553593,0.32550643108015315
CUST005983,18.0,892.0,908.0,113.2188888888889,3.0,0.0,174.0,3.565446848165895,114.39358673484195,407.86425327413417
CUST005984,8.0,384.0,758.0,325.14625,0.0,0.0,174.0,0.5889063325191817,331.9618396137906,195.4944295032782
CUST005985,47.0,632.0,646.0,211.54106382978728,12.0,795.2766666666666,174.0,12.285444526446188,212.31058217356482,2608.3298796708254
CUST005986,10.0,514.0,606.0,23.832,3.0,0.0,174.0,3.0107917618005544,24.568322472384228,73.97010290111386
CUST005987,24.0,841.0,847.0,69.57000000000001,7.0,6187.42,174.0,4.992209169997837,70.16830621229774,350.29486171624893
CUST005988,14.0,264.0,793.0,83.10428571428572,0.0,0.0,174.0,0.0001328112262445548,84.28465236102656,0.011193948033663947
CUST005989,11.0,657.0,657.0,11.799090909090909,0.0,0.0,174.0,3.1055918538010197,12.297323730940363,38.190468402362356
CUST005990,24.0,687.0,700.0,182.73750000000004,6.0,0.0,174.0,5.981324677285685,184.06390200694014,1100.9459592716053
CUST005991,20.0,538.0,548.0,112.476,7.0,122.98,174.0,6.346793365860956,113.52657706393262,720.5297261582701
CUST005992,33.0,730.0,748.0,323.03303030303033,8.0,141.3,174.0,7.600149237930735,324.65130626818643,2467.3983779273744
CUST005994,21.0,550.0,580.0,67.11380952380952,6.0,2538.03,174.0,6.276267608002631,67.78014035865658,425.4062993989081
CUST005995,31.0,847.0,851.0,178.6674193548387,6.0,0.0,174.0,6.339383202290941,179.6725778832173,1139.0133221451786
CUST005996,23.0,883.0,889.0,87.04869565217392,5.0,0.0,174.0,4.578709385632717,87.79056625252238,401.9674896704351
CUST005998,28.0,613.0,644.0,18.265714285714285,5.0,193.34,174.0,7.461258617110471,18.495410545993266,137.99904131328813
CUST005999,93.0,681.0,687.0,172.10892473118275,30.0,1844.556666666667,174.0,22.629681675916693,172.43203271154403,3902.0820109934957
CUST006000,9.0,574.0,701.0,115.80555555555556,3.0,211.09,174.0,2.371620545023117,118.22018359913713,280.3734162601186
CUST006002,13.0,597.0,607.0,52.68,2.0,0.0,174.0,3.881825683452152,53.588897899492636,208.0227602141456
CUST006003,24.0,543.0,543.0,397.24500000000006,8.0,0.0,174.0,7.605450309613738,399.9514979591283,3041.8112439837305
CUST006004,27.0,517.0,884.0,153.12740740740742,0.0,0.0,174.0,0.0014741175971537566,154.13637228858022,0.22721513875203875
CUST006005,25.0,820.0,879.0,165.3584,8.0,0.0,174.0,4.962999838828457,166.52410501000085,826.4591063256873
CUST006006,9.0,671.0,762.0,36.037777777777784,2.0,0.0,174.0,2.233220714574541,37.069014311467,82.78329062922822
CUST006007,23.0,538.0,576.0,33.88130434782609,4.0,1176.57,174.0,6.858707595214963,34.266134794753086,235.02139897543273
CUST006009,12.0,714.0,715.0,23.3625,3.0,3189.365,174.0,3.0973467621051785,23.968432272409583,74.23854609168508
CUST006010,39.0,590.0,602.0,127.69282051282052,13.0,90.73,174.0,10.964066897345978,128.28965511091755,1406.5763608735433
CUST006011,7.0,631.0,697.0,131.73000000000002,0.0,0.0,174.0,1.9735305137329804,135.20682982810592,266.83480433086953
CUST006012,5.0,504.0,521.0,159.608,0.0,0.0,174.0,1.9884798569343112,165.40209647973026,328.89873714464915
CUST006014,18.0,615.0,640.0,198.8938888888889,3.0,0.0,174.0,4.96459991969063,200.80511944134682,996.9170798519777
CUST006015,80.0,884.0,908.0,380.897875,19.0,716.4033333333333,174.0,14.901206400358788,381.6747733229771,5687.414575095836
CUST006016,12.0,401.0,416.0,129.3216666666667,3.0,4415.46,174.0,5.124033771160147,131.29986561371834,672.7849455534817
CUST006017,16.0,591.0,609.0,103.2925,3.0,0.0,174.0,4.670874080121874,104.51935113347926,488.1967280805251
CUST006020,37.0,798.0,833.0,60.35270270270271,5.0,0.0,174.0,7.631038221692953,60.701538412875216,463.21575974421376
CUST006022,9.0,664.0,699.0,142.15555555555557,6.0,0.0,174.0,2.4480258008720837,145.02716469226993,355.0302409940017
CUST006023,3.0,52.0,888.0,11.51,0.0,0.0,174.0,0.0014031632295259755,13.392881926651736,0.018792399456860717
CUST006024,24.0,901.0,903.0,391.37791666666664,4.0,0.0,174.0,4.696548631653829,394.0466670507241,1850.6593349448303
CUST006025,13.0,512.0,779.0,219.47076923076924,0.0,0.0,174.0,1.420034926641661,222.37161261770194,315.77545661076624
CUST006026,6.0,662.0,703.0,75.45833333333333,4.0,673.81,174.0,1.7315645989252995,78.05317943016473,135.15412233483764
CUST006027,76.0,841.0,844.0,146.12671052631578,17.0,35.66,174.0,15.260238669901549,146.46968156184596,2235.162298538248
CUST006028,35.0,688.0,697.0,135.30342857142855,11.0,1553.9499999999998,174.0,8.608253914833771,136.00228142948018,1170.742171541647
CUST006029,72.0,882.0,886.0,81.73569444444445,7.0,89.84,174.0,13.8134338068072,81.96025715873459,1132.1525870510764
CUST006030,21.0,773.0,827.0,292.75190476190477,6.0,0.0,174.0,4.4726682330205065,295.07885658168556,1319.789828068919
CUST006031,6.0,691.0,719.0,21.923333333333332,0.0,0.0,174.0,1.6977148069313206,23.113332428626954,39.23984670160584
CUST006032,78.0,570.0,756.0,211.97166666666666,0.0,0.0,174.0,1.5370406656826445e-05,212.43559669698885,0.0032652215096182955
CUST006033,31.0,887.0,891.0,42.72258064516129,5.0,0.0,174.0,6.0666401574237465,43.05158055023816,261.17844740663793
CUST006034,11.0,384.0,410.0,19.45909090909091,2.0,0.0,174.0,4.793070792246465,20.065673735265843,96.17619470724973
CUST006035,9.0,414.0,567.0,105.72555555555556,0.0,0.0,174.0,2.6991707239104548,107.96536882043584,291.416962716315
CUST006036,42.0,582.0,619.0,235.00142857142856,14.0,212.27,174.0,11.337847090827218,235.94890581950202,2675.152615429506
CUST006039,40.0,549.0,586.0,125.299,6.0,320.70000000000005,174.0,11.377029700061387,125.87163920130932,1432.0453775887072
CUST006040,5.0,539.0,818.0,124.952,5.0,0.0,174.0,1.1717821551176548,129.6490217125353,151.92041007121023
CUST006042,46.0,747.0,763.0,58.32086956521739,10.0,0.0,174.0,10.275947154346587,58.59442695993396,602.1132349795024
CUST006043,1.0,71.0,75.0,991.97,1.0,0.0,174.0,3.6302064497430977,1175.9885281176182,4269.08113959647
CUST006044,12.0,454.0,573.0,11.458333333333334,0.0,0.0,174.0,3.5636827628745262,11.910095922081272,42.44380354170322
CUST006045,9.0,657.0,845.0,10.705555555555556,5.0,2644.6,174.0,1.9345862204430198,11.297462047400593,21.855914402879172
CUST006046,15.0,491.0,597.0,15.142,2.0,0.0,174.0,4.228979932260723,15.540543214031636,65.72064538857035
CUST006047,9.0,535.0,552.0,206.38,3.0,433.95,174.0,3.062316122812854,210.3654367203223,644.2054685512102
CUST006048,15.0,420.0,603.0,289.3486666666667,0.0,0.0,174.0,2.4214981388209287,292.58084895372025,708.4839811960809
CUST006049,6.0,564.0,590.0,6.91,2.0,0.0,174.0,2.0452908934406535,7.7060243812482225,15.761061491598635
CUST006051,108.0,709.0,712.0,178.62925925925924,27.0,832.704,174.0,25.36061864965603,178.91670319617253,4537.438279811826
CUST006052,92.0,654.0,659.0,126.82326086956522,5.0,279.0,174.0,23.291815680723367,127.07423995294995,2959.7897747521233
CUST006053,7.0,261.0,561.0,34.48714285714286,0.0,0.0,174.0,0.6908685141768912,35.784872988139725,24.72264203132486
CUST006054,15.0,132.0,726.0,158.118,0.0,0.0,174.0,1.5937637414835634e-08,159.99405061758753,2.5499271672739693e-06
CUST006055,25.0,764.0,794.0,98.4624,4.0,0.0,174.0,5.503474453440944,99.21503236839324,546.0273960367686
CUST006056,3.0,133.0,661.0,202.57666666666668,0.0,0.0,174.0,0.11350606489900725,214.7575975466143,24.376289804680884
CUST006057,1.0,16.0,808.0,1057.48,0.0,0.0,174.0,0.011946644358583145,1253.3708153723155,14.97357538068043
CUST006058,9.0,527.0,554.0,211.56555555555553,1.0,0.0,174.0,3.0475841551921383,215.64092399679924,657.1838631836375
CUST006059,21.0,252.0,784.0,65.9147619047619,0.0,0.0,174.0,1.1770538451075271e-07,66.57226814978948,7.835914420323907e-06
CUST006062,9.0,719.0,766.0,148.00555555555556,3.0,0.0,174.0,2.2416541016178484,150.9786196977662,338.44184210209886
CUST006064,3.0,567.0,643.0,453.40000000000003,0.0,0.0,174.0,1.1120516633570108,479.09972518540224,532.7836463063134
CUST006065,24.0,710.0,720.0,52.20333333333334,6.0,594.6949999999999,174.0,5.82559985625224,52.68990608004284,306.95030928584157
CUST006066,9.0,369.0,553.0,35.66777777777778,0.0,0.0,174.0,2.4235525412212002,36.69259749915356,88.92643791308026
CUST006067,23.0,876.0,895.0,25.888695652173915,3.0,181.13,174.0,4.5446587630013155,26.219852556635797,119.16028268611731
CUST006068,57.0,566.0,572.0,180.0301754385965,15.0,0.0,174.0,16.638983429399715,180.5792811275173,3004.6556663736733
CUST006069,46.0,708.0,724.0,130.57347826086956,8.0,4612.9766666666665,174.0,10.800093726329655,131.08882628045262,1415.7716103034343
CUST006070,27.0,772.0,898.0,119.41185185185185,0.0,0.0,174.0,4.7566125420758025,120.22813779351104,571.8786681390324
CUST006071,5.0,252.0,760.0,591.6,0.0,0.0,174.0,0.17904431546430702,611.0692904672098,109.40848281296138
CUST006072,79.0,579.0,584.0,85.71974683544305,25.0,338.9414285714286,174.0,22.46593161668105,85.93212524889272,1930.5452495176949
CUST006073,17.0,539.0,542.0,185.0670588235294,8.0,0.0,174.0,5.518362255929343,186.96581593705434,1031.7451018160737
CUST006074,19.0,695.0,697.0,77.16,1.0,0.0,174.0,4.829016812275295,77.97882467310663,376.5610553478995
CUST006075,3.0,586.0,770.0,301.08666666666664,2.0,0.0,174.0,0.9173754005903991,318.57705743350806,292.25475568197504
CUST006076,36.0,841.0,842.0,107.065,9.0,110.0,174.0,7.393371347752589,107.62349633322025,795.7004741349864
CUST006077,53.0,604.0,604.0,69.03132075471697,13.0,204.7,174.0,14.737282690366255,69.29973754640858,1021.2898225896116
CUST006079,39.0,743.0,758.0,114.25333333333333,9.0,817.015,174.0,8.816183938217824,114.79708892514189,1012.0722515359992
CUST006081,20.0,526.0,620.0,171.3775,0.0,0.0,174.0,5.314258033749964,172.88341474682005,918.7470757204155
CUST006082,4.0,508.0,747.0,253.445,0.0,0.0,174.0,1.1163497930644253,264.48816162150166,295.26130449415365
CUST006083,15.0,393.0,591.0,322.912,0.0,0.0,174.0,1.689894404136859,326.4910242289739,551.7353548454547
CUST006084,56.0,770.0,793.0,69.95446428571428,8.0,1314.87,174.0,11.972417132402418,70.21099819755783,840.5953577035166
CUST006085,13.0,508.0,525.0,81.44615384615385,5.0,6152.1,174.0,4.441769914400012,82.69859959670035,367.3281516516365
CUST006086,23.0,818.0,826.0,326.7165217391304,6.0,0.0,174.0,4.911508950378056,329.0678569999968,1616.2197249372105
CUST006088,41.0,754.0,781.0,131.52121951219513,9.0,1366.09,174.0,8.972033625777058,132.10321072321884,1185.234448681832
CUST006089,26.0,711.0,769.0,280.5303846153846,5.0,0.0,174.0,5.833391343677387,282.3346431584904,1646.9684634209818
CUST006091,51.0,598.0,604.0,134.18470588235294,14.0,926.05,174.0,14.186963133956947,134.66027360873812,1910.4203372957234
CUST006092,49.0,602.0,606.0,197.15020408163267,15.0,4311.879999999999,174.0,13.60657713779483,197.8430141303757,2691.9662329387893
CUST006093,14.0,781.0,790.0,35.77571428571428,1.0,0.0,174.0,3.2352887733028606,36.43166747192826,117.8669647646325
CUST006094,24.0,774.0,836.0,172.41958333333332,7.0,224.725,174.0,5.000906900381949,173.6796020435277,868.5555203150685
CUST006095,25.0,574.0,643.0,364.57480000000004,8.0,318.34000000000003,174.0,6.540065484113987,366.97063602829144,2400.0119903719856
CUST006096,39.0,835.0,857.0,141.17307692307693,4.0,0.0,174.0,7.8357845767583285,141.82315154478607,1111.2956635018938
CUST006098,71.0,827.0,840.0,177.4343661971831,13.0,1074.86,174.0,14.323205291095793,177.8693416191138,2547.659095002616
CUST006099,9.0,550.0,612.0,26.51,2.0,0.0,174.0,2.7579468447420346,27.375998799191485,75.50154950989189
CUST006100,15.0,566.0,582.0,28.898666666666667,9.0,1035.1533333333334,174.0,4.595080258318072,29.43937064088358,135.2762708492328
CUST006101,130.0,712.0,712.0,148.81746153846154,36.0,1068.364,174.0,30.467322378632964,149.0209786806764,4540.270198643558
CUST006102,28.0,689.0,696.0,281.57928571428573,2.0,35.75,174.0,6.964546273634454,283.2597376307938,1972.775550187218
CUST006103,14.0,525.0,549.0,41.75571428571429,4.0,1209.72,174.0,4.551133203994392,42.477927500475374,193.32270628428
CUST006105,81.0,728.0,751.0,273.0951851851852,22.0,250.75,174.0,18.048319451157397,273.65789508837537,4939.065110886316
CUST006106,9.0,552.0,569.0,704.31,2.0,1015.12,174.0,2.9768093876712753,716.9309052479738,2134.166649053834
CUST006108,21.0,794.0,856.0,204.39999999999998,5.0,561.35,174.0,4.319999290912723,206.07671132314977,890.251246789633
CUST006110,4.0,76.0,752.0,31.3325,0.0,0.0,174.0,0.0022574504341134447,33.51652299042616,0.07566188937471079
CUST006111,4.0,231.0,600.0,72.5725,0.0,0.0,174.0,0.6321916257940589,76.40141410256777,48.30033419446745
CUST006112,28.0,621.0,639.0,24.152142857142856,4.0,125.61,174.0,7.53896485320391,24.414271055884626,184.0583314069077
CUST006114,44.0,823.0,853.0,124.15022727272726,7.0,161.82999999999998,174.0,8.827111022369673,124.666606529975,1100.4459766221653
CUST006115,22.0,612.0,619.0,179.51681818181817,7.0,0.0,174.0,6.19286138015476,180.94203085100582,1120.5489149039652
CUST006116,58.0,822.0,838.0,72.60327586206895,11.0,440.03000000000003,174.0,11.774849798705866,72.85796563721327,857.8916020174595
CUST006117,50.0,835.0,861.0,157.7792,10.0,0.0,174.0,9.911367818256416,158.33693035035446,1569.335555916011
CUST006118,42.0,743.0,744.0,48.74214285714286,9.0,2602.0449999999996,174.0,9.653402294325145,49.006729974254924,473.0816795708454
CUST006120,33.0,569.0,583.0,154.1651515151515,5.0,0.0,174.0,9.618746906091628,154.99465858687546,1490.8543927432365
CUST006121,15.0,548.0,557.0,312.9386666666667,3.0,0.0,174.0,4.791921232193528,316.4146269279948,1516.2339689528521
CUST006123,12.0,452.0,892.0,85.49249999999999,0.0,0.0,174.0,0.10292821956028823,86.90307174983889,8.944778449530899
CUST006124,19.0,577.0,586.0,215.17894736842103,6.0,361.8016666666667,174.0,5.683272684469297,217.12133931401195,1233.9597769387137
CUST006125,46.0,836.0,839.0,497.0971739130435,12.0,1322.3,174.0,9.400126778774096,498.8390796306803,4689.150590735382
CUST006126,18.0,590.0,616.0,253.7711111111111,6.0,0.0,174.0,5.144939754453563,256.15411136311735,1317.8974708188275
CUST006127,8.0,648.0,720.0,441.68625,1.0,0.0,174.0,2.1390719804318263,450.780542238837,964.2520272269616
CUST006128,15.0,499.0,513.0,46.84866666666667,4.0,90.73,174.0,5.170290751929154,47.57486511473813,245.9758851270075
CUST006129,31.0,797.0,800.0,146.41064516129032,6.0,60.13,174.0,6.725340815136878,147.25536585151426,990.3425222091021
CUST006130,25.0,750.0,758.0,91.4936,6.0,179.68,174.0,5.767194933323155,92.20320108662997,531.7538341429884
CUST006131,53.0,853.0,879.0,94.17754716981132,10.0,1335.02,174.0,10.283358061311148,94.51896832180054,971.9723948388006
CUST006132,65.0,906.0,907.0,114.24123076923077,15.0,36.4,174.0,12.22128539077545,114.56694089056155,1400.1552809716543
CUST006133,7.0,657.0,663.0,203.90857142857143,4.0,1852.1,174.0,2.0851338556599646,209.00283936739328,435.798896294013
CUST006134,9.0,450.0,503.0,233.67555555555555,4.0,0.0,174.0,3.311521843082052,238.13437188936723,788.5871741002642
CUST006136,47.0,746.0,750.0,89.32893617021277,13.0,314.82,174.0,10.68078925313858,89.69820641013571,958.0476390511835
CUST006137,64.0,586.0,589.0,220.13140625,18.0,122.735,174.0,18.134894149439432,220.7166727626756,4002.6734975675836
CUST006138,17.0,447.0,475.0,174.29176470588234,7.0,997.0699999999998,174.0,6.208140874734375,176.09238989466462,1093.2063634347298
CUST006139,18.0,566.0,626.0,50.18611111111111,3.0,123.245,174.0,5.011757136792483,50.818927399839936,254.69212208028688
CUST006141,22.0,375.0,660.0,311.3390909090909,0.0,0.0,174.0,0.01094898012126636,313.6900632231006,3.434586266468516
CUST006142,28.0,721.0,744.0,99.40714285714284,8.0,1632.2466666666667,174.0,6.524974075409537,100.0838969193264,653.0448327645652
CUST006143,11.0,543.0,595.0,789.8218181818182,1.0,0.0,174.0,3.3812538897666093,801.3251118215946,2709.48365131443
CUST006144,39.0,596.0,606.0,195.34820512820514,8.0,255.56,174.0,10.899652163212671,196.21224341774442,2138.6452034170293
CUST006145,11.0,696.0,730.0,33.95454545454545,1.0,0.0,174.0,2.8013548672962947,34.7661651688013,97.39236601284843
CUST006146,8.0,563.0,698.0,10.80875,1.0,1074.86,174.0,2.1489456089736976,11.478109251678504,24.665832475714893
CUST006147,19.0,777.0,798.0,309.7621052631579,6.0,0.0,174.0,4.239184297197761,312.4744678741174,1324.636857487185
CUST006148,12.0,598.0,627.0,307.64916666666664,5.0,2670.04,174.0,3.4956158419438474,311.9368674069145,1090.4114553939476
CUST006149,14.0,510.0,515.0,255.97,5.0,3807.045,174.0,4.8433738026328905,259.06576583794254,1254.7523434185177
CUST006151,37.0,582.0,582.0,191.26648648648649,8.0,242.66,174.0,10.773052461790652,192.16042833199336,2070.1543755007274
CUST006152,6.0,124.0,580.0,22.301666666666666,0.0,0.0,174.0,0.010689252794088786,23.501593854776484,0.2512144777777094
CUST006154,50.0,746.0,756.0,81.038,7.0,0.0,174.0,11.250064490251857,81.35952698203026,915.2999254442265
CUST006155,16.0,738.0,855.0,87.793125,6.0,0.0,174.0,3.2853789198680396,88.8699138408801,291.97134154331644
CUST006156,24.0,463.0,813.0,380.12958333333336,0.0,0.0,174.0,0.003301923525524297,382.72596431631075,1.263731865404999
CUST006157,23.0,717.0,737.0,111.96869565217392,0.0,0.0,174.0,5.467795969006391,112.87791395202359,617.1934028967249
CUST006158,17.0,550.0,561.0,133.4470588235294,10.0,0.0,174.0,5.338746207200384,134.8757062676654,720.0671652799718
CUST006159,15.0,635.0,638.0,139.002,6.0,0.0,174.0,4.220937116102817,140.68050675339794,593.8035724675703
CUST006160,54.0,581.0,587.0,149.84555555555556,11.0,440.68499999999995,174.0,15.406272162568152,150.3392496792558,2316.1673972749018
CUST006162,45.0,848.0,873.0,190.08666666666664,8.0,1235.46,174.0,8.834890700364468,190.81710556786516,1685.8482714519969
CUST006163,36.0,623.0,623.0,185.3461111111111,14.0,558.52,174.0,9.842076802722037,186.23965166730497,1832.9849554218147
CUST006164,28.0,489.0,563.0,234.04749999999999,9.0,1675.77,174.0,7.8550865937024845,235.46607021173466,1849.6063713920048
CUST006165,186.0,914.0,915.0,181.18521505376341,40.0,2637.6833333333334,174.0,34.196106830707016,181.3541285178843,6201.605152987341
CUST006166,16.0,685.0,697.0,162.84937499999998,2.0,0.0,174.0,4.115761749866002,164.65284559087942,677.6718838895346
CUST006167,40.0,697.0,716.0,70.09349999999999,17.0,1140.14,174.0,9.529221443017217,70.4535779143407,671.3677453986196
CUST006168,12.0,479.0,571.0,374.55333333333334,5.0,1042.43,174.0,3.7082955126495682,379.7075033107373,1408.0676306465782
CUST006169,57.0,647.0,647.0,167.72631578947372,12.0,0.0,174.0,14.827867979029804,168.24221445947958,2494.6733445047826
CUST006170,22.0,796.0,858.0,155.54681818181817,2.0,0.0,174.0,4.501033440376844,156.80369466450801,705.7786732595907
CUST006171,19.0,709.0,720.0,55.22210526315789,6.0,113.57,174.0,4.679104049617249,55.86234068440099,261.38570451747904
CUST006172,79.0,815.0,823.0,83.78518987341772,18.0,2805.255,174.0,16.229915864794098,83.99380392369336,1363.2123708455556
CUST006174,4.0,307.0,495.0,745.72,3.0,0.0,174.0,1.5818812579763086,776.3979524127119,1228.169369652851
CUST006175,12.0,587.0,623.0,10.5475,6.0,0.0,174.0,3.512492843342744,10.98746647644537,38.59339736498268
CUST006176,29.0,603.0,623.0,54.55275862068965,11.0,0.0,174.0,7.979894854426906,54.96748901478991,438.6347827498895
CUST006177,54.0,523.0,571.0,181.90685185185183,14.0,501.5,174.0,14.554636109134496,182.49189750384085,2656.103161033873
CUST006178,27.0,864.0,876.0,122.9511111111111,7.0,0.0,174.0,5.402109570425901,123.78762334622745,668.7143047789319
CUST006179,59.0,602.0,608.0,71.18305084745764,16.0,171.56,174.0,16.250724423171103,71.42970980460142,1160.7845296616606
CUST006180,7.0,805.0,867.0,63.755714285714284,1.0,0.0,174.0,1.6074006167856396,65.70931917202729,105.62120016568113
CUST006181,7.0,699.0,717.0,30.082857142857144,5.0,748.135,174.0,1.9341686221086458,31.281892336786477,60.50445459799331
CUST006182,5.0,327.0,339.0,33.944,5.0,0.0,174.0,2.946805623166088,35.76006082804544,105.37794833284565
CUST006183,19.0,623.0,653.0,77.42526315789473,3.0,453.84,174.0,5.117703635456478,78.24624725192501,400.4411040220031
CUST006184,7.0,372.0,851.0,170.8457142857143,0.0,0.0,174.0,0.27855802687905845,175.19908192499315,48.80311057204861
CUST006185,33.0,670.0,674.0,118.79121212121213,14.0,0.0,174.0,8.402124590249105,119.45549023860579,1003.6799119740517
CUST006186,17.0,679.0,828.0,35.353529411764704,5.0,0.0,174.0,3.389094405535427,35.888827055804725,121.63062299605626
CUST006187,30.0,670.0,683.0,239.845,7.0,2144.355,174.0,7.566915407482795,241.1983142932485,1825.1272406844598
CUST006188,4.0,127.0,757.0,245.3375,0.0,0.0,174.0,0.01706359035944429,256.05728735642674,4.3692566600005796
CUST006189,16.0,796.0,822.0,469.30125000000004,4.0,0.0,174.0,3.513918714742119,474.07173512751797,1665.8495421948542
CUST006190,23.0,613.0,637.0,98.26434782608695,6.0,0.0,174.0,6.270315828784175,99.0815359862151,621.2725234346134
CUST006191,19.0,884.0,906.0,238.1984210526316,2.0,0.0,174.0,3.755078580731732,240.3282070318283,902.4513025708798
CUST006192,24.0,835.0,875.0,237.01375,4.0,0.0,174.0,4.820240238766555,238.68935393659265,1150.5400284103562
CUST006193,22.0,781.0,795.0,73.09454545454545,6.0,0.0,174.0,4.882902665883862,73.77237724975149,360.2233375414015
CUST006194,28.0,576.0,599.0,91.89428571428572,4.0,1791.51,174.0,8.001743034574368,92.5296468473646,740.3984571525258
CUST006196,94.0,846.0,851.0,131.28489361702128,17.0,529.65,174.0,18.65693442932692,131.53781803124483,2454.092445985671
CUST006197,5.0,807.0,823.0,68.346,7.0,239.52,174.0,1.2927847670073784,71.2510949387634,92.11233016942984
CUST006198,20.0,767.0,798.0,54.44199999999999,3.0,262.42,174.0,4.44112142888312,55.043945584450945,244.4568462653815
CUST006199,240.0,865.0,871.0,159.86370833333334,34.0,489.945,174.0,46.14535063363809,159.9809531241506,7382.377176617549
CUST006202,36.0,793.0,796.0,71.43472222222222,10.0,170.47,174.0,7.799876467404096,71.84072048070965,560.3487450788426
CUST006203,7.0,553.0,631.0,257.39142857142855,0.0,0.0,174.0,2.158731408557464,263.6841853373455,569.2233328276153
CUST006204,19.0,663.0,668.0,766.3610526315789,7.0,11527.710000000001,174.0,5.025980231424473,772.7904384751855,3884.029466810133
CUST006205,112.0,748.0,748.0,191.42723214285712,30.0,1683.705,174.0,25.090472887459974,191.7219515669374,4810.394427721158
CUST006206,5.0,492.0,596.0,74.84400000000001,0.0,0.0,174.0,1.7219338656827488,77.95479645761246,134.23300401276848
CUST006207,5.0,421.0,549.0,212.42600000000002,1.0,3040.92,174.0,1.8305188957138963,219.89210984115988,402.5166620826388
CUST006208,5.0,449.0,603.0,486.17999999999995,0.0,0.0,174.0,1.6613786311069685,502.31210146796883,834.5305915253188
CUST006209,61.0,856.0,870.0,280.26885245901633,10.0,1508.743333333333,174.0,11.938003588150954,281.03461092114026,3354.9921935711795
CUST006210,57.0,618.0,618.0,87.54666666666667,17.0,821.9599999999999,174.0,15.483083919383159,87.846167620757,1360.1295852683802
CUST006211,10.0,518.0,530.0,148.05100000000002,2.0,0.0,174.0,3.4885099282643433,150.72283335584336,525.7981005779917
CUST006212,35.0,762.0,836.0,219.7054285714286,7.0,0.0,174.0,7.007397699525433,220.77588977463705,1547.0644621174722
CUST006213,68.0,697.0,718.0,139.45338235294116,18.0,1050.085,174.0,15.895962028354798,139.8217035355583,2222.6004901411166
CUST006214,118.0,807.0,808.0,107.57796610169491,32.0,2085.346,174.0,24.543414328037738,107.74851736612055,2644.5165049484663
CUST006215,28.0,771.0,809.0,83.76857142857143,5.0,141.46,174.0,6.0092707489674835,84.35916302737625,506.93705078779135
CUST006217,7.0,493.0,600.0,51.785714285714285,0.0,0.0,174.0,2.2352958512100765,53.47108534857971,119.52369523938013
CUST006218,24.0,809.0,836.0,182.31583333333333,4.0,0.0,174.0,5.044436778485313,183.6395224259938,926.3579609091614
CUST006219,13.0,487.0,650.0,244.30153846153846,0.0,0.0,174.0,3.0747823675688033,247.49893026627035,761.0053467748689
CUST006220,18.0,690.0,842.0,136.27666666666667,7.0,418.68,174.0,3.467864197491589,137.6495881189536,477.3500784371828
CUST006221,39.0,550.0,568.0,148.58923076923077,11.0,71.5,174.0,11.560948998032442,149.26859535352398,1725.6866178900332
CUST006222,28.0,322.0,582.0,280.6542857142857,0.0,0.0,174.0,0.00046649350925658217,282.32964123954156,0.13170494510898562
CUST006223,19.0,576.0,585.0,13.09421052631579,3.0,0.0,174.0,5.692380358521598,13.391496485275068,76.22949156399082
CUST006224,26.0,293.0,878.0,156.79461538461538,0.0,0.0,174.0,1.6679911462458093e-09,157.86438530170196,2.6331639699077593e-07
CUST006225,39.0,901.0,907.0,214.3707692307692,6.0,1889.2150000000001,174.0,7.434815925522563,215.30993678574384,1600.7897469379047
CUST006226,23.0,527.0,527.0,194.1608695652174,4.0,249.42,174.0,7.512972034148028,195.62204096383718,1469.7029230242686
CUST006227,54.0,696.0,775.0,121.33611111111111,11.0,1220.505,174.0,9.353914343678357,121.74857391788034,1138.8257318928456
CUST006228,25.0,772.0,787.0,5.9879999999999995,10.0,0.0,174.0,5.561137319641448,6.169616990955423,34.310087296296174
CUST006229,140.0,825.0,828.0,123.2327142857143,22.0,3343.345,174.0,28.38945454019588,123.39360985204937,3503.077277445422
CUST006230,4.0,267.0,523.0,77.2825,4.0,0.0,174.0,1.2706595718702902,81.29927630281477,103.30370362029905
CUST006231,21.0,858.0,870.0,534.0885714285714,0.0,0.0,174.0,4.289653969135978,538.1916804733887,2308.656078298634
CUST006232,23.0,778.0,790.0,131.96565217391304,5.0,0.0,174.0,5.123047298067426,133.0091579806222,681.4122074108501
CUST006233,28.0,575.0,583.0,465.41785714285714,10.0,0.0,174.0,8.229136904761601,468.1111882888181,3852.1510550793196
CUST006234,48.0,574.0,576.0,129.22395833333334,14.0,1787.253333333333,174.0,13.990707016313136,129.71343732192688,1814.7826976499766
CUST006235,7.0,134.0,630.0,127.67,0.0,0.0,174.0,0.0029161934471880857,131.0558499347728,0.3821842107954495
CUST006237,45.0,866.0,882.0,147.9982222222222,10.0,505.07,174.0,8.761665158432924,148.58467308467232,1301.8491532431196
CUST006238,22.0,382.0,770.0,127.08272727272725,0.0,0.0,174.0,0.00044733738116488195,128.13970652906067,0.057321680741946525
CUST006240,20.0,675.0,681.0,100.47,8.0,212.27,174.0,5.176521570076897,101.42776475489555,525.043012058402
CUST006242,18.0,814.0,865.0,454.415,4.0,109.30666666666667,174.0,3.7180430525739587,458.52290000720893,1704.807882817867
CUST006244,68.0,863.0,907.0,122.80308823529413,14.0,800.89,174.0,12.53358085343541,123.13375752568416,1543.3069057354733
CUST006245,16.0,501.0,535.0,513.31,7.0,790.68,174.0,5.253399541383777,518.5065703031732,2723.9221786351654
CUST006247,14.0,425.0,606.0,64.31214285714285,0.0,0.0,174.0,2.6344762551451497,65.28428744331923,171.98990510349518
CUST006249,18.0,383.0,830.0,26.626666666666665,0.0,0.0,174.0,0.0010178732491191226,27.05694661013237,0.027540542157298065
CUST006252,37.0,619.0,625.0,130.5772972972973,10.0,1755.585,174.0,10.06909492336177,131.21853810232295,1321.251915857053
CUST006253,23.0,535.0,572.0,4.570434782608696,9.0,1376.52,174.0,6.9058613391975046,4.758431096625625,32.861065345422084
CUST006254,54.0,675.0,676.0,84.96333333333334,21.0,35.75,174.0,13.494317925175626,85.2721600048883,1150.6896372724084
CUST006255,26.0,847.0,851.0,155.985,7.0,362.11,174.0,5.361571841644239,157.04996408531179,842.0346651710468
CUST006256,40.0,743.0,747.0,36.81675,10.0,1400.43,174.0,9.17151119548652,37.048700303756014,339.7925696141231
CUST006257,19.0,614.0,702.0,429.32631578947365,4.0,625.89,174.0,4.6494551655084475,433.0120116743727,2013.2699344066161
CUST006258,21.0,698.0,715.0,35.27761904761904,3.0,3076.05,174.0,5.168222210987387,35.709646158490216,184.55538642280953
CUST006259,24.0,505.0,603.0,129.98166666666665,0.0,0.0,174.0,6.051116110960381,130.96864878368382,792.5065006856609
CUST006260,26.0,831.0,877.0,155.13076923076926,6.0,0.0,174.0,5.180264909671167,156.19066264987111,809.1090089434143
CUST006262,8.0,198.0,699.0,91.33624999999999,0.0,0.0,174.0,0.00704731636941843,93.58016069872181,0.6594889983449095
CUST006263,5.0,140.0,820.0,291.594,0.0,0.0,174.0,0.004793532530993254,301.5662621717604,1.4455676879703738
CUST006264,14.0,631.0,635.0,196.91071428571428,2.0,0.0,174.0,3.981035025163319,199.35208715419196,793.6276413002487
CUST006265,14.0,611.0,641.0,234.2692857142857,1.0,0.0,174.0,3.933472767667218,237.1246017281373,932.723163441563
CUST006266,63.0,587.0,603.0,97.35476190476192,14.0,0.0,174.0,17.416921719526865,97.64961327952666,1700.7556704315869
CUST006267,30.0,802.0,881.0,161.38633333333334,7.0,211.09,174.0,5.794116209487587,162.3363373961177,940.5956038956915
CUST006268,9.0,507.0,520.0,153.44444444444446,6.0,1066.08,174.0,3.2391208969805323,156.511833800692,506.96075148856545
CUST006269,15.0,605.0,729.0,219.95666666666668,4.0,69.705,174.0,3.5238822801974266,222.4717552194743,783.9642760623248
CUST006271,56.0,787.0,797.0,52.25660714285714,11.0,683.39,174.0,11.946608944813445,52.464520829492606,626.7731138269677
CUST006272,4.0,157.0,846.0,63.12,0.0,0.0,174.0,0.021629382259478528,66.57189341300621,1.439908930367172
CUST006273,13.0,789.0,816.0,156.6946153846154,2.0,1520.46,174.0,2.928760065187935,158.8457369677013,465.22105095635044
CUST006274,26.0,819.0,825.0,223.0588461538462,7.0,1359.9199999999998,174.0,5.522191588410806,224.521956849549,1239.8532615281135
CUST006275,12.0,636.0,746.0,52.86666666666667,3.0,1291.38,174.0,2.897478038774602,53.85470447985613,156.04282351507933
CUST006276,89.0,702.0,702.0,110.91168539325842,16.0,1472.8866666666665,174.0,21.245245289614665,111.1436623074017,2361.274368106849
CUST006277,70.0,892.0,902.0,193.70085714285713,11.0,1003.53,174.0,13.201302489918215,194.1777908539717,2563.3997538873546
CUST006281,8.0,574.0,627.0,126.19125,1.0,0.0,174.0,2.4433516623889533,129.11667931890366,315.47745305598465
CUST006283,23.0,560.0,564.0,325.28739130434786,5.0,292.7,174.0,7.048797033232782,327.62912938662083,2309.3912352210523
CUST006284,5.0,337.0,783.0,404.82,0.0,0.0,174.0,0.5397704674655361,418.37655890509427,225.82731077682516
CUST006286,16.0,593.0,833.0,172.00375,0.0,0.0,174.0,1.8716866010054984,173.89585168083065,325.4785355614502
CUST006287,25.0,650.0,760.0,22.792800000000003,10.0,253.61,174.0,5.242667300121926,23.078184079087567,120.99124101762683
CUST006288,49.0,871.0,878.0,61.4165306122449,11.0,1244.74,174.0,9.5667932948495,61.68301025408141,590.108608904879
CUST006289,8.0,585.0,702.0,853.25625,2.0,0.0,174.0,2.158730694210151,870.3979563403503,1878.954784529701
CUST006290,17.0,760.0,813.0,187.75117647058823,5.0,628.04,174.0,3.7387544644734403,189.67437817263814,709.1459281891745
CUST006292,31.0,608.0,611.0,185.67967741935482,6.0,471.4666666666667,174.0,8.682190081457666,186.71971332008636,1621.1360430002726
CUST006293,11.0,193.0,688.0,261.8618181818182,0.0,0.0,174.0,0.00037817040077331687,265.8971655704615,0.10055443766827041
CUST006294,8.0,654.0,688.0,62.9675,5.0,0.0,174.0,2.2464864794076513,64.65671750244341,145.25044167211917
CUST006296,11.0,456.0,737.0,377.6554545454546,0.0,0.0,174.0,1.251594686722125,383.32869240418444,479.77215468121705
CUST006298,28.0,675.0,675.0,102.73928571428571,8.0,214.38,174.0,7.173626746175775,103.43439859128895,741.9997682090764
CUST006299,24.0,768.0,835.0,164.6029166666667,3.0,0.0,174.0,4.995268678047389,165.81264459436503,828.2787099664354
CUST006300,16.0,268.0,641.0,123.386875,0.0,0.0,174.0,0.0011918690453593455,124.80827642862647,0.14875512127993235
CUST006301,6.0,743.0,775.0,143.14166666666668,3.0,0.0,174.0,1.5805914451551917,147.5126354474883,233.15720964059648
CUST006302,9.0,480.0,826.0,162.5288888888889,0.0,0.0,174.0,0.9775036298258911,165.75382736668203,162.0249679084658
CUST006303,5.0,282.0,461.0,43.08,0.0,0.0,174.0,1.9257816678768658,45.185271212195175,87.01696695848976
CUST006304,13.0,655.0,697.0,85.13384615384615,3.0,617.73,174.0,3.393129990370746,86.4303332028725,293.26935566840314
CUST006306,39.0,612.0,622.0,127.14923076923078,10.0,0.0,174.0,10.635925211530232,127.74391846967964,1358.6747630713282
CUST006308,23.0,793.0,819.0,65.59782608695652,6.0,0.0,174.0,4.942527775325237,66.19564557678974,327.17381686886847
CUST006309,11.0,312.0,588.0,151.2281818181818,0.0,0.0,174.0,0.46279372731540624,153.69862646811188,71.13076022643585
CUST006311,16.0,530.0,538.0,57.358125,7.0,0.0,174.0,5.251953926102966,58.14024738657111,305.3499005264999
CUST006312,30.0,538.0,564.0,43.306000000000004,9.0,691.965,174.0,9.028877580987501,43.64902196031916,394.1016758095568
CUST006313,11.0,487.0,639.0,211.47636363636363,0.0,0.0,174.0,2.8960085778043094,214.79901334642452,622.0597851551478
CUST006314,30.0,624.0,629.0,99.95333333333333,9.0,464.37,174.0,8.185918884396512,100.58754618476092,823.4014938489408
CUST006315,15.0,874.0,884.0,87.81333333333332,4.0,0.0,174.0,3.094194693810324,88.96285876134688,275.26840552555683
CUST006316,9.0,412.0,541.0,192.24777777777777,4.0,85.26,174.0,2.9223580135726985,195.9881230992573,572.7474621041871
CUST006317,35.0,661.0,697.0,51.32142857142857,3.0,0.0,174.0,8.552270309642813,51.65052227634446,441.7292281415254
CUST006319,16.0,758.0,758.0,94.38125,5.0,0.0,174.0,3.804380751072274,95.52182393811336,363.4013882974732
CUST006320,10.0,618.0,662.0,31.756,3.0,0.0,174.0,2.81998738364145,32.61578980218506,91.97611574966334
CUST006321,21.0,447.0,734.0,66.17809523809524,0.0,0.0,174.0,0.059471317811906746,66.83753952846443,3.974916555063188
CUST006323,4.0,584.0,712.0,30.2275,2.0,0.0,174.0,1.228046770036168,32.36744916213042,39.74874139786413
CUST006324,40.0,701.0,710.0,181.467,8.0,3867.46,174.0,9.620064977682096,182.25590646392726,1753.3136627493307
CUST006326,5.0,513.0,857.0,83.6,0.0,0.0,174.0,1.031059997757208,86.98797751317453,89.68982389963779
CUST006327,12.0,770.0,817.0,49.654999999999994,4.0,124.14,174.0,2.715882642437002,50.60144383623238,137.42758299707432
CUST006328,32.0,712.0,761.0,214.83687500000002,7.0,0.0,174.0,7.19188701531704,215.98472070564532,1553.337708349808
CUST006329,47.0,669.0,673.0,99.49297872340426,9.0,0.0,174.0,11.836493896277425,99.89553648427393,1182.4129078614671
CUST006331,11.0,652.0,735.0,235.91272727272727,5.0,0.0,174.0,2.754854948958724,239.5810271271353,660.0109782578029
CUST006332,23.0,814.0,821.0,55.85391304347826,6.0,0.0,174.0,4.940434344528351,56.38629828644288,278.5728046151625
CUST006333,32.0,603.0,605.0,48.280625,13.0,604.86,174.0,9.03430397233414,48.62607052142838,439.30270207074045
CUST006334,110.0,570.0,587.0,109.84018181818182,0.0,0.0,174.0,30.70865769051143,110.02631379513828,3378.760407283697
CUST006335,21.0,832.0,867.0,78.00666666666666,6.0,0.0,174.0,4.293180596014639,78.75316529028284,338.1015610989758
CUST006336,3.0,382.0,775.0,133.4,3.0,0.0,174.0,0.7381073883246053,141.8524694366861,104.70235574330827
CUST006337,33.0,649.0,669.0,53.79484848484849,0.0,0.0,174.0,8.443084581893999,54.155533579160675,457.2397505864542
CUST006338,8.0,84.0,673.0,58.60375,0.0,0.0,174.0,1.744273925510463e-05,60.20764324828134,0.0010501862223441323
CUST006339,12.0,561.0,729.0,71.66833333333334,0.0,0.0,174.0,2.741728478697765,72.89986966964314,199.87164876661603
CUST006340,2.0,115.0,733.0,549.27,0.0,0.0,174.0,0.10570236586009044,596.8526396228895,63.08873607797937
CUST006341,36.0,562.0,576.0,220.38416666666666,13.0,163.51,174.0,10.575369057608842,221.42767057840686,2341.679335933288
CUST006342,31.0,592.0,601.0,498.4032258064516,1.0,0.0,174.0,8.812134759581387,500.99867731514917,4414.8678588731245
CUST006343,11.0,523.0,602.0,317.0854545454545,0.0,0.0,174.0,3.311720279113437,321.901935255099,1066.049166870172
CUST006344,32.0,725.0,731.0,84.6203125,13.0,517.62,174.0,7.552545172498292,85.1408278368474,643.02994826169
CUST006345,61.0,714.0,808.0,161.89409836065576,0.0,0.0,174.0,5.59907688003415,162.36137645034836,909.0738290936665
CUST006346,49.0,611.0,753.0,60.65632653061224,0.0,0.0,174.0,0.4690952527142159,60.920418422178905,28.57747907520779
CUST006347,17.0,419.0,433.0,142.74,0.0,0.0,174.0,6.782207382511316,144.2532793988846,978.3556564905825
CUST006348,18.0,718.0,792.0,101.23555555555555,2.0,119.28,174.0,4.011826942823871,102.3072348204412,410.43892109845444
CUST006349,57.0,724.0,725.0,107.96526315789473,11.0,247.5,174.0,13.311776111785631,108.31987208129202,1441.9298856034184
CUST006350,11.0,649.0,773.0,213.52454545454546,2.0,0.0,174.0,2.5834088555052515,216.87616651041046,560.2798091110258
CUST006351,6.0,177.0,743.0,3149.035,0.0,0.0,174.0,0.012551361353200194,3232.285584663435,40.56958436985073
CUST006353,46.0,726.0,736.0,108.09260869565217,6.0,0.0,174.0,10.642738388636586,108.53272533469627,1155.0854023429224
CUST006354,22.0,647.0,658.0,101.84500000000001,4.0,0.0,174.0,5.843879843291438,102.72474009217144,600.3110380319926
CUST006355,33.0,392.0,586.0,113.97363636363637,0.0,0.0,174.0,0.015916481882868583,114.61541195463718,1.824274127873502
CUST006356,49.0,824.0,829.0,77.32714285714286,7.0,0.0,174.0,10.108554953292062,77.64359666986209,784.8645637085455
CUST006357,3.0,115.0,879.0,242.37,0.0,0.0,174.0,0.01678339681023651,256.69569899586605,4.3082257757286495
CUST006358,77.0,752.0,755.0,105.42792207792209,22.0,1848.7975000000001,174.0,17.190897699337704,105.6851751080588,1816.8230336192305
CUST006359,87.0,812.0,812.0,211.21735632183908,16.0,679.41,174.0,18.08783314622562,211.63187623551536,3827.962065770673
CUST006360,61.0,812.0,828.0,184.82508196721312,10.0,0.0,174.0,12.51101158903599,185.3501802279315,2318.91825286156
CUST006361,6.0,404.0,722.0,167.87833333333333,0.0,0.0,174.0,1.1693690354579234,172.8984331871858,202.18207404828564
CUST006362,11.0,660.0,688.0,527.0554545454545,3.0,85.26,174.0,2.964905152358286,534.8419418358066,1585.7556290462935
CUST006363,35.0,789.0,798.0,313.06885714285715,4.0,572.735,174.0,7.569643986677028,314.55038241077494,2381.0344107226824
CUST006364,11.0,637.0,736.0,12.82181818181818,2.0,0.0,174.0,2.73486666768658,13.334517388057161,36.46812713428465
CUST006365,90.0,637.0,640.0,198.69833333333332,28.0,1700.99,174.0,23.437252803982478,199.07763458436617,4665.832849372635
CUST006366,21.0,780.0,799.0,218.0457142857143,8.0,0.0,174.0,4.649795643973193,219.82285350634902,1022.131346679579
CUST006368,25.0,646.0,672.0,63.8988,5.0,2567.0,174.0,6.44802624804184,64.4380073869972,415.4979630028719
CUST006369,9.0,338.0,662.0,118.47333333333333,0.0,0.0,174.0,0.5515772407863097,120.93422794257427,66.70456776518775
CUST006370,26.0,609.0,637.0,124.84538461538462,8.0,491.59499999999997,174.0,7.032988098610592,125.72550568027634,884.2259851411819
CUST006371,8.0,463.0,480.0,259.35125,4.0,0.0,174.0,3.151363202889518,264.8803522342219,834.7341951993412
CUST006372,45.0,635.0,646.0,37.73777777777777,6.0,581.42,174.0,11.784718569650147,37.94701856851717,447.1949343872633
CUST006373,67.0,777.0,784.0,151.42432835820895,17.0,0.0,174.0,14.464543671425869,151.8256347698563,2196.0885245705404
CUST006374,34.0,671.0,718.0,47.95441176470588,12.0,548.85,174.0,8.044348684108744,48.27796615230864,388.36479348877054
CUST006376,32.0,821.0,836.0,186.21875,4.0,1018.07,174.0,6.6407496400018795,187.22872523382605,1243.3390896945411
CUST006377,28.0,730.0,774.0,155.2592857142857,2.0,0.0,174.0,6.25403487865885,156.24376342217013,977.1539460151739
CUST006378,19.0,893.0,906.0,131.99263157894737,4.0,0.0,174.0,3.757872070254031,133.2578308367104,500.7658806439104
CUST006379,37.0,616.0,626.0,93.4954054054054,12.0,36.13,174.0,10.048973135789263,93.98224255486596,944.4250306750785
CUST006380,16.0,405.0,608.0,242.733125,0.0,0.0,174.0,1.4288230241127937,245.31001636858295,350.50459943291764
CUST006381,58.0,577.0,603.0,83.03448275862068,0.0,0.0,174.0,15.970559197775424,83.31683874790508,1330.6165053949273
CUST006382,6.0,48.0,752.0,172.72833333333332,0.0,0.0,174.0,1.01301028155438e-05,177.87570521403657,0.0018018991822055508
CUST006383,14.0,879.0,892.0,81.41857142857144,0.0,0.0,174.0,2.8800976700587633,82.58025990195213,237.83921413645945
CUST006384,10.0,129.0,631.0,78.6,0.0,0.0,174.0,6.341507335120948e-05,80.18968677305713,0.005085234868723931
CUST006385,7.0,515.0,577.0,129.06857142857143,3.0,0.0,174.0,2.354344552604556,132.48576172772604,311.917131421337
CUST006386,28.0,607.0,649.0,239.2710714285714,7.0,0.0,174.0,7.375110787305024,240.71842149299124,1775.3250270559972
CUST006387,31.0,725.0,733.0,253.0316129032258,1.0,0.0,174.0,7.306239590114777,254.4066419703455,1858.755879551894
CUST006388,5.0,314.0,405.0,41.839999999999996,3.0,0.0,174.0,2.435130187614246,43.90601761364595,106.91686890891205
CUST006389,19.0,598.0,603.0,11.15157894736842,11.0,0.0,174.0,5.535068214892845,11.433050575714285,63.28271484089848
CUST006390,1.0,158.0,270.0,622.71,0.0,0.0,174.0,1.2379397120745002,739.8080458756777,915.8377593017351
CUST006392,30.0,820.0,868.0,98.28999999999999,5.0,0.0,174.0,5.985803868788563,98.91566262519373,592.0897560256689
CUST006394,24.0,755.0,776.0,119.35458333333334,8.0,913.8,174.0,5.419083263603488,120.27319304056576,651.7704474662814
CUST006395,2.0,74.0,451.0,2171.08,3.0,0.0,174.0,0.24797219242546847,2353.4116492613207,583.5806463469673
CUST006396,10.0,565.0,672.0,779.3299999999999,0.0,0.0,174.0,2.722829846882393,791.8380691571231,2156.040328598739
CUST006397,22.0,646.0,651.0,55.78181818181818,6.0,0.0,174.0,5.906695010505442,56.33806639392168,332.7717756705015
CUST006398,31.0,668.0,707.0,187.50483870967741,5.0,0.0,174.0,7.509790076979077,188.5539525464092,1416.0006018082076
CUST006399,14.0,561.0,624.0,133.2307142857143,6.0,176.105,174.0,3.997346815670506,134.9664954120717,539.5078906576529
CUST006400,42.0,622.0,809.0,158.13380952380953,0.0,0.0,174.0,0.14076470528942614,158.79946383759642,22.353359727218145
CUST006401,35.0,620.0,628.0,116.87457142857143,10.0,2785.8350000000005,174.0,9.499810716712645,117.49228501141643,1116.1544682825102
CUST006402,25.0,751.0,758.0,253.3488,3.0,1508.25,174.0,5.767678252682969,255.05783236834984,1471.0915129273897
CUST006403,26.0,621.0,652.0,180.51923076923077,5.0,0.0,174.0,6.875893422976013,181.72982868023544,1249.5549337809884
CUST006404,8.0,571.0,661.0,15.8325,2.0,0.0,174.0,2.3042333096432377,16.60008846321598,38.25047677996668
CUST006405,6.0,183.0,819.0,838.8266666666667,0.0,0.0,174.0,0.007042800162251555,861.4535612206238,6.06704528073679
CUST006406,65.0,644.0,682.0,95.83615384615385,15.0,190.97,174.0,15.613613161851434,96.11831845362785,1500.7542421025914
CUST006407,43.0,611.0,617.0,182.57720930232557,10.0,1767.1100000000001,174.0,11.783608300656024,183.31485410149946,2160.110436423977
CUST006408,33.0,390.0,853.0,104.30333333333333,0.0,0.0,174.0,4.1681623655772826e-08,104.89993968152066,4.372399807318415e-06
CUST006410,45.0,541.0,556.0,103.06577777777778,16.0,501.5,174.0,13.552321449936832,103.49851104298416,1402.6450912443584
CUST006411,22.0,674.0,691.0,22.43136363636364,5.0,0.0,174.0,5.5759682993064,22.753398734735367,126.87223004636274
CUST006412,90.0,782.0,786.0,177.17744444444443,17.0,88.21666666666665,174.0,19.28549202100948,177.5199961893509,3423.5604700793597
CUST006413,29.0,701.0,705.0,197.73379310344828,7.0,519.42,174.0,7.1160299785015155,198.91004830563517,1415.4498667680846
CUST006414,29.0,526.0,624.0,304.2168965517242,0.0,0.0,174.0,6.52300325804507,305.95949439287057,1995.774778754517
CUST006415,15.0,183.0,856.0,148.88133333333334,0.0,0.0,174.0,8.246474835151133e-08,150.66193266270344,1.2424298363182185e-05
CUST006416,27.0,773.0,829.0,96.84185185185186,0.0,0.0,174.0,5.641398723936624,97.52915389889134,550.2008443518242
CUST006417,23.0,574.0,593.0,359.70913043478265,3.0,0.0,174.0,6.711718886178998,362.28202416939547,2431.5351037408877
CUST006418,29.0,329.0,603.0,169.52448275862068,0.0,0.0,174.0,0.00018205858469755984,170.5507034976246,0.031050219697950705
CUST006419,21.0,561.0,578.0,89.81714285714285,7.0,0.0,174.0,6.313906630572434,90.65056263910009,572.3591885121358
CUST006420,7.0,456.0,510.0,251.95714285714283,2.0,123.64,174.0,2.642790968033182,258.12812358004817,682.1786735927043
CUST006421,100.0,700.0,725.0,172.5268,23.0,257.20799999999997,174.0,22.791375831310692,172.82789777309395,3938.9855722819284
CUST006422,14.0,594.0,692.0,208.90714285714284,2.0,176.07,174.0,3.5689115082518748,211.48143942120683,754.7585429320168
CUST006423,21.0,808.0,817.0,60.30952380952381,9.0,0.0,174.0,4.556238537740099,60.925777375137116,277.59237481837357
CUST006424,42.0,545.0,550.0,32.84761904761905,15.0,366.6975,174.0,12.830837956061943,33.05393141400269,424.10963778385394
CUST006425,18.0,730.0,765.0,293.9505555555556,5.0,0.0,174.0,4.188826414676177,296.67897133090617,1242.736711789856
CUST006426,10.0,680.0,692.0,122.52799999999999,2.0,0.0,174.0,2.7157879881128544,124.80214826516858,338.93617514922437
CUST006429,16.0,820.0,890.0,133.809375,7.0,0.0,174.0,3.234854300365183,135.3316852875072,437.77828412796026
CUST006430,40.0,668.0,675.0,40.491,5.0,752.7,174.0,10.093866067840217,40.73709750482555,411.194806206257
CUST006431,16.0,673.0,681.0,197.48375,3.0,224.64,174.0,4.208778197421545,199.6225446742853,840.1670137389402
CUST006432,9.0,507.0,670.0,446.6633333333333,1.0,0.0,174.0,2.3731714424117443,454.8159404645953,1079.3562014642177
CUST006433,69.0,702.0,715.0,191.8255072463768,18.0,750.5575,174.0,16.23251843299008,192.30518924722458,3121.597529215219
CUST006434,35.0,871.0,889.0,98.878,10.0,0.0,174.0,6.821605258714499,99.416477591671,678.179966342215
CUST006435,53.0,659.0,661.0,97.98283018867924,11.0,222.28,174.0,13.533917586813956,98.33529881347644,1330.8618300163143
CUST006438,25.0,716.0,756.0,90.0544,8.0,0.0,174.0,5.752317530329268,90.75511424517755,522.0522346395703
CUST006439,23.0,604.0,766.0,63.68869565217392,0.0,0.0,174.0,3.453785951113373,64.27369457273313,221.98758334145754
CUST006440,7.0,383.0,600.0,339.8857142857143,5.0,0.0,174.0,1.8696586607073211,348.02707236071393,650.6918299998223
CUST006441,88.0,887.0,905.0,147.35829545454547,15.0,181.58333333333334,174.0,16.44684440875142,147.65656699107151,2428.484583232534
CUST006442,9.0,586.0,664.0,50.824444444444445,1.0,107.19,174.0,2.546109176727708,52.11212223419149,132.68315263923097
CUST006444,48.0,655.0,867.0,280.24625,0.0,0.0,174.0,0.01627941604982859,281.2199939241831,4.5780972826220445
CUST006445,16.0,659.0,682.0,64.554375,6.0,303.85,174.0,4.195998989331422,65.40617024583908,274.44422424757965
CUST006446,15.0,794.0,865.0,50.97,3.0,673.81,174.0,3.132462836131063,51.73878811705452,162.06983096313274
CUST006447,4.0,667.0,691.0,161.5675,2.0,0.0,174.0,1.286320187310568,168.9460524276173,217.31871780407374
CUST006448,44.0,386.0,730.0,258.1415909090909,0.0,0.0,174.0,1.4628486443373521e-08,259.1268202028634,3.7906331764520757e-06
CUST006449,6.0,501.0,727.0,108.94,0.0,0.0,174.0,1.5308823800153586,112.41346044301902,172.09178586877132
CUST006450,26.0,721.0,723.0,39.565000000000005,6.0,6321.68,174.0,6.263506253154611,39.938901457482,250.15755902306427
CUST006451,42.0,817.0,821.0,125.50523809523808,9.0,814.935,174.0,8.786778199289365,126.05126492666622,1107.584506650479
CUST006452,11.0,357.0,693.0,186.62181818181818,0.0,0.0,174.0,0.27261705959330446,189.5929026036927,51.68625962757846
CUST006453,29.0,886.0,891.0,38.44793103448276,5.0,0.0,174.0,5.691983831142481,38.77700604984407,220.7180914558266
CUST006455,12.0,710.0,771.0,18.53,1.0,0.0,174.0,2.861802091438303,19.073347043459364,54.58414445970058
CUST006456,31.0,868.0,870.0,210.4206451612903,10.0,691.61,174.0,6.207613970404158,211.58373699298858,1313.430161667995
CUST006457,16.0,833.0,856.0,47.4325,9.0,1086.47,174.0,3.381722353552364,48.11852418629016,162.7234888607275
CUST006459,63.0,771.0,776.0,110.644126984127,9.0,1227.6433333333334,174.0,13.755460275919223,110.9714209433042,1526.4629725479313
CUST006460,50.0,748.0,749.0,129.8548,8.0,0.0,174.0,11.359543347010066,130.32658124689462,1480.4504489417286
CUST006461,8.0,835.0,857.0,73.92750000000001,1.0,0.0,174.0,1.8259774868501346,75.83101800673816,138.46573168523105
CUST006462,177.0,916.0,917.0,278.01350282485873,29.0,256.6766666666667,174.0,32.485857071013456,278.2750162632469,9040.002404761784
CUST006463,30.0,684.0,696.0,359.94966666666664,8.0,0.0,174.0,7.434089627404659,361.9203689789972,2690.5484609732302
CUST006464,18.0,586.0,697.0,315.82055555555553,0.0,0.0,174.0,4.320106136803502,318.7369838233632,1376.9775998415498
CUST006465,35.0,496.0,722.0,134.65942857142858,0.0,0.0,174.0,0.014374700918040053,135.35544600171448,1.945694053902566
CUST006468,17.0,480.0,503.0,78.45705882352941,5.0,35.66,174.0,5.896910055325179,79.38490559506381,468.1256480445719
CUST006470,30.0,754.0,766.0,91.94233333333334,6.0,37.49,174.0,6.788000322171089,92.535366307591,628.1300963081475
CUST006471,30.0,596.0,671.0,131.806,5.0,4157.6725,174.0,7.3108711464348985,132.60394882706953,969.4503833831525
CUST006472,20.0,772.0,775.0,85.393,1.0,555.0,174.0,4.579618904864365,86.23421209927739,394.919827975934
CUST006473,20.0,748.0,867.0,169.9835,6.0,0.0,174.0,3.926879858712806,171.47863843840778,673.3760114832792
CUST006474,2.0,518.0,525.0,114.175,2.0,0.0,174.0,1.0465569201531237,125.60752317975923,131.45542260707091
CUST006475,33.0,653.0,660.0,123.20151515151515,6.0,382.53,174.0,8.568016543470554,123.8863934556695,1061.4606686390784
CUST006476,69.0,859.0,871.0,111.04536231884057,19.0,689.0666666666666,174.0,13.456145407737038,111.34502665869151,1498.2748691477098
CUST006477,7.0,527.0,653.0,415.56,4.0,0.0,174.0,2.053580352136595,425.3971310903553,873.5871902624292
CUST006478,26.0,746.0,754.0,361.34653846153844,6.0,395.34,174.0,6.015704252928897,363.630517187156,2187.4936487375085
CUST006480,14.0,561.0,562.0,160.47714285714287,8.0,0.0,174.0,4.4661286209072095,162.514821832154,725.8120971062189
CUST006481,19.0,603.0,627.0,115.63052631578948,4.0,422.55499999999995,174.0,5.322533617636515,116.7625270067387,621.4724752735582
CUST006482,7.0,264.0,642.0,213.06285714285715,0.0,0.0,174.0,0.27348976418996496,218.3622620121781,59.71984354569793
CUST006484,24.0,833.0,857.0,327.73875,4.0,71.31,174.0,4.928391644681731,329.9980594259684,1626.3596788361278
CUST006486,7.0,561.0,638.0,101.17428571428572,3.0,0.0,174.0,2.137442118612917,103.96639740780273,222.22215673988634
CUST006487,19.0,556.0,652.0,84.8121052631579,6.0,0.0,174.0,4.886420223325013,85.69322323152015,418.7330990004049
CUST006488,22.0,539.0,581.0,374.97409090909093,4.0,0.0,174.0,6.516180576381885,377.7719582263459,2461.630296496264
CUST006489,6.0,810.0,819.0,160.84,1.0,0.0,174.0,1.5026592272342514,165.67540233859782,248.9536720498411
CUST006490,85.0,717.0,735.0,138.67376470588235,20.0,113.75,174.0,19.364059546234923,138.96687870487503,2690.962914195606
CUST006493,8.0,424.0,491.0,430.70875,3.0,0.0,174.0,3.045302395298113,439.58839955764216,1338.6796061181515
CUST006495,49.0,821.0,848.0,91.88102040816327,13.0,327.325,174.0,9.85808875257668,92.24318697866617,909.3415240562167
CUST006496,13.0,586.0,616.0,59.10769230769232,5.0,0.0,174.0,3.81826865865314,60.09335472326705,229.45257293317619
CUST006497,40.0,536.0,803.0,343.27725,0.0,0.0,174.0,0.0008598543125185634,344.68918487567447,0.2963824820938571
CUST006498,33.0,747.0,797.0,110.0160606060606,0.0,0.0,174.0,7.08942947269897,110.63935066462396,784.3698734420615
CUST006499,31.0,809.0,817.0,200.79935483870966,5.0,0.0,174.0,6.589276424791489,201.91459256663578,1330.471064620712
CUST006500,2.0,73.0,606.0,233.17,0.0,0.0,174.0,0.07980662681074749,254.48929068145492,20.30993184874671
CUST006501,10.0,719.0,791.0,45.018,7.0,0.0,174.0,2.373257374728371,46.08443085819449,109.37021539436978
CUST006502,32.0,560.0,611.0,200.7646875,3.0,0.0,174.0,8.75719826371158,201.8447391370208,1767.5943991100353
CUST006503,16.0,710.0,718.0,870.901875,3.0,0.0,174.0,4.003067151697134,879.5605885558743,3520.9400999754184
CUST006504,93.0,761.0,766.0,165.5464516129032,25.0,0.0,174.0,20.4112229266926,165.85871546919407,3385.3792157765984
CUST006505,2.0,244.0,329.0,1536.47,2.0,0.0,174.0,1.5550246171947941,1666.0747151527353,2590.787196148308
CUST006506,73.0,821.0,888.0,99.67,0.0,0.0,174.0,11.818719851554773,99.92925188365395,1181.0358329883582
CUST006507,16.0,609.0,819.0,103.69687499999999,3.0,526.29,174.0,2.4987980990153695,104.92764122293092,262.19299042202647
CUST006508,16.0,677.0,687.0,33.75375,2.0,0.0,174.0,4.173230387125127,34.30733887293779,143.1724290859431
CUST006509,30.0,517.0,533.0,516.086,11.0,233.95749999999998,174.0,9.543149124553052,518.859308107915,4951.551751936251
CUST006510,5.0,124.0,667.0,265.288,0.0,0.0,174.0,0.011188853851102232,274.42751607221544,3.0705293700530274
CUST006511,32.0,558.0,570.0,112.8396875,9.0,3040.92,174.0,9.541902352896008,113.49615229355338,1082.9692026145005
CUST006512,3.0,426.0,453.0,313.40333333333336,0.0,0.0,174.0,1.5509459412785556,331.55756378758633,514.2278578565628
CUST006513,12.0,744.0,758.0,404.06,2.0,0.0,174.0,2.9272011064862777,409.59630789543627,1198.9707656842152
CUST006516,8.0,425.0,637.0,73.565,2.0,0.0,174.0,2.005928828447102,75.46143005666453,151.370257986508
CUST006517,37.0,846.0,846.0,47.23432432432433,16.0,260.788,174.0,7.557080090010335,47.528536996853205,359.17696064623897
CUST006518,27.0,510.0,558.0,229.03074074074073,17.0,402.27,174.0,8.142309537449293,230.47348087880104,1876.586421488599
CUST006520,7.0,449.0,534.0,6.2542857142857144,1.0,0.0,174.0,2.506683517320196,6.919350246428968,17.344621213288928
CUST006521,48.0,844.0,844.0,425.153125,9.0,91.71,174.0,9.742925192296196,426.591524292036,4156.249308844913
CUST006522,20.0,663.0,688.0,202.831,9.0,0.0,174.0,5.115161581918619,204.58006583480082,1046.4600931845548
CUST006523,23.0,352.0,584.0,63.91173913043478,0.0,0.0,174.0,0.03261339678259156,64.49823587655482,2.103506558419264
CUST006524,48.0,662.0,666.0,85.52833333333332,9.0,237.815,174.0,12.200977840630069,85.87769884071393,1047.7919005598533
CUST006527,10.0,411.0,537.0,25.371,5.0,2578.5633333333335,174.0,3.2010092665133856,26.13130230839678,83.64654083524071
CUST006528,8.0,473.0,537.0,95.615,2.0,0.0,174.0,2.811018616708123,97.94257295079765,275.31839593298565
CUST006529,21.0,475.0,579.0,112.19190476190477,4.0,0.0,174.0,5.507402627883511,113.18999531504865,623.3828776482212
CUST006530,22.0,745.0,801.0,290.1627272727273,5.0,3010.59,174.0,4.810017251500714,292.36498251129115,1406.2806096140148
CUST006531,36.0,802.0,831.0,106.24194444444444,10.0,62.12,174.0,7.461357747252135,106.79691808866397,796.8500121635046
CUST006532,20.0,502.0,556.0,266.426,1.0,0.0,174.0,6.166538609362068,268.66668659052397,1656.7434959098443
CUST006533,22.0,559.0,574.0,126.1340909090909,7.0,132.8,174.0,6.640552708904098,127.18440809501014,844.5747657056838
CUST006534,30.0,767.0,820.0,66.77466666666666,3.0,0.0,174.0,6.3011318015974105,67.23832735007593,423.6775627517804
CUST006535,15.0,658.0,706.0,299.1273333333333,0.0,0.0,174.0,3.811769021893794,302.4605679116588,1152.9098231100652
CUST006536,9.0,860.0,877.0,84.66888888888889,2.0,0.0,174.0,1.9768314730626992,86.54352194310252,171.08195796681738
CUST006538,17.0,833.0,884.0,270.54411764705884,4.0,252.26,174.0,3.45513764314168,273.22132481606354,944.0172842810213
CUST006539,39.0,747.0,823.0,166.49820512820514,5.0,0.0,174.0,7.7594710882032,167.24830087581768,1297.7583551970172
CUST006540,11.0,688.0,723.0,71.00181818181818,2.0,0.0,174.0,2.8266105423764287,72.33746820420029,204.46985023481224
CUST006541,16.0,574.0,663.0,13.075,1.0,0.0,174.0,4.195454246499109,13.428380759185798,56.33815707973298
CUST006542,37.0,857.0,888.0,30.824594594594593,12.0,2413.9933333333333,174.0,7.188810142406043,31.050479516627554,223.21600207570324
CUST006543,33.0,556.0,570.0,450.72242424242427,6.0,36.13,174.0,9.82376531229806,452.9371275606302,4449.54804238204
CUST006545,40.0,687.0,697.0,127.15725,10.0,0.0,174.0,9.788781298680659,127.73704414079016,1250.3899888341125
CUST006546,75.0,843.0,849.0,192.13466666666667,12.0,760.44,174.0,14.974516423986552,192.57652917427507,2883.7403989945074
CUST006547,10.0,566.0,612.0,158.268,0.0,0.0,174.0,3.0336000960730205,161.09902892734448,488.7100296312625
CUST006548,7.0,507.0,698.0,61.61285714285714,0.0,0.0,174.0,1.8398462735625438,63.51844308476492,116.86417081199926
CUST006549,41.0,400.0,603.0,205.7836585365854,0.0,0.0,174.0,0.0008260295128666342,206.64458691309355,0.17069452746434952
CUST006550,17.0,460.0,536.0,179.12529411764706,3.0,0.0,174.0,5.379504937239148,180.96993885144573,973.5286795432191
CUST006551,10.0,678.0,744.0,200.976,1.0,2534.46,174.0,2.516795950684091,204.47248106277283,514.6155123651162
CUST006552,10.0,718.0,741.0,22.541999999999998,2.0,0.0,174.0,2.5426593213223616,23.258222414907816,59.137736020654046
CUST006553,18.0,584.0,667.0,90.82166666666666,8.0,0.0,174.0,4.656381922138853,91.80381958467662,427.473645897385
CUST006556,31.0,689.0,755.0,127.0290322580645,11.0,554.86,174.0,6.934527616804049,127.77735322600108,886.0755847478305
CUST006557,62.0,618.0,626.0,324.65500000000003,19.0,1497.9424999999999,174.0,16.590688577643213,325.5184863377722,5400.575833095785
CUST006558,14.0,460.0,480.0,237.2364285714286,3.0,90.73,174.0,5.158170324601833,240.12462133618615,1238.6036959825674
CUST006559,40.0,615.0,629.0,189.71175,14.0,130.36,174.0,10.777724046526979,190.53240175508,2053.505648038265
CUST006560,31.0,278.0,687.0,176.68193548387094,0.0,0.0,174.0,7.90955401977234e-09,177.67721866829737,1.4053475591398004e-06
CUST006561,73.0,713.0,724.0,81.92616438356164,18.0,729.6316666666667,174.0,16.95888347073488,82.14804557050894,1393.1391321788797
CUST006564,23.0,592.0,604.0,22.84173913043478,3.0,0.0,174.0,6.60412889548961,23.152434511445893,152.9016617579707
CUST006565,54.0,637.0,647.0,174.77888888888887,15.0,673.83,174.0,14.050307954980767,175.34362499680222,2463.631929147735
CUST006566,13.0,458.0,520.0,268.90538461538466,0.0,0.0,174.0,4.416705936859187,272.3966147454978,1203.0957455267849
CUST006567,101.0,721.0,723.0,94.26990099009902,22.0,0.0,174.0,23.39753271814044,94.44895623299291,2209.872543655666
CUST006568,52.0,804.0,813.0,109.2201923076923,14.0,1642.65,174.0,10.907145764563056,109.61271271541331,1195.5618352361873
CUST006569,8.0,167.0,820.0,677.895,0.0,0.0,174.0,0.00036861776161627256,691.6078738304274,0.2549389463675616
CUST006570,47.0,672.0,688.0,203.52787234042552,10.0,418.28,174.0,11.572384539074505,204.27114726007764,2363.904266331534
CUST006571,19.0,597.0,751.0,53.11052631578948,0.0,0.0,174.0,3.6932010679852048,53.73357206094994,198.44888572216027
CUST006572,3.0,435.0,539.0,212.13333333333333,0.0,0.0,174.0,1.297920949872825,224.82934631985978,291.8107187347587
CUST006573,11.0,654.0,694.0,19.404545454545453,3.0,0.0,174.0,2.93573652357245,20.01035674021961,58.745135131976866
CUST006574,78.0,787.0,803.0,217.09871794871796,16.0,578.502,174.0,16.38333267573601,217.57275262214145,3564.5667873841576
CUST006575,11.0,587.0,610.0,61.98818181818182,2.0,0.0,174.0,3.3224124759734535,63.19633477281089,209.96429108498188
CUST006576,20.0,842.0,845.0,34.2325,0.0,0.0,174.0,4.216850522526616,34.678216169201534,146.23285397338842
CUST006577,15.0,866.0,876.0,257.9546666666667,0.0,0.0,174.0,3.1212402185404713,260.8624248026233,814.2142917999372
CUST006578,80.0,556.0,559.0,129.40325,21.0,367.64,174.0,23.703528958198454,129.69690568882427,3074.27435978378
CUST006579,55.0,406.0,550.0,131.6949090909091,0.0,0.0,174.0,0.0021850074466609757,132.12882854612,0.28870247429186346
CUST006581,35.0,866.0,882.0,159.78057142857142,0.0,0.0,174.0,6.874900549701557,160.5871931848874,1104.0209827018127
CUST006582,15.0,769.0,799.0,32.714666666666666,4.0,0.0,174.0,3.4013354208082265,33.29480500925288,113.246799606875
CUST006583,48.0,837.0,855.0,313.27020833333336,2.0,0.0,174.0,9.605958150862984,314.3498461946215,3019.6314672757494
CUST006584,38.0,681.0,696.0,108.96078947368422,11.0,504.52,174.0,9.322384583379224,109.49745732308482,1020.7774080679503
CUST006585,43.0,705.0,715.0,150.07046511627905,12.0,4116.41,174.0,10.24712114326804,150.69171066501997,1544.156214470756
CUST006586,20.0,589.0,589.0,423.8535,13.0,752.75,174.0,5.9384310990474685,427.3111789094422,2537.5579938064684
CUST006588,6.0,563.0,592.0,912.1966666666667,0.0,0.0,174.0,2.0380007061273906,936.7489114494989,1909.0949429981433
CUST006590,12.0,564.0,822.0,166.36916666666664,0.0,0.0,174.0,1.8160924872558306,168.8271641175017,306.605744398502
CUST006591,7.0,685.0,703.0,16.951428571428572,2.0,0.0,174.0,1.9706112968423262,17.8562036740427,35.18763667878599
CUST006593,9.0,704.0,718.0,315.3666666666667,1.0,0.0,174.0,2.392215476611325,321.2422303725766,768.4806352384184
CUST006594,7.0,599.0,708.0,51.99714285714286,3.0,0.0,174.0,1.9238480829343056,53.68725178918961,103.2861164326438
CUST006595,8.0,454.0,513.0,164.68,0.0,0.0,174.0,2.9356622097547675,168.35799852827176,494.2422139893962
CUST006596,12.0,574.0,607.0,122.4425,12.0,3031.608333333333,174.0,3.600960176944419,124.33160754077745,447.713167489822
CUST006597,13.0,534.0,547.0,250.79076923076926,4.0,374.235,174.0,4.2775993233004135,254.0656604919,1086.791097394024
CUST006598,23.0,609.0,656.0,46.10565217391304,8.0,201.42,174.0,6.058474036910743,46.5725739726297,282.1587302452821
CUST006599,30.0,725.0,805.0,147.97733333333332,0.0,0.0,174.0,6.25460937493313,148.85840955028428,931.0512039108435
CUST006600,15.0,805.0,874.0,278.722,1.0,0.0,174.0,3.1035470900907085,281.84436680281055,874.717264449321
CUST006602,11.0,346.0,669.0,490.08818181818174,0.0,0.0,174.0,0.29840326391461586,497.35177039314203,148.4113915990262
CUST006603,2.0,270.0,393.0,975.58,2.0,0.0,174.0,1.304950603877559,1058.5828493262209,1381.3983284826788
CUST006605,11.0,397.0,684.0,81.60181818181819,0.0,0.0,174.0,0.8545034213440262,83.08740424151753,70.99847119497089
CUST006606,37.0,663.0,681.0,270.3556756756757,6.0,1501.56,174.0,9.270112017949451,271.5789335108331,2517.567135360669
CUST006608,5.0,65.0,484.0,145.224,0.0,0.0,174.0,0.005279886817127743,150.5627547365593,0.7949543038839971
CUST006609,34.0,506.0,535.0,117.56323529411765,10.0,599.55,174.0,10.664156626792325,118.20232093629413,1260.528064115014
CUST006610,20.0,587.0,733.0,215.804,0.0,0.0,174.0,3.954997984507049,217.6533535313807,860.8185745378108
CUST006611,21.0,556.0,560.0,166.1,6.0,0.0,174.0,6.514578982670771,167.4948361209334,1091.1583390993178
CUST006612,86.0,873.0,880.0,175.1906976744186,14.0,531.8157142857143,174.0,16.550160321997836,175.5456598463802,2905.3088142884903
CUST006614,40.0,887.0,906.0,115.28425,12.0,332.12333333333333,174.0,7.61733191917952,115.81832876532616,882.2266525301466
CUST006615,125.0,742.0,743.0,200.99296,19.0,579.6,174.0,28.14336034679235,201.26874625077804,5664.378852282758
CUST006617,57.0,594.0,599.0,153.84684210526316,14.0,216.19666666666663,174.0,15.93669655026517,154.32528131471722,2459.4351783469556
CUST006618,8.0,602.0,654.0,636.0025,4.0,36.13,174.0,2.349503730417913,648.8962512139888,1524.584162881466
CUST006619,25.0,846.0,852.0,134.2168,4.0,0.0,174.0,5.159510176269505,135.19021035896213,697.5152660790801
CUST006620,40.0,887.0,896.0,140.19125,5.0,84.69,174.0,7.706640110563746,140.8212297892192,1085.2585379125107
CUST006622,6.0,470.0,680.0,55.72333333333333,6.0,375.91,174.0,1.635799236805762,57.800300368329516,94.54968722965722
CUST006623,4.0,486.0,551.0,467.655,2.0,0.0,174.0,1.578997524311591,487.24210258008196,769.3540737143237
CUST006624,6.0,207.0,715.0,219.90333333333334,0.0,0.0,174.0,0.04526122855508528,226.28865528964218,10.242102546487402
CUST006625,41.0,831.0,840.0,100.64,10.0,1528.5749999999998,174.0,8.395432785386536,101.10599825481867,848.8286125477385
CUST006627,43.0,650.0,656.0,105.12558139534885,12.0,697.1766666666667,174.0,11.122147536065881,105.58588954765379,1174.341841275762
CUST006628,17.0,609.0,644.0,191.5805882352941,4.0,2204.29,174.0,4.672911413620215,193.5386648598287,904.3890360003112
CUST006629,67.0,890.0,891.0,199.74059701492538,9.0,686.3333333333334,174.0,12.806002302527759,200.2527971722939,2564.4377816760198
CUST006631,21.0,750.0,758.0,167.73190476190476,7.0,375.91,174.0,4.89389267073365,169.13875115659167,827.7468946222866
CUST006632,11.0,543.0,553.0,104.78909090909092,4.0,261.935,174.0,3.647864191790704,106.60265883566964,388.8720219163202
CUST006633,39.0,659.0,694.0,86.37,8.0,2203.633333333333,174.0,9.525441055579604,86.80363088202033,826.842869376974
CUST006634,15.0,559.0,605.0,289.8586666666667,3.0,0.0,174.0,4.404422178504753,293.0961192702476,1290.9190481475528
CUST006635,30.0,499.0,555.0,138.06466666666665,6.0,418.94,174.0,8.893246468980657,138.89478764759718,1235.2255798068118
CUST006638,46.0,820.0,820.0,25.777173913043477,10.0,312.8933333333333,174.0,9.609985102625998,25.941825059954525,249.30055236109277
CUST006639,15.0,461.0,681.0,65.44733333333333,0.0,0.0,174.0,1.6852072981472874,66.36572954673792,111.84001177903183
CUST006640,11.0,509.0,601.0,216.9109090909091,4.0,0.0,174.0,3.291564683011382,220.31042995286384,725.1660305318995
CUST006641,34.0,570.0,579.0,145.7535294117647,9.0,0.0,174.0,9.97020895715481,146.52039941257192,1460.838998629125
CUST006642,6.0,296.0,649.0,14.296666666666667,0.0,0.0,174.0,0.678161850328011,15.286529406335095,10.36674106729376
CUST006643,18.0,631.0,654.0,3.8466666666666662,7.0,0.0,174.0,4.866147693519422,4.081111009850138,19.85928892757897
CUST006644,57.0,710.0,720.0,139.3984210526316,15.0,393.375,174.0,13.386960656379339,139.83786526337238,1872.004000552841
CUST006645,56.0,706.0,716.0,233.93446428571428,20.0,1891.92,174.0,13.227563592863966,234.6414902805974,3103.7352342109743
CUST006646,65.0,583.0,600.0,116.31923076923077,23.0,0.0,174.0,18.03130195738503,116.64985733715793,2103.34880093218
CUST006647,23.0,806.0,840.0,128.98478260869567,4.0,0.0,174.0,4.8192628986913055,130.00827069212022,626.5440354695512
CUST006648,62.0,897.0,906.0,93.32129032258065,8.0,206.535,174.0,11.674563890942045,93.6109032618015,1092.8664710186965
CUST006649,11.0,662.0,744.0,26.96090909090909,1.0,0.0,174.0,2.7248521150787655,27.673604453957253,75.40647962821856
CUST006650,12.0,573.0,834.0,19.91,0.0,0.0,174.0,1.799233946723798,20.47121928680159,36.83251267164036
CUST006651,1.0,133.0,201.0,65.35,0.0,0.0,174.0,1.6394805353400574,81.4384591823774,133.51676865759353
CUST006652,99.0,695.0,701.0,232.87858585858586,23.0,1326.6166666666668,174.0,23.611981850225998,233.27640423209178,5508.118222814134
CUST006653,6.0,422.0,582.0,501.115,3.0,0.0,174.0,1.9497231162595445,514.8797815007957,1003.8730120867648
CUST006654,25.0,880.0,908.0,63.65520000000001,4.0,0.0,174.0,4.84465684320254,64.19290319398873,310.9925877437957
CUST006655,14.0,476.0,529.0,52.26142857142857,2.0,0.0,174.0,4.6686542150904895,53.1000479615206,247.90576273706031
CUST006656,44.0,715.0,784.0,105.67045454545455,0.0,0.0,174.0,9.068651294979913,106.12217111189136,962.3849644799335
CUST006657,6.0,317.0,514.0,161.68333333333334,0.0,0.0,174.0,1.93105058427832,166.54086613433202,321.59883685491934
CUST006659,27.0,638.0,640.0,75.82703703703703,8.0,120.08,174.0,7.286131162253287,76.39424282091628,556.6184732342225
CUST006661,10.0,839.0,871.0,199.2,0.0,0.0,174.0,2.1782757272354663,202.66880842550296,441.4685460610078
CUST006664,31.0,885.0,892.0,126.21032258064515,4.0,250.75,174.0,6.058906871045207,126.95457147336637,769.2059254105793
CUST006665,5.0,336.0,548.0,291.198,1.0,0.0,174.0,1.6335871885772002,301.1577263451269,491.96740349843765
CUST006666,5.0,430.0,644.0,208.12399999999997,3.0,0.0,174.0,1.4876005493935545,215.45392517909633,320.5093774654215
CUST006667,6.0,361.0,819.0,21.080000000000002,0.0,0.0,174.0,0.4384054702866894,22.24786863289276,9.753587310879837
CUST006669,89.0,566.0,571.0,246.57089887640447,29.0,1046.8783333333333,174.0,25.797504450721235,247.03713756690678,6372.941655875711
CUST006670,108.0,697.0,698.0,164.52564814814815,26.0,2223.86,174.0,25.84740111654861,164.79302811847242,4259.471498988831
CUST006671,4.0,424.0,470.0,252.8475,0.0,0.0,174.0,1.8348718246283617,263.86682984556796,484.16181153763875
CUST006672,17.0,203.0,709.0,139.4264705882353,0.0,0.0,174.0,1.0625692761508804e-06,140.90957326847837,0.00014972618327061652
CUST006673,31.0,844.0,851.0,240.8241935483871,5.0,1470.38,174.0,6.338040810286835,242.13850569573714,1534.6837308414533
CUST006674,15.0,687.0,691.0,15.027999999999999,4.0,0.0,174.0,3.91402807966871,15.425365143278464,60.37531230993486
CUST006675,5.0,670.0,670.0,466.082,1.0,0.0,174.0,1.5736843230227324,481.5778766101929,757.8515547360364
CUST006676,27.0,806.0,851.0,618.4633333333334,6.0,0.0,174.0,5.524710935053837,622.1316176665395,3437.097351165063
CUST006677,9.0,583.0,618.0,81.38444444444445,3.0,0.0,174.0,2.7483960441669186,83.20211624580966,228.6723671562994
CUST006678,17.0,598.0,718.0,143.27529411764704,5.0,216.48,174.0,3.969007847761083,144.79344850569615,574.6863334234982
CUST006679,25.0,552.0,568.0,527.8996,10.0,1197.0875,174.0,7.563587079072386,531.3039418668474,4018.5636297643127
CUST006680,12.0,571.0,605.0,244.15916666666666,2.0,645.3199999999999,174.0,3.611429083464877,247.62461470416238,894.2787353243965
CUST006681,7.0,724.0,806.0,23.982857142857142,1.0,0.0,174.0,1.7170786159452043,25.04519840837961,43.00457461913349
CUST006682,18.0,522.0,539.0,92.97111111111111,5.0,0.0,174.0,5.837568694705954,93.9717424199486,548.5665017376634
CUST006683,28.0,560.0,572.0,41.52214285714285,5.0,211.09,174.0,8.372637201994976,41.879973019182536,350.64582011895357
CUST006684,12.0,572.0,590.0,104.73500000000001,3.0,0.0,174.0,3.7065018196923356,106.39477946180467,394.35244368094374
CUST006685,69.0,672.0,718.0,62.23797101449276,6.0,119.76,174.0,15.28776408045215,62.42886862175306,954.3978152989029
CUST006687,6.0,425.0,603.0,33.461666666666666,5.0,0.0,174.0,1.8573771803138963,34.95445072480846,64.92359912666576
CUST006688,17.0,605.0,626.0,180.90823529411765,4.0,0.0,174.0,4.810927282572781,182.76911749182585,879.288933753175
CUST006689,12.0,531.0,864.0,88.855,0.0,0.0,174.0,0.8529666353581752,90.30911915435935,77.03066550725443
CUST006690,24.0,793.0,817.0,114.20875000000001,0.0,0.0,174.0,5.158125167698463,115.09425250233765,593.6705604897496
CUST006691,63.0,552.0,564.0,150.78492063492064,15.0,1546.66,174.0,18.565656702815055,151.21020807073282,2807.3168130024596
CUST006692,12.0,583.0,594.0,55.4425,2.0,85.26,174.0,3.6861973402105526,56.463897175611464,208.13706758666112
CUST006693,135.0,589.0,589.0,189.04370370370373,35.0,232.45875,174.0,37.82818093788368,189.28544264410797,7160.32397324872
CUST006694,35.0,757.0,757.0,135.09714285714284,10.0,305.02,174.0,7.965185435313001,135.79508747258274,1081.633052923671
CUST006695,23.0,767.0,769.0,103.48956521739132,9.0,0.0,174.0,5.260349535454036,104.34184278802624,548.874564238412
CUST006697,145.0,752.0,753.0,129.46731034482758,29.0,673.9350000000001,174.0,32.18385674936504,129.6292556964461,4171.969395861234
CUST006698,14.0,661.0,791.0,246.01642857142855,2.0,0.0,174.0,3.094003459341927,249.00190612726362,770.4127589404874
CUST006700,13.0,771.0,897.0,96.10846153846153,2.0,0.0,174.0,2.61194936581529,97.53601600622211,254.75913515160184
CUST006701,16.0,575.0,622.0,146.44312499999998,6.0,0.0,174.0,4.551394321738665,148.08775308994277,674.005758532603
CUST006702,6.0,563.0,675.0,178.97000000000003,2.0,0.0,174.0,1.771014072953085,184.2811635441247,326.3645340168138
CUST006704,65.0,568.0,572.0,91.84738461538461,23.0,753.8575000000001,174.0,18.922560748411836,92.12011198950523,1743.1484152719142
CUST006705,25.0,866.0,866.0,39.2812,5.0,706.395,174.0,5.081584965037572,39.66839744526616,201.57833204499934
CUST006706,9.0,363.0,728.0,37.851111111111116,0.0,0.0,174.0,0.4058472357267312,38.913795806048185,15.793056459519121
CUST006707,17.0,846.0,855.0,85.65941176470588,0.0,0.0,174.0,3.584064489066042,86.65285124759244,310.5694070328181
CUST006708,53.0,800.0,805.0,181.9777358490566,8.0,0.0,174.0,11.220840652002574,182.574057935394,2048.634411282542
CUST006710,96.0,671.0,678.0,249.0560416666667,25.0,819.17,174.0,23.637541354118753,249.4922073925209,5897.382369771085
CUST006711,130.0,898.0,905.0,220.04215384615384,21.0,161.15,174.0,24.218848034539455,220.32982850524456,5336.134634044657
CUST006712,22.0,530.0,580.0,41.092727272727274,7.0,0.0,174.0,6.4974018356053485,41.545817139117126,269.9398685414238
CUST006713,23.0,667.0,667.0,28.39260869565217,2.0,0.0,174.0,6.021746119905264,28.740580370883603,173.0684783321937
CUST006714,64.0,837.0,903.0,61.764375,0.0,0.0,174.0,11.093523400186635,61.96908426596757,687.4554863926486
CUST006715,34.0,564.0,565.0,145.5105882352941,13.0,183.82,174.0,10.21071923853753,146.27635700309216,1493.5868125946572
CUST006716,15.0,657.0,812.0,46.09466666666666,4.0,0.0,174.0,3.0915417116092843,46.81307331344084,144.7245687971258
CUST006717,10.0,582.0,622.0,94.525,3.0,110.82,174.0,2.991560764006808,96.36282120353144,288.27523502148796
CUST006719,36.0,788.0,798.0,44.055,12.0,182.815,174.0,7.776748133272116,44.34381267403453,344.8506624349664
CUST006720,38.0,559.0,564.0,96.39368421052632,16.0,249.42,174.0,11.37814604060468,96.87940706894157,1102.3080419576065
CUST006722,11.0,493.0,543.0,33.518181818181816,0.0,0.0,174.0,3.6810616944989745,34.32362920843146,126.3473966953432
CUST006724,12.0,517.0,557.0,100.10000000000001,0.0,0.0,174.0,3.8951320228522444,101.69975203579655,396.1339608707639
CUST006725,37.0,780.0,785.0,32.99540540540541,6.0,347.3933333333334,174.0,8.114082524452536,33.230329270912634,269.6336340189158
CUST006727,15.0,549.0,566.0,317.5906666666667,7.0,989.48,174.0,4.71577988575466,321.1147004818874,1514.306245552617
CUST006728,7.0,771.0,775.0,29.857142857142858,0.0,0.0,174.0,1.7985427526544226,31.051120055594843,55.8467669377925
CUST006729,6.0,118.0,834.0,350.36833333333334,0.0,0.0,174.0,0.00043014887726555956,360.177272811929,0.15492984951662242
CUST006730,17.0,453.0,840.0,33.48823529411764,0.0,0.0,174.0,0.026275779078348938,34.00654547591512,0.8935484761429722
CUST006731,12.0,603.0,681.0,33.626666666666665,5.0,45.76,174.0,3.196439786257415,34.36552914514279,109.84734463532318
CUST006732,14.0,429.0,736.0,349.33214285714286,0.0,0.0,174.0,0.35005791241310075,353.46238666346875,123.73230519196609
CUST006733,24.0,562.0,564.0,286.9583333333333,4.0,972.5766666666667,174.0,7.338959440506828,288.95527017106957,2120.6310079061723
CUST006734,7.0,700.0,738.0,238.81142857142854,1.0,0.0,174.0,1.8780388276714617,244.68782907672264,459.53324366472316
CUST006736,34.0,355.0,905.0,115.98735294117648,0.0,0.0,174.0,1.2525247686876874e-10,116.61929523412405,1.4606855578764236e-08
CUST006737,13.0,545.0,552.0,92.14461538461539,5.0,857.5833333333334,174.0,4.244449281184588,93.52483050922483,396.9613996277897
CUST006738,18.0,561.0,585.0,47.44111111111111,1.0,0.0,174.0,5.401573057125172,48.05032912403771,259.54736318239907
CUST006739,59.0,700.0,728.0,45.85932203389831,15.0,551.71,174.0,13.617945089145001,46.03995737779723,626.969611477419
CUST006740,214.0,596.0,599.0,227.14154205607477,75.0,934.2508333333334,174.0,58.77330845872541,227.32131011963492,13360.42547890288
CUST006741,10.0,620.0,658.0,351.644,1.0,0.0,174.0,2.8389105746395793,357.488105450258,1014.8767628706064
CUST006743,15.0,653.0,710.0,241.478,4.0,0.0,174.0,3.783013870071549,244.21548902095887,923.8705822525935
CUST006744,13.0,788.0,828.0,61.53923076923077,1.0,0.0,174.0,2.8840431445203105,62.55393251407016,180.4082402299902
CUST006745,9.0,577.0,719.0,48.35555555555556,3.0,602.54,174.0,2.296244001952697,49.600416057133046,113.89465786554999
CUST006747,17.0,536.0,539.0,59.13411764705882,3.0,3093.71,174.0,5.547028500195877,59.885988024015695,332.18928233160403
CUST006749,34.0,632.0,634.0,230.74882352941174,15.0,773.5099999999999,174.0,9.162092519709251,231.9009704308474,2124.698146497783
CUST006750,30.0,809.0,809.0,182.92299999999997,4.0,0.0,174.0,6.449900987747719,183.98371150105453,1186.676722540143
CUST006751,36.0,668.0,680.0,95.52694444444444,2.0,0.0,174.0,9.050299742863315,96.0360577425574,869.1551086930738
CUST006753,13.0,685.0,708.0,197.1784615384615,4.0,0.0,174.0,3.352660417150116,199.81307279566,669.905379991144
CUST006754,25.0,464.0,540.0,44.4,10.0,71.32,174.0,7.351976418446812,44.81880525795842,329.5067993594703
CUST006755,8.0,502.0,602.0,102.83874999999999,0.0,0.0,174.0,2.497143182295073,105.30756868691982,262.96807719061195
CUST006757,7.0,416.0,524.0,82.07142857142857,1.0,364.03499999999997,174.0,2.514327194283614,84.43546738188782,212.29839180032758
CUST006758,5.0,457.0,766.0,40.154,0.0,0.0,174.0,1.1473196137041108,42.166645382070165,48.37861929095497
CUST006759,3.0,458.0,483.0,40.67333333333333,2.0,234.14,174.0,1.4627024100637616,44.12805109900087,64.5462066939254
CUST006760,72.0,788.0,789.0,160.4563888888889,12.0,260.25666666666666,174.0,15.43581097790836,160.8490546842566,2482.83560408143
CUST006761,22.0,705.0,808.0,194.3990909090909,6.0,0.0,174.0,4.60752358526405,195.92881859860935,902.7466527260143
CUST006762,48.0,610.0,611.0,120.64291666666666,8.0,625.89,174.0,13.237800025068466,121.10487986574238,1603.162181722638
CUST006763,29.0,335.0,677.0,320.4324137931034,0.0,0.0,174.0,9.465257837403145e-06,322.26125572865715,0.003050285876477051
CUST006764,10.0,768.0,768.0,72.386,2.0,0.0,174.0,2.4623683985364364,73.87886370549248,181.91697930818518
CUST006765,9.0,686.0,751.0,340.7977777777778,2.0,726.83,174.0,2.277240100183322,347.11438652942354,790.4628003553369
CUST006766,118.0,545.0,552.0,211.97101694915256,38.0,343.81800000000004,174.0,35.14364132702136,212.27747697483903,7460.2035126087785
CUST006767,123.0,856.0,858.0,270.4806504065041,19.0,2331.1666666666665,174.0,24.143112184439993,270.847710185481,6539.106651906758
CUST006768,18.0,594.0,649.0,46.05611111111111,7.0,1774.1599999999999,174.0,4.860283270915426,46.65342252586427,226.74884903340703
CUST006769,38.0,682.0,684.0,145.6628947368421,6.0,0.0,174.0,9.491184260875707,146.34834692301882,1389.019126920934
CUST006770,11.0,553.0,695.0,538.1945454545454,2.0,0.0,174.0,2.7777544947674326,546.138594174164,1517.038934733251
CUST006771,40.0,822.0,850.0,292.16175,8.0,0.0,174.0,8.083108055886388,293.3768715787377,2371.396954068841
CUST006775,22.0,633.0,647.0,129.22727272727272,6.0,235.16,174.0,5.93543792158691,130.29931266794446,773.3834815660273
CUST006776,4.0,302.0,388.0,89.0875,4.0,0.0,174.0,2.1442112573645233,93.57512837795619,200.64484367734414
CUST006777,24.0,701.0,761.0,337.6879166666667,8.0,188.09,174.0,5.461310996486496,340.0112369297588,1856.9071071734672
CUST006779,3.0,113.0,696.0,152.81333333333333,0.0,0.0,174.0,0.052045218810281776,162.31213628544157,8.447570648540083
CUST006780,50.0,675.0,701.0,220.9012,12.0,0.0,174.0,12.034934586114941,221.65321489392895,2667.581942050513
CUST006781,22.0,652.0,652.0,456.4209090909091,4.0,230.24,174.0,5.9005646071576106,459.79076000328746,2713.0250851734972
CUST006782,22.0,659.0,672.0,32.78772727272727,4.0,2005.2,174.0,5.727582630333057,33.182492899281314,190.05546996107364
CUST006783,3.0,12.0,657.0,174.24,0.0,0.0,174.0,0.0004241147305927563,184.893650451616,0.07841612074959838
CUST006784,25.0,725.0,893.0,203.69,0.0,0.0,174.0,3.571852753333485,205.0923968192129,732.5598422664693
CUST006785,7.0,94.0,803.0,288.3671428571429,0.0,0.0,174.0,3.28944754965468e-05,295.35402947075215,0.009715515885232019
CUST006786,8.0,358.0,493.0,452.21624999999995,0.0,0.0,174.0,2.8238399704773034,461.51643496787193,1303.2485560944658
CUST006787,9.0,608.0,645.0,19.815555555555555,2.0,157.41,174.0,2.6396175465611864,20.565454372199067,54.284934213860126
CUST006788,10.0,615.0,618.0,541.461,1.0,0.0,174.0,3.0241200892837155,550.2627276285524,1664.0605690055586
CUST006789,23.0,809.0,840.0,388.31391304347824,2.0,2566.23,174.0,4.821485435297569,391.0788992565941,1885.5812168178738
CUST006791,64.0,797.0,799.0,211.75328125000001,9.0,69.51,174.0,13.588698529894872,212.31841506108103,2885.130934610121
CUST006792,39.0,803.0,816.0,242.9797435897436,1.0,0.0,174.0,8.220801111448463,244.03190176032928,2006.137729220197
CUST006793,7.0,569.0,587.0,294.6485714285714,1.0,117.07,174.0,2.3351820865080346,301.7762175745472,704.7024174142338
CUST006794,81.0,860.0,871.0,95.07913580246914,21.0,1929.69,174.0,15.750054652846018,95.30402181447879,1501.04355221407
CUST006796,58.0,736.0,739.0,28.42155172413793,12.0,120.845,174.0,13.29381295348762,28.55906032809084,379.65880612900844
CUST006798,43.0,608.0,608.0,67.77023255813953,11.0,719.9499999999999,174.0,11.95457033133986,68.09677971059081,814.0677423880151
CUST006799,2.0,257.0,628.0,143.625,0.0,0.0,174.0,0.6570439268259711,157.50439324089575,103.48730502734008
CUST006800,36.0,521.0,874.0,83.65055555555556,0.0,0.0,174.0,5.2336812144609405e-05,84.10883774728114,0.0044019884408808855
CUST006802,13.0,410.0,553.0,118.5469230769231,7.0,5098.74,174.0,3.5199068646561242,120.24245515767014,423.2422433325893
CUST006803,11.0,582.0,589.0,624.1763636363636,1.0,0.0,174.0,3.439874845856015,633.3366173653703,2178.5986990346732
CUST006805,31.0,887.0,890.0,25.97741935483871,3.0,0.0,174.0,6.073550680042459,26.22313264666497,159.26752511899562
CUST006806,109.0,699.0,704.0,178.29724770642204,20.0,2923.885,174.0,25.861746076483552,178.58158284162138,4618.431549386524
CUST006807,192.0,899.0,902.0,203.74197916666665,22.0,1140.4,174.0,35.772934853421454,203.9236489932655,7294.94741050807
CUST006808,32.0,670.0,699.0,99.7053125,6.0,0.0,174.0,7.849923280585792,100.29850122363963,787.3355397633113
CUST006809,9.0,128.0,538.0,61.154444444444444,0.0,0.0,174.0,0.0011193630145098232,62.62127269688833,0.0700959365784306
CUST006810,19.0,595.0,608.0,144.5457894736842,4.0,0.0,174.0,5.487460718577102,145.91317989900634,800.6928430184713
CUST006811,20.0,603.0,877.0,107.79100000000001,0.0,0.0,174.0,0.6567485587936034,108.80535970029456,71.45776317218807
CUST006812,24.0,649.0,684.0,430.09999999999997,1.0,0.0,174.0,6.089412804328992,433.01788009033174,2636.8246235254624
CUST006813,27.0,756.0,804.0,184.86481481481482,5.0,0.0,174.0,5.823154602218825,186.05515383921048,1083.4279253453299
CUST006814,22.0,624.0,625.0,526.3495454545454,11.0,647.125,174.0,6.140231257673865,530.2104902331084,3255.615025275916
CUST006815,12.0,412.0,652.0,129.6925,0.0,0.0,174.0,1.4672780885526702,131.675501572829,193.20457825699467
CUST006816,12.0,418.0,522.0,18.21,4.0,0.0,174.0,3.926306567307629,18.749202755148122,73.61511790932036
CUST006817,31.0,731.0,759.0,81.29483870967742,1.0,0.0,174.0,7.048148732442411,81.81568822933393,576.6491392874834
CUST006818,5.0,104.0,813.0,168.714,0.0,0.0,174.0,0.0011460813883322222,174.79635718004414,0.20033085171231999
CUST006819,9.0,621.0,726.0,106.73444444444445,1.0,0.0,174.0,2.3241544301091808,108.99175460296019,253.3136693058426
CUST006820,22.0,704.0,763.0,305.2590909090909,0.0,0.0,174.0,5.027377848543947,307.56736468267894,1546.257356140738
CUST006821,85.0,646.0,650.0,151.73576470588236,31.0,70.03,174.0,21.831167907285185,152.0524980684425,3319.4836160543246
CUST006822,50.0,700.0,742.0,195.1134,0.0,0.0,174.0,11.281282419031452,195.7860420769588,2208.7176343745477
CUST006823,60.0,664.0,668.0,126.81433333333334,7.0,3093.71,174.0,15.120689901523702,127.19948819561813,1923.3440166384664
CUST006824,12.0,380.0,779.0,252.9141666666667,0.0,0.0,174.0,0.07919307175557043,256.49299984217777,20.312468541303097
CUST006825,24.0,537.0,542.0,23.98,7.0,3099.273333333333,174.0,7.614749668579347,24.284989780656613,184.92411788370777
CUST006826,52.0,641.0,659.0,178.3644230769231,11.0,1997.695,174.0,13.287126615515804,178.96155435429444,2377.8848320150237
CUST006827,80.0,763.0,764.0,224.29250000000002,15.0,243.03,174.0,17.651084308404545,224.76848376491253,3967.4074568067294
CUST006828,5.0,634.0,656.0,54.208000000000006,2.0,0.0,174.0,1.601939867808794,56.66554060304657,90.77478862295827
CUST006829,12.0,798.0,804.0,326.44416666666666,2.0,2074.2,174.0,2.769267239226234,330.975279590695,916.5589987642549
CUST006830,84.0,829.0,842.0,139.11249999999998,10.0,106.07,174.0,16.853394404802327,139.40991264142687,2349.530241685005
CUST006831,26.0,832.0,873.0,176.00769230769234,2.0,0.0,174.0,5.20864841674785,177.19150997797558,922.9282779079433
CUST006832,9.0,386.0,406.0,138.03555555555556,4.0,0.0,174.0,4.062724018470365,140.83571262002297,572.1766323197572
CUST006833,7.0,817.0,849.0,32.44714285714286,0.0,0.0,174.0,1.6450573640562725,33.699158953065954,55.43704959824401
CUST006834,11.0,540.0,576.0,133.27363636363637,2.0,0.0,174.0,3.4977731226311564,135.49011559872804,473.9136847234193
CUST006836,114.0,694.0,710.0,150.6311403508772,34.0,909.2533333333334,174.0,26.700587660659444,150.86570397646423,4028.2029540106814
CUST006839,37.0,840.0,871.0,66.44783783783782,9.0,0.0,174.0,7.3222785159912505,66.82205281260589,489.2896817041768
CUST006840,38.0,613.0,613.0,214.52,8.0,0.0,174.0,10.527364471735694,215.48458763809282,2268.484792107875
CUST006842,51.0,636.0,640.0,141.45392156862744,12.0,276.525,174.0,13.437505854310762,141.95142333719494,1907.4730821213025
CUST006843,6.0,537.0,631.0,652.8316666666667,3.0,0.0,174.0,1.8944400488547932,670.5777445950328,1270.3693352315508
CUST006845,38.0,667.0,670.0,172.71026315789473,11.0,710.8866666666667,174.0,9.67794083511397,173.50536095549379,1679.1746179023623
CUST006846,11.0,496.0,614.0,67.3190909090909,3.0,597.5,174.0,3.156568642985888,68.60264908866236,216.54897093903602
CUST006847,7.0,209.0,594.0,426.55428571428575,0.0,0.0,174.0,0.10678359354466212,436.63778600206945,46.625751866686144
CUST006848,37.0,715.0,732.0,112.2818918918919,5.0,0.0,174.0,8.659756953642963,112.84695326457157,977.2271882302962
CUST006849,38.0,737.0,841.0,139.02684210526314,5.0,2538.3,174.0,6.571699540685333,139.68539281855374,917.9704318261398
CUST006850,3.0,346.0,564.0,1000.0066666666667,0.0,0.0,174.0,1.1576121515185354,1055.1672198956724,1221.4743956352609
CUST006851,36.0,628.0,633.0,84.33083333333333,9.0,619.45,174.0,9.69121989045549,84.79202712322387,821.7381798086285
CUST006852,12.0,556.0,581.0,166.3925,6.0,211.59,174.0,3.756395868879158,168.85079963852442,634.2704462190956
CUST006853,51.0,819.0,861.0,325.9127450980392,12.0,1170.4,174.0,10.029747991148447,326.96683065649677,3279.394912949173
CUST006854,40.0,583.0,583.0,210.63475,10.0,0.0,174.0,11.595668962898998,211.5359629275582,2452.9009998560396
CUST006855,72.0,814.0,821.0,245.8681944444444,12.0,1289.02,174.0,14.853656886066718,246.44325176691453,3660.5835036323037
CUST006856,50.0,670.0,670.0,117.45279999999998,13.0,0.0,174.0,12.62727412180887,117.88640886786018,1488.5840000101107
CUST006857,49.0,583.0,759.0,83.9730612244898,0.0,0.0,174.0,0.03523757791820487,84.3103894231252,2.9708939166115704
CUST006858,72.0,662.0,673.0,228.87236111111113,17.0,305.33500000000004,174.0,17.927895522103526,229.4111249027762,4112.858678865215
CUST006859,31.0,810.0,824.0,151.57064516129034,7.0,646.925,174.0,6.532257590658508,152.44103051469202,995.7840787074023
CUST006860,20.0,513.0,557.0,10.440000000000001,8.0,306.365,174.0,6.1940828139261965,10.701788394525176,66.28776357280321
CUST006861,34.0,538.0,564.0,251.1114705882353,8.0,982.9,174.0,10.172979660164255,252.3559197474472,2567.2116387128235
CUST006862,43.0,582.0,584.0,123.75581395348837,14.0,1659.8633333333335,174.0,12.413464955447377,124.28283272721845,1542.7805886230547
CUST006863,21.0,523.0,592.0,303.47714285714284,8.0,0.0,174.0,6.0100296185399005,305.88302884551143,1838.3660631702185
CUST006864,22.0,523.0,550.0,409.0640909090909,4.0,0.0,174.0,6.892767470692382,412.10136500972965,2840.518883366992
CUST006865,26.0,706.0,728.0,45.456923076923076,6.0,1334.695,174.0,6.209255645616118,45.86579866122614,284.7924692779106
CUST006866,21.0,808.0,832.0,21.286666666666665,3.0,0.0,174.0,4.471468278369733,21.615725043031816,96.654028843879
CUST006867,57.0,714.0,745.0,53.26350877192982,19.0,1336.4450000000002,174.0,12.866008848981712,53.47048254307589,687.9517015585366
CUST006868,36.0,788.0,796.0,24.16361111111111,10.0,344.55333333333334,174.0,7.796810386059115,24.3672883694681,189.98712703916635
CUST006869,54.0,333.0,625.0,247.23777777777778,0.0,0.0,174.0,1.3242786807399093e-10,248.00896936325302,3.284329907600333e-08
CUST006872,12.0,468.0,892.0,36.83166666666667,0.0,0.0,174.0,0.15569268814621479,37.612036782760065,5.855919113362223
CUST006873,64.0,691.0,703.0,139.015625,15.0,1003.4949999999999,174.0,15.32785529911003,139.40596963952171,2136.794530466715
CUST006874,35.0,660.0,663.0,64.94114285714286,6.0,0.0,174.0,9.030564125210388,65.33020195964677,589.9685781095355
CUST006875,36.0,665.0,693.0,87.01,11.0,549.802,174.0,8.860036469312313,87.4826606597562,775.0995638779135
CUST006877,5.0,509.0,510.0,185.548,3.0,0.0,174.0,2.032298018883796,192.16325643647767,390.5330053581124
CUST006878,18.0,525.0,529.0,196.84555555555556,5.0,132.47,174.0,5.950748458714662,198.73917695138874,1182.646850929697
CUST006879,8.0,576.0,821.0,63.38,0.0,0.0,174.0,1.6740268267986003,65.07728310080304,108.9411177259115
CUST006880,9.0,489.0,494.0,13.96,4.0,62.12,174.0,3.400460402691421,14.608347462614002,49.67510709537661
CUST006881,45.0,809.0,849.0,92.83355555555556,5.0,0.0,174.0,9.02574932854178,93.23128354486585,841.4821948541612
CUST006882,7.0,713.0,800.0,311.34714285714284,0.0,0.0,174.0,1.7275775700085807,318.84898463055373,550.8363540677553
CUST006884,67.0,895.0,908.0,151.43641791044774,15.0,169.85,174.0,12.562185434805171,151.8377520695965,1907.4139975022438
CUST006885,12.0,840.0,853.0,327.4191666666667,3.0,0.0,174.0,2.6158510915049056,331.96290671914335,868.3655318804123
CUST006887,2.0,760.0,763.0,1297.52,4.0,1411.58,174.0,0.7366079484655158,1407.2714180013409,1036.607312148125
CUST006890,13.0,230.0,829.0,281.92,0.0,0.0,174.0,2.87960458162806e-05,285.5666608203469,0.00822319064858497
CUST006891,53.0,893.0,894.0,130.88490566037734,12.0,1520.46,174.0,10.152827239520532,131.33289537579964,1333.4001976165187
CUST006892,4.0,424.0,651.0,519.245,2.0,0.0,174.0,1.2495979360184821,540.8898119029575,675.8947925673607
CUST006893,11.0,252.0,797.0,61.32454545454545,0.0,0.0,174.0,0.0010105336554076265,62.52331133308176,0.06318191034960818
CUST006894,16.0,640.0,729.0,26.42,2.0,3154.0,174.0,3.8587364222856873,26.902584762233392,103.80998367565793
CUST006895,21.0,532.0,603.0,281.66571428571433,8.0,419.05499999999995,174.0,5.901196703838599,283.91107544799416,1675.4151026169748
CUST006896,17.0,619.0,664.0,36.618235294117646,3.0,0.0,174.0,4.53015437929975,37.16505076970023,168.36341750125504
CUST006898,6.0,315.0,346.0,173.70833333333334,1.0,70.73,174.0,3.3300294836923854,178.88142203595697,595.6804094645574
CUST006899,38.0,556.0,556.0,218.49684210526314,13.0,7685.14,174.0,11.537101242634758,219.477551211344,2532.134728810831
CUST006900,28.0,857.0,868.0,185.2332142857143,4.0,0.0,174.0,5.641963893794397,186.38283671507466,1051.565235169428
CUST006901,53.0,779.0,845.0,61.16867924528302,0.0,0.0,174.0,10.078265231781979,61.41426926749556,618.9492946938971
CUST006902,19.0,377.0,827.0,4.762105263157895,0.0,0.0,174.0,0.000436861414762883,4.991562268462074,0.0021806209544773672
CUST006904,2.0,145.0,583.0,1507.6299999999999,1.0,0.0,174.0,0.37429432698761084,1634.838527289809,611.9107863053559
CUST006905,20.0,677.0,776.0,162.9105,9.0,2005.2,174.0,4.411234358951776,164.350960655481,724.9906045701894
CUST006906,21.0,521.0,555.0,23.530952380952378,12.0,76.365,174.0,6.529970231172121,23.876527950256058,155.91301673892116
CUST006907,101.0,665.0,674.0,168.60465346534653,31.0,1172.1725000000001,174.0,24.978201902980178,168.89679854446373,4218.738334810584
CUST006908,37.0,763.0,786.0,62.88567567567568,10.0,0.0,174.0,8.086012145000065,63.245058320390115,511.4003096899119
CUST006909,59.0,654.0,660.0,136.9891525423729,16.0,1312.665,174.0,15.041472595715968,137.407380095889,2066.809342161442
CUST006910,29.0,568.0,588.0,66.13344827586208,10.0,174.07000000000002,174.0,8.423840441217795,66.6097719005115,561.1100903158215
CUST006912,34.0,760.0,778.0,270.9235294117647,5.0,140.06,174.0,7.534167683183455,272.2577850561219,2051.235805664941
CUST006913,20.0,420.0,788.0,255.629,0.0,0.0,174.0,0.005501920127911149,257.78622044853887,1.4183191949839566
CUST006914,11.0,540.0,683.0,260.2836363636364,0.0,0.0,174.0,2.8111552864101976,264.2966605137906,742.9789543839038
CUST006915,8.0,634.0,662.0,249.55124999999998,1.0,0.0,174.0,2.331269561271447,254.8887331701627,594.2143451506402
CUST006916,15.0,584.0,642.0,168.18266666666665,4.0,0.0,174.0,4.152309854854845,170.16272508636308,706.5683603050612
CUST006917,78.0,834.0,834.0,140.69051282051282,19.0,85.28,174.0,15.836986202300332,141.0139584710539,2233.236114637833
CUST006919,61.0,709.0,751.0,96.13459016393443,0.0,0.0,174.0,13.434658702719654,96.43605652589036,1295.5855060615174
CUST006920,10.0,349.0,781.0,232.827,0.0,0.0,174.0,0.08570775610627555,236.8197655051613,20.297290703061734
CUST006921,8.0,378.0,562.0,688.2262499999999,3.0,0.0,174.0,2.295118060408527,702.1411304075253,1611.4967893539701
CUST006922,52.0,871.0,881.0,160.93423076923077,9.0,1067.54,174.0,10.100184332464277,161.47978280757417,1630.975572322795
CUST006923,22.0,504.0,692.0,154.39045454545456,0.0,0.0,174.0,1.6061858471584889,155.63921013349483,249.98549657934547
CUST006924,25.0,320.0,655.0,37.1772,0.0,0.0,174.0,7.717153001823249e-05,37.55140556476594,0.0028978994217681575
CUST006925,55.0,863.0,870.0,49.052,15.0,591.04,174.0,10.799394091230603,49.25474017444881,531.9213500050411
CUST006926,70.0,393.0,741.0,80.20728571428572,0.0,0.0,174.0,7.519264717500779e-15,80.4349213222218,6.048114659531335e-13
CUST006927,30.0,777.0,782.0,286.57666666666665,9.0,640.9,174.0,6.659867041257331,288.1702011937534,1919.1752252027725
CUST006929,23.0,592.0,661.0,97.98739130434782,6.0,1681.71,174.0,5.925461813018588,98.80271959141118,585.4517419612904
CUST006930,56.0,815.0,831.0,102.89392857142857,21.0,1469.66,174.0,11.470274025601999,103.24095503041373,1184.2020448636986
CUST006931,12.0,801.0,814.0,413.5541666666666,2.0,0.0,174.0,2.7353779907631774,419.2134325744205,1146.707196896353
CUST006932,18.0,889.0,905.0,176.65277777777777,2.0,0.0,174.0,3.5767683720231322,178.37280546169362,637.9982090044208
CUST006933,28.0,849.0,849.0,283.01428571428573,1.0,84.69,174.0,5.767086235526343,284.70264392424986,1641.904698993499
CUST006934,6.0,439.0,484.0,40.026666666666664,0.0,0.0,174.0,2.448803317217243,41.69172719001992,102.0948398434371
CUST006935,27.0,818.0,903.0,205.0411111111111,5.0,0.0,174.0,5.123292259374936,206.346754401138,1057.1747295704913
CUST006937,18.0,714.0,736.0,248.86833333333334,4.0,594.625,174.0,4.353009052825707,251.20918527852825,1093.5158576704036
CUST006938,43.0,576.0,576.0,256.1506976744186,10.0,89.84,174.0,12.577335419767648,257.15179238568567,3234.284346629221
CUST006939,17.0,792.0,839.0,104.59941176470588,0.0,0.0,174.0,3.633278790076155,105.7653401499215,384.2749670918998
CUST006940,47.0,559.0,560.0,110.47978723404256,27.0,180.235,174.0,14.075468415431097,110.91832709716353,1561.2274097485804
CUST006942,20.0,374.0,877.0,161.428,0.0,0.0,174.0,5.540388124471551e-05,162.85700019836392,0.009022909898860764
CUST006943,49.0,841.0,883.0,210.32122448979592,12.0,1632.42,174.0,9.429182874672252,211.05540383435527,1990.079999441939
CUST006946,18.0,504.0,595.0,180.36111111111111,6.0,516.44,174.0,5.06329189120703,182.11301867581625,922.091370744495
CUST006947,8.0,460.0,628.0,98.83624999999999,2.0,675.7950000000001,174.0,2.25776394531473,101.22680794162423,228.54623726989794
CUST006949,17.0,870.0,891.0,351.05117647058825,5.0,2114.3849999999998,174.0,3.44213808466817,354.4615712956759,1220.105674108168
CUST006950,13.0,498.0,539.0,85.79307692307692,7.0,0.0,174.0,4.312497849048944,87.0974370202462,375.6075098074876
CUST006951,7.0,198.0,594.0,33.997142857142855,0.0,0.0,174.0,0.07327093655598793,35.28389265618573,2.585283860259673
CUST006952,16.0,529.0,645.0,144.36312500000003,0.0,0.0,174.0,4.120200387622464,145.9876148863955,601.4982274430058
CUST006953,38.0,830.0,838.0,176.62394736842109,11.0,0.0,174.0,7.820188772708717,177.4349106022244,1387.57449577809
CUST006954,20.0,519.0,519.0,342.0535,6.0,759.185,174.0,6.6843037596403585,344.87882451337094,2305.274823315073
CUST006956,6.0,240.0,683.0,120.54166666666667,0.0,0.0,174.0,0.15960893366824888,124.31957404401851,19.842514647256706
CUST006958,22.0,687.0,705.0,211.27363636363634,4.0,90.1,174.0,5.4705021715391515,212.92187037900806,1164.7895542765414
CUST006960,17.0,675.0,712.0,115.39117647058823,6.0,1565.82,174.0,4.25071932271297,116.6553867802131,495.86930668520705
CUST006961,78.0,857.0,872.0,170.9942307692308,7.0,117.58,174.0,15.149789478239835,171.37740046731292,2596.331538407792
CUST006963,41.0,631.0,654.0,76.45365853658537,6.0,0.0,174.0,10.617075070601818,76.82881046828464,815.6972483268169
CUST006965,15.0,107.0,873.0,63.348,0.0,0.0,174.0,4.9930243119612437e-11,64.24470179935935,3.2077535799890147e-09
CUST006966,18.0,871.0,882.0,248.51777777777775,2.0,0.0,174.0,3.6674252584797373,250.85561605933552,919.9942225675023
CUST006967,8.0,578.0,578.0,16.43375,2.0,996.4,174.0,2.6562777005322578,17.213094683855324,45.72275956587525
CUST006969,10.0,529.0,539.0,37.787,0.0,0.0,174.0,3.4350503677310242,38.74076146624726,133.07646692081252
CUST006970,14.0,581.0,641.0,301.17,2.0,0.0,174.0,3.9042205808835946,304.76659414736207,1189.8760092359287
CUST006972,19.0,707.0,797.0,91.94526315789474,7.0,1918.09,174.0,4.152357573735704,92.88444984010245,385.68944877582345
CUST006973,53.0,632.0,642.0,213.91924528301885,15.0,329.56,174.0,13.89812570381571,214.60829975093407,2982.6531270206433
CUST006974,6.0,804.0,807.0,177.11666666666667,0.0,0.0,174.0,1.5246327006669405,182.37919567681948,278.0612856502137
CUST006975,16.0,648.0,652.0,246.26250000000002,6.0,427.64,174.0,4.386991969881621,248.87356217249874,1091.8063187665864
CUST006976,59.0,859.0,862.0,190.23457627118646,10.0,0.0,174.0,11.671332972027448,190.79162442609234,2226.792576950929
CUST006977,24.0,534.0,570.0,194.88,10.0,0.0,174.0,7.213035366036024,196.28452428751044,1415.8072154913698
CUST006978,82.0,838.0,844.0,222.87414634146342,19.0,640.9,174.0,16.43857761764252,223.33584023816164,3671.323544556429
CUST006980,3.0,199.0,574.0,139.20000000000002,0.0,0.0,174.0,0.6059173592993737,147.96507594713162,89.65460808641727
CUST006981,43.0,892.0,893.0,42.08302325581395,8.0,121.33,174.0,8.296008674665947,42.317590359713066,351.06709671513966
CUST006982,21.0,642.0,645.0,506.9395238095238,4.0,322.9,174.0,5.705035849985566,510.8428249356047,2914.3766299655254
CUST006984,40.0,851.0,865.0,207.77375,6.0,0.0,174.0,7.967014484930672,208.66394703526456,1662.4286885127594
CUST006985,14.0,637.0,657.0,169.60071428571428,1.0,0.0,174.0,3.848816346771292,171.7394849167971,660.9937369338504
CUST006986,11.0,697.0,835.0,305.41818181818184,0.0,0.0,174.0,2.393704258217195,310.0696300147105,742.2149937100427
CUST006987,14.0,492.0,687.0,62.55214285714286,4.0,5068.92,174.0,2.5590636016753434,63.504786164014405,162.51278680450523
CUST006988,67.0,737.0,760.0,125.80253731343284,13.0,769.235,174.0,14.838249006806764,126.14503752046146,1871.7714777015892
CUST006989,2.0,683.0,740.0,88.33,0.0,0.0,174.0,0.7536640396639884,97.6151766014885,73.56904832999146
CUST006991,21.0,452.0,687.0,119.47380952380952,0.0,0.0,174.0,0.31428122189964214,120.52549246278323,37.87889904125962
CUST006993,24.0,527.0,572.0,209.79083333333332,5.0,0.0,174.0,7.155843485874902,211.2912907734239,1511.967406703105
CUST006994,35.0,799.0,834.0,60.23571428571429,6.0,418.72,174.0,7.227318718762352,60.60405614781296,438.0048294300132
CUST006995,38.0,868.0,889.0,131.49842105263158,8.0,1438.3200000000002,174.0,7.380364160622752,132.12645277729044,975.1413367477288
CUST006996,3.0,567.0,665.0,250.72,0.0,0.0,174.0,1.073176035374563,265.4957445755591,284.92367057241614
CUST006999,52.0,826.0,858.0,205.09173076923076,4.0,0.0,174.0,10.30880338335272,205.76795321023928,2121.221372239279
CUST007000,52.0,830.0,892.0,223.3673076923077,9.0,998.735,174.0,9.63175161431964,224.09761102547444,2158.4525267597883
CUST007001,7.0,567.0,586.0,136.52285714285713,0.0,0.0,174.0,2.3386277493417404,140.10708934328272,327.6583270177034
CUST007002,43.0,652.0,652.0,223.72348837209304,3.0,0.0,174.0,11.192583915552548,224.6084686292388,2513.9491332765074
CUST007003,7.0,524.0,638.0,39.94285714285714,4.0,0.0,174.0,2.10916939830466,41.36284350630971,87.24124375037306
CUST007004,5.0,290.0,593.0,266.88199999999995,0.0,0.0,174.0,1.069481030715336,276.0719759400278,295.2537413799604
CUST007005,26.0,275.0,757.0,46.089999999999996,0.0,0.0,174.0,2.0257778662790073e-08,46.50263349361486,9.420400565504981e-07
CUST007006,10.0,587.0,588.0,220.2,1.0,0.0,174.0,3.169462341745359,223.99601866349104,709.9469458548255
CUST007007,13.0,691.0,739.0,69.44,0.0,0.0,174.0,3.20780151636937,70.54905889475313,226.30737810102107
CUST007008,12.0,682.0,694.0,52.846666666666664,0.0,0.0,174.0,3.183191993918904,53.83444546183668,171.3653757911824
CUST007009,19.0,668.0,865.0,53.47315789473684,6.0,2071.8,174.0,2.814208708509243,54.09915570540601,152.2463151091511
CUST007010,23.0,487.0,785.0,100.6878260869565,0.0,0.0,174.0,0.038345906679603706,101.52128886633618,3.8929258688616177
CUST007011,40.0,644.0,709.0,145.4435,0.0,0.0,174.0,9.158044346046523,146.09370286517142,1337.932609517384
CUST007014,21.0,732.0,810.0,12.42095238095238,4.0,0.0,174.0,4.515521085687932,12.68476206261574,57.27831056067571
CUST007015,86.0,718.0,723.0,159.43779069767442,17.0,2055.17,174.0,19.964890425091536,159.76459948827508,3189.6827225920474
CUST007016,24.0,548.0,576.0,42.748333333333335,4.0,0.0,174.0,7.163636873806256,43.17407460688717,309.2833928463593
CUST007017,8.0,147.0,872.0,66.0925,0.0,0.0,174.0,7.381181088901226e-05,67.84282052031942,0.005007601438423017
CUST007018,24.0,639.0,862.0,165.80125,0.0,0.0,174.0,1.2485366430936642,167.01868775128355,208.52895173889647
CUST007019,7.0,290.0,597.0,34.97857142857143,0.0,0.0,174.0,0.7987691433460324,36.287313904151894,28.98518664154798
CUST007020,10.0,490.0,681.0,136.507,0.0,0.0,174.0,2.3737382170522725,138.99896121358933,329.9471463632635
CUST007021,26.0,687.0,708.0,100.1826923076923,4.0,0.0,174.0,6.376052388496784,100.91641700636251,643.4483616919551
CUST007022,40.0,846.0,846.0,68.051,0.0,0.0,174.0,8.147214710067884,68.40321354523557,557.295667611658
CUST007023,78.0,863.0,870.0,217.65358974358975,15.0,161.45,174.0,15.201259115077585,218.1287179854497,3315.831162536505
CUST007024,36.0,824.0,825.0,165.745,10.0,0.0,174.0,7.538926457668175,166.55464753336335,1255.6432389368704
CUST007026,6.0,434.0,531.0,34.583333333333336,4.0,34.96,174.0,2.2107615107122607,36.10555178119011,79.8207642008836
CUST007027,19.0,550.0,561.0,95.52210526315788,3.0,0.0,174.0,5.918592555656326,96.49040985131215,571.0874214382039
CUST007029,31.0,741.0,748.0,67.34193548387097,4.0,0.0,174.0,7.167624685775325,67.79338644506971,485.917550215988
CUST007030,13.0,637.0,741.0,272.9723076923077,1.0,0.0,174.0,3.1363721685119423,276.51210819060253,867.2448803855689
CUST007031,39.0,831.0,873.0,167.15589743589743,4.0,2578.04,174.0,7.659654793195998,167.90859072712675,1286.1218417818216
CUST007033,23.0,849.0,852.0,150.86391304347825,5.0,675.565,174.0,4.7698130869382664,152.03432817928433,725.1753282134176
CUST007034,26.0,649.0,664.0,50.15807692307692,4.0,3160.84,174.0,6.7802936097727775,50.594858294450546,343.0479943812222
CUST007035,8.0,607.0,769.0,24.7675,2.0,1768.44,174.0,1.9428530177197751,25.709794211927065,49.95035126959691
CUST007036,98.0,668.0,680.0,131.19551020408164,30.0,197.81199999999998,174.0,24.022949988760825,131.43795483206165,3157.5274155556212
CUST007037,14.0,514.0,619.0,288.665,3.0,0.0,174.0,3.89245375709448,292.1230353418468,1137.075406450215
CUST007039,18.0,441.0,716.0,272.1438888888889,0.0,0.0,174.0,0.22025746687451359,274.68483663716216,60.50138630654092
CUST007041,18.0,590.0,614.0,131.26055555555556,3.0,0.0,174.0,5.162483347792557,132.59035439456213,684.4954966398407
CUST007042,36.0,680.0,683.0,201.87138888888887,5.0,0.0,174.0,9.021356774134745,202.83565785930543,1829.8528360651223
CUST007043,35.0,545.0,552.0,188.43085714285715,9.0,1066.08,174.0,10.72304330499222,189.3636214699956,2030.5543134129173
CUST007044,24.0,644.0,667.0,238.76416666666668,5.0,0.0,174.0,6.251568009203139,240.45103241441424,1503.1959820218192
CUST007045,34.0,852.0,899.0,133.79323529411766,10.0,182.29,174.0,6.524241927731316,134.5058902340078,877.5489685915398
CUST007046,21.0,564.0,576.0,95.92333333333333,5.0,98.72,174.0,6.3391122203105645,96.80169263683752,613.6367927409239
CUST007047,76.0,705.0,709.0,145.32157894736844,17.0,269.3966666666667,174.0,18.01429255014361,145.66292134808623,2624.0144788729845
CUST007049,32.0,872.0,889.0,134.7640625,6.0,1712.705,174.0,6.260575687554581,135.526150003832,848.4717197418656
CUST007051,36.0,615.0,627.0,376.1722222222222,2.0,602.54,174.0,9.769931430254704,377.88250113602004,3691.8861247920613
CUST007052,12.0,564.0,594.0,889.8525,3.0,0.0,174.0,3.6764950697174643,901.680258456181,3315.0230246757187
CUST007054,31.0,823.0,863.0,41.353225806451604,6.0,0.0,174.0,6.223534615964877,41.67541485286446,259.36838697149875
CUST007055,36.0,667.0,672.0,325.49916666666667,1.0,0.0,174.0,9.159390251335626,326.99256421172396,2995.052504900103
CUST007056,85.0,681.0,690.0,88.1310588235294,15.0,625.89,174.0,20.61692799430415,88.33277896661029,1821.1505434913884
CUST007058,11.0,119.0,894.0,113.88363636363637,0.0,0.0,174.0,9.546960949865093e-08,115.82584580971096,1.105784826930406e-05
CUST007059,117.0,865.0,871.0,150.5871794871795,27.0,429.756,174.0,22.64193112208369,150.8156630414083,3414.7578547149496
CUST007060,12.0,624.0,701.0,695.6566666666668,0.0,0.0,174.0,3.1136456280405524,704.9694141160511,2195.0249341647523
CUST007061,3.0,621.0,892.0,32.11666666666667,5.0,617.73,174.0,0.7802848040818888,35.1101999999701,27.395955528252603
CUST007062,17.0,719.0,722.0,161.58705882352942,4.0,184.82,174.0,4.212390634546296,163.27198069805294,687.7653623763017
CUST007063,18.0,540.0,614.0,168.145,2.0,658.78,174.0,5.048141843120366,169.79188783456647,857.1335336000748
CUST007064,30.0,799.0,799.0,153.63,3.0,224.865,174.0,6.5269189027214445,154.54013327836847,1008.6709171236745
CUST007065,25.0,618.0,666.0,69.10600000000001,2.0,0.0,174.0,6.455081187725676,69.67736105626562,449.7730225646699
CUST007066,100.0,799.0,800.0,268.4737,21.0,772.6324999999999,174.0,21.042885255111752,268.9222293816544,5658.899615426996
CUST007067,12.0,754.0,852.0,294.38166666666666,4.0,1186.02,174.0,2.581577251305727,298.4975413282601,770.5944622637275
CUST007069,46.0,597.0,618.0,333.39652173913043,12.0,252.26,174.0,12.518317980548028,334.590609409852,4188.511641897872
CUST007071,20.0,419.0,466.0,179.85750000000002,3.0,0.0,174.0,7.259041598828792,181.42896933457905,1317.0004356323425
CUST007072,101.0,292.0,797.0,163.82594059405938,0.0,0.0,174.0,1.119796166186088e-37,164.1108155358858,1.837706620667572e-35
CUST007073,21.0,596.0,618.0,16.324761904761903,11.0,70.0,174.0,5.925333382522944,16.617302320079002,98.46305616464008
CUST007075,24.0,801.0,816.0,379.52666666666664,4.0,0.0,174.0,5.169332044385653,382.1191686111434,1975.3008630755878
CUST007076,28.0,701.0,716.0,440.92,4.0,0.0,174.0,6.774235792595582,443.47835745424175,3004.2269623080224
CUST007077,29.0,809.0,836.0,41.68310344827586,10.0,567.2049999999999,174.0,6.035548792169957,42.0293851003991,253.67040447835973
CUST007078,42.0,607.0,621.0,284.9409523809524,7.0,249.84,174.0,11.434436330621551,286.07152497282925,3271.066638305629
CUST007080,81.0,800.0,815.0,160.79802469135802,18.0,0.0,174.0,16.767401820906652,161.1476264851497,2702.027005761884
CUST007081,32.0,638.0,674.0,246.451875,4.0,0.0,174.0,8.102565152808362,247.75202890076866,2007.4269559089382
CUST007082,12.0,214.0,723.0,206.5325,0.0,0.0,174.0,0.00023213562403787483,209.51064880356566,0.04863488520259575
CUST007084,69.0,781.0,831.0,219.65391304347824,0.0,0.0,174.0,13.47069781613538,220.19561033936367,2966.1885273210632
CUST007085,6.0,243.0,744.0,66.37333333333333,0.0,0.0,174.0,0.0900249797622056,68.7297739943009,6.1873965128979025
CUST007086,28.0,591.0,614.0,103.38857142857144,5.0,0.0,174.0,7.818760548906705,104.08726161804437,813.8333747828964
CUST007089,48.0,722.0,724.0,102.34916666666668,7.0,688.26,174.0,11.274855708276213,102.75246950793908,1158.5192673710644
CUST007093,20.0,551.0,559.0,161.427,3.0,485.96,174.0,6.2315946220190375,162.8559924678701,1014.8525268263521
CUST007094,15.0,644.0,795.0,26.992666666666665,0.0,0.0,174.0,3.1601421813240336,27.51367412460688,86.94712216437381
CUST007095,18.0,547.0,560.0,51.57944444444444,9.0,984.895,174.0,5.636572742574646,52.22423897152825,294.3657218886207
CUST007096,38.0,844.0,862.0,72.57842105263158,2.0,0.0,174.0,7.604106068613314,72.96760072616166,554.8533754939591
CUST007099,24.0,803.0,811.0,182.255,6.0,0.0,174.0,5.202889869350781,183.57829770384146,955.1376653559784
CUST007101,42.0,466.0,646.0,459.19023809523816,0.0,0.0,174.0,0.01511943444069533,460.9596680578229,6.9694494810049346
CUST007102,23.0,284.0,578.0,25.233478260869564,0.0,0.0,174.0,0.0003688850651958559,25.56023512026291,0.009428788998759588
CUST007103,44.0,771.0,789.0,225.73045454545453,10.0,0.0,174.0,9.531292986021908,226.60227382491345,2159.8126631240134
CUST007104,74.0,576.0,577.0,201.81108108108108,10.0,191.59,174.0,21.319073432823846,202.27903085250094,4312.401512664907
CUST007105,24.0,638.0,668.0,184.62749999999997,5.0,1426.735,174.0,6.233936770953543,185.9660618677824,1159.30067122699
CUST007106,58.0,713.0,723.0,289.7284482758621,6.0,0.0,174.0,13.562449382931964,290.5590092397168,3940.6918555685197
CUST007107,8.0,604.0,690.0,85.05875,1.0,0.0,174.0,2.2177537702056145,87.1799169564125,193.3435895162962
CUST007108,145.0,639.0,646.0,134.80758620689656,43.0,585.476,174.0,37.17451726189897,134.97518806502865,5017.637458651468
CUST007109,98.0,796.0,800.0,87.46724489795918,26.0,707.8774999999999,174.0,20.622930830356964,87.64112342567796,1807.416826302534
CUST007111,21.0,563.0,570.0,428.0833333333333,9.0,362.11,174.0,6.405498548847388,431.4062792469732,2763.372295680138
CUST007112,65.0,699.0,700.0,72.75907692307692,11.0,360.045,174.0,15.647182814117055,72.98664229268151,1142.0353349421553
CUST007113,13.0,539.0,564.0,372.77230769230766,5.0,423.18,174.0,4.149763258774511,377.5039976492539,1566.5522194853734
CUST007115,51.0,693.0,695.0,104.23647058823528,11.0,0.0,174.0,12.432175255407055,104.62167287705783,1300.6749727214499
CUST007116,31.0,789.0,803.0,72.11225806451613,3.0,1224.74,174.0,6.6950392809326,72.58743552228106,485.97573212383406
CUST007117,22.0,788.0,789.0,196.12090909090912,6.0,0.0,174.0,4.923293112945293,197.662728741486,973.1515510989317
CUST007118,14.0,503.0,589.0,92.67999999999999,1.0,0.0,174.0,4.147500527608941,93.96646816880276,389.72597630765824
CUST007120,16.0,594.0,608.0,163.485625,4.0,0.0,174.0,4.680513096702207,165.29525565434434,773.6666089128981
CUST007123,81.0,776.0,785.0,121.6946913580247,18.0,73.065,174.0,17.3977466797698,121.97008613356937,2122.0046610615427
CUST007124,20.0,615.0,774.0,485.26900000000006,3.0,0.0,174.0,3.631204354573713,489.2014510538422,1776.390439330491
CUST007125,10.0,616.0,692.0,60.82199999999999,2.0,0.0,174.0,2.6859315078684567,62.134679934440356,166.88949456723532
CUST007126,12.0,783.0,795.0,166.81666666666666,7.0,115.24,174.0,2.7978818834486754,169.28045964568696,473.6267312645321
CUST007127,26.0,883.0,902.0,83.03192307692308,4.0,0.0,174.0,5.064963563004818,83.66384176585339,423.75431008504813
CUST007128,40.0,615.0,668.0,77.1165,15.0,224.4375,174.0,9.901430475336456,77.50361902289657,767.3966953421744
CUST007129,5.0,652.0,739.0,223.67200000000003,8.0,0.0,174.0,1.4188201242875111,231.49411465509903,328.44850852677496
CUST007130,57.0,786.0,824.0,186.47280701754383,0.0,0.0,174.0,11.654007480183681,187.03930079400834,2179.757410541699
CUST007132,14.0,530.0,614.0,93.92428571428572,8.0,0.0,174.0,4.006994178608954,95.22454090766195,381.5641810777116
CUST007133,74.0,756.0,768.0,190.12459459459458,11.0,1079.0,174.0,16.247630371534488,190.56826449191635,3096.2827220094773
CUST007134,10.0,822.0,836.0,242.392,3.0,1066.08,174.0,2.268732535530834,246.53380197784492,559.3192576552526
CUST007135,7.0,105.0,705.0,17.638571428571428,0.0,0.0,174.0,0.00021424090981957204,18.55874460602483,0.003976042329503835
CUST007136,32.0,528.0,842.0,156.01749999999998,0.0,0.0,174.0,0.001556458398194226,156.88197791046784,0.24418027204406872
CUST007137,61.0,791.0,877.0,280.1409836065574,0.0,0.0,174.0,8.542409530426808,280.9064196490658,2399.617676368252
CUST007138,24.0,696.0,725.0,23.713333333333335,4.0,501.5,174.0,5.7724608172298115,24.016607436975157,138.63492539272917
CUST007140,11.0,519.0,547.0,34.37,5.0,492.94,174.0,3.67552311064474,35.187496281070075,129.3324557867989
CUST007141,5.0,467.0,509.0,104.15,1.0,0.0,174.0,2.023462377994835,108.18851094074427,218.9153816198786
CUST007142,10.0,729.0,768.0,30.403999999999996,3.0,2839.68,174.0,2.453381593644051,31.242723695434588,76.65032324968607
CUST007143,12.0,356.0,432.0,389.26500000000004,7.0,403.56,174.0,4.771732130949105,394.60969931554627,1882.971781408157
CUST007144,14.0,618.0,660.0,29.464285714285715,4.0,0.0,174.0,3.81858946628338,30.050306553122464,114.74978406233987
CUST007146,5.0,519.0,545.0,16.768,0.0,0.0,174.0,1.904555982678301,18.04033517588302,34.358828288749805
CUST007147,8.0,827.0,833.0,107.29625,0.0,0.0,174.0,1.8784487258512532,109.85222603161817,206.35177402101704
CUST007148,51.0,771.0,772.0,230.32882352941178,8.0,0.0,174.0,11.25181958535138,231.09449533621847,2600.233568690956
CUST007149,16.0,768.0,867.0,39.61,2.0,3154.0,174.0,3.28113858731518,40.22028808184356,131.96833921826976
CUST007150,19.0,598.0,769.0,78.13052631578948,3.0,0.0,174.0,3.289247913057026,78.95725172735484,259.7099754649202
CUST007151,22.0,760.0,816.0,160.98999999999998,7.0,2071.8,174.0,4.727114811913444,162.28510278513818,767.1403131285224
CUST007153,19.0,595.0,642.0,36.42473684210526,8.0,640.9,174.0,5.175945708598356,36.91194901277721,191.0542440886855
CUST007155,54.0,758.0,769.0,149.67037037037036,17.0,1043.1466666666668,174.0,11.92842680391362,150.16356534287434,1791.2150978071766
CUST007156,55.0,625.0,676.0,93.23290909090908,0.0,0.0,174.0,12.980237892912017,93.55923773652141,1214.4211628995592
CUST007159,26.0,737.0,824.0,76.41,5.0,2089.8733333333334,174.0,5.353307554115684,77.00261132281774,412.21866088107413
CUST007160,10.0,690.0,792.0,95.993,2.0,0.0,174.0,2.351760743434091,97.85369475731079,230.1284779302258
CUST007161,9.0,350.0,590.0,648.7111111111112,0.0,0.0,174.0,1.566571548654224,660.3677795081775,1034.5133750254768
CUST007163,9.0,694.0,784.0,144.37333333333333,1.0,0.0,174.0,2.1754878318423807,147.28340480451504,320.4132549845381
CUST007166,50.0,686.0,687.0,247.3714,15.0,183.82,174.0,12.330433302186192,248.20488808434317,3060.473817800582
CUST007167,27.0,764.0,791.0,62.19148148148148,9.0,85.92,174.0,5.943783501835964,62.680762273740925,372.5608806851634
CUST007169,49.0,816.0,818.0,39.80122448979592,11.0,35.0,174.0,10.240571294276066,39.99981189812067,409.62092550033674
CUST007170,18.0,546.0,565.0,111.22055555555556,8.0,0.0,174.0,5.584881296474571,112.37807408597317,627.6182040965853
CUST007171,10.0,214.0,734.0,15.103,0.0,0.0,174.0,0.0012827736008158852,15.703312083460514,0.02014379418603624
CUST007172,7.0,174.0,604.0,174.04857142857142,0.0,0.0,174.0,0.025598009296589595,178.47371138342126,4.568571723189666
CUST007173,13.0,215.0,582.0,62.18,0.0,0.0,174.0,0.002267224779886347,63.20235431088731,0.14329394384080038
CUST007174,44.0,802.0,804.0,160.7881818181818,13.0,535.2850000000001,174.0,9.378284724538684,161.43276117624686,1513.9623981792975
CUST007175,62.0,663.0,679.0,125.26096774193549,14.0,1218.7949999999998,174.0,15.34015078106783,125.62981397255531,1927.1802889365006
CUST007176,26.0,561.0,567.0,182.2773076923077,8.0,3960.43,174.0,7.8740585286247216,183.49834144988844,1444.8766804819854
CUST007177,7.0,706.0,784.0,422.6271428571428,0.0,0.0,174.0,1.7635776316088458,432.6226404261465,762.9636115831088
CUST007178,10.0,734.0,767.0,86.67,2.0,0.0,174.0,2.458185252717203,88.38542899308399,217.26775810588256
CUST007179,13.0,49.0,694.0,191.89384615384614,0.0,0.0,174.0,2.2774159658002463e-11,194.4653444113457,4.428784801572424e-09
CUST007180,58.0,908.0,914.0,50.224137931034484,15.0,0.0,174.0,10.849325030397084,50.41947253966638,547.0172454440209
CUST007181,3.0,52.0,747.0,203.28,0.0,0.0,174.0,0.0034691110135652396,215.498838910812,0.7475893954760193
CUST007182,41.0,576.0,582.0,91.79463414634147,10.0,812.9860000000001,174.0,11.887552481373634,92.22740832030169,1096.3581566286616
CUST007183,33.0,731.0,791.0,31.689090909090908,9.0,0.0,174.0,7.089233919510961,31.946521707401594,226.4763652985046
CUST007184,2.0,43.0,916.0,1451.3899999999999,0.0,0.0,174.0,0.004767736976020379,1573.9257947859612,7.50406420931329
CUST007185,15.0,689.0,722.0,367.464,3.0,106.4,174.0,3.74264624006389,371.5034225464764,1390.4058875644364
CUST007188,73.0,807.0,815.0,135.92986301369865,3.0,0.0,174.0,15.15997922443875,136.2654826214795,2065.7818855497485
CUST007189,18.0,485.0,490.0,222.9138888888889,2.0,0.0,174.0,6.389091085983643,225.03161510064353,1437.7474861040237
CUST007190,21.0,751.0,774.0,227.8652380952381,11.0,1211.9166666666667,174.0,4.7902997253488495,229.71464572995845,1100.4020043488283
CUST007191,36.0,589.0,610.0,207.80944444444447,14.0,1121.724,174.0,10.006274416132003,208.79912837360837,2089.301376355499
CUST007192,9.0,391.0,599.0,137.71222222222224,2.0,113.57,174.0,2.1294229119213384,140.5067718020554,299.1983391553998
CUST007193,16.0,589.0,592.0,114.38312499999999,1.0,0.0,174.0,4.804807196754112,115.71735366411242,555.9995736746682
CUST007194,13.0,665.0,725.0,170.8653846153846,1.0,0.0,174.0,3.2575252784220026,173.18574457990474,564.156940831376
CUST007198,64.0,679.0,819.0,148.971875,0.0,0.0,174.0,0.13910306918569648,149.38614458815294,20.780071206030296
CUST007200,26.0,571.0,621.0,5.898461538461539,7.0,0.0,174.0,7.129439390241586,6.072520301052935,43.29366543236849
CUST007201,16.0,763.0,868.0,79.87,2.0,0.0,174.0,3.267449848650908,80.87007850242776,264.2389257631446
CUST007202,75.0,890.0,896.0,71.2328,19.0,448.80999999999995,174.0,14.221719873292606,71.42683249364535,1015.8124031612182
CUST007204,27.0,601.0,627.0,222.00296296296295,14.0,299.37000000000006,174.0,7.401399820385342,223.40554048922442,1653.513727250036
CUST007205,43.0,750.0,751.0,194.75069767441863,4.0,1296.56,174.0,9.78817617249661,195.53193296403217,1913.9010072007443
CUST007206,14.0,714.0,719.0,48.309999999999995,3.0,210.47,174.0,3.539435380572784,49.10483648541901,173.80339561373336
CUST007207,3.0,339.0,430.0,1287.91,3.0,603.9,174.0,1.594906273802068,1358.587873294343,2166.820322628557
CUST007208,110.0,779.0,824.0,301.11999999999995,0.0,0.0,174.0,19.06962064632464,301.57329445252975,5750.8883222721015
CUST007209,15.0,719.0,720.0,117.26333333333334,4.0,0.0,174.0,3.765264535462412,118.71719370591606,447.0016392105072
CUST007210,27.0,594.0,605.0,9.326666666666666,8.0,47.34,174.0,7.674951512365847,9.51383360411157,73.0182116082731
CUST007211,52.0,677.0,685.0,168.50403846153844,12.0,1411.9299999999998,174.0,12.836583849129466,169.07199099400518,2170.3067889338095
CUST007212,14.0,698.0,730.0,219.49571428571429,3.0,0.0,174.0,3.478908910806866,222.18733510481675,772.9694999645782
CUST007213,52.0,647.0,659.0,180.66038461538463,11.0,555.0,174.0,13.306195008788356,181.2643100776336,2411.9382580264732
CUST007214,28.0,548.0,562.0,23.385714285714283,15.0,1117.5933333333332,174.0,8.50900788913978,23.643619760275666,201.18374706800682
CUST007215,105.0,889.0,900.0,262.6886666666667,19.0,1643.6733333333332,174.0,19.705423572777292,263.1073409112142,5184.641597762591
CUST007216,19.0,779.0,859.0,120.36526315789474,5.0,0.0,174.0,3.9003942250443977,121.53580779850483,474.0375628733941
CUST007217,10.0,756.0,804.0,214.344,0.0,0.0,174.0,2.3463969741473916,218.04877375141209,511.6289829468625
CUST007218,24.0,754.0,800.0,199.4295833333333,1.0,0.0,174.0,5.239897709936957,200.86337867916328,1052.5035579511475
CUST007220,28.0,760.0,803.0,137.36357142857145,2.0,0.0,174.0,6.0434221529878,138.24945069133432,835.4997929464043
CUST007222,6.0,477.0,591.0,4.236666666666667,2.0,0.0,174.0,1.9937799740135753,4.962538356825989,9.89420959611389
CUST007223,6.0,184.0,658.0,67.82833333333333,0.0,0.0,174.0,0.04202353480036946,70.22295560235614,2.9510168185404124
CUST007224,74.0,487.0,841.0,130.98891891891893,0.0,0.0,174.0,2.374512860855981e-13,131.30972838579643,3.117966388075793e-11
CUST007225,29.0,613.0,613.0,125.44724137931036,10.0,47.34,174.0,8.123551082428408,126.23903223796299,1025.509226981419
CUST007226,36.0,726.0,737.0,43.37583333333333,4.0,0.0,174.0,8.386946869509707,43.661739164773614,366.1886866053474
CUST007227,32.0,762.0,784.0,85.83125,9.0,625.89,174.0,7.0531502685390945,86.35759914058082,609.0931235687791
CUST007229,35.0,520.0,585.0,137.53942857142857,18.0,944.2349999999999,174.0,9.431759374697133,138.24812617557353,1303.9230600907779
CUST007230,19.0,636.0,638.0,157.70684210526318,11.0,0.0,174.0,5.250146049311309,159.1813723710944,835.7254532780536
CUST007231,15.0,556.0,647.0,166.34466666666668,2.0,0.0,174.0,4.042451313063564,168.30573127895673,680.367724404742
CUST007233,11.0,498.0,649.0,259.72545454545457,4.0,2071.8,174.0,2.8741152148781763,263.7305832644842,757.9920819891498
CUST007234,37.0,721.0,742.0,189.49162162162162,5.0,0.0,174.0,8.54318498230118,190.37817318553044,1626.4359501165568
CUST007235,3.0,131.0,541.0,440.4066666666667,0.0,0.0,174.0,0.269560465634592,465.4060814051054,125.45508001273105
CUST007236,26.0,839.0,855.0,165.64115384615386,5.0,0.0,174.0,5.332473237305053,166.76343632222023,889.2615611492648
CUST007237,29.0,820.0,822.0,168.65275862068967,11.0,323.93,174.0,6.149492448735166,169.6743429945546,1043.411090989114
CUST007238,45.0,730.0,732.0,79.866,5.0,946.81,174.0,10.480424683697729,80.21936491254536,840.7330121399959
CUST007239,45.0,671.0,675.0,66.03288888888889,15.0,1874.0349999999999,174.0,11.315763394785568,66.3389295877464,750.675631078278
CUST007240,24.0,692.0,706.0,4.812083333333333,7.0,0.0,174.0,5.932517550688775,4.993750786315874,29.625514183584794
CUST007242,17.0,556.0,576.0,187.3270588235294,4.0,49.36,174.0,5.201948674592871,189.24639803416434,984.4500494252961
CUST007243,21.0,513.0,513.0,31.99857142857143,7.0,266.23,174.0,7.072630436090613,32.40646584464636,229.19895665897675
CUST007245,62.0,570.0,571.0,50.0158064516129,14.0,625.7049999999999,174.0,18.103407345930478,50.19799075347868,908.754674557476
CUST007246,17.0,535.0,609.0,183.3805882352941,7.0,0.0,174.0,4.831839366144472,185.2639864543853,895.165822879155
CUST007247,28.0,745.0,758.0,338.46785714285716,7.0,0.0,174.0,6.419038836702709,340.46174302453085,2185.4371508859613
CUST007248,65.0,651.0,666.0,184.15938461538462,23.0,283.77,174.0,16.3642992154152,184.6505176768027,3021.6763215445135
CUST007249,5.0,125.0,567.0,33.622,0.0,0.0,174.0,0.03628070001540844,35.427867554873785,1.2853478349439975
CUST007250,39.0,711.0,715.0,97.17666666666666,11.0,2269.545,174.0,9.330097916763401,97.65297827900778,911.1118492067122
CUST007252,13.0,700.0,747.0,274.45384615384614,11.0,0.0,174.0,3.175988008834103,278.01134034026614,882.9606832405821
CUST007253,7.0,711.0,777.0,145.51857142857142,1.0,0.0,174.0,1.7820786138551599,149.30438715761014,266.072155308328
CUST007254,71.0,795.0,797.0,73.53183098591549,18.0,0.0,174.0,15.078738769541975,73.74179729296189,1111.9332977770898
CUST007255,16.0,555.0,596.0,84.84687500000001,5.0,617.6899999999999,174.0,4.743912346181247,85.89513875328333,407.4790092086521
CUST007256,34.0,721.0,726.0,192.10235294117646,3.0,0.0,174.0,8.057584464229766,193.07931846859563,1555.7529168566275
CUST007258,46.0,674.0,683.0,181.81608695652176,12.0,0.0,174.0,11.425154546236458,182.50291642985414,2085.1240253499604
CUST007259,36.0,516.0,551.0,147.82972222222222,9.0,155.875,174.0,10.91129150306576,148.56269212240926,1621.0108402278188
CUST007260,11.0,283.0,663.0,101.0090909090909,0.0,0.0,174.0,0.038331898994744595,102.76919107896593,3.9393382522105296
CUST007261,21.0,826.0,885.0,21.50761904761905,6.0,230.24,174.0,4.190291357924225,21.8383035596777,91.5088546778433
CUST007262,37.0,748.0,753.0,108.01270270270271,11.0,571.3399999999999,174.0,8.442032921750474,108.55998778664738,916.4669908797066
CUST007263,144.0,766.0,768.0,300.928125,39.0,866.0840000000001,174.0,31.366938941994192,301.27407279196996,9450.045446071636
CUST007264,6.0,735.0,900.0,192.0633333333333,0.0,0.0,174.0,1.3398422223838833,197.71808761386345,264.91104191405014
CUST007265,41.0,693.0,705.0,95.98243902439023,16.0,3154.0,174.0,9.914726296341229,96.43094301328289,956.0864064747783
CUST007266,12.0,778.0,806.0,446.5425,2.0,225.91,174.0,2.757481052796694,452.6289945460059,1248.1158764070294
CUST007268,2.0,30.0,614.0,112.66,0.0,0.0,174.0,0.013807232978985501,123.96664853994186,1.71163639801499
CUST007269,15.0,547.0,656.0,63.596666666666664,4.0,0.0,174.0,3.9130453370174636,64.49593817591452,252.3755301358289
CUST007270,35.0,856.0,862.0,74.32485714285714,6.0,190.4466666666667,174.0,7.033662570896799,74.7552312205647,525.8030718148217
CUST007271,6.0,702.0,809.0,5.638333333333333,5.0,120.08,174.0,1.500874172759828,6.400987076613456,9.60707618345857
CUST007272,76.0,908.0,910.0,178.38868421052632,14.0,0.0,174.0,14.199419146481823,178.79691535363784,2538.812343204335
CUST007275,19.0,743.0,759.0,57.20315789473685,6.0,0.0,174.0,4.448400490083934,57.85952041986206,257.38231899173576
CUST007276,10.0,499.0,712.0,248.493,2.0,0.0,174.0,2.1699433593595936,252.7298643427004,548.4094908422937
CUST007277,31.0,717.0,717.0,35.63967741935484,7.0,3154.0,174.0,7.465715407401745,35.93344857915828,268.2689006985003
CUST007279,24.0,663.0,678.0,353.16125000000005,0.0,0.0,174.0,6.163225791660255,355.5841224218754,2191.54523441538
CUST007282,6.0,267.0,801.0,325.52,0.0,0.0,174.0,0.09149998104554491,334.67687808742085,30.62292800138115
CUST007284,27.0,667.0,669.0,144.7437037037037,8.0,2050.865,174.0,6.987469452417875,145.70475707601335,1018.1075391406105
CUST007285,11.0,278.0,550.0,4.100909090909091,6.0,49.36,174.0,0.3147189921069664,4.490251830082523,1.413167530270033
CUST007286,17.0,560.0,568.0,283.3982352941176,8.0,1235.46,174.0,5.279068404976674,286.1925064886424,1510.8298187452738
CUST007287,5.0,294.0,446.0,86.8,0.0,0.0,174.0,2.093504745710368,90.2892771223338,189.02103014236437
CUST007288,43.0,823.0,823.0,37.99813953488372,9.0,72.46,174.0,8.970630449247937,38.21807960014431,342.8402685728359
CUST007289,104.0,715.0,726.0,130.45884615384614,28.0,0.0,174.0,23.950995507482286,130.68619457307952,3130.0644591097835
CUST007290,177.0,681.0,683.0,183.03971751412428,46.0,850.0807692307692,174.0,43.01892843326594,183.21883612948588,7881.877999080633
CUST007291,18.0,648.0,664.0,90.87388888888889,3.0,235.07,174.0,4.801578882749009,91.85649075203655,441.0561862384084
CUST007292,30.0,540.0,570.0,100.38699999999999,13.0,2548.2033333333334,174.0,8.926679297673596,101.02344207874826,901.8038689840897
CUST007294,70.0,787.0,898.0,212.37657142857142,0.0,0.0,174.0,1.9037558724153278,212.8945279050138,405.2992077042589
CUST007295,58.0,775.0,799.0,63.811551724137935,8.0,0.0,174.0,12.295676379424899,64.04292361046338,787.4510631064877
CUST007297,45.0,492.0,799.0,158.11577777777777,0.0,0.0,174.0,4.78812764067056e-06,158.73684163200275,0.0007600522590109376
CUST007299,22.0,711.0,745.0,124.09454545454545,2.0,0.0,174.0,5.179118608210416,125.130539348683,648.0659047961698
CUST007300,43.0,810.0,816.0,81.93744186046511,6.0,0.0,174.0,9.040345808107068,82.31471856411596,744.1535209166187
CUST007301,10.0,850.0,881.0,548.2729999999999,2.0,0.0,174.0,2.1548602881646377,557.1808683971797,1200.6469266341696
CUST007302,34.0,532.0,532.0,87.14029411764707,15.0,604.86,174.0,10.802546426195239,87.64147498984596,946.7511024380399
CUST007303,13.0,728.0,754.0,178.9092307692308,2.0,0.0,174.0,3.157517920002962,181.32565661990105,572.5390101336413
CUST007304,3.0,383.0,441.0,229.53666666666666,4.0,0.0,174.0,1.5780825394352216,243.1706788434436,383.7434023854482
CUST007305,8.0,592.0,604.0,726.735,4.0,612.37,174.0,2.5458437402555543,741.4028406762079,1887.4957809432099
CUST007306,65.0,810.0,827.0,51.066153846153846,18.0,702.98,174.0,13.324214244763095,51.24239481834417,682.764646974356
CUST007307,6.0,795.0,836.0,62.895,1.0,0.0,174.0,1.4694472545568924,65.16016343758693,95.74942326984052
CUST007308,7.0,362.0,385.0,166.53428571428572,5.0,0.0,174.0,3.441492856807065,170.79103923742124,587.7761415422403
CUST007309,14.0,743.0,761.0,928.1407142857142,0.0,0.0,174.0,3.3498845027110282,938.684314691733,3144.484038723758
CUST007310,8.0,173.0,719.0,16.99,0.0,0.0,174.0,0.0018148190145842263,17.780221021037253,0.03226788319248857
CUST007313,105.0,573.0,586.0,299.10009523809526,38.0,961.7599999999999,174.0,29.534146988288434,299.5720509650296,8847.604986784218
CUST007315,20.0,593.0,678.0,129.044,1.0,0.0,174.0,5.02749362911155,130.2226558858655,654.6935728321745
CUST007316,7.0,370.0,537.0,210.09285714285716,4.0,240.16,174.0,2.2731155200148296,215.32570775523246,489.4602081565965
CUST007317,16.0,567.0,602.0,41.955625,6.0,215.9033333333333,174.0,4.707199612176686,42.588623021120334,200.47314976815673
CUST007318,21.0,520.0,561.0,192.03571428571428,11.0,446.905,174.0,6.447414015465638,193.6214285974809,1248.3575124338777
CUST007319,35.0,550.0,675.0,135.24342857142858,0.0,0.0,174.0,3.3835827077664278,135.94201725919146,459.9710588570855
CUST007320,24.0,628.0,862.0,344.25333333333333,0.0,0.0,174.0,0.8989404715541301,346.6188941006787,311.5897521124352
CUST007322,66.0,811.0,814.0,71.99045454545454,11.0,242.69,174.0,13.756744258829832,72.21277301563931,993.4126505970779
CUST007324,124.0,840.0,842.0,134.16459677419354,20.0,1349.645,174.0,24.77938962908267,134.35982143161658,3329.354365747999
CUST007326,34.0,902.0,904.0,381.6844117647059,2.0,0.0,174.0,6.537463096783716,383.52073766962064,2507.252669366413
CUST007327,80.0,661.0,665.0,125.894125,19.0,741.0775,174.0,20.12967576775204,126.18103796496459,2539.983382273148
CUST007328,13.0,664.0,697.0,338.0269230769231,0.0,0.0,174.0,3.3981385443994476,342.3436565442915,1163.3311747338032
CUST007330,20.0,626.0,649.0,27.883,4.0,198.19,174.0,5.405942229599635,28.27963139856761,152.87805361502842
CUST007331,11.0,629.0,669.0,8.423636363636364,1.0,0.0,174.0,3.038771649730182,8.874123687496201,26.96643547776252
CUST007332,17.0,741.0,741.0,135.5629411764706,0.0,0.0,174.0,4.110600111828855,137.01085822063385,563.196849123505
CUST007333,17.0,702.0,793.0,30.30352941176471,9.0,0.0,174.0,3.772451847025614,30.792836086598722,116.16449137004632
CUST007334,10.0,843.0,845.0,6.736,5.0,4136.36,174.0,2.247525218989511,7.205942175782122,16.195536766650466
CUST007336,14.0,202.0,640.0,77.61785714285715,0.0,0.0,174.0,0.00010497864405225518,78.7374326668949,0.008265748917526369
CUST007337,40.0,829.0,857.0,292.06399999999996,5.0,0.0,174.0,8.020309756832102,293.27874520562625,2352.18638164416
CUST007338,43.0,561.0,567.0,81.6160465116279,5.0,0.0,174.0,12.756266080519719,81.99217237170355,1045.913967293288
CUST007339,29.0,835.0,836.0,62.77448275862069,6.0,0.0,174.0,6.051426864547104,63.23294133864234,382.6495199409914
CUST007341,17.0,745.0,758.0,40.61,3.0,555.0,174.0,4.01880675154465,41.193168966209484,165.54738555892223
CUST007343,11.0,454.0,488.0,300.00454545454545,3.0,0.0,174.0,4.079317648880587,304.57941825637226,1242.4761963790015
CUST007344,17.0,656.0,689.0,150.55411764705883,3.0,0.0,174.0,4.387441906587504,152.13856117348362,667.4990989004685
CUST007345,19.0,672.0,679.0,81.39526315789473,4.0,211.59,174.0,4.948090423377629,82.24856572816911,406.973340416099
CUST007346,39.0,305.0,625.0,50.526153846153846,0.0,0.0,174.0,1.8218592821961267e-08,50.81822012009098,9.25836460304737e-07
CUST007348,17.0,567.0,732.0,215.04882352941175,0.0,0.0,174.0,3.337318540719048,217.22062825032873,724.9344300864619
CUST007349,93.0,875.0,893.0,74.49655913978495,17.0,235.1,174.0,17.586004401610378,74.65836808178025,1312.9423897032352
CUST007351,35.0,593.0,594.0,56.83114285714286,11.0,0.0,174.0,10.017530997222458,57.184494942286726,572.8474506448682
CUST007352,23.0,876.0,881.0,193.80739130434782,2.0,0.0,174.0,4.618830626196599,195.26618895602616,901.9014538107856
CUST007353,9.0,483.0,526.0,232.69999999999996,2.0,1289.02,174.0,3.187525331196365,237.1418975313756,755.8958054692324
CUST007354,2.0,392.0,544.0,1363.54,2.0,0.0,174.0,0.9742727571095129,1478.7767273879701,1440.7318793416603
CUST007355,23.0,622.0,701.0,348.8560869565217,9.0,1816.533333333333,174.0,5.5680281743353675,351.3560981927929,1956.3606539620148
CUST007358,18.0,826.0,870.0,118.09166666666667,2.0,0.0,174.0,3.702259446912695,119.30825491477745,441.7101138529028
CUST007359,24.0,275.0,808.0,373.51375,0.0,0.0,174.0,2.172846280676957e-08,376.0675661085386,8.171370123021738e-06
CUST007360,106.0,569.0,569.0,194.18773584905662,31.0,1608.7424999999998,174.0,30.767651008037035,194.50316301530887,5984.40543961436
CUST007361,41.0,760.0,821.0,181.82048780487807,7.0,0.0,174.0,8.367282315477187,182.5914081099071,1527.7938600361035
CUST007363,12.0,614.0,664.0,184.30916666666667,3.0,0.0,174.0,3.2998555676763477,186.99950328095065,617.0713520543565
CUST007364,21.0,502.0,549.0,549.1042857142857,5.0,0.0,174.0,6.5548013918352686,553.3179053988082,3626.8889764354835
CUST007365,116.0,749.0,752.0,89.99258620689655,20.0,1216.0825,174.0,25.837733888570735,90.14279233926302,2329.085480434571
CUST007366,26.0,669.0,678.0,66.94923076923077,7.0,117.07,174.0,6.652700151462144,67.48568349347518,448.96201679856864
CUST007368,51.0,857.0,866.0,89.96901960784314,5.0,0.0,174.0,10.076342842260052,90.31117146521008,910.0063261695899
CUST007369,58.0,848.0,866.0,42.295344827586206,10.0,91.125,174.0,11.40728868861118,42.46965026001176,484.463561020305
CUST007371,19.0,868.0,894.0,23.25368421052632,5.0,2125.395,174.0,3.801808933300157,23.633675133948007,89.85071725095732
CUST007372,39.0,719.0,733.0,125.30179487179485,4.0,37.49,174.0,9.102590922156837,125.88918615830262,1145.9177631222776
CUST007373,20.0,678.0,711.0,75.104,4.0,0.0,174.0,4.952069629841657,75.86567304816275,375.69209544930345
CUST007374,5.0,524.0,665.0,188.66199999999998,1.0,0.0,174.0,1.5380482116733676,195.37583361864077,300.49745150134385
CUST007375,33.0,475.0,864.0,40.118484848484854,0.0,0.0,174.0,1.4534766556344203e-05,40.41528869854229,0.0005874267865405683
CUST007376,25.0,845.0,867.0,263.8592,5.0,204.78,174.0,5.06693007905518,265.6331324923087,1345.9445090189288
CUST007377,5.0,512.0,525.0,124.10799999999999,4.0,0.0,174.0,1.9754347485072008,128.7783039406195,254.39313645812157
CUST007378,6.0,714.0,727.0,138.815,3.0,0.0,174.0,1.6824547598875395,143.072429886765,240.71289067166404
CUST007379,62.0,693.0,699.0,133.01548387096776,20.0,810.3533333333334,174.0,14.953711667550678,133.40356685930567,1994.8784742368762
CUST007380,17.0,531.0,557.0,14.59235294117647,5.0,0.0,174.0,5.361247132094528,14.93857600546614,80.08939776688148
CUST007381,15.0,421.0,570.0,13.833333333333334,0.0,0.0,174.0,3.5157503763596716,14.21835284626278,49.98817937046298
CUST007382,25.0,872.0,897.0,52.8016,9.0,4216.17,174.0,4.903200578818091,53.27228386214597,261.20469306783576
CUST007383,12.0,560.0,663.0,191.75249999999997,0.0,0.0,174.0,3.2294421525084145,194.5392344871902,628.2532041696508
CUST007384,4.0,536.0,642.0,40.07,2.0,0.0,174.0,1.3582006916655915,42.60252532050224,57.862779357007014
CUST007385,18.0,700.0,704.0,44.67444444444445,3.0,0.0,174.0,4.548459673333451,45.259877917096794,205.86272952590994
CUST007387,13.0,524.0,584.0,28.373846153846152,6.0,2548.45,174.0,3.9795821026729317,28.99246100173968,115.37787891496617
CUST007388,21.0,646.0,767.0,24.252857142857142,5.0,0.0,174.0,4.4482577713644,24.603745689987008,109.44380297015806
CUST007389,41.0,619.0,641.0,122.57195121951219,8.0,0.0,174.0,10.822203041395738,123.12032808170066,1332.433189023422
CUST007390,4.0,151.0,878.0,342.6975,0.0,0.0,174.0,0.014515021807440473,357.30057054454767,5.186225573265032
CUST007391,37.0,676.0,679.0,123.12540540540539,5.0,0.0,174.0,9.314099108048648,123.73561760616408,1152.4858055794214
CUST007392,79.0,763.0,763.0,123.05518987341773,13.0,999.8533333333334,174.0,17.45718736746624,123.3402175650315,2153.1732879768056
CUST007393,37.0,686.0,696.0,95.0745945945946,10.0,0.0,174.0,9.092245481371945,95.56800726033008,868.9277821764574
CUST007394,31.0,718.0,732.0,7.938709677419355,7.0,0.0,174.0,7.310994771646393,8.09470254133241,59.18032795771402
CUST007395,24.0,660.0,715.0,102.82541666666667,5.0,0.0,174.0,5.799382502576346,103.63768120643545,601.0345549961871
CUST007396,9.0,635.0,655.0,240.9377777777778,4.0,0.0,174.0,2.6075233925395973,245.52254091423404,640.2057688296256
CUST007397,39.0,614.0,646.0,111.06871794871796,9.0,1578.635,174.0,10.197475768911826,111.59989596090843,1138.0372348744445
CUST007399,31.0,738.0,752.0,368.3225806451613,12.0,2074.2,174.0,7.1263116349643125,370.27104069184173,2638.666825372616
CUST007400,116.0,842.0,851.0,122.20120689655172,15.0,659.4133333333333,174.0,22.94467034921982,122.39406918901177,2808.2915702414775
CUST007401,6.0,525.0,537.0,690.835,1.0,0.0,174.0,2.2371049160826804,709.5783482913394,1587.4012113083836
CUST007402,8.0,861.0,873.0,206.47625,3.0,0.0,174.0,1.7953377305715614,210.9714891717598,378.76507458493
CUST007403,40.0,673.0,681.0,274.11675,8.0,323.93,174.0,10.008636673591432,275.26239175474643,2755.001268977047
CUST007404,16.0,578.0,602.0,54.995,3.0,0.0,174.0,4.717469228444332,55.75424301529334,263.0189257798537
CUST007406,17.0,551.0,672.0,60.20882352941176,4.0,0.0,174.0,4.14487826277418,60.97048138461434,252.71522296196574
CUST007408,34.0,671.0,710.0,160.38029411764705,7.0,35.66,174.0,8.166079404803122,161.21346607823457,1316.4819651183982
CUST007411,48.0,780.0,781.0,174.50750000000002,11.0,152.575,174.0,10.491338812609026,175.14218425032325,1837.4759953505377
CUST007412,33.0,618.0,670.0,43.43909090909091,5.0,0.0,174.0,8.293232343963476,43.75140505504801,362.8405674963713
CUST007413,32.0,675.0,704.0,51.7128125,8.0,0.0,174.0,7.79747456638283,52.074792903081075,406.0518732114278
CUST007414,2.0,305.0,834.0,62.79,0.0,0.0,174.0,0.4406659294488169,69.95317112232293,30.82597917051057
CUST007415,17.0,750.0,764.0,101.22705882352942,8.0,0.0,174.0,3.9884323676886746,102.36227477700852,408.2650099508628
CUST007417,44.0,681.0,706.0,162.9293181818182,10.0,225.91,174.0,10.570353958562949,163.58138960381223,1729.1131891458847
CUST007418,13.0,611.0,686.0,234.1623076923077,2.0,0.0,174.0,3.412735736669162,237.23860889310492,809.6326786871776
CUST007420,5.0,232.0,639.0,46.858,0.0,0.0,174.0,0.34844902630190416,49.08286806325884,17.10287758474737
CUST007421,27.0,780.0,819.0,84.0137037037037,0.0,0.0,174.0,5.737294482469991,84.62769496169105,485.5340073678635
CUST007422,108.0,866.0,893.0,184.7648148148148,26.0,496.15,174.0,20.21468244066303,185.06098726676598,3740.9490897532587
CUST007423,13.0,478.0,561.0,136.57307692307694,5.0,0.0,174.0,4.067268243354662,138.48389139610114,563.2511336915381
CUST007426,30.0,748.0,760.0,246.22733333333332,5.0,425.3,174.0,6.838946093531198,247.61345547862578,1693.415074051309
CUST007427,15.0,505.0,616.0,97.34933333333333,4.0,2538.03,174.0,4.091786929193038,98.59740334645424,403.4395662653954
CUST007428,2.0,539.0,755.0,566.29,0.0,0.0,174.0,0.7132499347977241,615.2867560385276,438.853238626383
CUST007429,64.0,713.0,733.0,67.37234375,13.0,1984.4850000000001,174.0,14.701497697656123,67.59052900986781,993.682006621931
CUST007430,39.0,603.0,607.0,172.17692307692306,10.0,92.41,174.0,10.890915483256517,172.94944681614606,1883.5778081506148
CUST007432,52.0,584.0,745.0,133.68346153846153,0.0,0.0,174.0,0.053595203348428856,134.14837339137054,7.189709350771467
CUST007433,35.0,559.0,559.0,106.70828571428571,5.0,0.0,174.0,10.6054319911668,107.28123878658977,1137.7638818793037
CUST007434,13.0,526.0,545.0,142.91,3.0,0.0,174.0,4.288594296613657,144.89649495213914,621.4022818510534
CUST007435,14.0,771.0,779.0,77.38214285714285,6.0,0.0,174.0,3.279040546995081,78.49910660270228,257.4017534531501
CUST007436,53.0,734.0,786.0,124.90981132075473,1.0,247.28,174.0,11.13234664683693,125.34045418131373,1395.3333848183659
CUST007437,27.0,694.0,748.0,302.8833333333333,9.0,136.18,174.0,6.212375878909892,304.7481290770806,1893.2099262213737
CUST007438,12.0,246.0,654.0,33.68083333333333,0.0,0.0,174.0,0.004719207203708733,34.420397318945476,0.16243698698208422
CUST007439,4.0,450.0,582.0,809.1075000000001,4.0,0.0,174.0,1.4697466706155737,842.3137146670979,1237.9877777458034
CUST007441,11.0,761.0,836.0,52.22545454545455,4.0,1335.02,174.0,2.4479799534285704,53.295514609453264,130.4663513716011
CUST007442,18.0,565.0,595.0,17.158333333333335,6.0,140.06,174.0,5.310214712388788,17.507215702523116,92.96707439650227
CUST007443,71.0,752.0,780.0,150.6049295774648,18.0,490.0783333333333,174.0,15.272316547325937,150.9818037434986,2305.8418996569508
CUST007444,19.0,899.0,902.0,29.375263157894743,3.0,2036.14,174.0,3.7763567452725417,29.80508786060785,112.5546445858472
CUST007445,7.0,658.0,658.0,49.15,0.0,0.0,174.0,2.101167888076677,50.776307761247004,106.68954734303074
CUST007446,12.0,624.0,663.0,542.1241666666667,3.0,0.0,174.0,3.31174297764753,549.4485299124711,1819.6323105163851
CUST007447,36.0,689.0,697.0,47.403333333333336,14.0,450.105,174.0,8.845556954924445,47.70647691969141,421.9903587119189
CUST007448,4.0,90.0,810.0,164.3425,0.0,0.0,174.0,0.00273477405641227,171.83173557107494,0.4699209725080692
CUST007449,29.0,882.0,884.0,76.11206896551724,8.0,0.0,174.0,5.7362354306202255,76.64146503256876,439.633487174462
CUST007450,13.0,729.0,740.0,89.76769230769231,2.0,0.0,174.0,3.218957080397429,91.11952036256818,293.30982523350656
CUST007451,41.0,795.0,805.0,36.75487804878049,10.0,1879.17,174.0,8.742662513541312,36.980917381325575,323.31168010608343
CUST007452,15.0,750.0,763.0,29.50466666666667,2.0,574.2,174.0,3.559980798642702,30.051633016992543,106.98323650835052
CUST007453,26.0,654.0,655.0,206.07923076923075,11.0,127.33,174.0,6.878196287108988,207.44155141488005,1426.8237087339562
CUST007454,13.0,755.0,777.0,42.110769230769236,3.0,0.0,174.0,3.0700068240543583,42.89344113086407,131.68315697892658
CUST007455,12.0,637.0,707.0,34.93416666666666,2.0,3010.59,174.0,3.096278010012139,35.6899624481645,110.50604590641075
CUST007457,21.0,635.0,678.0,18.6,1.0,0.0,174.0,5.405687117463712,18.90928540743683,102.21768052742583
CUST007458,10.0,384.0,679.0,468.81200000000007,0.0,0.0,174.0,0.8765455149031013,476.48175160095263,417.65794229898864
CUST007459,7.0,307.0,852.0,31.722857142857144,0.0,0.0,174.0,0.0723938652961608,32.958642835571275,2.386003549782622
CUST007461,6.0,467.0,575.0,613.2933333333334,0.0,0.0,174.0,2.0489039099337547,630.0018599582693,1290.8132741340357
CUST007462,31.0,780.0,867.0,75.02870967741936,2.0,0.0,174.0,5.985867861265671,75.51839290036244,452.0431209967132
CUST007463,19.0,229.0,763.0,79.16263157894737,0.0,0.0,174.0,2.496996730579526e-07,79.99775902311444,1.9975414273440555e-05
CUST007465,25.0,864.0,868.0,61.516000000000005,5.0,2267.37,174.0,5.069150960246954,62.04049395883375,314.4926295256175
CUST007466,84.0,737.0,747.0,181.5717857142857,2.0,0.0,174.0,18.89836852613083,181.9468910503253,3438.499399252823
CUST007467,7.0,370.0,404.0,74.44428571428571,2.0,0.0,174.0,3.2855755224628354,76.63740909529197,251.79799542846197
CUST007468,26.0,682.0,690.0,56.533846153846156,11.0,0.0,174.0,6.543845247907227,57.00847373582837,373.05462994664447
CUST007469,9.0,734.0,769.0,301.5444444444445,4.0,161.45,174.0,2.236728489426144,307.18029299966616,687.0789127426236
CUST007470,16.0,664.0,664.0,265.17,4.0,0.0,174.0,4.313440468912233,267.96412134729246,1155.8472852359198
CUST007471,13.0,783.0,842.0,21.974615384615387,0.0,0.0,174.0,2.8303781626196614,22.516805626323304,63.731074936697006
CUST007472,8.0,454.0,756.0,422.33125,0.0,0.0,174.0,1.3234520947679673,431.04709458732015,570.470180275235
CUST007473,250.0,792.0,792.0,181.37812,46.0,257.808,174.0,52.67147870541963,181.5038835212535,9560.077935840669
CUST007474,38.0,612.0,614.0,68.70763157894737,10.0,603.9,174.0,10.509485893308437,69.08111970452639,726.0070530286715
CUST007475,67.0,667.0,678.0,82.08611940298508,20.0,2489.424,174.0,16.59165360739146,82.32828327472994,1365.9623581855192
CUST007476,32.0,667.0,692.0,83.14281249999999,4.0,2084.86,174.0,7.932684927967504,83.65620984354375,663.6183549567662
CUST007478,14.0,318.0,909.0,147.2492857142857,0.0,0.0,174.0,0.0002005250429285945,149.14039642978133,0.029906384396469504
CUST007479,45.0,464.0,795.0,222.02888888888887,0.0,0.0,174.0,4.748012440508066e-07,222.8686047660306,0.00010581829080277884
CUST007481,4.0,76.0,850.0,64.305,0.0,0.0,174.0,0.0010571476770358458,67.80415810669894,0.071679008235868
CUST007482,27.0,648.0,682.0,172.31666666666666,11.0,106.4,174.0,6.825834425874908,173.43529505666208,1183.8406076595363
CUST007483,106.0,729.0,730.0,136.94915094339623,27.0,888.588,174.0,24.318172267872693,137.18161120120618,3336.006053175266
CUST007485,6.0,643.0,696.0,11.08,4.0,130.7,174.0,1.7450570539011006,11.985452082684901,20.915297701082924
CUST007487,35.0,255.0,790.0,109.82857142857142,0.0,0.0,174.0,1.4643236995408845e-13,110.4152626138432,1.616836858364812e-11
CUST007489,2.0,596.0,630.0,470.255,2.0,171.37,174.0,0.8794498481614168,511.2726332432392,449.63863967485446
CUST007490,16.0,561.0,565.0,125.546875,7.0,722.595,174.0,5.01925903036912,126.98918917846407,637.3916345432583
CUST007492,3.0,96.0,566.0,40.49666666666666,0.0,0.0,174.0,0.08621476166164062,43.941862509889596,3.7884372032587126
CUST007493,61.0,874.0,875.0,99.02475409836066,14.0,140.06,174.0,11.8876049382567,99.33350797034443,1180.8374998826278
CUST007494,9.0,391.0,545.0,21.41111111111111,3.0,35.66,174.0,2.7515709024632446,22.188681226499668,61.05372962686894
CUST007495,8.0,756.0,757.0,59.6475,0.0,0.0,174.0,2.0585340044077762,61.27180165625194,126.13008722072331
CUST007496,94.0,553.0,554.0,143.31563829787234,24.0,414.774,174.0,28.020169702055156,143.5882310160407,4023.36660028736
CUST007499,61.0,660.0,886.0,108.85393442622951,0.0,0.0,174.0,0.00033497711408350195,109.18747244604364,0.036575304414047584
CUST007501,14.0,637.0,644.0,114.9157142857143,8.0,523.1899999999999,174.0,3.9275027520610557,116.4485602243058,457.3520407545086
CUST007503,70.0,820.0,829.0,120.34885714285714,13.0,0.0,174.0,14.312691604256514,120.6646670631334,1727.0361672049169
CUST007504,25.0,726.0,732.0,125.18799999999999,3.0,0.0,174.0,5.962704644050063,126.10565889001708,751.9307979044979
CUST007505,71.0,827.0,829.0,160.36901408450703,17.0,1431.49,174.0,14.522524872319357,160.7670331437633,2334.743237479293
CUST007508,15.0,503.0,522.0,135.576,4.0,329.3,174.0,5.083351959654507,137.21910262707894,697.5329942413947
CUST007509,27.0,245.0,755.0,189.46925925925927,0.0,0.0,174.0,5.041198589568461e-10,190.6859119379307,9.61285550312072e-08
CUST007510,16.0,640.0,673.0,87.96,5.0,0.0,174.0,4.242276495555897,89.03840449603247,377.7255305953171
CUST007511,7.0,395.0,574.0,100.55,6.0,645.69,174.0,2.1301602983761416,103.32812217438028,220.10546356162433
CUST007512,4.0,39.0,686.0,55.475,0.0,0.0,174.0,0.00042851084390282056,58.62196633850761,0.025120148266956636
CUST007513,43.0,590.0,613.0,152.19767441860466,10.0,198.65,174.0,11.80952223213288,152.82653701957597,1804.808386592561
CUST007514,25.0,294.0,762.0,225.77,0.0,0.0,174.0,1.954662489315698e-07,227.3087374662874,4.443118626190618e-05
CUST007515,9.0,509.0,527.0,342.4755555555555,3.0,0.0,174.0,3.196929850910647,348.8212615642381,1115.1571037270237
CUST007516,11.0,747.0,808.0,168.42818181818183,1.0,0.0,174.0,2.5346260969361474,171.14191890602288,433.7807739389354
CUST007517,16.0,660.0,677.0,91.941875,4.0,0.0,174.0,4.228393057964177,93.05883132740267,393.48931636704873
CUST007519,46.0,820.0,845.0,136.7345652173913,15.0,255.56,174.0,9.309216996594271,137.27053108167183,1277.8811610770217
CUST007520,3.0,162.0,367.0,41.52,0.0,0.0,174.0,1.4002452145027595,45.02035112983602,63.03953122478679
CUST007523,7.0,312.0,556.0,25.59,2.0,0.0,174.0,1.5317345016452002,26.688355473826384,40.879474871431405
CUST007524,12.0,455.0,529.0,29.945833333333336,0.0,0.0,174.0,4.0222345226618685,30.637025703812714,123.22930245755452
CUST007525,25.0,813.0,826.0,78.49719999999999,7.0,0.0,174.0,5.3116117972829,79.12655029017893,420.28951799961305
CUST007527,11.0,666.0,735.0,41.29636363636364,5.0,0.0,174.0,2.7657742099229616,42.21183270202378,116.74839824084005
CUST007529,48.0,821.0,831.0,137.81229166666665,9.0,184.65,174.0,9.88083329294796,138.3293098260845,1366.8088499200892
CUST007531,13.0,360.0,740.0,259.4469230769231,0.0,0.0,174.0,0.0496314581238865,262.82519288035536,13.04439755434375
CUST007532,61.0,569.0,570.0,229.6460655737705,13.0,2534.46,174.0,17.847230917115606,230.28417935018325,4109.934925421186
CUST007533,44.0,624.0,642.0,166.63931818181817,18.0,264.96,174.0,11.582014288598234,167.30437128851412,1937.7216188085147
CUST007534,59.0,831.0,844.0,133.88491525423728,8.0,0.0,174.0,11.897262005476888,134.2950494908631,1597.7433898312838
CUST007536,29.0,759.0,779.0,169.03137931034482,3.0,0.0,174.0,6.4615254476699935,170.05497742191648,1098.8145641146596
CUST007537,19.0,629.0,661.0,171.14315789473685,2.0,0.0,174.0,5.05750617828039,172.72706882874198,873.5682177576247
CUST007538,15.0,635.0,644.0,399.106,5.0,0.0,174.0,4.18156068407029,403.4724095181591,1687.1443647482417
CUST007539,19.0,612.0,626.0,160.62736842105264,10.0,580.8499999999999,174.0,5.338374348954321,162.12567373987054,865.4875379998621
CUST007540,14.0,592.0,757.0,55.255,0.0,0.0,174.0,2.999801583482244,56.126788976766775,168.36923044827873
CUST007541,86.0,673.0,682.0,61.14674418604651,22.0,325.475,174.0,21.086520953930545,61.297888553509644,1292.5592114152805
CUST007542,17.0,692.0,698.0,289.0964705882353,3.0,0.0,174.0,4.348580194013895,291.942636310273,1269.535966047055
CUST007543,26.0,707.0,816.0,119.5776923076923,0.0,0.0,174.0,5.175644286765583,120.42654464479884,623.2849577657735
CUST007544,12.0,272.0,871.0,63.74166666666667,0.0,0.0,174.0,0.00029620310449524886,64.87054552793344,0.01921485697567427
CUST007546,11.0,497.0,563.0,86.05818181818182,2.0,0.0,174.0,3.540250124236078,87.60680273679448,310.1499942728623
CUST007547,33.0,659.0,696.0,89.27242424242424,8.0,386.68,174.0,8.09357193591555,89.79882236856238,726.793228600462
CUST007549,45.0,683.0,708.0,121.59022222222224,15.0,247.28,174.0,10.773452439790232,122.08632913926267,1315.2912605304227
CUST007550,19.0,839.0,844.0,353.36,1.0,0.0,174.0,4.023959729915362,356.4272788641952,1434.2490167928345
CUST007551,16.0,787.0,825.0,126.43,2.0,0.0,174.0,3.496581252104981,127.88086444337164,447.14583311567173
CUST007552,37.0,527.0,532.0,196.13,8.0,1874.28,174.0,11.711402947619641,197.04419281510587,2307.6639405461638
CUST007554,22.0,886.0,892.0,201.13318181818184,7.0,182.29,174.0,4.37702388826565,202.7102015887669,887.2673947491782
CUST007555,66.0,781.0,796.0,167.34121212121212,19.0,621.64,174.0,14.03126820170202,167.7856997568792,2354.2461536990213
CUST007556,11.0,283.0,708.0,55.449090909090906,0.0,0.0,174.0,0.016627293230129445,56.56474901668542,0.9405186683891046
CUST007557,8.0,457.0,558.0,171.16125,3.0,0.0,174.0,2.6686487885392243,174.9659761873466,466.9227403879453
CUST007558,4.0,707.0,744.0,529.1525,2.0,0.0,174.0,1.197845462589921,551.1924806394644,660.2434119476653
CUST007559,22.0,607.0,622.0,61.439090909090915,5.0,135.56,174.0,6.158886382129505,62.03506893833614,382.0669412987835
CUST007561,19.0,847.0,852.0,24.63157894736842,3.0,1400.43,174.0,3.9878235089423417,25.022786862810133,99.78645771076783
CUST007562,4.0,92.0,673.0,248.83,0.0,0.0,174.0,0.00933252739886987,259.6890885739136,2.423555534303593
CUST007563,74.0,624.0,644.0,185.66067567567566,14.0,143.17,174.0,19.11937189117311,186.09507132367872,3558.020875751798
CUST007564,44.0,636.0,640.0,93.2125,4.0,0.0,174.0,11.643051366865835,93.62062485809722,1090.0297442209023
CUST007566,64.0,604.0,643.0,201.61484375,13.0,1243.38,174.0,16.120012575278864,202.15561481442558,3258.7510529717706
CUST007567,13.0,609.0,716.0,55.74,0.0,0.0,174.0,3.226085789958962,56.68544280674187,182.8721015363614
CUST007569,21.0,745.0,764.0,52.16047619047619,1.0,0.0,174.0,4.852158154487529,52.716755488583225,255.79003502205427
CUST007570,55.0,540.0,551.0,134.61909090909091,21.0,734.2114285714287,174.0,16.625021494290753,135.06119025846309,2245.3951910914416
CUST007571,10.0,224.0,610.0,183.684,0.0,0.0,174.0,0.017993099299757374,186.9110468039495,3.3631090253650613
CUST007572,20.0,722.0,782.0,69.5495,0.0,0.0,174.0,4.49650469526663,70.26823402013122,315.96144419961433
CUST007573,91.0,826.0,827.0,189.66076923076923,18.0,578.47,174.0,18.57727895090929,190.0206324460801,3530.0662953790343
CUST007574,9.0,796.0,841.0,183.97666666666666,2.0,0.0,174.0,2.0521180890286095,187.5735682918662,384.92311251538183
CUST007575,11.0,764.0,835.0,57.944545454545455,1.0,117.58,174.0,2.4527068445534552,59.095501540050414,144.9439411096009
CUST007576,7.0,623.0,657.0,401.96285714285716,1.0,0.0,174.0,2.0966948898781967,411.4952920246465,862.7800759970127
CUST007577,23.0,747.0,780.0,24.96521739130435,5.0,0.0,174.0,5.171325464915848,25.290172772391596,130.78371446999012
CUST007578,24.0,555.0,556.0,30.510416666666668,5.0,0.0,174.0,7.438422206708848,30.857421768968297,229.53053132807483
CUST007579,66.0,624.0,634.0,49.45515151515151,19.0,401.56333333333333,174.0,17.420556320648032,49.624962280149425,864.4944503113772
CUST007581,24.0,861.0,873.0,33.156666666666666,4.0,574.2,174.0,4.847728133630622,33.52069718259475,162.4992267909773
CUST007582,25.0,869.0,888.0,9.3368,1.0,0.0,174.0,4.953886576796938,9.539095322428391,47.25559627256447
CUST007583,19.0,562.0,563.0,202.26368421052632,6.0,0.0,174.0,5.905333502224605,204.10093720761478,1205.284102327568
CUST007584,8.0,675.0,696.0,565.09875,2.0,0.0,174.0,2.2254304320042966,576.6061226207963,1283.1968125603212
CUST007585,211.0,784.0,786.0,199.0358767772512,32.0,1511.5674999999999,174.0,44.8179710287997,199.19775138091236,8927.639050391776
CUST007586,45.0,790.0,799.0,66.47888888888889,8.0,1283.7933333333333,174.0,9.636400364243894,66.78645539052029,643.5810230517683
CUST007587,11.0,413.0,718.0,458.4463636363636,0.0,0.0,174.0,0.7464544087126449,465.26238156682444,347.29715592870093
CUST007588,22.0,364.0,540.0,72.3990909090909,0.0,0.0,174.0,0.5529877387101059,73.07203867567513,40.40794143019899
CUST007589,32.0,697.0,744.0,79.9803125,7.0,0.0,174.0,7.352095476579022,80.47847420643865,591.685426175139
CUST007590,29.0,694.0,696.0,7.493103448275861,6.0,228.725,174.0,7.204349738427073,7.65754165107259,55.16760819089923
CUST007591,13.0,801.0,914.0,18.803076923076922,3.0,0.0,174.0,2.5831406592942683,19.30739017821154,49.873704594197044
CUST007592,27.0,703.0,706.0,15.36111111111111,10.0,35.0,174.0,6.639705339654909,15.582763921232605,103.46496081439
CUST007593,36.0,815.0,835.0,160.8072222222222,12.0,0.0,174.0,7.439116149017302,161.5957359993666,1202.1294492852246
CUST007594,14.0,594.0,624.0,8.897142857142857,1.0,0.0,174.0,4.033892049081909,9.255274152025333,37.3347768139283
CUST007595,59.0,580.0,580.0,200.32508474576272,14.0,4098.2699999999995,174.0,16.997399268163804,200.9084407099914,3414.9209830919385
CUST007596,50.0,777.0,793.0,55.7834,10.0,0.0,174.0,10.740984508972543,56.027195312657355,601.7872369344317
CUST007597,36.0,724.0,728.0,283.42055555555555,13.0,1108.925,174.0,8.491093043602337,284.7338560712858,2417.7016645649637
CUST007598,62.0,557.0,590.0,157.60145161290325,18.0,613.765,174.0,17.148795674450934,158.05052542218294,2710.3761667046283
CUST007599,21.0,579.0,609.0,143.85619047619048,7.0,0.0,174.0,5.997240017381498,145.08731959170385,870.1234790699849
CUST007601,34.0,704.0,723.0,125.37558823529413,8.0,0.0,174.0,8.07553860658034,126.05008665130755,1017.9223411154312
CUST007602,8.0,411.0,437.0,36.48875,4.0,0.0,174.0,3.4296044852590644,37.660229411376406,129.15969170514185
CUST007603,23.0,623.0,647.0,86.50130434782609,8.0,1051.935,174.0,6.179245796733138,87.23949899811397,539.0743074932005
CUST007606,161.0,743.0,746.0,143.8976397515528,26.0,1382.5644444444447,174.0,36.012379746785925,144.0572402030798,5187.844039467266
CUST007607,14.0,756.0,791.0,128.30928571428572,3.0,225.78000000000003,174.0,3.2229069212339536,129.99053607180778,418.94739840074124
CUST007609,78.0,841.0,844.0,195.53935897435898,13.0,70.955,174.0,15.654455679760497,195.97090341003283,3067.817821954984
CUST007610,30.0,549.0,556.0,108.87433333333334,12.0,209.0,174.0,9.188651804489691,109.55440384101267,1006.6572705435134
CUST007612,51.0,749.0,843.0,181.74568627450978,7.0,209.34,174.0,7.590523623891556,182.36476391932038,1384.244048695008
CUST007613,114.0,870.0,878.0,145.15482456140353,22.0,374.1666666666667,174.0,21.89416920819527,145.3820081023434,3183.0182852199223
CUST007614,22.0,582.0,658.0,82.57227272727273,0.0,0.0,174.0,5.671713539782803,83.31666457528465,472.54825456118414
CUST007615,202.0,797.0,797.0,171.45910891089108,39.0,1694.7250000000001,174.0,42.36056569788051,171.60724009568102,7269.379768305051
CUST007617,50.0,665.0,688.0,61.892199999999995,6.0,0.0,174.0,12.263246497791632,62.1547977178376,762.2196054342194
CUST007618,41.0,527.0,539.0,113.1368292682927,17.0,726.83,174.0,12.758887587058444,113.64976686659962,1450.044599746344
CUST007619,50.0,898.0,907.0,162.5418,12.0,1915.53,174.0,9.455855644743327,163.1141892579814,1542.3842272328147
CUST007620,25.0,836.0,851.0,223.7168,4.0,0.0,174.0,5.161571288244687,225.24285926807303,1162.6070752802245
CUST007621,24.0,717.0,743.0,244.3204166666667,7.0,118.995,174.0,5.643088836121368,246.04303015346463,1388.4426766644895
CUST007622,44.0,866.0,869.0,184.6936363636364,8.0,1057.3125,174.0,8.706045047220035,185.42186345042518,1614.291095938884
CUST007623,41.0,611.0,612.0,164.17926829268293,15.0,578.66,174.0,11.345131498735583,164.88392640876333,1870.6298271352607
CUST007624,13.0,292.0,682.0,11.968461538461538,0.0,0.0,174.0,0.01083926661152557,12.391150484669703,0.1343109837268692
CUST007625,53.0,720.0,727.0,168.67924528301887,16.0,542.135,174.0,12.361308656838057,169.23695927839776,2091.990289785008
CUST007626,8.0,723.0,790.0,30.6775,1.0,0.0,174.0,1.9624472563602444,31.735352239334173,62.27895493170728
CUST007627,13.0,325.0,666.0,197.11846153846153,0.0,0.0,174.0,0.061048895060093804,199.7523562288512,12.194660633421611
CUST007628,10.0,570.0,624.0,30.571000000000005,2.0,0.0,174.0,2.973928642637507,31.412325795898596,93.41801541628386
CUST007629,22.0,717.0,824.0,141.4259090909091,5.0,0.0,174.0,4.508750403949238,142.58361744734756,642.8739427622719
CUST007630,25.0,582.0,583.0,155.53799999999998,12.0,1413.54,174.0,7.395180977900664,156.64306553126306,1158.4038185368438
CUST007631,42.0,841.0,867.0,126.22071428571428,6.0,0.0,174.0,8.317855662992388,126.76936429712264,1054.4492747127665
CUST007632,186.0,746.0,884.0,175.89897849462366,0.0,0.0,174.0,7.497615999749945e-09,176.0635279575281,1.3200567241867845e-06
CUST007633,13.0,344.0,650.0,173.37461538461537,0.0,0.0,174.0,0.17797939931929324,175.72494254055002,31.275419718784413
CUST007634,23.0,867.0,877.0,313.53869565217394,6.0,1439.1966666666667,174.0,4.637390297235737,315.8015365759585,1464.4949815694868
CUST007637,23.0,501.0,552.0,47.62913043478261,5.0,0.0,174.0,7.072101953162903,48.106282995224646,340.2125379299356
CUST007638,45.0,640.0,649.0,240.44377777777777,14.0,302.49666666666667,174.0,11.736837026647699,241.34649250816483,2832.6444495213805
CUST007639,23.0,635.0,656.0,771.7621739130434,6.0,395.34,174.0,6.102671026417847,777.1021675232003,4742.398882310343
CUST007640,8.0,518.0,551.0,117.0225,0.0,0.0,174.0,2.7659819704981063,119.76865306445546,331.2779350071266
CUST007641,8.0,500.0,514.0,28.5,5.0,0.0,174.0,2.9591149423550287,29.51527565647817,87.33909322281218
CUST007642,17.0,554.0,566.0,460.8070588235294,4.0,421.595,174.0,5.293968378364315,465.21701392692836,2462.84416080623
CUST007643,20.0,600.0,622.0,93.5935,7.0,0.0,174.0,5.6270484367105515,94.49810601400823,531.7454197182329
CUST007644,24.0,344.0,582.0,42.057916666666664,0.0,0.0,174.0,0.014191090823869112,42.47921594519939,0.6028264116050736
CUST007645,6.0,566.0,777.0,95.74666666666667,3.0,0.0,174.0,1.4831537364604774,98.87391220777812,146.64521232943133
CUST007646,16.0,579.0,581.0,37.8425,9.0,3341.3199999999997,174.0,4.890562230306482,38.43567544974266,187.97206265082957
CUST007647,24.0,584.0,704.0,178.45583333333332,0.0,0.0,174.0,5.038050287144939,179.75468800120467,905.6131575001182
CUST007649,13.0,733.0,792.0,66.84692307692308,4.0,1651.0700000000002,174.0,2.9987931013107625,67.92501342408015,203.6930616625725
CUST007650,14.0,753.0,755.0,486.05285714285714,5.0,0.0,174.0,3.3796563364921326,491.6980036969341,1661.7702738348753
CUST007652,12.0,307.0,575.0,219.845,0.0,0.0,174.0,0.3540971036025358,222.99555767276377,78.96208108815789
CUST007653,36.0,864.0,897.0,268.9425,2.0,0.0,174.0,6.932353256835772,270.193834240534,1873.0791067743105
CUST007655,30.0,768.0,792.0,413.017,8.0,209.36,174.0,6.5657442968718085,415.260490512106,2726.4941972960496
CUST007656,60.0,391.0,646.0,176.20283333333333,0.0,0.0,174.0,5.622621168244715e-09,176.71460150501002,9.935992591599987e-07
CUST007657,39.0,375.0,695.0,159.15076923076924,0.0,0.0,174.0,5.475830447847711e-07,159.87184641606643,8.754311243587296e-05
CUST007658,4.0,472.0,502.0,589.105,1.0,0.0,174.0,1.7325022734972486,613.5362351108676,1062.9529222025205
CUST007659,41.0,759.0,772.0,218.19878048780487,5.0,0.0,174.0,9.095107189240185,219.10634130692753,1992.7956600287503
CUST007661,26.0,527.0,564.0,272.06615384615384,10.0,1402.74,174.0,7.848300654593411,273.8201691874219,2149.023013074522
CUST007662,13.0,680.0,692.0,290.22923076923075,4.0,0.0,174.0,3.429919674859258,293.97512690584364,1008.3110716936004
CUST007664,8.0,276.0,688.0,262.145,0.0,0.0,174.0,0.1213865964175954,267.72872833220305,32.49867909545717
CUST007665,19.0,697.0,698.0,187.66894736842104,2.0,35.66,174.0,4.822817612938697,189.38738936905597,913.380837117562
CUST007666,10.0,390.0,592.0,285.288,2.0,625.89,174.0,2.236340420366554,290.09818342397523,648.7582934659464
CUST007667,11.0,508.0,580.0,41.51272727272727,1.0,0.0,174.0,3.436683035164105,42.431256782373815,145.82278034467595
CUST007668,23.0,599.0,622.0,81.4791304347826,9.0,1153.72,174.0,6.413323947948302,82.18359919217953,527.0700448277897
CUST007670,36.0,691.0,693.0,374.95472222222224,7.0,69.525,174.0,8.898741843019303,376.65979021941865,3351.7982358084137
CUST007671,17.0,665.0,783.0,211.39176470588237,2.0,0.0,174.0,3.723511137448517,213.530264143683,795.0823167213274
CUST007672,26.0,645.0,703.0,227.39115384615386,9.0,240.16,174.0,6.333392310850016,228.87998087872674,1449.5867110048266
CUST007673,43.0,704.0,716.0,251.86441860465118,10.0,0.0,174.0,10.230875524105876,252.85016512638526,2586.8785656576642
CUST007674,40.0,549.0,568.0,310.71125,15.0,0.0,174.0,11.842669307155088,311.9977939115238,3694.8866978561014
CUST007675,26.0,738.0,776.0,211.19384615384615,7.0,121.33,174.0,5.8270343347174185,212.5865268712016,1238.748991176819
CUST007676,15.0,844.0,844.0,119.88533333333334,3.0,0.0,174.0,3.23646865805586,121.36628933323898,392.7981915715672
CUST007677,16.0,490.0,533.0,667.585625,4.0,0.0,174.0,5.255634022507227,674.2758654659812,3543.7471790985164
CUST007678,9.0,600.0,668.0,118.86444444444444,1.0,0.0,174.0,2.538970628053815,121.33212199042511,308.05869397313177
CUST007679,10.0,426.0,456.0,53.836,3.0,0.0,174.0,3.9958155871603376,55.03982799526967,219.92900261812247
CUST007680,37.0,613.0,616.0,201.74945945945947,12.0,448.65000000000003,174.0,10.21062824553367,202.68705089417654,2069.5621268639993
CUST007681,15.0,312.0,725.0,99.43133333333334,0.0,0.0,174.0,0.0028440283087293574,100.70091863863058,0.28639626332331714
CUST007682,27.0,607.0,682.0,154.83481481481482,7.0,0.0,174.0,6.598923202670623,155.85353725279356,1028.4655231957497
CUST007684,15.0,802.0,841.0,58.78,2.0,0.0,174.0,3.2359366783196495,59.62949629760071,192.95727417913187
CUST007685,31.0,547.0,552.0,206.52935483870968,11.0,35.66,174.0,9.547637496023249,207.67309227981573,1982.787402765865
CUST007686,21.0,617.0,625.0,200.9461904761905,3.0,0.0,174.0,5.874186917358661,202.59748291532097,1190.0954836309731
CUST007687,10.0,534.0,609.0,33.34,3.0,394.755,174.0,3.021806015068536,34.22447080299331,103.41971173502267
CUST007688,16.0,707.0,731.0,623.6875,2.0,0.0,174.0,3.929083931955512,629.9527263426178,2475.1371349643473
CUST007689,17.0,539.0,797.0,78.81588235294119,0.0,0.0,174.0,1.0371214207441422,79.7469969743551,82.70731880212196
CUST007690,16.0,691.0,881.0,96.425,3.0,364.58,174.0,2.812536150492059,97.5853611753729,274.46235606456054
CUST007691,43.0,762.0,776.0,62.834186046511626,7.0,0.0,174.0,9.475803674493068,63.143058340146915,598.3312242382943
CUST007692,6.0,587.0,655.0,67.71166666666666,2.0,0.0,174.0,1.8422511753801671,70.10322740927037,129.1477530926715
CUST007693,91.0,778.0,785.0,53.040000000000006,14.0,210.33499999999998,174.0,19.513436816398592,53.16913484655081,1037.5125534107458
CUST007694,62.0,633.0,642.0,72.02532258064515,10.0,0.0,174.0,16.198289022958864,72.26210625689113,1170.5224825568866
CUST007695,8.0,530.0,593.0,254.62875,0.0,0.0,174.0,2.567086738651574,260.0655133536077,667.6107305106601
CUST007696,16.0,637.0,668.0,266.750625,5.0,0.0,174.0,4.273625196404738,269.5600496876684,1151.9986202893328
CUST007697,8.0,526.0,552.0,195.805,3.0,127.78,174.0,2.7644783171157914,200.09158458631683,553.1488470262132
CUST007698,10.0,399.0,495.0,229.584,7.0,0.0,174.0,3.5709538159052205,233.52623489555202,833.9113996142504
CUST007699,53.0,384.0,622.0,53.862264150943396,0.0,0.0,174.0,3.495956588119261e-07,54.086642236572445,1.8908455325619493e-05
CUST007700,12.0,505.0,546.0,352.01416666666665,2.0,0.0,174.0,3.9666568382030936,356.87643412856505,1415.6063478296085
CUST007701,23.0,517.0,523.0,159.05478260869563,0.0,0.0,174.0,7.561702790217131,160.28020268746533,1211.991255878374
CUST007702,21.0,423.0,477.0,279.35333333333335,6.0,619.7149999999999,174.0,7.375932238740823,281.58167614447603,2076.9273629127188
CUST007703,2.0,73.0,535.0,459.21,0.0,0.0,174.0,0.1293114851622806,499.3099531133495,64.56651159339592
CUST007704,19.0,789.0,824.0,244.80947368421053,5.0,123.64,174.0,4.104571221006638,246.9930780884506,1013.8006801096996
CUST007705,9.0,571.0,800.0,61.03,0.0,0.0,174.0,1.8852543061372073,62.49467004529943,117.81834581352469
CUST007709,78.0,562.0,683.0,243.27243589743588,0.0,0.0,174.0,0.012954685114933018,243.79805501266748,3.1583270343222245
CUST007710,32.0,785.0,802.0,91.0696875,8.0,121.33,174.0,6.9073180281087545,91.62127329915718,632.8572728175477
CUST007711,10.0,854.0,887.0,23.490000000000002,2.0,0.0,174.0,2.140540479866953,24.220993619936994,51.84601730607434
CUST007712,11.0,496.0,598.0,79.60272727272728,2.0,0.0,174.0,3.280312449303875,81.06003637307323,265.90224645561705
CUST007713,20.0,650.0,670.0,332.041,1.0,0.0,174.0,5.248585467121235,334.7889229438029,1757.168275516015
CUST007714,8.0,506.0,549.0,65.01374999999999,4.0,2172.94,174.0,2.7699888238521675,66.7429777585486,184.87730246179342
CUST007715,35.0,622.0,703.0,118.37142857142857,3.0,0.0,174.0,7.8035335652057904,118.99573257400051,928.5871932574651
CUST007716,40.0,566.0,585.0,145.11849999999998,11.0,3416.4399999999996,174.0,11.521563796144989,145.76745149677035,1679.46899182151
CUST007718,56.0,712.0,746.0,164.2760714285714,14.0,591.04,174.0,12.60387479537505,164.7917292413628,2077.014322671482
CUST007719,77.0,762.0,765.0,205.27675324675323,13.0,0.0,174.0,16.9769629163723,205.73335400766365,3492.7275216490007
CUST007720,80.0,603.0,603.0,107.69149999999999,24.0,1745.145,174.0,22.083889728413123,107.94343693136746,2383.8109580982355
CUST007721,264.0,914.0,917.0,152.54928030303032,38.0,532.3525,174.0,48.3174284535808,152.65160702049428,7375.733100536865
CUST007723,201.0,863.0,865.0,169.08378109452738,51.0,1536.76,174.0,38.973943098674816,169.23083533430895,6595.592946860565
CUST007725,12.0,411.0,604.0,142.875,2.0,0.0,174.0,2.4159899586429243,145.02872682490067,350.38794772372773
CUST007726,26.0,746.0,761.0,94.77576923076923,3.0,0.0,174.0,5.959002938823701,95.4773987355723,568.9500996565176
CUST007728,38.0,760.0,771.0,39.95710526315789,6.0,7685.14,174.0,8.464452166719028,40.21404345354413,340.38984724288474
CUST007730,23.0,801.0,830.0,146.0995652173913,5.0,0.0,174.0,4.878163088359937,147.23798586490207,718.2509078506274
CUST007731,54.0,830.0,837.0,179.48611111111111,7.0,0.0,174.0,11.007623199173803,180.06425940111532,1982.0795191257666
CUST007732,23.0,638.0,676.0,668.5721739130433,7.0,0.0,174.0,5.910666619497089,673.2192056808435,3979.174286622107
CUST007733,26.0,798.0,799.0,33.12692307692308,7.0,484.96,174.0,5.695523098000634,33.462608468809535,190.58705945345633
CUST007734,40.0,548.0,576.0,135.96725,6.0,1100.875,174.0,11.642945436040181,136.58096585036972,1590.204732997522
CUST007735,55.0,783.0,792.0,47.786,12.0,1027.8766666666668,174.0,11.810589624949493,47.98519875785707,566.733490600686
CUST007737,25.0,430.0,596.0,476.668,0.0,0.0,174.0,0.9935925688215005,479.75599451654557,476.6819909992082
CUST007738,27.0,894.0,915.0,61.83555555555555,2.0,0.0,174.0,5.177158515402849,62.32280228879319,322.6550265731938
CUST007739,24.0,860.0,907.0,131.15375,6.0,1015.12,174.0,4.6520625588350795,132.14827305364622,614.7620332875822
CUST007740,42.0,503.0,906.0,192.61309523809524,0.0,0.0,174.0,1.8958426629902563e-07,193.40516238465224,3.666657580913821e-05
CUST007741,11.0,712.0,728.0,1728.130909090909,2.0,0.0,174.0,2.814261549153364,1752.906499605181,4933.137361099877
CUST007743,4.0,375.0,483.0,8.625,1.0,0.0,174.0,1.7512724541673927,9.903315790402992,17.34340414865374
CUST007745,64.0,567.0,593.0,263.04546875,18.0,1572.83,174.0,17.822267831025158,263.73385809917227,4700.335455153032
CUST007746,22.0,690.0,704.0,170.09681818181818,2.0,0.0,174.0,5.48046291909674,171.45587620449732,939.6575717999887
CUST007747,7.0,453.0,574.0,161.09285714285716,0.0,0.0,174.0,2.303623044218926,165.22767455983302,380.6222786587365
CUST007748,11.0,612.0,641.0,446.6781818181818,3.0,6187.42,174.0,3.1687179298948,453.32773988560047,1436.4677374941882
CUST007750,10.0,785.0,802.0,116.603,4.0,0.0,174.0,2.3598020630107612,118.78482823373623,280.3086827203497
CUST007751,4.0,36.0,868.0,177.8125,0.0,0.0,174.0,7.951534497710741e-05,185.83899753229093,0.014777051998979928
CUST007752,6.0,270.0,385.0,485.82666666666665,4.0,0.0,174.0,2.825419323903008,499.1902569982863,1410.421798427067
CUST007753,47.0,727.0,735.0,199.21595744680852,10.0,254.66,174.0,10.883692533511896,199.94511072572658,2176.1411087178
CUST007754,12.0,343.0,649.0,26.940833333333334,0.0,0.0,174.0,0.2646711038379488,27.593108246389967,7.3030984178920395
CUST007755,26.0,535.0,639.0,92.72153846153846,3.0,0.0,174.0,5.9441760912314825,93.4109741670497,555.2512793024184
CUST007758,49.0,692.0,711.0,119.15081632653062,13.0,110.0,174.0,11.6731934197788,119.5986355055055,1396.0980049973898
CUST007759,29.0,789.0,790.0,99.01413793103448,6.0,171.56,174.0,6.387407594453442,99.66534128727592,636.6031578421404
CUST007760,34.0,571.0,600.0,90.68,9.0,376.35,174.0,9.593446744364655,91.19722607712049,874.895731604639
CUST007761,23.0,708.0,722.0,220.65,5.0,0.0,174.0,5.57941606235667,222.28905643232957,1240.243131944648
CUST007762,24.0,691.0,702.0,379.21333333333337,9.0,0.0,174.0,5.966473519297139,381.80381935731776,2278.022377761945
CUST007764,20.0,767.0,776.0,220.58599999999996,1.0,0.0,174.0,4.571926167686502,222.47232075292115,1017.1270248362251
CUST007766,10.0,333.0,613.0,249.494,0.0,0.0,174.0,0.7347684578372143,253.7464613640445,186.44489609810927
CUST007768,37.0,823.0,873.0,138.82513513513513,6.0,0.0,174.0,7.25853389916673,139.5007187486772,1012.5706959953973
CUST007769,60.0,667.0,692.0,100.0235,10.0,617.0233333333334,174.0,14.539104745836537,100.33997336619359,1458.853382965537
CUST007770,50.0,604.0,617.0,263.9052,19.0,647.8050000000001,174.0,13.624424294845902,264.7895778182957,3607.6055570495773
CUST007771,8.0,797.0,810.0,174.54500000000002,1.0,0.0,174.0,1.9283244723032669,178.41588853510277,344.0437241099705
CUST007772,96.0,887.0,888.0,141.78854166666667,18.0,0.0,174.0,18.292983593621905,142.0530018203892,2598.5732317251222
CUST007773,16.0,711.0,736.0,201.3225,3.0,0.0,174.0,3.903312266528363,203.49846079393305,794.3180382366
CUST007774,34.0,511.0,547.0,216.32588235294116,8.0,0.0,174.0,10.397473121072396,217.41265121042622,2260.5421971414944
CUST007776,27.0,762.0,775.0,146.29592592592593,8.0,0.0,174.0,6.071450278714494,147.26584999684158,894.1172860084506
CUST007777,20.0,541.0,544.0,19.874500000000005,5.0,4116.41,174.0,6.395504514365609,20.209221738653962,129.248168861377
CUST007778,7.0,331.0,589.0,17.332857142857144,1.0,0.0,174.0,1.446492740197666,18.2461796175754,26.39296635316544
CUST007779,43.0,613.0,623.0,75.10418604651163,8.0,0.0,174.0,11.670530964432054,75.45699441675423,880.6231898237068
CUST007780,31.0,272.0,904.0,235.99193548387098,0.0,0.0,174.0,6.353487472021127e-13,237.28221308168347,1.5075695681479235e-10
CUST007781,16.0,543.0,608.0,26.303125,4.0,48.19,174.0,4.611730442998176,26.784578198512435,123.52325468094503
CUST007782,82.0,896.0,900.0,111.2201219512195,9.0,794.6600000000001,174.0,15.460731907725094,111.47251706728164,1723.4467014565514
CUST007783,16.0,725.0,735.0,376.8625,4.0,0.0,174.0,3.9144844330368875,380.73800899138337,1490.3930092622288
CUST007784,66.0,866.0,870.0,78.48530303030303,11.0,926.05,174.0,12.9079421820009,78.72275462689916,1016.1487651318582
CUST007786,134.0,614.0,615.0,116.22567164179104,42.0,468.77714285714285,174.0,36.053215072837595,116.38574780760027,4196.080397120449
CUST007788,23.0,696.0,731.0,150.87217391304347,6.0,560.345,174.0,5.49613623203364,152.04264452387034,835.6470873818549
CUST007789,5.0,604.0,608.0,31.794,0.0,0.0,174.0,1.7238714637049635,33.54200015314155,57.82209689958823
CUST007792,29.0,602.0,605.0,645.1413793103447,12.0,124.14,174.0,8.22245664179218,648.6972232440528,5333.884791775206
CUST007793,24.0,503.0,507.0,73.6375,13.0,954.715,174.0,8.10419452283694,74.26197564826396,601.833496303711
CUST007794,11.0,496.0,497.0,44.943636363636365,1.0,2538.03,174.0,4.033154623213303,45.91069577078164,185.16493490286743
CUST007795,32.0,608.0,612.0,87.15375,7.0,1232.86,174.0,8.935430438887686,87.6864704070066,783.5163567533909
CUST007796,60.0,793.0,844.0,172.12449999999998,2.0,2644.6,174.0,11.742216147211598,172.6258128778302,2027.0096073995858
CUST007797,39.0,561.0,833.0,45.2925641025641,0.0,0.0,174.0,0.001583252754374607,45.5639604105121,0.07213926582015884
CUST007798,20.0,777.0,777.0,166.317,6.0,122.98,174.0,4.569300869499586,167.78379458274526,766.6546384748779
CUST007800,40.0,585.0,610.0,73.82475,9.0,1400.8233333333335,174.0,11.056936248914015,74.19919458617596,820.4157642601135
CUST007801,15.0,674.0,676.0,316.9273333333333,5.0,0.0,174.0,3.9968100326816063,320.44451229241713,1280.7558416480972
CUST007803,56.0,833.0,883.0,260.43160714285716,16.0,841.91,174.0,10.619323921150007,261.2114270948101,2773.888756225648
CUST007804,150.0,850.0,850.0,257.6890666666667,33.0,983.175,174.0,29.650742324339177,257.97689108260425,7649.206323124412
CUST007805,14.0,617.0,664.0,17.154285714285713,6.0,0.0,174.0,3.7928093297467544,17.603908400711962,66.7682680222276
CUST007807,19.0,589.0,617.0,170.05736842105264,7.0,104.46,174.0,5.39928359198611,171.63244029679294,926.6922187470099
CUST007808,14.0,724.0,830.0,102.41357142857143,0.0,0.0,174.0,3.020385509125007,103.80789021956858,313.5398473520245
CUST007810,33.0,426.0,822.0,150.8109090909091,0.0,0.0,174.0,2.432790346576654e-06,151.62474875386198,0.00036887122507050596
CUST007812,56.0,838.0,845.0,40.40857142857143,6.0,453.84,174.0,11.301622160986872,40.58393574157074,458.66430755700304
CUST007814,13.0,693.0,721.0,38.48076923076923,4.0,9281.130000000001,174.0,3.293458411162342,39.220088838931154,129.1697314731121
CUST007815,45.0,607.0,659.0,170.8642222222222,15.0,394.79,174.0,11.141306675916681,171.5288995560347,1911.0560737362912
CUST007816,8.0,465.0,519.0,88.715,4.0,119.28,174.0,2.9091667053164034,90.90765748732743,264.4655304204404
CUST007817,4.0,273.0,690.0,142.14,0.0,0.0,174.0,0.5790528728273086,148.74367070887018,86.13044983885047
CUST007818,35.0,577.0,738.0,120.96857142857142,0.0,0.0,174.0,1.0238256275817834,121.60431023078412,124.50160923868243
CUST007819,93.0,841.0,892.0,74.87236559139785,0.0,0.0,174.0,15.909400715268028,75.03479553278078,1193.7586297192126
CUST007820,36.0,699.0,806.0,63.95583333333333,9.0,292.62,174.0,6.31820812158713,64.3298218453964,406.4492028438367
CUST007822,12.0,615.0,646.0,263.49833333333333,3.0,0.0,174.0,3.397983474902499,267.2142410032222,907.9895751875628
CUST007823,16.0,333.0,606.0,943.941875,0.0,0.0,174.0,0.09356469213204577,953.3077493189014,89.19594607211647
CUST007825,5.0,143.0,751.0,222.468,0.0,0.0,174.0,0.010003963265766407,230.2520006771528,2.3034325566434584
CUST007826,40.0,713.0,724.0,377.11825,8.0,0.0,174.0,9.44138087406142,378.6604850543216,3575.077861354692
CUST007827,7.0,430.0,527.0,35.285714285714285,3.0,0.0,174.0,2.52041840924023,36.6013394766595,92.25068981982376
CUST007828,7.0,641.0,837.0,24.497142857142855,0.0,0.0,174.0,1.5900326684022443,25.571008669322573,40.658739148219894
CUST007830,22.0,850.0,897.0,9.388181818181819,1.0,0.0,174.0,4.332672759535241,9.618617438578148,41.674321760518175
CUST007831,16.0,731.0,772.0,60.403124999999996,4.0,96.38,174.0,3.722044720896831,61.21472855474495,227.84395725832096
CUST007832,66.0,566.0,590.0,140.93424242424243,22.0,0.0,174.0,18.486695348190672,141.31720129422737,2612.488047785318
CUST007833,22.0,599.0,681.0,129.94863636363635,7.0,0.0,174.0,5.465995760077928,131.02574228693737,716.186151801463
CUST007834,9.0,793.0,808.0,28.803333333333335,5.0,0.0,174.0,2.1380458963067337,29.709104807044156,63.51942961564741
CUST007837,30.0,603.0,642.0,230.3123333333333,9.0,815.425,174.0,7.962565300935789,231.6166457488593,1844.262666559004
CUST007838,38.0,753.0,756.0,136.02052631578945,6.0,0.0,174.0,8.630429596036143,136.66688991617005,1179.4939715307275
CUST007839,36.0,386.0,893.0,276.0225,0.0,0.0,174.0,6.957290206562338e-10,277.3041367370747,1.9292853547600734e-07
CUST007840,10.0,447.0,475.0,151.36100000000002,4.0,0.0,174.0,3.850659259502283,154.08440792192624,593.3265521094922
CUST007841,81.0,711.0,711.0,73.80333333333333,21.0,659.56875,174.0,19.132909831235242,73.98784391625647,1415.602746257242
CUST007842,40.0,633.0,633.0,64.04825,14.0,860.202,174.0,10.731983498981066,64.38505149948988,690.9793102735715
CUST007843,12.0,672.0,694.0,28.7075,4.0,0.0,174.0,3.1798970749332063,29.382654838108273,93.43381817347252
CUST007844,95.0,616.0,703.0,145.62515789473684,0.0,0.0,174.0,0.2404899894867665,145.89861245355553,35.08715577508939
CUST007845,36.0,807.0,846.0,111.35055555555556,9.0,0.0,174.0,7.316402812466477,111.92739412499016,818.9059011681219
CUST007846,2.0,130.0,511.0,185.92,0.0,0.0,174.0,0.45690420005972127,203.31349745942777,92.89479091804401
CUST007847,17.0,168.0,837.0,21.587058823529414,0.0,0.0,174.0,2.53914341810172e-09,21.996983531945887,5.585349595323232e-08
CUST007848,123.0,663.0,663.0,216.69853658536587,33.0,562.63,174.0,30.859878862290678,216.9984275558777,6696.545187681945
CUST007849,23.0,830.0,838.0,62.67173913043479,6.0,726.38,174.0,4.844307124605413,63.24990878396327,306.40198375279573
CUST007850,16.0,803.0,812.0,173.019375,3.0,0.0,174.0,3.5606512513112496,174.9213097880315,622.8337805777571
CUST007852,40.0,630.0,640.0,100.261,9.0,1733.06,174.0,10.610188502091292,100.73723377969154,1068.8410395817657
CUST007853,69.0,661.0,670.0,141.56840579710143,16.0,557.055,174.0,17.275427954488464,141.9360904023083,2452.0067038868387
CUST007854,12.0,246.0,880.0,131.79999999999998,0.0,0.0,174.0,7.77844301517837e-05,133.8102955966288,0.010408357591425502
CUST007855,30.0,595.0,631.0,73.52,4.0,0.0,174.0,8.102808702218873,74.01833450666938,599.7564049643881
CUST007856,33.0,463.0,872.0,242.4842424242424,0.0,0.0,174.0,4.667442916690701e-06,243.7262811870454,0.0011375785047378411
CUST007857,1.0,5.0,674.0,496.68,0.0,0.0,174.0,0.011917807155751413,590.9378022073903,7.0426827677512485
CUST007858,36.0,591.0,591.0,231.77305555555554,15.0,425.3833333333334,174.0,10.342548550064567,232.8653040670357,2408.4207129388647
CUST007859,17.0,647.0,769.0,54.209411764705884,3.0,4504.68,174.0,3.7562166955617626,54.916432241349106,206.2780196456418
CUST007861,27.0,828.0,842.0,172.92703703703702,6.0,673.85,174.0,5.609478572851891,174.04915359484508,976.3249977132913
CUST007862,23.0,692.0,738.0,85.69695652173912,5.0,1453.66,174.0,5.431274178318469,86.42974965684665,469.42366754976075
CUST007863,14.0,563.0,575.0,35.806428571428576,9.0,322.9,174.0,4.366489150154067,36.462722080292764,159.21408034868148
CUST007864,77.0,639.0,642.0,192.95103896103896,20.0,104.46,174.0,20.045426990470375,193.38303149024293,3876.4454389334983
CUST007866,12.0,486.0,581.0,401.73499999999996,5.0,0.0,174.0,3.643388144350297,407.2411970506749,1483.737749225452
CUST007867,143.0,764.0,893.0,92.8313986013986,0.0,0.0,174.0,3.1793013786925817e-05,92.9562626906634,0.002955359741305359
CUST007868,43.0,691.0,699.0,87.21279069767442,18.0,1569.3828571428571,174.0,10.471703507950457,87.60895722452348,917.415024695924
CUST007871,8.0,781.0,811.0,40.705,0.0,0.0,174.0,1.9232250878134325,41.958919603094714,80.69644683821859
CUST007874,26.0,719.0,722.0,255.51807692307693,5.0,0.0,174.0,6.2712766232924775,257.1738638025344,1612.8084401866374
CUST007875,8.0,415.0,495.0,298.68125,1.0,0.0,174.0,3.0036497471065875,304.9793703760022,916.0512087026052
CUST007876,18.0,591.0,664.0,212.39166666666665,4.0,574.2,174.0,4.713408506354282,214.41893520918546,1010.6440331384025
CUST007877,6.0,286.0,575.0,83.55,1.0,0.0,174.0,1.0834214768154,86.35718482204126,93.56122871351639
CUST007878,19.0,719.0,750.0,66.1757894736842,6.0,0.0,174.0,4.490477139647991,66.90519526846465,300.43624987672547
CUST007879,11.0,498.0,501.0,128.17363636363635,5.0,204.78,174.0,4.002399171913522,130.31797656190557,521.5845614768166
CUST007880,60.0,786.0,788.0,107.99016666666667,15.0,3160.84,174.0,12.927614661422426,108.32706353289547,1400.410534756698
CUST007881,46.0,624.0,624.0,111.99521739130434,11.0,311.815,174.0,12.453708334959082,112.44839396288465,1400.3995011483391
CUST007882,36.0,746.0,759.0,394.21805555555557,3.0,36.13,174.0,8.153971196937913,396.00557088208774,3229.018018799499
CUST007883,20.0,709.0,710.0,367.5605,6.0,0.0,174.0,4.977971617087226,370.5830062197351,1844.7516867367003
CUST007886,5.0,605.0,657.0,78.796,2.0,0.0,174.0,1.593385323619186,82.03190147492417,130.70842787871922
CUST007887,17.0,759.0,792.0,105.95176470588235,7.0,0.0,174.0,3.845971196039306,107.1300091351521,412.0189293652227
CUST007888,101.0,606.0,608.0,112.46782178217822,34.0,255.7875,174.0,27.56006245930474,112.67456259357746,3105.317982653836
CUST007889,11.0,345.0,524.0,55.16727272727273,0.0,0.0,174.0,2.5064693299640823,56.27894454227991,141.06144841797408
CUST007890,8.0,452.0,517.0,267.565,4.0,0.0,174.0,2.9088373626754724,273.2547054064072,794.8534966130367
CUST007891,9.0,392.0,544.0,7.7844444444444445,2.0,181.46,174.0,2.7700030655788095,8.325690877514608,23.062189253776992
CUST007892,9.0,152.0,779.0,91.04,0.0,0.0,174.0,8.4296171440418e-05,93.02512555212735,0.007841661931808536
CUST007893,64.0,835.0,855.0,120.69749999999999,13.0,709.29,174.0,12.705426428951192,121.04382603817626,1537.9134264068152
CUST007894,45.0,764.0,771.0,84.86088888888888,9.0,0.0,174.0,9.971433533236766,85.23134172816496,849.8786589909862
CUST007895,17.0,541.0,587.0,530.3782352941176,2.0,0.0,174.0,5.077670322056395,535.4217836321076,2718.6953005312535
CUST007897,4.0,271.0,699.0,234.165,0.0,0.0,174.0,0.5393278603996715,244.4391630608302,131.83285081148398
CUST007898,19.0,723.0,811.0,110.81736842105265,3.0,0.0,174.0,4.09353080836219,111.91018676210761,458.10779728025403
CUST007899,12.0,698.0,727.0,3.0124999999999997,2.0,673.85,174.0,3.0407049457896127,3.3548814376166254,10.201204579898638
CUST007902,9.0,509.0,691.0,17.642222222222223,2.0,0.0,174.0,2.2514663553610714,18.35442949266427,41.324380474580586
CUST007904,24.0,552.0,572.0,55.90125,5.0,1866.26,174.0,7.224438960950087,56.41161436156303,407.5422646437674
CUST007905,27.0,584.0,666.0,77.57296296296298,2.0,0.0,174.0,6.619574485035722,78.15014643074312,517.3207153147526
CUST007906,22.0,673.0,851.0,184.0777272727273,6.0,0.0,174.0,3.218605461603393,185.53497023158232,597.1638685057937
CUST007907,33.0,753.0,809.0,201.01151515151514,4.0,0.0,174.0,6.966818319551148,202.05983799016886,1407.7141809554455
CUST007909,16.0,643.0,654.0,700.906875,2.0,0.0,174.0,4.3714688184433514,707.9197260981692,3094.649008599105
CUST007911,6.0,528.0,776.0,301.65000000000003,1.0,0.0,174.0,1.424363120850554,310.18048978207474,441.80965045294937
CUST007912,56.0,847.0,854.0,292.8775,14.0,0.0,174.0,11.187717741365892,293.7464565409229,3286.3524433062485
CUST007914,23.0,611.0,627.0,276.66739130434786,9.0,473.1,174.0,6.372769573330483,278.68262677226494,1775.9801645101052
CUST007915,52.0,579.0,756.0,88.26615384615386,0.0,0.0,174.0,0.01623873226759382,88.5966672869218,1.4386975598734109
CUST007916,47.0,631.0,632.0,158.78489361702125,8.0,422.16,174.0,12.5636045444372,159.381634041793,2002.4078217472975
CUST007917,15.0,306.0,781.0,102.01466666666667,0.0,0.0,174.0,0.0006159749620432486,103.31094801973313,0.06363695728510714
CUST007918,16.0,664.0,708.0,259.86125000000004,4.0,0.0,174.0,4.036085630478986,262.60397293956083,1059.892121688054
CUST007919,41.0,684.0,684.0,92.10853658536585,11.0,1148.4,174.0,10.215083678157116,92.5424898083545,945.3292771773433
CUST007920,22.0,546.0,558.0,26.923636363636366,16.0,786.3166666666666,174.0,6.821415398193959,27.277219733164426,186.06924670772793
CUST007921,17.0,772.0,803.0,176.61235294117645,4.0,3842.57,174.0,3.796935565110352,178.4341120115566,677.5028259255635
CUST007922,9.0,705.0,757.0,217.8466666666667,3.0,0.0,174.0,2.265195604343634,222.03096675958568,502.943569931981
CUST007924,26.0,731.0,758.0,89.24423076923077,11.0,1298.06,174.0,5.971417741587684,89.9130253701928,536.9082348953929
CUST007925,18.0,607.0,853.0,254.3483333333333,0.0,0.0,174.0,1.5259880435257398,256.7362958619148,391.77651782436885
CUST007926,46.0,653.0,660.0,208.4717391304348,16.0,1501.56,174.0,11.80398115802604,209.247770736558,2469.9567431332835
CUST007927,36.0,701.0,711.0,103.49666666666667,5.0,453.84,174.0,8.678563759569846,104.03989048456351,902.9168231089485
CUST007928,66.0,630.0,639.0,152.02954545454546,18.0,1479.275,174.0,17.2955927972815,152.43835660171928,2636.511742470125
CUST007929,7.0,643.0,673.0,26.90142857142857,2.0,0.0,174.0,2.050782944323593,28.029171639230952,57.4817471412534
CUST007930,44.0,732.0,743.0,124.71795454545455,17.0,511.21000000000004,174.0,10.101518968861756,125.2363203408293,1265.0770655133344
CUST007931,10.0,534.0,591.0,23.738999999999997,3.0,0.0,174.0,3.125051094057765,24.473873398473135,76.4821048397297
CUST007932,9.0,302.0,795.0,218.54666666666668,0.0,0.0,174.0,0.03207438123719496,222.74310667477326,7.144347321443862
CUST007933,10.0,678.0,697.0,85.646,0.0,0.0,174.0,2.6955129102353497,87.34547359862209,235.44085173570673
CUST007934,18.0,547.0,861.0,103.60777777777778,0.0,0.0,174.0,0.28950658250925243,104.69985061434437,30.311295940588092
CUST007935,2.0,256.0,627.0,60.49,0.0,0.0,174.0,0.6568217479197898,67.46207430939886,44.3105575661941
CUST007936,9.0,512.0,607.0,26.27777777777778,0.0,0.0,174.0,2.743804316311111,27.139749208280048,74.46616102127985
CUST007937,33.0,723.0,741.0,106.39484848484848,3.0,0.0,174.0,7.668223083062098,107.00122413968845,820.5092568638603
CUST007939,17.0,734.0,743.0,234.43235294117648,1.0,0.0,174.0,4.097300597530859,236.78068584115886,970.1616455807468
CUST007940,51.0,789.0,808.0,64.78764705882354,10.0,1079.0,174.0,10.750267856380642,65.0538169517618,699.3459573113951
CUST007941,21.0,677.0,680.0,133.30285714285714,3.0,0.0,174.0,5.427161487015431,134.45631725138904,729.7161466726672
CUST007942,2.0,28.0,573.0,67.63,0.0,0.0,174.0,0.01653880055536867,75.19530528517184,1.2436401568115167
CUST007943,18.0,658.0,693.0,42.621111111111105,3.0,188.09,174.0,4.5984255745273686,43.188892443029786,198.60090754553997
CUST007944,148.0,626.0,627.0,361.5933108108108,37.0,359.21666666666664,174.0,39.062977526303165,361.99285263574654,14140.51866719254
CUST007945,56.0,668.0,692.0,58.33357142857143,14.0,407.6766666666667,174.0,13.606385544172637,58.55817998226159,796.7651736037036
CUST007946,13.0,184.0,730.0,205.88923076923078,0.0,0.0,174.0,1.1932767600843326e-05,208.6278728282619,0.0024895079215179455
CUST007947,20.0,514.0,612.0,93.176,5.0,3093.32,174.0,5.305198791180557,94.07737853283022,499.09919486980664
CUST007948,22.0,604.0,629.0,204.92727272727276,2.0,0.0,174.0,6.084388718766418,206.53093758733894,1256.614506732656
CUST007949,4.0,324.0,541.0,117.0,2.0,0.0,174.0,1.4227846256556271,122.60094125787018,174.43473431260634
CUST007950,14.0,579.0,581.0,70.18571428571428,3.0,295.52,174.0,4.328756933363104,71.22293964288241,308.30679379362914
CUST007951,22.0,463.0,852.0,192.35727272727271,0.0,0.0,174.0,0.0026942881307513143,193.87266116413164,0.5223488098516912
CUST007952,10.0,749.0,768.0,116.31199999999998,1.0,0.0,174.0,2.4586726663271494,118.4892940347241,291.3263884955767
CUST007953,10.0,535.0,580.0,47.349000000000004,1.0,0.0,174.0,3.1896351612003113,48.45175119461116,154.54340923206095
CUST007954,5.0,542.0,671.0,336.462,0.0,0.0,174.0,1.5332740940564549,347.8546093166849,533.3564609634021
CUST007955,23.0,632.0,647.0,91.9104347826087,1.0,0.0,174.0,6.188058781312129,92.68495389255,573.5399428303037
CUST007956,28.0,611.0,615.0,179.12821428571428,6.0,84.69,174.0,7.8297035963728785,180.24420053281017,1411.258665137098
CUST007957,8.0,241.0,639.0,10.7175,0.0,0.0,174.0,0.083221002847253,11.385075043556526,0.9474773626160068
CUST007958,29.0,669.0,709.0,9.044827586206896,11.0,324.32666666666665,174.0,7.028536223848799,9.217518812391882,64.7856648669041
CUST007959,20.0,833.0,848.0,242.917,2.0,242.69,174.0,4.1988498803527055,244.97595041085114,1028.6172400718926
CUST007960,5.0,614.0,635.0,16.768,4.0,0.0,174.0,1.6519270262572587,18.04033517588302,29.801317239780655
CUST007962,6.0,497.0,520.0,349.8633333333333,4.0,123.77,174.0,2.30160263423042,359.65902077614345,827.7921496431052
CUST007963,12.0,551.0,610.0,397.71250000000003,1.0,0.0,174.0,3.5616096768344523,403.16660205151254,1435.9220712431318
CUST007964,7.0,312.0,730.0,204.24714285714285,0.0,0.0,174.0,0.2944485968940135,209.34899778918071,61.642518660192195
CUST007965,6.0,555.0,667.0,151.85333333333332,3.0,0.0,174.0,1.7902951810746206,156.45291066547767,280.0968920295028
CUST007966,9.0,202.0,650.0,233.3777777777778,0.0,0.0,174.0,0.0073205221591773305,237.8314298302081,1.7410502522208666
CUST007967,15.0,789.0,829.0,10.82,6.0,0.0,174.0,3.280005046370697,11.17387986495089,36.650382344578844
CUST007968,7.0,89.0,672.0,338.86285714285714,0.0,0.0,174.0,0.00011763577589694361,346.98129417506067,0.040817413762008904
CUST007970,8.0,500.0,521.0,10.9125,2.0,0.0,174.0,2.9192901706365246,11.583887871871987,33.81673000211154
CUST007971,23.0,497.0,525.0,24.335652173913044,5.0,0.0,174.0,7.500093574984084,24.656379774469936,184.92515552886948
CUST007973,20.0,588.0,591.0,299.4105,1.0,0.0,174.0,5.918009136691173,301.90617306457307,1786.6834906196098
CUST007974,31.0,543.0,572.0,58.74935483870968,7.0,493.78499999999997,174.0,9.183290146933572,59.158068263457714,543.2657053954349
CUST007975,19.0,383.0,637.0,143.66894736842104,0.0,0.0,174.0,0.12076168596579324,145.02919970791226,17.513970670997214
CUST007976,6.0,508.0,624.0,32.641666666666666,2.0,0.0,174.0,1.897984489297635,34.11293256769141,64.74581689793443
CUST007977,21.0,726.0,740.0,232.42285714285714,4.0,0.0,174.0,5.004172221687406,234.30580733085876,1172.5066124251248
CUST007978,29.0,601.0,603.0,78.23068965517241,6.0,0.0,174.0,8.248836352964668,78.7713538501567,649.7720072114159
CUST007979,22.0,728.0,747.0,73.7218181818182,3.0,0.0,174.0,5.177994265691005,74.40405517931055,385.26377106262714
CUST007980,28.0,661.0,663.0,287.1175,5.0,174.53,174.0,7.295248586587289,288.8284653293064,2107.0754534597986
CUST007981,34.0,789.0,794.0,62.22,2.0,0.0,174.0,7.399613912168949,62.60821916319996,463.27664953613703
CUST007982,92.0,564.0,567.0,82.38521739130434,28.0,864.32,174.0,26.837560335723264,82.5619655634757,2215.7617322456854
CUST007983,5.0,596.0,638.0,10.468,2.0,0.0,174.0,1.640234137925699,11.540901570350691,18.929780738129512
CUST007984,20.0,557.0,633.0,143.222,6.0,450.61,174.0,5.3882329697815186,144.51025882752197,778.6549410861146
CUST007985,3.0,350.0,410.0,1321.4933333333333,2.0,0.0,174.0,1.6840377882880693,1393.981270186721,2347.5171351602394
CUST007986,21.0,436.0,739.0,252.95190476190476,0.0,0.0,174.0,0.030561269526227952,254.9859418806878,7.792694095214795
CUST007987,6.0,739.0,791.0,102.41000000000001,0.0,0.0,174.0,1.5468269870012685,105.7121024357333,163.5183329002348
CUST007988,31.0,732.0,742.0,177.75903225806454,7.0,125.61,174.0,7.22065053859096,178.7596726761963,1290.7611267877205
CUST007991,9.0,506.0,547.0,55.111111111111114,0.0,0.0,174.0,3.0757092832237656,56.47313142910215,173.6949345892053
CUST007992,15.0,540.0,559.0,170.69466666666668,1.0,0.0,174.0,4.769452497838962,172.70068397874877,823.6877085809406
CUST007993,44.0,435.0,782.0,135.30659090909091,0.0,0.0,174.0,1.0321777498586095e-07,135.86200746961282,1.4023374116125856e-05
CUST007994,25.0,809.0,898.0,41.0428,3.0,0.0,174.0,4.7855625470836864,41.44087505776102,198.31789959479565
CUST007995,5.0,210.0,744.0,474.538,0.0,0.0,174.0,0.080770960340098,490.3015608273963,39.602127924277774
CUST007996,4.0,38.0,725.0,51.605,0.0,0.0,174.0,0.0002827520995424375,54.59760822492885,0.015437588355594086
CUST007997,19.0,558.0,560.0,26.04263157894737,2.0,0.0,174.0,5.934392733558936,26.445326414024564,156.93695290798158
CUST007998,13.0,606.0,723.0,107.00692307692307,0.0,0.0,174.0,3.172944599101593,108.56463547477594,344.4695737831235
CUST007999,34.0,698.0,776.0,192.59264705882353,0.0,0.0,174.0,7.204148855072229,193.57183505043915,1394.5203138528516
CUST008001,18.0,777.0,827.0,155.2461111111111,2.0,0.0,174.0,3.880372242213215,156.782109496664,608.3729457664879
CUST008002,6.0,411.0,423.0,11.476666666666667,4.0,0.0,174.0,2.78863507528143,12.39252793917648,34.55823808259263
CUST008003,13.0,289.0,858.0,53.67769230769231,0.0,0.0,174.0,0.0003182722765081894,54.598505427069874,0.017377190616218265
CUST008004,5.0,396.0,774.0,200.132,4.0,0.0,174.0,0.892813210198624,207.20892940522108,184.9988694440955
CUST008005,31.0,678.0,784.0,223.5793548387097,1.0,0.0,174.0,6.01761459850091,224.80789509128485,1352.8072713595768
CUST008006,11.0,585.0,647.0,190.1890909090909,2.0,0.0,174.0,3.1200098431808434,193.21063407971607,602.8190801359262
CUST008007,33.0,699.0,713.0,510.8278787878788,8.0,156.585,174.0,7.957796875507076,513.3233300684051,4084.922792143241
CUST008009,16.0,607.0,620.0,206.58437500000002,3.0,0.0,174.0,4.59589279486037,208.81128036594777,959.6742589194279
CUST008010,35.0,560.0,583.0,214.95314285714286,11.0,2027.04,174.0,10.153651319145721,216.00268051553013,2193.2159019555243
CUST008011,44.0,585.0,623.0,42.12590909090909,8.0,2474.955,174.0,11.76488053077837,42.35527653238161,498.3047682515504
CUST008012,19.0,824.0,861.0,182.57684210526315,3.0,0.0,174.0,3.9354673410012753,184.25383093638175,725.1249341045008
CUST008013,5.0,146.0,618.0,24.756,0.0,0.0,174.0,0.04372445186268635,26.28120432524687,1.149131253412681
CUST008014,299.0,861.0,861.0,222.94792642140465,48.0,806.3183333333333,174.0,58.1081791629823,223.07441066890368,12962.447821825346
CUST008015,33.0,372.0,650.0,21.35939393939394,0.0,0.0,174.0,9.369389257873893e-05,21.568575516439097,0.002020843797513663
CUST008016,38.0,575.0,580.0,30.48157894736842,7.0,0.0,174.0,11.083861231158632,30.700104902587462,340.27570252229225
CUST008017,12.0,699.0,740.0,44.08833333333333,3.0,176.07,174.0,2.9852729192957703,44.962683820818086,134.2258823891463
CUST008018,16.0,628.0,690.0,314.85749999999996,5.0,0.0,174.0,4.112912994350087,318.13268720727194,1308.4520631423006
CUST008019,10.0,497.0,540.0,16.345,3.0,0.0,174.0,3.4094100217835424,16.964664231821523,57.8394962481651
CUST008020,54.0,658.0,671.0,69.65388888888889,18.0,548.0533333333333,174.0,13.568372583690612,69.9190947057433,948.6883276818749
CUST008021,18.0,602.0,723.0,227.40277777777777,10.0,1221.29,174.0,4.120912165076607,229.55909416732678,945.9928637581033
CUST008023,18.0,570.0,615.0,187.92444444444448,5.0,0.0,174.0,5.12774946163995,189.74137263792343,972.946221394937
CUST008024,6.0,113.0,883.0,485.19000000000005,0.0,0.0,174.0,0.00021070092371114924,498.5368831445898,0.10504218178264234
CUST008025,67.0,550.0,557.0,117.07119402985076,24.0,1252.3419999999999,174.0,19.973593159377447,117.39365437476228,2344.773091974072
CUST008026,94.0,779.0,781.0,180.7545744680851,18.0,0.0,174.0,20.255566648098277,181.0883737362636,3668.0476234106172
CUST008027,40.0,620.0,626.0,226.417,0.0,0.0,174.0,10.839019577101036,227.3789803397048,2464.565219323332
CUST008028,18.0,640.0,651.0,483.8688888888889,4.0,0.0,174.0,4.894729893404676,488.2299987297765,2389.7539696395643
CUST008031,13.0,640.0,657.0,80.62692307692308,6.0,0.0,174.0,3.600390156021637,81.86958493450315,294.7624476757625
CUST008032,17.0,557.0,562.0,147.1235294117647,2.0,0.0,174.0,5.333512512501299,148.6767301504889,792.9692005754117
CUST008033,25.0,835.0,847.0,185.5208,5.0,127.85,174.0,5.186233677610873,186.81100476826967,968.8455242775256
CUST008034,9.0,793.0,842.0,25.333333333333332,2.0,123.77,174.0,2.048834009517724,26.17892551318568,53.63627292404606
CUST008035,33.0,892.0,899.0,341.3436363636364,8.0,437.05999999999995,174.0,6.384697640723671,343.0474397635194,2190.254179314438
CUST008036,35.0,632.0,637.0,109.81285714285715,9.0,0.0,174.0,9.37637601954035,110.39947914067237,1035.1470287843456
CUST008037,40.0,749.0,780.0,73.7235,12.0,0.0,174.0,8.761713707348237,74.09755473678949,649.2215610183148
CUST008038,33.0,639.0,652.0,8.773636363636365,11.0,92.41,174.0,8.660760411226038,8.924030833581623,77.28889295204422
CUST008039,35.0,711.0,718.0,68.40485714285715,0.0,0.0,174.0,8.371161825570875,68.80916641874333,576.0126671739375
CUST008040,25.0,756.0,769.0,140.2508,5.0,0.0,174.0,5.686080622921146,141.26146939267804,803.2241038790752
CUST008041,14.0,761.0,860.0,130.89142857142858,4.0,0.0,174.0,2.9335661091544942,132.60128977500867,388.99464971413977
CUST008042,22.0,643.0,675.0,79.83409090909092,1.0,0.0,174.0,5.685961881849266,80.55925309147037,458.05684230834817
CUST008045,30.0,632.0,770.0,138.91133333333335,0.0,0.0,174.0,4.223606828682191,139.7458065336294,590.2313427551375
CUST008046,105.0,604.0,616.0,192.45609523809523,34.0,808.9889999999999,174.0,28.2094344601805,192.77199692840995,5437.989013110097
CUST008047,69.0,538.0,822.0,184.5972463768116,0.0,0.0,174.0,9.477040800954486e-09,185.060820278126,1.7538289444339053e-06
CUST008049,2.0,183.0,448.0,2376.965,0.0,0.0,174.0,0.9201717968000994,2576.4027220130047,2370.7331219953735
CUST008050,62.0,883.0,886.0,58.60596774193548,12.0,688.26,174.0,11.932856893178496,58.809461800432295,701.764891629406
CUST008051,7.0,480.0,521.0,146.10714285714286,2.0,117.58,174.0,2.5996070796762742,149.9061477895782,389.6970830807854
CUST008052,15.0,528.0,582.0,22.142,4.0,0.0,174.0,4.551723938308893,22.61288089185792,102.92759126959744
CUST008053,18.0,900.0,903.0,45.62722222222222,2.0,1314.87,174.0,3.5875536506959302,46.22084655563167,165.8197667989128
CUST008054,18.0,647.0,711.0,223.00666666666666,3.0,625.89,174.0,4.450908711036293,225.12519047244254,1002.0116713474991
CUST008055,44.0,789.0,790.0,157.58386363636365,10.0,0.0,174.0,9.537386052967857,158.2172307442074,1508.9788098390009
CUST008057,10.0,882.0,882.0,354.079,3.0,0.0,174.0,2.1574766281276325,359.96104625642465,776.6075443346058
CUST008058,34.0,759.0,762.0,299.20529411764704,8.0,0.0,174.0,7.696497238845808,300.66774874952824,2314.0884980607293
CUST008059,17.0,587.0,594.0,104.64117647058822,9.0,0.0,174.0,5.062739361272664,105.8074852121013,535.6757201005805
CUST008061,16.0,679.0,764.0,61.6175,2.0,0.0,174.0,3.707555155679507,62.440860925385714,231.50293584898088
CUST008063,18.0,849.0,879.0,49.68111111111111,1.0,0.0,174.0,3.6730301935291716,50.30958600483807,184.78862841972287
CUST008064,36.0,797.0,900.0,246.6516666666667,0.0,0.0,174.0,6.273373393342317,247.80759583658275,1554.5895783893445
CUST008065,48.0,474.0,740.0,229.16854166666667,0.0,0.0,174.0,9.96487739784075e-06,229.97850087494373,0.002291707565358026
CUST008067,20.0,660.0,661.0,105.30499999999999,4.0,0.0,174.0,5.326683470712974,106.30014169260954,566.2272076884703
CUST008068,9.0,596.0,637.0,529.4877777777778,0.0,0.0,174.0,2.668959529943315,539.0767873819179,1438.774129054196
CUST008069,6.0,562.0,609.0,60.685,3.0,264.82,174.0,1.9793339774525762,62.89216937999099,124.48460776951869
CUST008070,57.0,854.0,861.0,160.20526315789476,10.0,0.0,174.0,11.29400991003558,160.70086317819886,1814.9571412858497
CUST008072,28.0,652.0,654.0,77.87250000000002,9.0,1162.0300000000002,174.0,7.390063093013514,78.43060653193903,579.6071306943472
CUST008073,68.0,839.0,850.0,168.15058823529412,11.0,602.54,174.0,13.580091588131301,168.58380341290422,2289.3834906227617
CUST008074,20.0,766.0,823.0,334.52850000000007,3.0,0.0,174.0,4.290389646864234,337.29565254722877,1447.1297756209462
CUST008075,8.0,518.0,549.0,8.58,1.0,0.0,174.0,2.7762982278281405,9.205780579329335,25.557992308166746
CUST008076,111.0,572.0,577.0,143.06504504504505,12.0,0.0,174.0,31.759915347210942,143.29548469589886,4551.052463579309
CUST008077,11.0,374.0,615.0,84.6809090909091,0.0,0.0,174.0,1.3757359732377694,86.21004861187718,118.60226512993627
CUST008078,35.0,615.0,618.0,40.65857142857143,7.0,209.14,174.0,9.649557129442568,40.94071829931869,395.0598001496905
CUST008079,24.0,558.0,592.0,53.47458333333333,6.0,0.0,174.0,6.970125405996997,53.96933503406177,376.17303326567776
CUST008081,6.0,525.0,568.0,184.255,1.0,0.0,174.0,2.1134828408064954,189.70485069090952,400.9379467529955
CUST008082,16.0,741.0,770.0,197.6775,5.0,0.0,174.0,3.7378300633673414,199.8181705285821,746.8863650087962
CUST008083,48.0,640.0,651.0,226.313125,18.0,113.75,174.0,12.455152607868358,227.11392808865457,2828.7386337166326
CUST008084,35.0,660.0,679.0,302.56971428571427,9.0,1130.08,174.0,8.810769509935911,304.0050135269655,2678.518104051042
CUST008085,35.0,514.0,712.0,77.87342857142858,0.0,0.0,174.0,0.07929642952702946,78.31942643478389,6.21045087888321
CUST008086,9.0,520.0,567.0,2.8244444444444445,3.0,0.0,174.0,2.9711042994290406,3.2796709070425516,9.744244332626467
CUST008087,78.0,600.0,610.0,234.27089743589744,21.0,681.3100000000001,174.0,21.276044236913265,234.77877587944218,4995.163621499357
CUST008088,11.0,581.0,654.0,97.25090909090909,3.0,0.0,174.0,3.0784318540450815,98.95785012028074,304.6349980180911
CUST008090,16.0,679.0,691.0,269.0175,6.0,120.24,174.0,4.149573760063192,271.8488721829406,1128.0569467131031
CUST008091,24.0,630.0,666.0,356.8533333333333,5.0,0.0,174.0,6.241698159040173,359.2999598396275,2242.6418978742113
CUST008092,48.0,617.0,617.0,35.193333333333335,21.0,1500.1866666666667,174.0,13.117648304728037,35.381295677883514,464.1193932680701
CUST008093,7.0,474.0,481.0,90.38714285714286,3.0,292.7,174.0,2.814619982864293,92.93752718452399,261.5838211715547
CUST008094,9.0,460.0,619.0,229.91555555555553,2.0,0.0,174.0,2.522708421223011,234.30916320207388,591.0936991795886
CUST008095,22.0,750.0,775.0,67.78636363636365,14.0,1625.13,174.0,4.996415266190816,68.42691720526555,341.8892937427638
CUST008096,22.0,815.0,820.0,349.0881818181818,4.0,0.0,174.0,4.74427947387711,351.7042579289122,1668.583291767319
CUST008097,264.0,770.0,772.0,154.97382575757575,58.0,327.589,174.0,56.966983839448226,155.07756232112013,8834.300986608276
CUST008098,29.0,624.0,745.0,259.1858620689655,0.0,0.0,174.0,5.26359917839172,260.68895717138463,1372.1621807830945
CUST008100,7.0,484.0,647.0,681.5957142857143,0.0,0.0,174.0,2.0116302242676696,697.3943973239781,1402.8996478918502
CUST008102,6.0,540.0,608.0,86.45666666666666,0.0,0.0,174.0,1.9740898892131158,89.34012723263501,176.3654418709581
CUST008103,18.0,534.0,821.0,295.70444444444445,0.0,0.0,174.0,0.45510067662583276,298.44793809000504,135.82385856234595
CUST008104,64.0,576.0,598.0,77.84015625,27.0,1905.27,174.0,17.75982373237506,78.08349574729093,1386.7491208795445
CUST008105,52.0,767.0,804.0,165.4325,13.0,256.86,174.0,10.92772637153207,165.9913632686368,1813.9081978372424
CUST008106,24.0,663.0,667.0,154.33416666666668,8.0,1396.35,174.0,6.266420183655022,155.4778276255689,974.2893971437013
CUST008108,12.0,498.0,555.0,144.67166666666665,0.0,0.0,174.0,3.887255185782518,146.84866194364812,570.8382226656701
CUST008110,75.0,719.0,731.0,182.47226666666666,17.0,1252.68,174.0,17.252561226796278,182.89432275777432,3155.3955014119415
CUST008111,26.0,686.0,715.0,7.977692307692307,4.0,0.0,174.0,6.307949822081454,8.164093268181396,51.49869067848124
CUST008112,31.0,692.0,705.0,156.42612903225807,5.0,453.84,174.0,7.577009665189452,157.32066445506157,1192.0201951100282
CUST008116,8.0,519.0,534.0,151.3675,2.0,0.0,174.0,2.855559727292336,154.78519967211994,441.9983825646086
CUST008117,5.0,572.0,584.0,115.752,2.0,0.0,174.0,1.788752427867053,120.15778533620237,214.93253024726016
CUST008118,59.0,879.0,882.0,107.40457627118644,5.0,453.84,174.0,11.417777323995987,107.74567139937444,1230.2160836625005
CUST008120,46.0,582.0,631.0,103.86934782608695,12.0,1018.2375,174.0,11.863293001527438,104.29533148221097,1237.2860760648978
CUST008121,17.0,528.0,602.0,43.998823529411766,1.0,0.0,174.0,4.881210176987771,44.61285492702437,217.76472149427042
CUST008122,12.0,696.0,712.0,42.31166666666667,3.0,0.0,174.0,3.1057637308801636,43.16300772009006,134.0541038927562
CUST008124,31.0,627.0,679.0,192.4632258064516,8.0,0.0,174.0,7.732259403779029,193.5370015297616,1496.4783000576954
CUST008125,181.0,899.0,901.0,146.32806629834255,33.0,211.59,174.0,33.777438481411004,146.47207826746995,4947.451612923884
CUST008126,28.0,630.0,635.0,139.76285714285714,7.0,36.81,174.0,7.59651713505512,140.66195553937763,1068.5409555052436
CUST008127,13.0,606.0,698.0,65.03538461538461,0.0,0.0,174.0,3.3321474829202864,66.09184015696805,220.22775882061097
CUST008128,43.0,689.0,695.0,91.84837209302326,12.0,294.01,174.0,10.531015933215782,92.2611375815109,971.6035098875046
CUST008129,12.0,482.0,519.0,131.84083333333334,7.0,185.67333333333332,174.0,4.161146995137237,133.85165775841853,556.9764234755811
CUST008130,62.0,615.0,625.0,133.1175806451613,22.0,259.2075,174.0,16.609579822334954,133.50591690667272,2217.477183615398
CUST008134,57.0,745.0,754.0,56.22684210526315,15.0,3000.495,174.0,12.814986685267154,56.4418136485602,723.3010903986288
CUST008135,21.0,604.0,693.0,53.03809523809524,0.0,0.0,174.0,5.122859096320687,53.600833519140046,274.58951756389735
CUST008136,9.0,690.0,710.0,18.112222222222222,2.0,0.0,174.0,2.4163476532865564,18.832580578575936,45.50606188637194
CUST008137,13.0,744.0,771.0,106.16692307692308,2.0,0.0,174.0,3.0910633492856614,107.71460353945264,332.95266318363764
CUST008139,18.0,638.0,707.0,149.61111111111111,0.0,0.0,174.0,4.4635206540294705,151.0986664059006,674.4320182990461
CUST008140,15.0,104.0,735.0,123.264,0.0,0.0,174.0,6.25866096406816e-10,124.77987098573647,7.809549076398899e-08
CUST008141,27.0,560.0,585.0,29.93296296296296,9.0,0.0,174.0,7.898710606403355,30.2378915463974,238.8403546728035
CUST008142,120.0,606.0,611.0,245.39716666666666,24.0,978.3975,174.0,32.50704427251319,245.74130359698165,7988.3234356121875
CUST008143,27.0,565.0,582.0,17.817037037037036,9.0,190.07,174.0,7.951296931552538,18.052725066069623,143.542577424001
CUST008144,61.0,632.0,636.0,129.74147540983606,13.0,1681.71,174.0,16.095821437041884,130.12768108720476,2094.5119187959804
CUST008145,110.0,738.0,757.0,189.47627272727271,24.0,929.7733333333334,174.0,24.218777508492266,189.77363324571616,4596.0854005562105
CUST008146,27.0,565.0,618.0,226.83962962962963,6.0,718.56,174.0,7.396979723768397,228.26984792255678,1688.5074366308481
CUST008148,52.0,609.0,619.0,30.308461538461536,1.0,0.0,174.0,14.119404195365162,30.467467194789972,430.182484132268
CUST008149,59.0,730.0,740.0,172.82813559322034,11.0,2162.085,174.0,13.489842213772683,173.33980195953765,2338.3265778007676
CUST008150,10.0,355.0,525.0,92.87100000000001,1.0,0.0,174.0,2.714801876747512,94.6830495019299,257.0457204840169
CUST008152,5.0,154.0,600.0,399.13,0.0,0.0,174.0,0.07028590929695476,412.50643553755793,28.99338991260291
CUST008153,31.0,587.0,609.0,246.45225806451612,11.0,435.45000000000005,174.0,8.682828185682617,247.79456292119738,2151.5576151910773
CUST008154,38.0,635.0,652.0,40.0,11.0,0.0,174.0,9.91122000506146,40.25711207863942,398.9970945798124
CUST008155,3.0,278.0,339.0,576.2233333333334,3.0,212.65,174.0,1.9916715661581978,608.5429505247037,1212.0176913460673
CUST008156,110.0,833.0,841.0,174.59754545454544,25.0,786.5262500000001,174.0,22.023884277283692,174.87412470265232,3851.4074855424924
CUST008158,18.0,757.0,760.0,106.72666666666667,8.0,386.3766666666666,174.0,4.229861173910162,107.84555203518097,456.1717133325201
CUST008161,28.0,651.0,651.0,232.36142857142858,6.0,1692.2,174.0,7.423371587663985,233.77070918351015,1735.3668405809296
CUST008163,56.0,738.0,750.0,174.49535714285713,11.0,999.01,174.0,12.654197524364326,175.03908976543389,2214.9792163767383
CUST008164,58.0,684.0,686.0,155.4253448275862,16.0,157.41,174.0,14.26748085144615,155.8996997975875,2224.2959816082825
CUST008166,17.0,408.0,549.0,231.3105882352941,0.0,0.0,174.0,3.722355440228981,233.63049084132464,869.655728586572
CUST008167,14.0,694.0,718.0,18.21357142857143,2.0,0.0,174.0,3.5375484228862004,18.674931289189672,66.06347372958108
CUST008168,10.0,442.0,531.0,16.34,1.0,0.0,174.0,3.388304941771995,16.959586324622006,57.46425015412549
CUST008169,5.0,489.0,525.0,284.514,1.0,0.0,174.0,1.9686474754123497,294.2621367864955,579.2984126941778
CUST008171,20.0,195.0,729.0,250.50050000000002,0.0,0.0,174.0,1.2484482372113954e-08,252.618074610883,3.153805899356937e-06
CUST008172,78.0,695.0,695.0,155.20256410256408,14.0,305.02,174.0,18.838732551166125,155.55461081262382,2930.4517101997544
CUST008173,36.0,777.0,778.0,104.19222222222221,7.0,112.32,174.0,7.972895324178071,104.73842302738123,835.0684832167926
CUST008174,78.0,830.0,838.0,116.15141025641024,24.0,587.5025,174.0,15.754086831449898,116.42649304498725,1834.193080911927
CUST008175,20.0,571.0,592.0,150.21200000000002,3.0,0.0,174.0,5.894839068451507,151.55429497946008,893.3881790365454
CUST008177,20.0,532.0,830.0,187.564,0.0,0.0,174.0,0.1945481655012316,189.19504438535316,36.80754880709455
CUST008178,19.0,759.0,828.0,53.78315789473684,7.0,1171.6533333333334,174.0,4.053194911718956,54.41167931438225,220.5411417351377
CUST008179,26.0,855.0,857.0,121.87076923076924,6.0,1043.9775,174.0,5.326329646194435,122.73323314461754,653.7176582714699
CUST008180,13.0,254.0,589.0,291.5530769230769,0.0,0.0,174.0,0.015521045797366791,295.3147834632534,4.583594278772613
CUST008182,46.0,778.0,792.0,199.01195652173917,11.0,616.42,174.0,9.920918138377539,199.75633132280927,1981.7662106762118
CUST008183,47.0,780.0,800.0,239.41255319148934,13.0,184.755,174.0,10.02351104400308,240.27335143507926,2408.38259168915
CUST008184,25.0,524.0,541.0,212.35760000000002,9.0,866.53,174.0,7.913481355141574,213.81351793300743,1692.009287640083
CUST008185,9.0,546.0,677.0,23.644444444444446,3.0,1501.56,174.0,2.436961689858352,24.460746670193405,59.60990254059158
CUST008186,9.0,458.0,646.0,666.8011111111111,2.0,0.0,174.0,2.301089508569309,678.7715096020967,1561.9139994611367
CUST008187,16.0,318.0,677.0,145.165,0.0,0.0,174.0,0.006604809858191767,146.79725350272696,0.9695679470902869
CUST008188,18.0,632.0,636.0,110.42611111111111,6.0,0.0,174.0,5.006892763979612,111.57679994422105,558.6530722687211
CUST008189,15.0,460.0,474.0,401.1553333333333,8.0,2664.3149999999996,174.0,5.562970390974634,405.5429205678389,2256.0232593882656
CUST008190,14.0,562.0,563.0,153.91642857142855,3.0,239.42,174.0,4.458703049512602,155.88141304545962,695.0289317081243
CUST008191,170.0,675.0,675.0,157.9205294117647,46.0,1601.8128571428572,174.0,41.80214508432183,158.0843397888538,6608.264507412897
CUST008192,5.0,254.0,518.0,24.444,0.0,0.0,174.0,1.2438664918909008,25.959327613353835,32.28993777026903
CUST008195,12.0,854.0,905.0,261.49083333333334,7.0,0.0,174.0,2.4628854199897705,265.1807420695197,653.109783305088
CUST008196,4.0,54.0,692.0,28.8775,0.0,0.0,174.0,0.0011208460473696791,30.963603308556436,0.0347054323807182
CUST008197,44.0,869.0,872.0,156.06113636363636,3.0,0.0,174.0,8.677363551451403,156.68917528675195,1359.6489385402413
CUST008198,81.0,828.0,833.0,307.53999999999996,22.0,1329.2933333333333,174.0,16.44804059371595,308.1680763766743,5068.761029930897
CUST008199,2.0,514.0,553.0,103.75,2.0,0.0,174.0,0.9923197865903308,114.31635610378817,113.43838209269533
CUST008200,19.0,752.0,812.0,471.02684210526314,2.0,0.0,174.0,4.139898637907119,475.05200838540236,1966.6671624497683
CUST008201,20.0,616.0,684.0,78.142,11.0,210.47,174.0,5.066477437304203,78.92715828844715,399.8826666589549
CUST008202,39.0,751.0,792.0,137.3176923076923,11.0,1471.635,174.0,8.396048762624645,137.9525401591005,1158.2562541037423
CUST008204,41.0,691.0,695.0,35.24926829268293,5.0,0.0,174.0,10.058728722838785,35.46965240405283,356.77961142575396
CUST008205,29.0,811.0,821.0,194.9496551724138,2.0,0.0,174.0,6.152981287741742,196.11110261663694,1206.6679447185677
CUST008206,12.0,599.0,653.0,16.405833333333334,0.0,0.0,174.0,3.34850497179505,16.92167050464334,56.66229781587588
CUST008208,13.0,593.0,713.0,185.12923076923076,5.0,0.0,174.0,3.201006644430448,187.61994071241415,600.5726768480845
CUST008209,12.0,309.0,823.0,16.8275,0.0,0.0,174.0,0.003021042771155845,17.348798134553466,0.05241146119263476
CUST008210,21.0,661.0,661.0,235.13476190476186,6.0,4136.36,174.0,5.575862144681477,237.03767080563952,1321.6893755086353
CUST008212,14.0,667.0,720.0,55.005714285714284,7.0,0.0,174.0,3.511024080570751,55.87474110887822,196.1775615289279
CUST008213,38.0,506.0,695.0,197.15131578947367,0.0,0.0,174.0,0.05274455429644895,198.04549362021595,10.445821291418515
CUST008214,54.0,869.0,871.0,48.90962962962963,5.0,2365.1,174.0,10.600226757660046,49.11572929653183,520.6378679110842
CUST008216,35.0,536.0,546.0,470.11685714285716,4.0,80.575,174.0,10.828141055722678,472.28983933585005,5114.020999513185
CUST008217,87.0,719.0,721.0,54.82540229885057,26.0,317.135,174.0,20.252465089885565,54.96363897403321,1113.1491795346813
CUST008218,34.0,758.0,795.0,395.694705882353,0.0,0.0,174.0,7.350859024846104,397.594539334957,2922.661407699898
CUST008219,16.0,680.0,753.0,142.918125,2.0,999.87,174.0,3.7777098344001114,144.52862464402727,545.9872066700641
CUST008220,15.0,615.0,686.0,78.318,3.0,603.9,174.0,3.886047936993408,79.36940109036786,308.4332973676263
CUST008221,24.0,660.0,679.0,87.58958333333334,8.0,1940.5800000000002,174.0,6.1513054094487165,88.3038237391602,543.1837886417021
CUST008223,18.0,793.0,821.0,175.0477777777778,2.0,0.0,174.0,3.920918657663229,176.75400756272734,693.0380860694452
CUST008224,12.0,638.0,641.0,259.725,4.0,0.0,174.0,3.4340445532265353,263.3920396035522,904.4999989638062
CUST008226,10.0,548.0,606.0,70.212,2.0,0.0,174.0,3.052630629791236,71.67098965514076,218.78505828873347
CUST008227,34.0,678.0,748.0,66.46441176470589,7.0,478.84,174.0,7.547035590950741,66.87187050848114,504.6843867609564
CUST008228,14.0,299.0,598.0,107.99428571428572,0.0,0.0,174.0,0.06077236173061067,109.45044033937728,6.6515617518792585
CUST008229,25.0,666.0,704.0,211.46880000000002,5.0,0.0,174.0,6.154081693127855,212.91922972797482,1310.322333783814
CUST008230,31.0,716.0,789.0,35.23193548387097,0.0,0.0,174.0,6.615846035176932,35.52367862827952,235.01918840780257
CUST008231,16.0,542.0,543.0,156.65562500000001,6.0,0.0,174.0,5.21065794765738,158.39912876481156,825.3636792003701
CUST008232,28.0,368.0,676.0,67.03035714285714,0.0,0.0,174.0,0.00022102191440729905,67.52872767262086,0.014925328667691815
CUST008233,19.0,595.0,615.0,50.220000000000006,4.0,2567.0,174.0,5.4234906050005875,50.81951491239729,275.61916167807397
CUST008234,5.0,516.0,596.0,354.688,4.0,0.0,174.0,1.734579392695286,366.65757390310273,635.9966718679708
CUST008235,119.0,893.0,896.0,155.72899159663865,27.0,1730.5266666666666,174.0,22.41513659622811,155.96026790631578,3495.870708704399
CUST008236,54.0,891.0,892.0,96.8151851851852,9.0,0.0,174.0,10.361621092688019,97.15778107086403,1006.7121136626295
CUST008237,15.0,729.0,814.0,470.656,0.0,0.0,174.0,3.300849248169857,475.76180392508354,1570.417992794047
CUST008238,7.0,427.0,495.0,205.42857142857142,3.0,211.59,174.0,2.703056296020678,210.55690080529135,569.1471563923441
CUST008239,16.0,513.0,544.0,340.724375,7.0,0.0,174.0,5.1770579972618656,344.2500008581774,1782.2022200002311
CUST008240,20.0,512.0,628.0,209.16649999999998,5.0,0.0,174.0,4.870766986132385,210.964542378521,1027.5591282618266
CUST008241,70.0,683.0,683.0,182.63114285714286,19.0,0.0,174.0,17.222880926591746,183.08376101681762,3153.2298155852295
CUST008242,26.0,835.0,897.0,69.22769230769231,5.0,0.0,174.0,5.0463256913563,69.77766985257045,352.1208480600042
CUST008243,12.0,657.0,747.0,16.926666666666666,3.0,0.0,174.0,2.9225824163178475,17.449249098899916,50.99686859439494
CUST008244,35.0,402.0,866.0,335.96485714285717,0.0,0.0,174.0,1.714728726612917e-08,337.5471897929544,5.788018629254412e-06
CUST008245,35.0,607.0,612.0,73.34628571428571,9.0,1143.68,174.0,9.736641869345481,73.77235130037946,718.2949644713382
CUST008246,22.0,592.0,625.0,307.13045454545454,3.0,0.0,174.0,6.109415133727235,309.45187050586344,1890.5699408287226
CUST008247,40.0,830.0,845.0,72.94,5.0,0.0,174.0,8.146148240018078,73.31103797635184,597.2025829849571
CUST008248,19.0,664.0,722.0,58.36526315789474,5.0,0.0,174.0,4.622689510800535,59.03108600325686,272.8823820784197
CUST008249,13.0,379.0,587.0,151.33846153846156,0.0,0.0,174.0,1.7171893526802646,153.42561575373037,263.4608338007193
CUST008250,63.0,728.0,738.0,199.89507936507937,11.0,0.0,174.0,14.419539345216437,200.44025668732309,2890.256167668137
CUST008251,47.0,720.0,729.0,123.19893617021278,11.0,0.0,174.0,10.967464275237655,123.6791315984715,1356.4464573986527
CUST008252,13.0,404.0,569.0,187.87384615384616,0.0,0.0,174.0,3.012523601932628,190.39733443515556,573.576463730966
CUST008253,88.0,892.0,897.0,225.5715909090909,22.0,1477.755,174.0,16.62447075812155,226.0064617787188,3757.2378149868264
CUST008254,2.0,321.0,840.0,572.745,2.0,0.0,174.0,0.4588390571013469,622.2780733982776,285.5254844529084
CUST008255,123.0,726.0,737.0,140.18821138211382,30.0,123.63400000000001,174.0,27.859449066261217,140.3925481429813,3911.2590442720134
CUST008257,18.0,809.0,836.0,33.07611111111111,2.0,0.0,174.0,3.8543332960917676,33.561835779083616,129.35850112128597
CUST008258,25.0,565.0,575.0,51.0696,8.0,3131.64,174.0,7.484328231713068,51.52958902515625,385.66435790954876
CUST008259,31.0,814.0,834.0,152.80129032258066,7.0,176.07,174.0,6.453103507562588,153.6777966243459,991.6987284310565
CUST008260,53.0,865.0,868.0,240.76301886792453,16.0,867.06,174.0,10.442721633943826,241.53000600399403,2522.2306189444907
CUST008262,37.0,869.0,883.0,191.69108108108108,10.0,725.16,174.0,7.245972464536738,192.58679087730982,1395.4785837304821
CUST008263,21.0,857.0,867.0,102.9947619047619,2.0,6308.0,174.0,4.304508832343993,103.92516455966374,447.3467887498755
CUST008264,7.0,196.0,784.0,85.90142857142857,0.0,0.0,174.0,0.005749113867958293,88.35129324185475,0.5079416452287969
CUST008266,10.0,406.0,533.0,356.852,2.0,0.0,174.0,3.2110631881039726,362.777253589279,1164.9006844819935
CUST008269,28.0,642.0,642.0,309.1739285714286,7.0,443.13,174.0,7.521570232687083,311.0064162678982,2339.256602775311
CUST008270,45.0,682.0,711.0,141.93333333333334,14.0,1543.46,174.0,10.71409742850331,142.49903571082837,1526.7485520735875
CUST008271,13.0,567.0,602.0,285.9246153846154,2.0,0.0,174.0,3.8976376562261628,289.6191024460732,1128.8303196562376
CUST008273,10.0,225.0,577.0,244.26000000000005,0.0,0.0,174.0,0.0360244429419038,248.43090810758602,8.949585074127079
CUST008274,16.0,535.0,563.0,93.315,5.0,1066.08,174.0,5.0180535046196075,94.4452506883382,473.9313212112929
CUST008275,41.0,726.0,734.0,91.15048780487807,19.0,424.47749999999996,174.0,9.547471386865457,91.58084250060669,874.3654733595744
CUST008276,8.0,562.0,795.0,205.81875,0.0,0.0,174.0,1.74167589196474,210.30113309679868,366.2764135675623
CUST008279,6.0,384.0,708.0,15.0,0.0,0.0,174.0,1.109770442929961,16.00831937036638,17.765559678215773
CUST008280,14.0,699.0,725.0,271.0242857142857,1.0,190.695,174.0,3.5043631210948525,274.2868571377106,961.2007467544055
CUST008281,18.0,632.0,667.0,132.2511111111111,2.0,197.62,174.0,4.766672471439459,133.58942557969777,636.7770373861556
CUST008282,42.0,743.0,747.0,55.14595238095238,9.0,0.0,174.0,9.614389786574158,55.43401805006037,532.9642569692679
CUST008283,11.0,717.0,722.0,379.0672727272727,2.0,0.0,174.0,2.839120776868294,384.7604806259643,1092.381474663006
CUST008284,21.0,737.0,756.0,20.047619047619047,5.0,0.0,174.0,4.900909607910354,20.36755844753055,99.81956288517814
CUST008285,18.0,560.0,586.0,158.79944444444445,7.0,0.0,174.0,5.390868379371814,160.3659902034098,864.5119457142121
CUST008286,25.0,825.0,830.0,101.964,4.0,0.0,174.0,5.290522881852748,102.738254216663,543.5390847748602
CUST008287,33.0,881.0,884.0,191.6860606060606,5.0,182.29,174.0,6.490200117216112,192.69082496269058,1250.6020147593238
CUST008288,38.0,602.0,618.0,319.4715789473684,4.0,2805.48,174.0,10.425011637297555,320.8616231350332,3344.9861551449035
CUST008289,6.0,580.0,666.0,368.90000000000003,1.0,0.0,174.0,1.806695286417565,379.1952410822226,685.0902546952237
CUST008290,58.0,598.0,603.0,270.96741379310345,18.0,255.7,174.0,16.108430136372125,271.7482157211498,4377.437147627922
CUST008291,13.0,413.0,423.0,44.46692307692308,7.0,0.0,174.0,5.427610627590879,45.27773400439459,245.749910275485
CUST008292,12.0,758.0,779.0,51.330000000000005,3.0,0.0,174.0,2.8503062129087464,52.298136595361534,149.06570366130924
CUST008293,19.0,680.0,750.0,110.67894736842106,5.0,1314.87,174.0,4.440080916387904,111.77063886879563,496.2706806538236
CUST008294,13.0,626.0,643.0,57.05,3.0,0.0,174.0,3.674206767712798,58.011087848734185,213.1447315762008
CUST008296,159.0,885.0,887.0,111.88345911949686,26.0,173.31,174.0,30.153248427432352,112.0141477898087,3377.5904256932245
CUST008297,12.0,558.0,621.0,57.2475,1.0,0.0,174.0,3.4986766392656823,58.292273551867055,203.94581572560205
CUST008298,11.0,268.0,824.0,29.793636363636367,0.0,0.0,174.0,0.0012939243044305451,30.546400396691435,0.039524729886145894
CUST008300,50.0,839.0,855.0,114.67460000000001,7.0,6152.1,174.0,9.997405407829607,115.09965778711246,1150.6979412002154
CUST008301,11.0,764.0,802.0,19.19090909090909,2.0,0.0,174.0,2.561172432652907,19.79369850962188,50.69507496308648
CUST008302,16.0,872.0,874.0,105.459375,3.0,0.0,174.0,3.3203964989705193,106.70720544588868,354.31023137745666
CUST008304,13.0,188.0,594.0,290.6876923076923,0.0,0.0,174.0,0.00032099367575421896,294.4390637496648,0.0945130773586357
CUST008305,12.0,194.0,581.0,83.745,0.0,0.0,174.0,0.0015100812498618714,85.13294005038924,0.12855765651570755
CUST008307,17.0,475.0,629.0,13.545882352941177,1.0,0.0,174.0,3.5071420342088366,13.882575081270746,48.68816261058479
CUST008308,72.0,875.0,880.0,95.64888888888889,12.0,1518.005,174.0,13.902558374843906,95.9031623529412,1333.2993129438973
CUST008309,6.0,676.0,681.0,1144.6566666666668,0.0,0.0,174.0,1.7911372504997398,1175.3090465756309,2105.139814170946
CUST008311,32.0,630.0,633.0,170.9534375,7.0,170.47,174.0,8.656810130404496,171.88987067483922,1488.0179737718668
CUST008312,9.0,646.0,803.0,87.92222222222222,2.0,0.0,174.0,2.0682582812075068,89.85327697749817,185.8397842023424
CUST008313,44.0,764.0,778.0,256.885,7.0,574.2,174.0,9.665332440905525,257.8658323484946,2492.3589947990104
CUST008314,9.0,534.0,537.0,112.33444444444444,5.0,1402.74,174.0,3.1471608980904047,114.68887392446089,360.94433946108353
CUST008315,41.0,685.0,694.0,111.62975609756097,13.0,249.42,174.0,10.06731083762654,112.13703297796064,1128.918367398308
CUST008317,10.0,582.0,676.0,203.81199999999998,1.0,0.0,174.0,2.7263438873097092,207.3526700263411,565.3146844436621
CUST008318,5.0,546.0,711.0,129.392,3.0,34.35,174.0,1.4339741638680987,134.22957492024378,192.4817424626269
CUST008320,102.0,885.0,887.0,165.27666666666667,27.0,1120.915,174.0,19.439383494889857,165.56092991405134,3218.402408369826
CUST008321,12.0,498.0,561.0,88.6725,6.0,422.155,174.0,3.8396610247671505,90.12425561493184,346.0465916708058
CUST008322,14.0,645.0,660.0,112.00714285714285,3.0,0.0,174.0,3.83454854431642,113.50776103220785,435.2510198346687
CUST008324,16.0,466.0,590.0,85.95875000000001,10.0,1129.0500000000002,174.0,4.2274879807693795,87.01777873648966,367.86661372175934
CUST008325,23.0,558.0,564.0,14.69304347826087,6.0,0.0,174.0,7.047299286894199,14.949017130888082,105.35019776627675
CUST008327,47.0,258.0,753.0,80.3059574468085,0.0,0.0,174.0,1.4659515147403663e-17,80.64567718143934,1.182226526213936e-15
CUST008328,10.0,581.0,585.0,22.328,1.0,0.0,174.0,3.1838269662194985,23.04088798676832,73.35820049791586
CUST008329,16.0,549.0,654.0,40.01375,3.0,0.0,174.0,4.1631744748219734,40.627947120152335,169.14123241503512
CUST008330,22.0,714.0,725.0,274.42,4.0,481.19,174.0,5.331565732970727,276.51169742987946,1474.2402907827152
CUST008331,105.0,698.0,698.0,190.8290476190476,21.0,2337.7725,174.0,25.140553917228896,191.14256842202948,4805.430047291646
CUST008332,7.0,353.0,695.0,22.557142857142857,0.0,0.0,174.0,0.8244049436837121,23.587535518321047,19.445680890619023
CUST008333,119.0,832.0,834.0,111.24260504201679,22.0,524.64,174.0,24.009687071317163,111.41645208245484,2675.074149096144
CUST008334,34.0,760.0,789.0,285.6441176470588,13.0,1515.3433333333332,174.0,7.419718728511962,287.04510054578463,2129.7939084471577
CUST008335,27.0,543.0,573.0,166.28222222222223,13.0,1565.82,174.0,8.039452983950406,167.36636473954107,1345.5340204182355
CUST008337,47.0,857.0,858.0,42.507021276595744,9.0,0.0,174.0,9.396147617017588,42.722948448085944,401.431130252448
CUST008338,18.0,785.0,785.0,227.3827777777778,3.0,0.0,174.0,4.102290318325707,229.53892223089107,941.6352983467019
CUST008339,72.0,852.0,886.0,58.21680555555555,13.0,305.45000000000005,174.0,13.679307191000023,58.39114516506182,798.7504119471564
CUST008340,15.0,763.0,801.0,164.98799999999997,3.0,0.0,174.0,3.3897338676456092,166.935044881397,565.8653753314112
CUST008341,6.0,345.0,790.0,327.88,0.0,0.0,174.0,0.4377136052486561,337.0988083932699,147.5527347468441
CUST008343,6.0,507.0,611.0,828.6166666666667,2.0,0.0,174.0,1.943890618095721,850.9756339228616,1654.2035510107094
CUST008344,51.0,853.0,874.0,181.06686274509804,12.0,1060.9933333333333,174.0,9.971684663831216,181.68389211612353,1811.694480679514
CUST008345,53.0,824.0,831.0,247.16509433962264,4.0,0.0,174.0,10.883562783753762,247.95066793938946,2698.586661792026
CUST008346,66.0,693.0,696.0,318.94606060606066,16.0,2308.955,174.0,15.966652768831066,319.7437905601665,5105.238078864023
CUST008347,3.0,469.0,496.0,36.9,3.0,212.65,174.0,1.4268299251720293,40.15134387496393,57.2891389766712
CUST008348,62.0,838.0,853.0,99.98951612903225,13.0,169.38,174.0,12.357925306744345,100.295671047419,1239.4464113938054
CUST008349,146.0,794.0,806.0,91.36205479452055,35.0,1808.7699999999998,174.0,30.297481526835593,91.48280480277614,2771.698588535217
CUST008350,11.0,508.0,911.0,471.1336363636364,0.0,0.0,174.0,0.4198567139337638,478.1291146145775,200.7457188981364
CUST008351,80.0,591.0,612.0,124.46437499999999,18.0,499.01,174.0,21.597629047877888,124.74854072471568,2694.272706836497
CUST008352,17.0,499.0,560.0,30.43823529411765,8.0,0.0,174.0,5.258910463438352,30.92876875193922,162.6516256108383
CUST008353,10.0,464.0,524.0,222.60299999999998,2.0,0.0,174.0,3.485966343558724,226.4364608635808,789.3498815249949
CUST008355,44.0,502.0,827.0,45.84795454545454,0.0,0.0,174.0,3.6750509188166573e-06,46.09034581995593,0.00016938436775420653
CUST008356,7.0,475.0,525.0,53.56571428571429,2.0,0.0,174.0,2.576081009690972,55.29097308506566,142.4340257717723
CUST008357,20.0,746.0,750.0,221.954,2.0,0.0,174.0,4.724445450062428,223.85089606849365,1057.5713474231925
CUST008358,36.0,673.0,741.0,116.30749999999999,10.0,3867.25,174.0,8.025985030622989,116.90555435924824,938.2822292840085
CUST008359,16.0,486.0,605.0,262.099375,0.0,0.0,174.0,4.255559918889407,264.86376708226,1127.1436311613252
CUST008360,39.0,521.0,606.0,269.85358974358974,0.0,0.0,174.0,7.825332824371762,271.01188567300096,2120.7582047518217
CUST008361,20.0,783.0,823.0,220.2485,5.0,0.0,174.0,4.30675986842718,222.13221171125036,956.6700948829832
CUST008362,38.0,757.0,785.0,436.79236842105263,7.0,0.0,174.0,8.297007019541512,438.6580119163521,3639.548604048098
CUST008363,13.0,742.0,742.0,58.85923076923076,3.0,0.0,174.0,3.2134258122308084,59.841925863276714,192.2975892226558
CUST008364,21.0,632.0,641.0,89.49571428571429,7.0,734.08,174.0,5.735369654128122,90.32676846078981,518.057406785471
CUST008366,55.0,738.0,762.0,141.85963636363635,14.0,1100.9033333333334,174.0,12.212576245934258,142.32198988979056,1738.1181530021518
CUST008367,12.0,475.0,569.0,353.2033333333333,4.0,0.0,174.0,3.71225231784533,358.0810015749717,1329.287028073066
CUST008368,51.0,664.0,676.0,121.87058823529411,21.0,0.0,174.0,12.747187068690488,122.30899949424654,1559.095696737531
CUST008369,5.0,292.0,671.0,49.986000000000004,0.0,0.0,174.0,0.6701603428301629,52.309888431212045,35.05601276446863
CUST008370,29.0,648.0,753.0,187.7993103448276,0.0,0.0,174.0,5.922434248815622,188.92272785727766,1118.8824338416146
CUST008371,10.0,290.0,481.0,78.158,6.0,0.0,174.0,1.9539451961173124,79.74079977661948,155.8091526580781
CUST008375,15.0,800.0,907.0,2.3333333333333335,0.0,0.0,174.0,2.9612359870801863,2.5995123755481635,7.697769595333526
CUST008377,23.0,314.0,642.0,239.52565217391304,0.0,0.0,174.0,0.0002656625445663353,241.2914661089669,0.0641021048686498
CUST008378,13.0,661.0,721.0,3.6507692307692308,2.0,0.0,174.0,3.274421079407761,3.9741218064178314,13.012948215068597
CUST008379,6.0,569.0,766.0,33.02333333333333,1.0,0.0,174.0,1.517068743767989,34.50461479935768,52.345872627859926
CUST008381,41.0,896.0,898.0,251.94219512195124,11.0,0.0,174.0,7.879709127308298,252.97649958908045,1993.3812328065812
CUST008382,60.0,614.0,810.0,234.54350000000002,0.0,0.0,174.0,0.0013849532113867048,235.204831427876,0.32574768661970543
CUST008383,50.0,652.0,669.0,118.0044,12.0,626.34,174.0,12.614201737372559,118.43970664920799,1494.0223533883357
CUST008384,23.0,566.0,575.0,303.32260869565215,12.0,171.87,174.0,6.918589051238993,305.51684453717036,2113.7454955839526
CUST008385,47.0,872.0,876.0,245.30510638297872,12.0,342.32666666666665,174.0,9.209459556457189,246.1852029015183,2267.23266951974
CUST008387,32.0,782.0,794.0,512.1012499999999,11.0,395.34,174.0,6.977481639221569,514.6811944066013,3591.1785840246876
CUST008388,40.0,868.0,892.0,228.81325,12.0,217.3,174.0,7.725968451323196,229.78445677518496,1775.3074636495176
CUST008389,13.0,619.0,681.0,130.5169230769231,4.0,485.575,174.0,3.4514074543655577,132.35541023602744,456.81244951423656
CUST008390,5.0,315.0,652.0,115.268,2.0,0.0,174.0,0.9381407603002481,119.65846377031703,112.2564821778449
CUST008391,6.0,647.0,674.0,197.15833333333333,3.0,0.0,174.0,1.8047584876282974,202.94678884619438,366.2699397070772
CUST008392,23.0,676.0,690.0,283.2982608695652,2.0,0.0,174.0,5.82412331446767,285.35802526073394,1661.960327891495
CUST008393,21.0,557.0,753.0,105.92523809523809,0.0,0.0,174.0,2.0330722883020678,106.87720807569556,217.28908998979063
CUST008394,102.0,654.0,656.0,217.52460784313723,36.0,1151.831111111111,174.0,25.905457149110205,217.8875784933282,5644.4773279823
CUST008395,25.0,556.0,563.0,427.32,11.0,0.0,174.0,7.63639382708372,430.10327811021256,3284.4380179692994
CUST008396,54.0,676.0,694.0,191.89166666666665,20.0,643.18,174.0,13.12806842911648,192.50516182626708,2527.220937413376
CUST008397,22.0,889.0,897.0,29.23409090909091,2.0,46.86,174.0,4.353061537763464,29.60390010704026,128.86759892374866
CUST008398,15.0,729.0,779.0,76.65533333333333,2.0,0.0,174.0,3.473311515095606,77.68955250289179,269.8400173109187
CUST008399,3.0,294.0,752.0,15.986666666666666,2.0,295.52,174.0,0.5622464154483819,18.110830514886377,10.18274953778804
CUST008401,31.0,593.0,610.0,69.16258064516128,7.0,1066.08,174.0,8.679059712653135,69.62308708016444,604.2629301479961
CUST008402,2.0,73.0,729.0,112.29,0.0,0.0,174.0,0.03788973652614552,123.56590687873233,4.681879655249401
CUST008403,66.0,877.0,885.0,249.37575757575758,13.0,0.0,174.0,12.694011656217537,250.0113873372738,3173.647465046471
CUST008405,29.0,906.0,907.0,95.70931034482757,3.0,0.0,174.0,5.597031986561899,96.34293659525721,539.2344978029596
CUST008406,114.0,592.0,596.0,114.16903508771931,31.0,444.97333333333336,174.0,31.63700882941788,114.3544610387089,3617.8330935649565
CUST008407,19.0,636.0,675.0,268.9563157894737,4.0,0.0,174.0,4.95127710179671,271.33649176624505,1343.4621585640607
CUST008408,41.0,687.0,692.0,221.57439024390243,9.0,1314.87,174.0,10.099115699970953,222.4946301916602,2246.9990129278267
CUST008409,20.0,893.0,906.0,78.4375,4.0,1411.58,174.0,3.9419374081358,79.22494264937673,312.2997650869915
CUST008410,28.0,721.0,744.0,170.80928571428572,6.0,235.1,174.0,6.524974075409537,171.8794378913286,1121.5088763368826
CUST008411,48.0,820.0,830.0,248.01895833333333,9.0,688.26,174.0,9.892199303912534,248.88936289515507,2462.063182382687
CUST008412,30.0,722.0,743.0,275.175,6.0,0.0,174.0,6.9792569575641945,276.70992521078847,1931.2296707544633
CUST008414,20.0,663.0,670.0,132.8,7.0,0.0,174.0,5.256380745327164,134.00769162072666,704.3954499609279
CUST008415,73.0,804.0,809.0,248.91643835616435,11.0,1014.16,174.0,15.272065817696133,249.49002156608395,3810.228030215662
CUST008416,28.0,518.0,545.0,509.60785714285714,12.0,414.82,174.0,8.725904975547728,512.5446580503686,4472.41598187212
CUST008417,29.0,653.0,662.0,296.4720689655172,7.0,255.56,174.0,7.549056801947802,298.17347504993023,2250.928499986089
CUST008418,3.0,145.0,628.0,1160.1966666666667,0.0,0.0,174.0,0.1884032968157936,1223.9910883281314,230.60395631417117
CUST008419,13.0,630.0,671.0,143.37615384615384,1.0,0.0,174.0,3.5171423493151597,145.36821597119217,511.28070863667233
CUST008420,37.0,746.0,761.0,42.589459459459455,11.0,1141.5933333333332,174.0,8.348772152711454,42.86433158386226,357.8645378719393
CUST008421,36.0,738.0,838.0,292.57388888888886,6.0,316.82,174.0,6.587122301594235,293.9263657960979,1936.1289191620215
CUST008422,45.0,676.0,679.0,187.1142222222222,8.0,724.74,174.0,11.253686822951375,187.83449214589032,2113.8305491579695
CUST008423,25.0,612.0,648.0,207.57920000000001,7.0,937.14,174.0,6.654265347085034,209.00561203862424,1390.7788015349158
CUST008424,31.0,510.0,530.0,374.2187096774194,8.0,962.38,174.0,9.88785267563449,376.19649572519774,3719.775526820715
CUST008425,17.0,574.0,589.0,91.82882352941176,6.0,383.1566666666666,174.0,5.098215353670081,92.87844860170225,473.5143326862559
CUST008426,11.0,552.0,641.0,346.27000000000004,0.0,0.0,174.0,3.113665333838856,351.49929345458406,1094.4511648983894
CUST008427,1.0,25.0,559.0,1067.56,1.0,0.0,174.0,0.056900124542452454,1265.2775999170774,71.99445301605704
CUST008428,32.0,752.0,754.0,182.7796875,4.0,1207.8,174.0,7.335690010674319,183.77309473122313,1348.1024552505387
CUST008429,25.0,775.0,805.0,148.93,7.0,1354.795,174.0,5.432061776949493,149.99426213471108,814.7780981037067
CUST008430,5.0,308.0,329.0,737.83,2.0,0.0,174.0,3.020496562611371,761.9283660445102,2301.4020105935415
CUST008431,6.0,562.0,594.0,161.63166666666666,1.0,359.28000000000003,174.0,2.0307288682347,166.4878436488226,338.09167030780924
CUST008432,28.0,598.0,601.0,253.4889285714286,7.0,484.96,174.0,8.001850338656778,255.0146135145163,2040.5887715135598
CUST008433,27.0,840.0,862.0,296.1066666666667,4.0,0.0,174.0,5.480506635906815,297.9327348579458,1632.8223304428375
CUST008434,45.0,788.0,788.0,355.9095555555556,5.0,222.7,174.0,9.771582858875256,357.20728823218025,3490.480614754885
CUST008435,99.0,727.0,730.0,134.91474747474746,25.0,297.02,174.0,22.729617289976005,135.16051214707574,3072.1467138201847
CUST008436,3.0,77.0,477.0,145.10666666666665,1.0,0.0,174.0,0.10242077157474556,154.1900982094933,15.792268827802099
CUST008437,9.0,513.0,631.0,43.6188888888889,4.0,0.0,174.0,2.6136700119026206,44.78160263103037,117.04433188166357
CUST008438,13.0,561.0,561.0,99.49692307692308,8.0,36.13,174.0,4.183638087380847,100.96494519587343,422.4007902117759
CUST008439,44.0,626.0,642.0,114.49840909090909,20.0,622.37,174.0,11.587614391252107,114.98101560949468,1332.3556711973636
CUST008441,117.0,849.0,849.0,199.4196581196581,19.0,197.18,174.0,23.214852296410395,199.71226050714253,4636.290629455549
CUST008442,15.0,539.0,550.0,49.38933333333333,0.0,0.0,174.0,4.847690750583214,50.14178691380442,243.07187663976413
CUST008443,3.0,212.0,587.0,95.75,0.0,0.0,174.0,0.6392150214962471,102.17322200250125,65.31065829866967
CUST008445,23.0,658.0,779.0,234.77956521739128,4.0,0.0,174.0,4.6989586608353076,236.51350729314308,1111.3671934996494
CUST008447,13.0,688.0,798.0,553.4623076923076,0.0,0.0,174.0,2.925410176941899,560.3519385939805,1639.259263831953
CUST008448,30.0,835.0,851.0,97.232,3.0,90.73,174.0,6.137663668697708,97.85222406445904,600.5840405416977
CUST008449,9.0,297.0,892.0,106.64888888888889,0.0,0.0,174.0,0.007797390996122848,108.90471527999281,0.8491726463595383
CUST008450,17.0,841.0,912.0,141.06882352941176,3.0,0.0,174.0,3.340684137989937,142.5668833192673,476.2709257073384
CUST008451,196.0,857.0,861.0,200.2726530612245,38.0,2005.2,174.0,38.172071773571446,200.44789460785924,7651.511419832488
CUST008452,28.0,665.0,680.0,206.95071428571427,3.0,2169.72,174.0,7.113018816593671,208.21999171725784,1481.0727190758334
CUST008453,56.0,818.0,838.0,230.16839285714286,9.0,331.78499999999997,174.0,11.370093252032504,230.86507255758318,2624.957403616971
CUST008454,78.0,832.0,838.0,196.39653846153846,11.0,1256.7066666666667,174.0,15.757516683764521,196.82977226841524,3101.5484203811243
CUST008456,76.0,577.0,577.0,63.73052631578948,7.0,931.595,174.0,21.88633423679139,63.90682485017319,1398.6861286829762
CUST008458,11.0,635.0,678.0,523.539090909091,5.0,0.0,174.0,2.999333992891661,531.2758395551598,1593.4736851798468
CUST008460,26.0,643.0,671.0,218.50346153846152,13.0,1055.324,174.0,6.698134725711323,219.9395317251188,1473.1846150047054
CUST008461,18.0,769.0,778.0,300.3338888888889,10.0,175.43,174.0,4.134782272006589,303.11718104330595,1253.3235465184732
CUST008462,22.0,482.0,588.0,11.986363636363636,4.0,555.0,174.0,5.54366518597844,12.23504573231694,67.82699707509951
CUST008463,23.0,657.0,674.0,69.00826086956522,7.0,90.73,174.0,5.952433846102716,69.62898278376316,414.46191379177515
CUST008466,66.0,854.0,870.0,192.615,9.0,562.005,174.0,12.889075142193079,193.11837606512867,2489.1172604417447
CUST008467,46.0,833.0,854.0,230.2241304347826,6.0,0.0,174.0,9.223283539423319,231.07295559647105,2131.2513877588267
CUST008468,70.0,613.0,621.0,380.1764285714286,17.0,189.155,174.0,18.824141696824658,381.06297144067526,7173.183369812319
CUST008469,11.0,874.0,893.0,36.27454545454545,6.0,673.81,174.0,2.3159227703929703,37.118981358100925,85.96469414101811
CUST008470,38.0,636.0,653.0,25.63447368421053,5.0,581.45,174.0,9.896932990275175,25.833350266820233,255.67093650502716
CUST008471,17.0,577.0,620.0,94.83647058823529,1.0,597.5,174.0,4.831700017078337,95.91348667107326,463.42519518666745
CUST008472,54.0,668.0,702.0,115.81666666666668,14.0,122.98,174.0,12.873458192852427,116.21340304488962,1496.0683855474954
CUST008473,46.0,748.0,765.0,111.42021739130435,11.0,110.0,174.0,10.24867123618368,111.87146974711158,1146.5339141468153
CUST008474,26.0,595.0,602.0,319.4003846153846,8.0,76.64333333333333,174.0,7.443133018794663,321.43537331090187,2392.4862404989626
CUST008475,17.0,545.0,585.0,209.04235294117646,4.0,0.0,174.0,5.104082295420188,211.15945599796268,1077.7752408697595
CUST008476,30.0,694.0,703.0,183.588,17.0,1068.852,174.0,7.366422281848168,184.6521298780759,1360.2255639245802
CUST008478,16.0,639.0,652.0,88.51,0.0,0.0,174.0,4.383190433361808,89.59372950177817,392.70637804139966
CUST008479,3.0,336.0,585.0,188.28,0.0,0.0,174.0,1.083678071934749,199.69037379759092,216.40007926090266
CUST008480,15.0,724.0,740.0,52.47866666666666,1.0,0.0,174.0,3.6639877562925736,53.26304527561841,195.15514575272286
CUST008481,80.0,744.0,745.0,107.399125,15.0,1013.0733333333334,174.0,18.079177654114407,107.65050013778972,1946.2325165453678
CUST008482,67.0,857.0,899.0,123.51805970149252,5.0,0.0,174.0,12.494253706343068,123.85531665844312,1547.4797492100472
CUST008485,65.0,841.0,848.0,170.1003076923077,18.0,493.4166666666667,174.0,13.028635601494653,170.55817766379,2222.140345636504
CUST008486,6.0,553.0,775.0,35.46666666666667,1.0,0.0,174.0,1.4709028775339525,37.012065243125136,54.441153269587154
CUST008487,20.0,434.0,572.0,45.976,0.0,0.0,174.0,3.7838042135962837,46.51249922360572,175.99419054717322
CUST008488,28.0,809.0,826.0,90.14464285714284,9.0,0.0,174.0,5.91234414192903,90.77036413665243,536.665630664102
CUST008489,101.0,861.0,863.0,263.78069306930695,12.0,107.19,174.0,19.763920227354497,264.2176350620183,5221.976262025993
CUST008490,16.0,599.0,607.0,122.485625,3.0,0.0,174.0,4.690918811864449,123.89830068057502,581.1968694205473
CUST008491,62.0,898.0,906.0,77.02225806451614,0.0,0.0,174.0,11.675673724936264,77.27143772210209,902.1960950999962
CUST008492,27.0,868.0,875.0,30.411481481481488,3.0,0.0,174.0,5.410085095907237,30.719144720749608,166.19318701274494
CUST008493,35.0,669.0,841.0,222.2537142857143,0.0,0.0,174.0,1.4309483910371594,223.33539517847126,319.58142439228163
CUST008495,2.0,386.0,513.0,113.81,1.0,0.0,174.0,1.03709436932481,125.21219694640389,129.85686442390465
CUST008496,3.0,144.0,905.0,934.9200000000001,0.0,0.0,174.0,0.03122300188375204,986.5725332732827,30.80375606484973
CUST008497,35.0,862.0,891.0,216.15914285714285,8.0,181.46,174.0,6.796178538596625,217.2139903383336,1476.2250594203174
CUST008499,10.0,721.0,798.0,16.634,4.0,0.0,174.0,2.3512333981526856,17.258167267953837,40.577979271318554
CUST008500,16.0,359.0,736.0,82.4075,0.0,0.0,174.0,0.010358956892758486,83.43214614257262,0.864270005361236
CUST008501,37.0,638.0,646.0,241.53864864864866,9.0,2552.9449999999997,174.0,9.758122318199595,242.64191653484488,2367.7295010693933
CUST008502,22.0,591.0,610.0,158.58,6.0,1907.27,174.0,6.26878243729635,159.85817787026713,1002.1161378913266
CUST008503,53.0,871.0,871.0,157.0752830188679,10.0,2441.9700000000003,174.0,10.410172369302723,157.5993084667873,1640.635966422166
CUST008504,8.0,710.0,774.0,320.06875,1.0,0.0,174.0,2.001641369202837,326.7850594303456,654.1064937931874
CUST008506,34.0,289.0,614.0,220.94294117647058,0.0,0.0,174.0,1.2837816469617918e-07,222.05063879397719,2.8506453477985e-05
CUST008508,19.0,535.0,550.0,220.81105263157895,9.0,1608.345,174.0,6.025622540414466,222.79929371070932,1342.5044461716732
CUST008509,111.0,688.0,691.0,97.79288288288288,28.0,111.1975,174.0,26.8059330866436,97.96066088943505,2625.9269209255804
CUST008510,4.0,540.0,689.0,699.3199999999999,3.0,0.0,174.0,1.2565576005611017,728.1472504824651,914.9589619214098
CUST008511,41.0,686.0,693.0,98.04048780487804,13.0,0.0,174.0,10.083315039091316,98.49672203130126,993.1734785594169
CUST008513,17.0,737.0,792.0,23.725294117647056,2.0,0.0,174.0,3.830365541665817,24.154691997066887,92.52129989511609
CUST008514,42.0,655.0,662.0,146.64642857142857,13.0,518.908,174.0,10.777500401216459,147.2699662248144,1587.2021200750714
CUST008517,23.0,513.0,564.0,92.92173913043477,8.0,765.06,174.0,6.937248599682244,93.70304955081363,650.0413492823377
CUST008518,45.0,747.0,751.0,108.03577777777777,8.0,561.53,174.0,10.226634725843239,108.48551382277384,1109.4417229109256
CUST008519,66.0,854.0,860.0,126.47303030303033,14.0,0.0,174.0,13.049440245698058,126.82229426056239,1654.9599507755447
CUST008520,67.0,851.0,874.0,83.85432835820895,13.0,485.96,174.0,13.000110793186003,84.10055055895383,1093.3164750343408
CUST008521,24.0,798.0,894.0,38.944583333333334,5.0,0.0,174.0,4.602374171394525,39.34585208271838,181.08433337701257
CUST008522,73.0,770.0,784.0,174.9376712328767,13.0,835.492,174.0,15.714779382826867,175.35544607482797,2755.672148643115
CUST008523,27.0,807.0,865.0,87.67888888888889,6.0,926.05,174.0,5.417344005479999,88.31382608660542,478.426376351275
CUST008524,57.0,816.0,821.0,142.9019298245614,13.0,599.8466666666667,174.0,11.821418939494313,143.3508296927443,1694.6102131220312
CUST008525,18.0,492.0,574.0,74.86944444444444,8.0,170.47,174.0,5.2928099509623,75.71445895092128,400.74224176716274
CUST008526,42.0,759.0,792.0,258.0626190476191,3.0,0.0,174.0,9.044999570756756,259.0946464931445,2343.5109663158655
CUST008527,25.0,550.0,567.0,25.3288,4.0,0.0,174.0,7.574665961085205,25.629843493987067,194.13750310184494
CUST008528,9.0,801.0,855.0,39.92777777777778,1.0,0.0,174.0,2.0179723975473434,41.026477554438024,82.79029927345157
CUST008529,6.0,516.0,558.0,107.82666666666667,0.0,0.0,174.0,2.1490171008926278,111.27091140042921,239.12309143143082
CUST008530,13.0,485.0,823.0,230.21153846153845,0.0,0.0,174.0,0.4702472524241253,233.24065649400183,109.68077786990358
CUST008531,6.0,501.0,559.0,164.145,0.0,0.0,174.0,2.138410884822783,169.06713100844152,361.5349932142108
CUST008532,33.0,685.0,709.0,58.84030303030303,10.0,1074.86,174.0,7.986565031315113,59.224555055326064,473.0007604000638
CUST008533,29.0,573.0,579.0,218.9948275862069,15.0,664.1633333333333,174.0,8.56598417905038,220.2841620468493,1886.9506469886812
CUST008534,38.0,705.0,759.0,65.34052631578948,6.0,0.0,174.0,8.436565339461076,65.7003647468934,554.2854200135912
CUST008535,8.0,730.0,750.0,17.105,5.0,0.0,174.0,2.073562416067263,17.89746961209509,37.111520330346316
CUST008536,10.0,122.0,722.0,99.53200000000001,0.0,0.0,174.0,7.768252671646283e-06,101.44783747313174,0.0007880724344833936
CUST008537,31.0,240.0,558.0,77.20193548387097,0.0,0.0,174.0,8.568433759084675e-08,77.70242783633572,6.657881058356997e-06
CUST008538,27.0,815.0,830.0,284.80074074074076,5.0,183.82,174.0,5.686330328932119,286.56219739643245,1629.4873141807666
CUST008539,24.0,604.0,641.0,163.34041666666667,10.0,253.7,174.0,6.466654808078552,164.5420219359981,1064.0364572833887
CUST008540,25.0,560.0,577.0,104.4716,8.0,127.78,174.0,7.451946362334833,105.26133826587512,784.4018467848845
CUST008541,31.0,512.0,708.0,199.50548387096774,0.0,0.0,174.0,0.22359794896239452,200.6142861797887,44.8569429223556
CUST008542,22.0,562.0,714.0,299.62454545454545,3.0,0.0,174.0,3.7351015873336078,301.8932490197703,1127.601953619044
CUST008543,20.0,614.0,647.0,54.562,0.0,0.0,174.0,5.411085739553796,55.16487324371169,298.50185893334105
CUST008544,61.0,765.0,770.0,113.87672131147541,11.0,292.62,174.0,13.427302442106543,114.22292422180247,1533.705749347959
CUST008545,103.0,612.0,614.0,144.83436893203884,35.0,365.532,174.0,27.839815131958797,145.0853729394459,4039.1499609854714
CUST008546,5.0,419.0,746.0,304.52200000000005,2.0,0.0,174.0,1.0922520642076823,314.90351259276395,343.95401165569626
CUST008547,17.0,696.0,708.0,105.0564705882353,7.0,0.0,174.0,4.288058241951497,106.2265614641991,455.50568240072624
CUST008549,93.0,731.0,731.0,59.67322580645162,15.0,162.97500000000002,174.0,21.34883143406278,59.81054000951135,1276.8851366433255
CUST008550,8.0,363.0,603.0,60.87375,8.0,0.0,174.0,1.6888434668980985,62.52202848046648,105.58991933645267
CUST008551,8.0,720.0,750.0,1036.4875,0.0,0.0,174.0,2.0714933459207234,1057.2119206904924,2190.0074589384226
CUST008552,44.0,844.0,845.0,171.56136363636364,6.0,209.0,174.0,8.943644759154955,172.24363950375485,1540.4859237455323
CUST008553,113.0,778.0,784.0,111.2453982300885,23.0,1279.5539999999999,174.0,24.18982010471637,111.4284924344168,2695.4351865282915
CUST008554,44.0,727.0,733.0,548.9486363636364,9.0,0.0,174.0,10.23792230029214,550.9514304480252,5640.597936161692
CUST008555,19.0,532.0,591.0,6.781052631578947,2.0,0.0,174.0,5.5502628457857135,7.0269452294686205,39.00139302649085
CUST008556,20.0,654.0,695.0,1.2405,4.0,647.86,174.0,5.050171735103732,1.4311717164486748,7.227662950488991
CUST008559,17.0,563.0,697.0,442.59470588235297,0.0,0.0,174.0,3.9039471151175933,446.8387988544081,1744.435039710277
CUST008560,13.0,796.0,814.0,280.48846153846154,1.0,0.0,174.0,2.93812316372304,284.11802580969055,834.7737528627124
CUST008562,11.0,486.0,546.0,354.49727272727273,3.0,557.28,174.0,3.6495599970812145,359.84294020739026,1313.2683998129787
CUST008563,51.0,597.0,602.0,80.04392156862745,16.0,382.89500000000004,174.0,14.233022079299626,80.35612555700119,1143.710509259771
CUST008564,32.0,649.0,677.0,114.63749999999999,10.0,702.9666666666667,174.0,8.091632205959051,115.30262592203812,932.9864413424126
CUST008565,43.0,785.0,793.0,166.30744186046513,6.0,314.82,174.0,9.288648275579085,166.98682832641092,1551.0819149785375
CUST008566,15.0,595.0,637.0,97.77199999999999,12.0,139.02,174.0,4.202719774481269,99.02443783100108,416.17196302923935
CUST008567,21.0,695.0,739.0,229.7304761904762,15.0,1011.4066666666668,174.0,4.98520142137413,231.59361135431604,1154.5408005047043
CUST008569,29.0,802.0,836.0,111.05241379310345,3.0,0.0,174.0,6.027972482365773,111.767644104791,673.7322830825314
CUST008570,27.0,783.0,859.0,77.94222222222223,10.0,0.0,174.0,5.397135652712176,78.52151594686474,423.7912732218314
CUST008571,36.0,532.0,544.0,261.09,13.0,426.88333333333327,174.0,11.159455411342954,262.30772543345955,2927.2113660254818
CUST008573,16.0,494.0,509.0,41.6075,6.0,0.0,174.0,5.524397847958903,42.23712753452904,233.33469645571793
CUST008575,326.0,848.0,851.0,175.28671779141104,58.0,692.8488888888888,174.0,64.02314256209239,175.38028028718566,11228.396687406208
CUST008576,44.0,659.0,668.0,126.53454545454547,7.0,0.0,174.0,11.175494042125381,127.05926769477578,1419.9500891197806
CUST008577,37.0,766.0,772.0,73.00081081081082,12.0,760.0166666666665,174.0,8.24351412926594,73.40231142097193,605.0929913195607
CUST008578,16.0,657.0,718.0,180.895,5.0,0.0,174.0,3.9653112473304724,182.87318523962398,725.1490982658299
CUST008579,18.0,757.0,784.0,63.81722222222223,3.0,0.0,174.0,4.09718500807425,64.56722274391673,264.5438570393664
CUST008580,31.0,817.0,831.0,62.07838709677419,5.0,804.0,174.0,6.479741673973638,62.503658368733674,405.00755990769477
CUST008583,1.0,368.0,668.0,1056.78,3.0,851.6300000000001,174.0,0.5256028954211839,1252.5439553344847,658.3407295661071
CUST008585,32.0,658.0,697.0,59.4303125,0.0,0.0,174.0,7.842901955327204,59.829472675210276,469.2366882306022
CUST008586,24.0,727.0,813.0,180.19583333333333,6.0,191.59,174.0,5.048597261379853,181.5058827937262,916.3501027967386
CUST008587,70.0,772.0,782.0,128.81614285714284,13.0,435.82,174.0,15.129533921183063,129.15055187727182,1953.987655566697
CUST008588,11.0,573.0,619.0,20.567272727272726,4.0,0.0,174.0,3.264079288208336,21.189530684621733,69.1643082345288
CUST008590,75.0,612.0,621.0,101.62346666666667,20.0,1965.8,174.0,20.13717036906354,101.87979529809715,2051.570795083101
CUST008591,35.0,678.0,729.0,57.43257142857143,4.0,0.0,174.0,8.126959481265628,57.788571506371376,469.64537911250153
CUST008592,43.0,719.0,723.0,56.91976744186047,9.0,48.19,174.0,10.145766474173138,57.207461548951215,580.4135454558982
CUST008593,119.0,826.0,829.0,318.874705882353,33.0,1189.8266666666666,174.0,24.14610554961916,319.3165935694998,7710.252172073985
CUST008594,5.0,520.0,588.0,379.606,4.0,258.22,174.0,1.7614176970271302,392.3643812971749,691.1175648999446
CUST008595,11.0,557.0,592.0,28.834545454545456,5.0,1632.42,174.0,3.4102690919092153,29.573743233795234,100.85442248227118
CUST008596,14.0,550.0,659.0,506.80785714285713,4.0,492.94,174.0,3.6804755023967,512.6829747491907,1886.9171290602626
CUST008597,4.0,546.0,557.0,56.07,3.0,253.61,174.0,1.5772570929399516,59.240698399897624,93.43781174195497
CUST008598,16.0,682.0,711.0,42.205,5.0,789.435,174.0,4.030844774147841,42.840412427134574,172.68305255425363
CUST008599,48.0,631.0,631.0,194.61875,11.0,0.0,174.0,12.843257262920778,195.31792256577916,2508.5183275715412
CUST008600,11.0,290.0,789.0,11.460909090909091,0.0,0.0,174.0,0.005431568947714976,11.954358361653739,0.06493092166701532
CUST008601,33.0,578.0,585.0,86.63121212121212,11.0,2585.77,174.0,9.598083001593444,87.14527334836674,836.4275667941731
CUST008602,25.0,753.0,753.0,131.9676,5.0,0.0,174.0,5.807085807220708,132.92712189051105,771.9192029250838
CUST008603,16.0,786.0,818.0,159.601875,3.0,0.0,174.0,3.5278174560861055,161.37390385240832,569.2976749672869
CUST008604,58.0,639.0,653.0,185.39206896551724,13.0,2999.61,174.0,14.92077702466666,185.94590331075273,2774.4573619499674
CUST008605,14.0,670.0,763.0,109.64928571428571,1.0,0.0,174.0,3.2811598512489435,111.12377819008722,364.6148795164072
CUST008606,7.0,151.0,702.0,375.9242857142857,0.0,0.0,174.0,0.00248581056963311,384.8732263962924,0.9567219341447005
CUST008608,47.0,456.0,822.0,68.76085106382979,0.0,0.0,174.0,1.748656750032302e-08,69.06276025521029,1.2076706189613606e-06
CUST008609,40.0,784.0,837.0,123.23025,9.0,0.0,174.0,8.108092097055938,123.79492376014102,1003.7406429952417
CUST008610,5.0,434.0,644.0,184.748,0.0,0.0,174.0,1.4954964804733215,191.33793153418785,286.1452031904233
CUST008611,17.0,801.0,843.0,276.9270588235294,0.0,0.0,174.0,3.61988313510971,279.6623962204729,1012.3451916028592
CUST008612,24.0,736.0,743.0,107.88583333333334,9.0,1417.4650000000001,174.0,5.655792936528973,108.73065552520309,614.9580735036086
CUST008613,23.0,705.0,720.0,241.54130434782607,3.0,0.0,174.0,5.593482732856056,243.3206541879481,1361.009877747527
CUST008614,7.0,272.0,733.0,398.52571428571434,0.0,0.0,174.0,0.11164155681143785,407.9811267806777,45.54764814347946
CUST008615,52.0,609.0,628.0,118.26615384615386,16.0,1368.0,174.0,13.896781292460199,118.68544296670335,1649.345643507035
CUST008616,20.0,599.0,605.0,156.254,8.0,0.0,174.0,5.787618283751351,157.64300262323835,912.3775242877164
CUST008617,32.0,842.0,895.0,438.0778125,6.0,242.98,174.0,6.171132253192636,440.30114212999365,2717.156579315959
CUST008618,40.0,759.0,774.0,288.698,7.0,91.71,174.0,8.856630918221029,289.8997848793556,2567.535397948126
CUST008620,85.0,645.0,651.0,225.5707058823529,15.0,0.0,174.0,21.793518214860143,226.02095128898216,4925.79171885645
CUST008621,10.0,512.0,635.0,78.848,2.0,688.26,174.0,2.824219243084406,80.44155097015339,227.18457619346228
CUST008622,26.0,605.0,616.0,193.83576923076922,13.0,121.33,174.0,7.280599414722637,195.12541337148377,1420.6299703899374
CUST008623,61.0,761.0,766.0,81.79295081967213,18.0,152.835,174.0,13.494042998328055,82.0582549282375,1107.297620369402
CUST008626,31.0,677.0,681.0,173.54,17.0,249.51666666666665,174.0,7.836875281558447,174.51965591389933,1367.6887775777232
CUST008628,13.0,539.0,742.0,33.39846153846154,0.0,0.0,174.0,2.48779005722128,34.0770842632158,84.77663140912003
CUST008629,16.0,471.0,490.0,198.335,3.0,1059.5149999999999,174.0,5.718375010764991,200.48203633090537,1146.4314666619282
CUST008630,50.0,662.0,666.0,117.3282,13.0,1162.6125,174.0,12.694757271758897,117.76142535887554,1494.9527109072778
CUST008631,46.0,755.0,766.0,91.27630434782608,2.0,0.0,174.0,10.245058401801,91.66014585979022,939.0635474511489
CUST008632,3.0,76.0,422.0,340.0933333333333,4.0,3160.84,174.0,0.17602731374546646,359.6860927123776,63.31457669176263
CUST008634,17.0,484.0,520.0,32.601176470588236,9.0,123.64,174.0,5.6978891114315875,33.11140809891307,188.66513167096446
CUST008635,34.0,772.0,772.0,176.55411764705883,7.0,0.0,174.0,7.603080098820158,177.46060426189177,1349.247188588189
CUST008637,38.0,683.0,688.0,112.56763157894736,9.0,864.3000000000001,174.0,9.43651912477673,113.11892097680247,1067.448861171704
CUST008640,21.0,856.0,870.0,114.87238095238096,2.0,120.24,174.0,4.288967041673441,115.89019891461693,497.04924359777124
CUST008641,27.0,786.0,859.0,31.16444444444444,6.0,0.0,174.0,5.408949445102333,31.476410745097912,170.25431443351047
CUST008642,15.0,519.0,549.0,83.60733333333334,1.0,0.0,174.0,4.840206927713366,84.71339415092727,410.0303572394311
CUST008643,12.0,589.0,680.0,228.66666666666666,4.0,217.3,174.0,3.1817804153583062,231.93147287084395,737.9550180856576
CUST008644,8.0,570.0,756.0,25.7675,0.0,0.0,174.0,1.9282806149006695,26.729347177647387,51.54168201160738
CUST008646,30.0,447.0,629.0,502.543,0.0,0.0,174.0,0.20527661231893538,505.24669144626074,103.71532920543883
CUST008647,35.0,581.0,598.0,222.80742857142857,13.0,4221.955,174.0,9.931977420885968,223.89154737856438,2223.6857932911225
CUST008648,54.0,605.0,605.0,101.31944444444444,9.0,1325.89,174.0,14.984776354578878,101.67487421442226,1523.5752509830563
CUST008649,17.0,732.0,794.0,117.16058823529411,3.0,0.0,174.0,3.8143213547128796,118.44091279481667,451.77170294495517
CUST008650,11.0,560.0,720.0,15.407272727272726,3.0,846.1,174.0,2.636010049381518,15.956542953248434,42.06160757815072
CUST008651,22.0,575.0,699.0,36.98409090909091,0.0,0.0,174.0,4.73325442954453,37.40832670050534,177.06312805701583
CUST008652,45.0,790.0,825.0,253.28222222222223,12.0,171.87,174.0,9.293624859659356,254.22885832961757,2362.7076378149504
CUST008653,25.0,720.0,732.0,143.3,9.0,209.36,174.0,5.959397369990749,144.32949773964634,860.1168292417342
CUST008654,2.0,277.0,558.0,287.1,0.0,0.0,174.0,0.8402753001112587,312.90009551667026,262.92222166511164
CUST008656,22.0,734.0,738.0,558.7190909090909,3.0,2071.8,174.0,5.2455048076824475,562.8073600865062,2952.2087131328344
CUST008659,27.0,781.0,889.0,92.56074074074075,0.0,0.0,174.0,5.028966209886271,93.2235769311382,468.8182183514272
CUST008660,12.0,236.0,778.0,238.4775,0.0,0.0,174.0,0.0002639881455027291,241.86936533513622,0.06385064520874469
CUST008661,25.0,703.0,710.0,184.65560000000002,5.0,923.6400000000001,174.0,6.137351152121871,185.94046228965334,1141.1819104594772
CUST008662,19.0,505.0,650.0,339.8568421052631,0.0,0.0,174.0,3.8828348320533284,342.8141961614882,1331.090901778189
CUST008663,26.0,613.0,618.0,215.78923076923078,9.0,247.28,174.0,7.2633020533352814,217.2091894334012,1577.655951614915
CUST008664,24.0,642.0,689.0,113.31416666666667,5.0,0.0,174.0,6.023846928536558,114.19391360876875,687.8866557497506
CUST008665,21.0,614.0,657.0,17.75,8.0,209.0,174.0,5.566621177909054,18.053029691460747,100.49437740590635
CUST008666,24.0,666.0,705.0,24.789583333333336,7.0,477.5566666666667,174.0,5.912580437781477,25.099781802177038,148.40447887613547
CUST008667,37.0,665.0,778.0,337.14243243243243,0.0,0.0,174.0,5.785032987264363,338.64378070096484,1959.0654422870005
CUST008668,28.0,736.0,775.0,149.94535714285715,10.0,0.0,174.0,6.256192088247424,150.900557165243,944.0628718493213
CUST008670,78.0,839.0,875.0,82.14179487179487,9.0,735.485,174.0,14.90492222924899,82.34984984914688,1227.418107591866
CUST008672,10.0,793.0,810.0,3.5,4.0,0.0,174.0,2.337589174481314,3.919520636252149,9.162229008459137
CUST008673,49.0,680.0,704.0,90.47897959183673,13.0,120.49,174.0,11.764433788107088,90.83674244573457,1068.642842030181
CUST008674,2.0,534.0,710.0,519.25,1.0,0.0,174.0,0.7636257025007043,564.3384107863761,430.9433153848775
CUST008675,8.0,743.0,806.0,205.88875000000002,1.0,0.0,174.0,1.92685710664859,210.37250180439912,405.3577501452498
CUST008676,26.0,702.0,726.0,225.74576923076924,4.0,0.0,174.0,6.223445475368741,227.2248293520202,1414.1213361222644
CUST008677,30.0,782.0,794.0,77.19033333333333,8.0,0.0,174.0,6.5599521027441225,77.70753488229947,509.7577068502027
CUST008679,15.0,444.0,487.0,157.34533333333334,5.0,242.98,174.0,5.3816273589626515,159.21339924914938,856.827185312666
CUST008680,10.0,687.0,714.0,83.101,3.0,0.0,174.0,2.6324818350662604,84.76081883406592,223.1313159060207
CUST008681,11.0,555.0,578.0,806.929090909091,6.0,0.0,174.0,3.4942889970565174,818.6743653679271,2860.684827077375
CUST008682,22.0,360.0,905.0,229.50454545454548,0.0,0.0,174.0,2.8128528749958077e-06,231.28081124767073,0.0006505588948493733
CUST008683,44.0,853.0,855.0,292.26363636363635,12.0,555.0,174.0,8.843007507838882,293.36826232465296,2594.257746298553
CUST008684,24.0,841.0,842.0,267.4325,8.0,3244.84,174.0,5.0221795119775186,269.3038117498189,1352.492085867391
CUST008685,6.0,234.0,785.0,306.12,0.0,0.0,174.0,0.046748216582728444,314.7677899800176,14.714832819252642
CUST008687,60.0,504.0,576.0,127.201,0.0,0.0,174.0,6.180085069110302,127.58714612839528,788.49941679849
CUST008689,17.0,747.0,747.0,184.67058823529413,1.0,0.0,174.0,4.079201793702362,186.56573464255874,761.0392793973244
CUST008690,48.0,677.0,767.0,72.77374999999999,0.0,0.0,174.0,7.816122741988813,73.08221692606374,571.2195777507665
CUST008691,22.0,702.0,757.0,51.46909090909091,8.0,1339.525,174.0,5.072474975403006,51.99505175938815,263.7435988942804
CUST008693,35.0,568.0,583.0,179.87885714285716,6.0,253.61,174.0,10.1752732332712,180.77396839817527,1839.4245219141667
CUST008695,18.0,684.0,734.0,206.12444444444444,7.0,0.0,174.0,4.3417155073571685,208.09783479442635,903.5015963744111
CUST008696,22.0,667.0,669.0,84.99090909090908,3.0,2732.18,174.0,5.757892107713303,85.75228650512791,493.75241368624603
CUST008697,22.0,598.0,635.0,96.27772727272728,3.0,846.1,174.0,6.0126350145274845,97.11836959851979,583.9373096018817
CUST008698,31.0,669.0,727.0,81.5241935483871,5.0,0.0,174.0,7.231495672889601,82.04618382670323,593.3166233199091
CUST008699,89.0,629.0,630.0,302.5226966292135,24.0,1495.115,174.0,23.532290703911997,303.0855551304571,7132.297391486463
CUST008701,8.0,729.0,745.0,94.14,0.0,0.0,174.0,2.087529658247239,96.43873232636018,201.31871393504363
CUST008703,14.0,647.0,690.0,100.11142857142856,0.0,0.0,174.0,3.6619369556260177,101.48023899262073,371.61423743283825
CUST008704,15.0,781.0,799.0,223.632,6.0,0.0,174.0,3.405639202856317,226.18506927831774,770.3047390350108
CUST008705,26.0,807.0,861.0,131.43076923076924,3.0,0.0,174.0,5.259055096231635,132.34998077150343,696.035840862534
CUST008706,29.0,678.0,694.0,250.4637931034483,6.0,1470.38,174.0,7.213427171052521,251.9204988784046,1817.2101715545898
CUST008708,5.0,623.0,729.0,48.308,0.0,0.0,174.0,1.4311920348277116,50.578769448659145,72.38793196630817
CUST008709,27.0,805.0,820.0,174.2462962962963,10.0,2538.03,174.0,5.752467597106841,175.3759522071071,1008.8444823831416
CUST008710,31.0,817.0,862.0,132.01258064516128,10.0,0.0,174.0,6.221461459631007,132.7856886461957,826.1210443028691
CUST008711,17.0,633.0,639.0,81.48705882352941,5.0,0.0,174.0,4.727093088914104,82.44250017658742,389.71337281754614
CUST008712,9.0,485.0,631.0,29.09333333333333,0.0,0.0,174.0,2.540602046751381,30.00413420047901,76.22856476074008
CUST008713,30.0,706.0,714.0,84.75466666666667,11.0,856.9399999999999,174.0,7.259536980459374,85.31075204006657,619.3165592656633
CUST008714,81.0,733.0,733.0,132.5493827160494,14.0,1036.18,174.0,18.587197335322156,132.84537661220622,2469.223230176268
CUST008715,28.0,645.0,672.0,102.89571428571428,8.0,761.595,174.0,7.177218416088999,103.59168902347754,743.5001782130676
CUST008717,17.0,512.0,547.0,108.30764705882353,2.0,554.86,174.0,5.439757241523448,109.50734679754814,595.693382741982
CUST008719,72.0,840.0,862.0,135.945,16.0,320.0925,174.0,14.135479382863284,136.28532326939288,1926.4583772613607
CUST008721,7.0,464.0,773.0,468.3457142857143,0.0,0.0,174.0,1.2950116348884213,479.3657120399182,620.7841744582666
CUST008722,23.0,576.0,625.0,128.52782608695654,4.0,0.0,174.0,6.328412289121223,129.54824552581107,819.8347090196363
CUST008723,26.0,661.0,664.0,52.445,6.0,305.02,174.0,6.788990880402114,52.8953564192278,359.10609234575696
CUST008724,15.0,616.0,715.0,120.91533333333334,1.0,0.0,174.0,3.6808968668741686,122.40693330583343,450.5672972891176
CUST008725,16.0,563.0,609.0,336.890625,0.0,0.0,174.0,4.6428874685631225,340.37913314767275,1580.3420118517083
CUST008726,10.0,657.0,679.0,503.087,3.0,0.0,174.0,2.76207998776853,511.29080545366884,1412.2261016736315
CUST008727,33.0,815.0,818.0,221.07848484848486,11.0,1597.38,174.0,6.990238597226014,222.22053896152914,1553.3745885452483
CUST008728,17.0,484.0,541.0,46.02470588235294,4.0,1224.74,174.0,5.439256533789596,46.65718723895745,253.78041053774385
CUST008730,19.0,628.0,629.0,73.9942105263158,7.0,0.0,174.0,5.321369517228781,74.78726353899445,397.97066447336056
CUST008731,37.0,605.0,605.0,45.21405405405405,6.0,1693.0700000000002,174.0,10.387872909109134,45.49985461223157,472.64670709480464
CUST008732,14.0,711.0,905.0,135.32142857142858,0.0,0.0,174.0,2.5401491443436117,137.08037538144072,348.20459823146774
CUST008733,91.0,655.0,663.0,136.2189010989011,28.0,1594.0766666666668,174.0,22.899417336825817,136.48851043021628,3125.507362023226
CUST008734,22.0,551.0,588.0,308.9136363636364,8.0,0.0,174.0,6.457949771055396,311.2475752288056,2010.0212071904123
CUST008735,36.0,806.0,812.0,65.71111111111111,9.0,203.3125,174.0,7.65147917625559,66.09261223599752,505.7062462280704
CUST008736,18.0,785.0,814.0,205.24777777777777,6.0,0.0,174.0,3.9525157631161454,207.21363158066072,819.015145155103
CUST008737,24.0,581.0,602.0,184.5391666666667,4.0,0.0,174.0,6.885952161959189,185.87716021643797,1279.9412332512156
CUST008738,20.0,647.0,690.0,141.326,4.0,161.45,174.0,5.081701070974763,142.59960181120226,724.6485492445613
CUST008739,21.0,722.0,730.0,31.68666666666667,6.0,127.85,174.0,5.07208369679611,32.092265567915646,162.7746569802761
CUST008740,36.0,873.0,885.0,553.2455555555556,9.0,0.0,174.0,7.043488749236796,555.7137107505397,3914.1632694680575
CUST008741,6.0,325.0,658.0,34.375,0.0,0.0,174.0,0.9095758199200266,35.89175143639411,32.64626924112396
CUST008742,8.0,556.0,570.0,126.58625,1.0,0.0,174.0,2.687258168622749,129.5194027403632,348.0520730091807
CUST008743,13.0,639.0,695.0,184.30769230769232,2.0,0.0,174.0,3.392152976277159,186.78859079764743,633.6154742088561
CUST008744,122.0,749.0,752.0,204.20745901639344,29.0,308.365,174.0,27.157944969901717,204.49408299080625,5553.639052534831
CUST008745,46.0,871.0,879.0,236.66326086956522,3.0,0.0,174.0,8.987050854539552,237.533634337945,2134.726851458714
CUST008746,44.0,753.0,756.0,102.47477272727274,14.0,119.76,174.0,9.944134392464726,102.91530726304343,1023.403646465505
CUST008747,8.0,415.0,658.0,16.14125,4.0,68.09,174.0,1.7445580852831435,16.91487544138213,29.508982712820476
CUST008749,15.0,601.0,695.0,294.1766666666667,0.0,0.0,174.0,3.788468928221372,297.4587412835124,1126.9131987804267
CUST008750,34.0,884.0,890.0,116.82205882352942,2.0,0.0,174.0,6.634323241777496,117.45778477177966,779.2529114391166
CUST008751,13.0,525.0,643.0,104.15384615384616,0.0,0.0,174.0,3.488372201991946,105.67748488126479,368.6424006362282
CUST008752,29.0,673.0,712.0,284.00344827586207,16.0,166.31666666666666,174.0,7.003492725818023,285.6385385663426,2000.4674270626713
CUST008753,8.0,672.0,715.0,164.42000000000002,0.0,0.0,174.0,2.1638279871565715,168.09291475718447,363.7241533943196
CUST008754,22.0,865.0,869.0,61.276818181818186,4.0,123.77,174.0,4.4884931527846765,61.871656604384995,277.7105070202269
CUST008755,31.0,525.0,538.0,16.243225806451612,3.0,0.0,174.0,9.767580826906459,16.440523439609976,160.58414153304062
CUST008757,40.0,652.0,664.0,66.96324999999999,9.0,868.3266666666667,174.0,10.245209331634081,67.31127531145631,689.6181059451229
CUST008758,36.0,660.0,667.0,55.302499999999995,14.0,436.35999999999996,174.0,9.22244027956743,55.63945212740211,513.131524432817
CUST008759,4.0,546.0,594.0,247.1175,2.0,0.0,174.0,1.477702013934398,257.90828411150954,381.11159084194253
CUST008760,12.0,632.0,633.0,138.20166666666668,3.0,227.14,174.0,3.4755283803203127,140.29486961435526,487.5988009580296
CUST008761,16.0,682.0,697.0,311.703125,3.0,0.0,174.0,4.114514497668849,314.9477720890919,1295.8571742690733
CUST008762,27.0,810.0,837.0,37.946296296296296,9.0,0.0,174.0,5.632762870304734,38.29701978191147,215.71803107087683
CUST008763,21.0,742.0,825.0,98.2004761904762,3.0,6514.82,174.0,4.427385446710796,99.09559450451125,438.7343929424274
CUST008764,38.0,721.0,742.0,88.29026315789473,4.0,484.96,174.0,8.765238131841365,88.74313607164636,777.8547202343816
CUST008766,11.0,612.0,665.0,227.62818181818182,2.0,0.0,174.0,3.048212704179729,231.1792975295305,704.6836716728603
CUST008768,46.0,746.0,769.0,67.64760869565217,14.0,647.9775,174.0,10.185060593297548,67.95237767044902,692.0990840321626
CUST008769,68.0,670.0,677.0,179.7479411764706,21.0,1177.33,174.0,16.86906045555102,180.2073818537611,3039.9292190276633
CUST008770,33.0,578.0,591.0,112.31848484848486,8.0,1243.38,174.0,9.4984425663029,112.95252935386749,1072.8731127863527
CUST008771,11.0,593.0,658.0,150.91727272727272,5.0,0.0,174.0,3.0689874760319253,153.38331959634837,470.73148687339534
CUST008772,11.0,435.0,533.0,60.16636363636363,3.0,171.37,174.0,3.6280413535699796,61.348747138266816,222.57579160733994
CUST008773,5.0,559.0,601.0,74.00399999999999,2.0,171.37,174.0,1.7344735656184633,77.08820531020814,133.70745433152487
CUST008774,8.0,147.0,826.0,14.805,0.0,0.0,174.0,0.000127314772900097,15.552497790938347,0.001980062724282576
CUST008776,3.0,278.0,400.0,78.26,5.0,0.0,174.0,1.6625904252320214,83.74055168048548,139.22623942762243
CUST008777,9.0,543.0,829.0,32.254444444444445,0.0,0.0,174.0,1.5467702505108807,33.220067627000745,51.38381232540434
CUST008778,8.0,236.0,788.0,95.3025,0.0,0.0,174.0,0.008902477328477945,97.62396264901005,0.8690951141989898
CUST008779,7.0,234.0,535.0,418.86,0.0,0.0,174.0,0.5195225181585462,428.77108026473934,222.75623133269752
CUST008780,28.0,728.0,738.0,136.09,6.0,0.0,174.0,6.586205572183201,136.96886237812762,902.1050846104182
CUST008781,17.0,655.0,669.0,124.76235294117647,3.0,0.0,174.0,4.523184583842985,126.11190770396627,570.4274367656096
CUST008783,31.0,734.0,771.0,261.0238709677419,7.0,1901.034,174.0,6.9286301602824425,262.4386517037096,1818.3403574181814
CUST008784,20.0,659.0,723.0,48.2535,6.0,0.0,174.0,4.8275545178216595,48.80760542332519,235.62137606543047
CUST008785,7.0,383.0,549.0,243.6685714285714,3.0,5132.46,174.0,2.2488297346687336,249.65381487451734,561.428922263298
CUST008786,139.0,829.0,841.0,170.86661870503596,26.0,1050.0066666666667,174.0,27.720276043224434,171.08130797701506,4742.421082958752
CUST008787,27.0,654.0,659.0,74.19,10.0,344.46,174.0,7.085834001550029,74.74785038234296,529.6508597819801
CUST008788,16.0,632.0,634.0,677.08375,7.0,0.0,174.0,4.505149480493609,683.8659496845233,3080.9183279484987
CUST008789,74.0,731.0,749.0,151.58243243243243,26.0,178.94500000000002,174.0,16.61067076461961,151.94602703545186,2523.925429077881
CUST008790,93.0,798.0,806.0,146.00172043010753,16.0,64.925,174.0,19.437552829459083,146.28168769850393,2843.358032622105
CUST008791,12.0,753.0,883.0,215.46833333333333,3.0,0.0,174.0,2.465885281544942,218.5622092295069,538.9493348409871
CUST008792,25.0,550.0,568.0,120.294,8.0,0.0,174.0,7.560772550818746,121.18143918318816,916.2252990449604
CUST008793,16.0,757.0,757.0,60.129374999999996,3.0,0.0,174.0,3.809162959475397,60.938328154157894,232.12402241717498
CUST008794,20.0,595.0,604.0,143.121,2.0,0.0,174.0,5.794785815706569,144.40847804764417,836.8162002582619
CUST008795,16.0,638.0,663.0,7.5,3.0,0.0,174.0,4.308054933222276,7.799404564581801,33.600263310642966
CUST008796,18.0,559.0,632.0,100.14222222222222,8.0,0.0,174.0,4.925584376270133,101.20450229528863,498.49131531386854
CUST008797,32.0,724.0,756.0,327.490625,8.0,1737.585,174.0,7.285255529723685,329.1811905960891,2398.1690890711843
CUST008798,37.0,534.0,589.0,266.92594594594595,10.0,292.62,174.0,10.199513950724706,268.13492288061923,2734.845886597369
CUST008799,25.0,760.0,761.0,240.4532,3.0,2629.74,174.0,5.748598827336211,242.08260399659196,1391.6357734533049
CUST008800,8.0,503.0,557.0,98.19749999999999,3.0,625.42,174.0,2.7262048177566567,100.57556848477037,274.18959935179555
CUST008801,11.0,766.0,832.0,75.09454545454545,1.0,0.0,174.0,2.4633503637762657,76.48808673250237,188.41695627706028
CUST008802,13.0,756.0,799.0,423.15999999999997,3.0,0.0,174.0,2.9821013814644455,428.493459088282,1277.8109362956445
CUST008803,18.0,636.0,661.0,235.42333333333332,6.0,127.33,174.0,4.816138995481367,237.64860100961715,1144.5486945440098
CUST008804,90.0,855.0,860.0,57.590333333333334,11.0,334.494,174.0,17.695921490821632,57.72867570310192,1021.5621130111939
CUST008805,6.0,609.0,625.0,32.303333333333335,0.0,0.0,174.0,1.9400289973544294,33.76572080774272,65.5064774835947
CUST008806,21.0,543.0,709.0,61.64380952380952,0.0,0.0,174.0,3.126652205872795,62.26988298643403,194.69626699897478
CUST008807,43.0,702.0,702.0,66.57116279069768,11.0,0.0,174.0,10.436673630383504,66.89341634729242,698.1447544380516
CUST008808,15.0,563.0,582.0,499.0953333333334,3.0,0.0,174.0,4.593136127437436,504.4950280201685,2317.2143393119973
CUST008809,40.0,713.0,713.0,79.54875,10.0,0.0,174.0,9.589280914396346,79.9452340714919,766.6173072787057
CUST008810,21.0,676.0,692.0,393.49333333333334,0.0,0.0,174.0,5.331265554086857,396.561708405076,2114.175776089818
CUST008811,32.0,797.0,798.0,82.275625,8.0,1827.6,174.0,6.950301571300542,82.78484458732176,575.3796354151335
CUST008812,26.0,745.0,842.0,104.33500000000001,7.0,485.38,174.0,5.185537611510564,105.09337256557798,544.9656361592971
CUST008813,36.0,732.0,744.0,39.535,1.0,0.0,174.0,8.311048665944547,39.80446701240114,330.8168624620502
CUST008815,17.0,575.0,589.0,153.2994117647059,2.0,0.0,174.0,5.098889645769024,154.90885702127446,789.8631671036904
CUST008816,24.0,680.0,688.0,103.76125,6.0,0.0,174.0,6.08316630249229,104.57953549379256,636.1747062461353
CUST008817,30.0,814.0,814.0,229.775,7.0,249.42,174.0,6.41206982575474,231.07655029835388,1481.6789756075723
CUST008818,70.0,790.0,801.0,103.24114285714286,18.0,1488.8883333333333,174.0,14.785360718642353,103.51937425497539,1530.5712897279498
CUST008820,60.0,622.0,631.0,86.42933333333333,15.0,2074.2,174.0,15.945105499552271,86.71095643215513,1382.615348277794
CUST008821,6.0,243.0,769.0,106.28500000000001,0.0,0.0,174.0,0.06967929562295049,109.68878884893884,7.643037544728604
CUST008822,76.0,757.0,758.0,90.09657894736843,20.0,1294.9766666666667,174.0,16.910351152277546,90.3262112129142,1527.4479498651685
CUST008823,6.0,111.0,552.0,245.09666666666666,0.0,0.0,174.0,0.008381706703145251,252.1431033851325,2.113389539795011
CUST008825,16.0,215.0,632.0,103.831875,0.0,0.0,174.0,5.278548395014078e-05,105.06394826979576,0.0055458513551337255
CUST008826,21.0,657.0,695.0,254.64285714285714,4.0,0.0,174.0,5.289112038576574,256.68933910613936,1357.6586736405463
CUST008827,32.0,615.0,638.0,79.4496875,7.0,117.58,174.0,8.566330439995893,79.9452928712801,684.8377958576334
CUST008830,56.0,687.0,688.0,155.87357142857144,15.0,700.1999999999999,174.0,13.750351587722557,156.36614557428305,2150.0894780633994
CUST008831,24.0,662.0,697.0,89.91041666666668,4.0,45.76,174.0,5.982748135472902,90.63958882401288,542.2738310368935
CUST008832,37.0,556.0,565.0,147.08270270270268,10.0,131.21,174.0,11.06518423705423,147.79266963795405,1635.3531184300525
CUST008833,27.0,856.0,907.0,176.40222222222224,1.0,0.0,174.0,5.193172283200663,177.5441989005314,922.0176127733052
CUST008834,81.0,653.0,659.0,191.21925925925927,24.0,330.045,174.0,20.546763775699848,191.62659191423947,3937.306317204313
CUST008835,14.0,836.0,876.0,71.67214285714286,3.0,0.0,174.0,2.922891540234957,72.7258382476849,212.56973737065408
CUST008836,12.0,686.0,692.0,351.1325,2.0,0.0,174.0,3.1935889452599517,355.98334908420753,1136.8644883319396
CUST008837,87.0,814.0,820.0,191.23022988505747,17.0,887.00375,174.0,17.910577823605454,191.6094403862091,3431.8357937746878
CUST008838,20.0,802.0,829.0,192.98649999999998,3.0,0.0,174.0,4.285311754909371,194.65946298819784,834.1764849476698
CUST008839,49.0,431.0,833.0,125.19285714285714,0.0,0.0,174.0,2.3033903013029914e-10,125.65965396867476,2.8944322821653538e-08
CUST008840,23.0,331.0,758.0,302.1569565217391,0.0,0.0,174.0,1.5140691911119476e-05,304.3433645458527,0.004607969117782278
CUST008843,19.0,553.0,572.0,299.50947368421055,2.0,1402.74,174.0,5.805255130043143,302.13837296264524,1753.9903396242848
CUST008845,41.0,732.0,732.0,288.0873170731707,9.0,4330.61,174.0,9.578599901337855,289.2573862417508,2770.68077131648
CUST008846,72.0,706.0,709.0,197.31416666666667,15.0,485.63,174.0,17.085217367997966,197.78553992326601,3379.2089418358396
CUST008847,9.0,601.0,623.0,449.2255555555555,4.0,501.5,174.0,2.7326820147521915,457.4225986303454,1249.9905084183554
CUST008848,30.0,577.0,581.0,215.7386666666667,9.0,0.0,174.0,8.820951296898578,216.9680643645234,1913.8647287418169
CUST008849,35.0,537.0,549.0,259.3248571428571,7.0,2007.06,174.0,10.769113717452171,260.5697562774829,2806.10533668101
CUST008850,60.0,766.0,778.0,403.11449999999996,9.0,47.34,174.0,13.071825289223465,404.2079832886837,5283.736138059031
CUST008851,39.0,745.0,773.0,202.58205128205128,14.0,110.75,174.0,8.631709418493097,203.47465951331242,1756.3341349457348
CUST008854,6.0,526.0,600.0,531.34,4.0,95.86500000000001,174.0,1.9954523147541714,545.8979355237991,1089.3132990604884
CUST008855,20.0,566.0,634.0,394.537,3.0,0.0,174.0,5.423292159407145,397.7680478867964,2157.212335367149
CUST008856,23.0,350.0,578.0,48.68304347826087,0.0,0.0,174.0,0.036798234605138085,49.16727348345814,1.8092688645392774
CUST008857,19.0,571.0,598.0,181.65526315789475,10.0,3003.12,174.0,5.5606995473105005,183.32474971512983,1019.4138527517332
CUST008858,63.0,803.0,813.0,143.81555555555553,12.0,197.85333333333332,174.0,13.150973259405868,144.22382906981932,1896.6837194663165
CUST008859,27.0,728.0,749.0,145.78629629629629,9.0,561.53,174.0,6.265395507744151,146.75330791641696,919.467516166113
CUST008862,18.0,816.0,906.0,147.27055555555555,0.0,0.0,174.0,3.519486741275102,148.73798951135396,523.4813820091255
CUST008866,18.0,774.0,877.0,133.48833333333334,3.0,0.0,174.0,3.6002931956846504,134.837283980874,485.45375604093954
CUST008867,14.0,647.0,742.0,125.82357142857144,7.0,2238.8599999999997,174.0,3.3613030178845937,127.47727939486751,428.4897639416857
CUST008868,30.0,586.0,604.0,151.76833333333335,10.0,1314.87,174.0,8.488218846159826,152.66889686951427,1295.887007630242
CUST008869,27.0,854.0,855.0,92.17925925925927,6.0,157.41,174.0,5.53329926177246,92.83991534477383,513.7110350402547
CUST008870,92.0,789.0,791.0,70.33847826086956,24.0,787.214,174.0,19.591934722084588,70.4951031253341,1381.135458658167
CUST008871,5.0,549.0,696.0,212.35399999999998,4.0,0.0,174.0,1.473321369578884,219.81783059995377,323.862307237383
CUST008872,64.0,905.0,909.0,203.1621875,8.0,108.44999999999999,174.0,12.00960102012943,203.7066768438715,2446.4359140313354
CUST008874,29.0,692.0,710.0,97.32379310344827,5.0,0.0,174.0,7.0575563384429065,97.9660061662121,691.400607770287
CUST008876,41.0,631.0,637.0,171.36634146341464,14.0,123.64,174.0,10.920009247195097,172.0979949467993,1879.3116962427835
CUST008877,16.0,524.0,848.0,73.85625,0.0,0.0,174.0,0.34576609747476655,74.798104405513,25.862648658804375
CUST008878,11.0,544.0,727.0,87.73727272727272,0.0,0.0,174.0,2.4989755363141897,89.30964423430089,223.18261609844154
CUST008879,11.0,624.0,627.0,328.9672727272727,8.0,0.0,174.0,3.2447624098703516,333.95182067600257,1083.5943144372577
CUST008880,15.0,608.0,659.0,135.82,4.0,0.0,174.0,4.062130658458801,137.46562411184888,558.4033261889148
CUST008881,4.0,80.0,890.0,61.91,0.0,0.0,174.0,0.0009646777979080118,65.31363157387693,0.0630066102800628
CUST008882,13.0,757.0,791.0,42.89692307692308,1.0,0.0,174.0,3.0143292269599598,43.688983839564095,131.69298088377943
CUST008883,17.0,609.0,612.0,45.39294117647059,4.0,1680.935,174.0,4.924576067037252,46.01966897443477,226.62736044447826
CUST008884,21.0,400.0,829.0,303.84238095238095,0.0,0.0,174.0,0.0003883349277539236,306.25095497108776,0.11892794247326748
CUST008885,13.0,475.0,910.0,24.786923076923078,0.0,0.0,174.0,0.09160910436205971,25.362700091105403,2.323454239549696
CUST008886,60.0,527.0,554.0,121.583,12.0,98.72,174.0,17.792974922837757,121.95474371544158,2169.9376966499576
CUST008887,15.0,215.0,841.0,6.958666666666667,0.0,0.0,174.0,1.0638267531885616e-06,7.272643690668048,7.736832924540668e-06
CUST008888,23.0,632.0,691.0,240.10347826086957,7.0,597.5,174.0,5.739637620011084,241.87317252763947,1388.264360311071
CUST008889,20.0,656.0,733.0,118.76599999999999,0.0,0.0,174.0,4.730960976986627,119.86520187018309,567.0775925464607
CUST008890,51.0,795.0,810.0,83.33392156862745,11.0,2628.075,174.0,10.732568564168114,83.65605276261653,897.8443220824472
CUST008891,28.0,644.0,692.0,65.73821428571429,4.0,270.63,174.0,6.928870516338001,66.22946560947398,458.8953915743058
CUST008892,4.0,651.0,714.0,114.0,1.0,0.0,174.0,1.2411612161920238,119.48128380548354,148.2955355201983
CUST008893,18.0,616.0,655.0,88.18944444444445,1.0,0.0,174.0,4.844026930911985,89.14896861710915,431.84000484430413
CUST008894,6.0,670.0,833.0,235.6916666666667,0.0,0.0,174.0,1.4377227549368095,242.49130061966204,348.63526077511057
CUST008895,76.0,854.0,859.0,189.3686842105263,10.0,182.29,174.0,15.002848025507868,189.79912589748912,2847.527441214264
CUST008896,22.0,584.0,615.0,132.81636363636363,9.0,271.99,174.0,6.205423434288896,133.9136089953345,830.990647429849
CUST008897,14.0,553.0,573.0,51.25071428571429,6.0,3346.485,174.0,4.376012792661518,52.078134686270474,227.89458360506913
CUST008898,53.0,717.0,747.0,116.10943396226415,10.0,2805.48,174.0,11.972106733497947,116.51452762475148,1394.9243607266199
CUST008899,39.0,829.0,831.0,106.91128205128204,7.0,982.9,174.0,8.086681171345024,107.42604034721423,868.7201377879682
CUST008900,13.0,859.0,866.0,48.850769230769224,3.0,209.34,174.0,2.7717201173557786,49.713935469053546,137.79311505250269
CUST008901,22.0,620.0,623.0,354.07318181818187,9.0,0.0,174.0,6.157758847009902,356.7242665183863,2196.6220080967114
CUST008902,13.0,531.0,743.0,210.51153846153846,0.0,0.0,174.0,2.3510270530091453,213.30538372510972,501.4867276902296
CUST008904,15.0,666.0,821.0,426.0173333333333,0.0,0.0,174.0,3.068789341001638,430.6618433315699,1321.6104743920391
CUST008905,16.0,584.0,593.0,600.629375,2.0,0.0,174.0,4.794325832984152,606.6713565278727,2908.5801567331187
CUST008906,16.0,753.0,754.0,276.73249999999996,4.0,367.04,174.0,3.8233247671864494,279.63856749080963,1069.149060948152
CUST008907,5.0,443.0,617.0,7.302,2.0,0.0,174.0,1.6048661397255155,8.27467826953873,13.279750971905232
CUST008908,67.0,663.0,681.0,204.2713432835821,18.0,574.2,174.0,16.488705493480012,204.79394224529977,3376.7870005315026
CUST008909,24.0,618.0,651.0,174.5375,0.0,0.0,174.0,6.381594716582464,175.81114493873528,1121.9554736573468
CUST008910,24.0,636.0,659.0,1.9741666666666668,6.0,221.5,174.0,6.322984664960767,2.137575563168368,13.515857506108466
CUST008911,40.0,763.0,800.0,133.684,8.0,0.0,174.0,8.536632253036371,134.2889245060567,1146.37516416397
CUST008912,7.0,451.0,451.0,379.6114285714285,2.0,0.0,174.0,2.989590989260935,388.64299385044177,1161.8835924546738
CUST008914,16.0,707.0,884.0,54.194375,4.0,0.0,174.0,2.9240537887297733,54.945866501247636,160.66466911801348
CUST008916,29.0,664.0,678.0,58.40275862068965,10.0,331.885,174.0,7.376214510342583,58.83796568281878,434.0014562286469
CUST008917,68.0,610.0,624.0,88.54750000000001,20.0,1546.0514285714287,174.0,18.186983425762165,88.80070593104647,1615.016966963922
CUST008919,66.0,861.0,862.0,159.43060606060607,13.0,1042.43,174.0,13.025222307842887,159.8566618264944,2082.1685576797513
CUST008922,54.0,589.0,593.0,64.85055555555556,19.0,771.805,174.0,15.263778638332337,65.10207534309833,993.7036669330867
CUST008923,77.0,754.0,754.0,209.94363636363636,21.0,582.7524999999999,174.0,17.216384127523888,210.40955453515886,3622.491714978481
CUST008924,81.0,881.0,884.0,172.98098765432098,19.0,495.13,174.0,15.541435831421602,173.35370925089745,2694.16554846174
CUST008925,21.0,765.0,778.0,286.5466666666667,4.0,0.0,174.0,4.77203574570911,288.82795000752066,1378.2973017957725
CUST008926,8.0,628.0,682.0,48.352500000000006,0.0,0.0,174.0,2.258262311508764,49.755950908440894,112.36198870981231
CUST008927,7.0,521.0,648.0,116.86142857142856,2.0,85.26,174.0,2.066320396450754,120.0050709506214,247.9689257827889
CUST008929,24.0,778.0,828.0,59.86833333333333,6.0,258.22,174.0,5.0671411643493425,60.40422107123671,306.0767150905215
CUST008930,86.0,684.0,688.0,292.2979069767442,22.0,1043.4399999999998,174.0,20.928857846807677,292.8621615623837,6129.270548047952
CUST008931,15.0,553.0,638.0,350.94266666666664,9.0,1018.07,174.0,4.113325691493012,354.81135851486766,1459.454676612743
CUST008933,87.0,857.0,857.0,114.99137931034483,10.0,0.0,174.0,17.17878407383565,115.23590566698655,1979.612741006056
CUST008934,12.0,603.0,662.0,16.61583333333333,1.0,0.0,174.0,3.3017727641899666,17.13439019384759,56.57386287304961
CUST008935,139.0,874.0,878.0,271.6606474820144,26.0,1966.1014285714284,174.0,26.648596394617876,271.9867129711465,7248.064138666862
CUST008936,80.0,710.0,712.0,155.421125,21.0,800.54,174.0,18.87276745224916,155.76477359205253,2939.7123492550486
CUST008937,14.0,428.0,547.0,254.14642857142857,6.0,477.60999999999996,174.0,4.109294740438768,257.22198874132516,1057.0009654599276
CUST008938,3.0,220.0,637.0,630.84,0.0,0.0,174.0,0.5335323184356975,666.1033284980653,355.38765317130776
CUST008939,51.0,649.0,653.0,89.97450980392156,9.0,1476.7183333333332,174.0,13.184913945485757,90.31667822733876,1190.8176302695886
CUST008940,21.0,798.0,798.0,291.4376190476191,4.0,0.0,174.0,4.662612399695001,293.7548981637057,1369.6652306492365
CUST008942,80.0,807.0,834.0,64.53075,19.0,1852.175,174.0,16.117035687201838,64.69975428609915,1042.76824878225
CUST008943,57.0,723.0,729.0,144.56596491228072,14.0,0.0,174.0,13.23666988851277,145.0193558626288,1919.5733409983766
CUST008945,11.0,595.0,628.0,287.7190909090909,0.0,0.0,174.0,3.2282531499695493,292.1201870721265,943.0379140852864
CUST008946,7.0,611.0,653.0,114.96571428571428,2.0,0.0,174.0,2.1063853928562484,118.06687590542332,248.69434278735503
CUST008947,29.0,759.0,789.0,22.98448275862069,7.0,426.3,174.0,6.373211007615956,23.231313644910202,148.05806384312046
CUST008948,17.0,662.0,708.0,312.54764705882354,2.0,209.47,174.0,4.265075602260677,315.60738552044603,1346.0893598765342
CUST008949,26.0,782.0,814.0,105.685,2.0,0.0,174.0,5.576211183739789,106.45138609029513,593.595409641306
CUST008950,49.0,581.0,591.0,69.7469387755102,13.0,242.6925,174.0,13.918726973264793,70.0395836732568,974.8618424691958
CUST008951,41.0,799.0,807.0,219.50317073170734,11.0,604.86,174.0,8.72366435469045,220.41563097134593,1922.831983121335
CUST008952,78.0,738.0,755.0,180.28294871794873,14.0,1655.995,174.0,17.363647522972702,180.68442507507854,3137.340669894634
CUST008953,9.0,634.0,739.0,106.20666666666666,0.0,0.0,174.0,2.286855053920606,108.45482371452509,248.02046173363007
CUST008954,7.0,147.0,615.0,298.7342857142857,0.0,0.0,174.0,0.0067819312671108375,305.95348798092743,2.0749555264194717
CUST008955,36.0,600.0,606.0,86.75333333333333,12.0,2239.395,174.0,10.096008946157378,87.22489545625636,880.6233248540062
CUST008956,34.0,667.0,710.0,155.11676470588236,6.0,70.03,174.0,8.148716312727336,155.926077506746,1270.597371358808
CUST008957,84.0,743.0,747.0,177.41988095238096,21.0,1665.0,174.0,18.914319120890255,177.78738906526192,3362.7274124502387
CUST008958,41.0,904.0,916.0,263.6656097560975,11.0,0.0,174.0,7.725439892072978,264.7439485438174,2045.2634612653226
CUST008959,83.0,854.0,864.0,124.9456626506024,18.0,0.0,174.0,16.259381429194626,125.22042960214966,2036.0067276289653
CUST008961,48.0,827.0,843.0,250.218125,9.0,498.84,174.0,9.739335355110294,251.0955813638599,2445.504073089014
CUST008962,19.0,656.0,740.0,75.3157894736842,2.0,0.0,174.0,4.455805216760428,76.11960102989315,339.17411536672034
CUST008963,22.0,649.0,668.0,5.869545454545454,5.0,2549.37,174.0,5.755515283657693,6.075270443855964,34.96631189196685
CUST008964,34.0,577.0,618.0,176.60588235294117,12.0,720.8,174.0,9.26812363585965,177.5126036130642,1645.2087572092253
CUST008965,104.0,807.0,818.0,159.4551923076923,22.0,639.82,174.0,21.385018573896634,159.72538018091467,3415.7302218915615
CUST008966,23.0,566.0,734.0,120.36043478260869,4.0,0.0,174.0,2.931090921568716,121.32600694434811,355.61755750476175
CUST008967,19.0,818.0,829.0,347.928947368421,6.0,0.0,174.0,4.091708661216225,350.95201380303075,1435.9933945491368
CUST008968,58.0,724.0,751.0,83.765,13.0,132.03,174.0,13.018091500903113,84.04929350683472,1094.1613934582363
CUST008970,4.0,564.0,593.0,272.675,1.0,0.0,174.0,1.4842273352420423,284.48516589129997,422.2406596867345
CUST008971,37.0,746.0,763.0,154.95810810810812,19.0,36.81,174.0,8.325637738826618,155.70086709688246,1296.3090150698322
CUST008972,14.0,601.0,631.0,450.81857142857143,5.0,0.0,174.0,3.991929429083264,456.07331250150037,1820.6124779942274
CUST008973,46.0,761.0,764.0,137.4404347826087,16.0,502.59857142857135,174.0,10.278544005328012,137.97876281271726,1418.2207853712307
CUST008974,27.0,653.0,684.0,210.81444444444443,5.0,1347.62,174.0,6.812777373906849,212.15308139943684,1445.3517127627013
CUST008975,49.0,839.0,847.0,58.95142857142857,15.0,0.0,174.0,9.900663481045553,59.21016549232293,586.2199231965052
CUST008976,14.0,481.0,566.0,112.30642857142857,5.0,127.33,174.0,4.295801960077652,113.81036291371302,488.9067800818773
CUST008977,34.0,672.0,742.0,234.79147058823528,12.0,490.455,174.0,7.597148831983884,235.96194248689963,1792.637995756998
CUST008978,46.0,647.0,678.0,39.74804347826087,9.0,591.245,174.0,11.427239636115015,39.95944761226933,456.62618359218555
CUST008979,39.0,575.0,577.0,168.76256410256408,13.0,763.0066666666667,174.0,11.424017598177429,169.52160289410637,1936.6177747335169
CUST008980,111.0,615.0,626.0,200.70612612612612,30.0,434.6,174.0,29.36422943587695,201.016347363442,5902.69014434205
CUST008981,30.0,890.0,892.0,168.40866666666668,10.0,0.0,174.0,5.873893294854788,169.39476844810198,995.0067945707857
CUST008982,40.0,856.0,856.0,92.99575,5.0,0.0,174.0,8.056128255871316,93.44400992038136,752.7969286615039
CUST008983,8.0,531.0,562.0,11.04125,0.0,0.0,174.0,2.7165072439492097,11.715155316208481,31.824304280470432
CUST008984,20.0,660.0,670.0,48.383500000000005,5.0,525.355,174.0,5.254860308789758,48.93861038752433,257.1655612927278
CUST008985,12.0,623.0,652.0,28.670833333333334,2.0,0.0,174.0,3.3695990388648798,29.34551330507261,98.88261342776921
CUST008986,45.0,776.0,802.0,137.91644444444444,9.0,0.0,174.0,9.57431036031508,138.46840471384743,1325.739481828091
CUST008987,18.0,850.0,868.0,8.570555555555556,5.0,0.0,174.0,3.7219202481535576,8.845610329653082,32.92265619321207
CUST008988,45.0,715.0,750.0,296.76733333333334,7.0,0.0,174.0,10.16206845270503,297.8627355913026,3026.9015085887963
CUST008989,21.0,532.0,553.0,329.52476190476193,3.0,0.0,174.0,6.575066997990759,332.12234966561886,2183.726700581558
CUST008990,26.0,817.0,858.0,128.57346153846154,9.0,2548.45,174.0,5.295026628023525,129.47571226007216,685.577344099394
CUST008991,25.0,430.0,883.0,86.6356,0.0,0.0,174.0,3.8574625018413836e-05,87.31520367433433,0.003368151240143877
CUST008993,14.0,613.0,662.0,197.57,3.0,0.0,174.0,3.801655297767239,200.01867793373674,760.4020666191894
CUST008995,27.0,780.0,822.0,199.00333333333333,5.0,647.86,174.0,5.713239714620644,200.27447170122352,1144.2160655480986
CUST008996,11.0,504.0,534.0,386.3609090909091,4.0,0.0,174.0,3.7571187342830363,392.1572848135626,1473.3814815586045
CUST008997,11.0,528.0,657.0,134.73727272727274,2.0,0.0,174.0,2.9505639913030564,136.97445496580187,404.1518945504571
CUST008998,24.0,736.0,738.0,285.8029166666667,5.0,1042.43,174.0,5.6943994976650645,287.79241979758734,1638.8050107271947
CUST008999,38.0,827.0,829.0,47.36052631578947,8.0,1042.43,174.0,7.904781563157406,47.6474767652353,376.6428958648028
CUST009000,33.0,787.0,817.0,263.55030303030304,6.0,0.0,174.0,6.974713881238713,264.8907397444067,1847.5371195069044
CUST009003,15.0,568.0,630.0,97.89466666666667,6.0,0.0,174.0,4.21828167931958,99.14837212935538,418.2357616876199
CUST009004,12.0,601.0,635.0,265.69416666666666,3.0,191.59,174.0,3.451510854527209,269.43851235660793,929.9699500264958
CUST009005,18.0,482.0,761.0,442.3372222222222,0.0,0.0,174.0,0.32502179899753686,446.34129172630617,145.07064960376846
CUST009006,15.0,224.0,679.0,99.36266666666666,0.0,0.0,174.0,6.800154831566665e-05,100.63154237379094,0.0068431006908114
CUST009007,6.0,46.0,592.0,319.7916666666667,0.0,0.0,174.0,5.786168694584145e-05,328.79822380691013,0.019024819894264147
CUST009008,91.0,822.0,834.0,154.75945054945055,11.0,89.34,174.0,18.40351180980903,155.06037159680074,2853.655379915099
CUST009009,18.0,718.0,741.0,15.233888888888892,7.0,0.0,174.0,4.324632403172908,15.566227152152967,67.31821033735065
CUST009010,32.0,775.0,827.0,144.3934375,3.0,0.0,174.0,6.6470239322451485,145.20191541112018,965.1606067455515
CUST009011,36.0,659.0,673.0,48.80611111111111,7.0,625.185,174.0,9.136551770288381,49.115258605485934,448.74410296012417
CUST009012,34.0,554.0,556.0,14.684117647058823,10.0,45.76,174.0,10.364370728453743,14.856860440517307,153.98200946641995
CUST009013,28.0,563.0,736.0,173.04035714285715,0.0,0.0,174.0,1.6102759408398284,174.12280165818282,280.38575826179715
CUST009014,18.0,715.0,715.0,98.21388888888889,3.0,0.0,174.0,4.483392748735338,99.25959142394488,445.01973243254685
CUST009016,3.0,218.0,253.0,508.18666666666667,4.0,362.11,174.0,2.595826069666608,536.8392657633802,1393.5413612892628
CUST009017,19.0,720.0,736.0,184.86105263157893,13.0,306.51000000000005,174.0,4.580282074179992,186.55663647620665,854.4820178712826
CUST009019,13.0,802.0,844.0,358.1530769230769,1.0,0.0,174.0,2.8313081275732945,362.7101726210308,1026.944259695437
CUST009020,34.0,831.0,846.0,80.82088235294117,6.0,0.0,174.0,6.958613112010193,81.29341783478314,565.6894432652452
CUST009021,41.0,603.0,605.0,161.02121951219513,9.0,0.0,174.0,11.467575267587375,161.7140156804744,1854.4676466396452
CUST009022,6.0,488.0,774.0,837.3966666666666,0.0,0.0,174.0,1.327722780651223,859.986035653944,1141.8230505796764
CUST009023,59.0,708.0,718.0,50.78118644067797,12.0,886.56,174.0,13.881634731936803,50.974653989282174,707.6115272660803
CUST009024,8.0,632.0,828.0,143.71875,4.0,0.0,174.0,1.7798654473552529,146.98689392556662,261.61689371218773
CUST009025,50.0,577.0,600.0,125.50779999999999,12.0,1666.4299999999998,174.0,13.93502163207132,125.96620152332883,1755.3417431374426
CUST009028,10.0,562.0,565.0,594.823,6.0,1830.5933333333332,174.0,3.2896198667375414,604.4561844247199,1988.4310728559299
CUST009029,36.0,824.0,840.0,81.00888888888888,7.0,0.0,174.0,7.400695085455173,81.45586471126015,602.8300176501244
CUST009030,20.0,777.0,787.0,208.76149999999998,2.0,0.0,174.0,4.51067990599852,210.55641152851598,949.7525745608323
CUST009031,21.0,710.0,711.0,280.74809523809523,5.0,0.0,174.0,5.203488815173134,282.98670303080314,1472.5181440635056
CUST009032,27.0,600.0,617.0,95.23259259259258,10.0,597.5,174.0,7.527893447796058,95.91069798359698,722.0055149242662
CUST009033,27.0,694.0,725.0,182.40074074074076,6.0,305.02,174.0,6.449585647470887,183.5769979808783,1183.9955713832646
CUST009034,19.0,581.0,593.0,35.72052631578948,4.0,0.0,174.0,5.618324935139715,36.202005738057,203.39463154019668
CUST009036,28.0,571.0,588.0,113.43821428571428,3.0,0.0,174.0,8.152280506654888,114.1922741097221,930.9274502352791
CUST009037,20.0,438.0,591.0,184.10999999999999,0.0,0.0,174.0,2.971422892923787,185.7143432596315,551.8358511059754
CUST009038,52.0,529.0,701.0,96.36673076923077,0.0,0.0,174.0,0.008761283440848441,96.72121535076434,0.8474019824313876
CUST009039,16.0,693.0,758.0,109.65875,2.0,0.0,174.0,3.7652787927678455,110.94723807498558,417.74728263990846
CUST009040,9.0,619.0,706.0,53.68222222222222,2.0,0.0,174.0,2.3994275870117456,55.01946169746526,132.01521421943423
CUST009041,39.0,717.0,814.0,178.19128205128206,0.0,0.0,174.0,7.062211426523481,178.9875593901445,1264.0479871306286
CUST009042,21.0,572.0,592.0,253.0557142857143,10.0,0.0,174.0,6.170976325651083,255.09051540790506,1574.157531480315
CUST009044,8.0,457.0,549.0,81.375,2.0,0.0,174.0,2.7218952426678995,83.42413871894026,227.0717663027504
CUST009045,71.0,674.0,692.0,120.5276056338028,12.0,1632.42,174.0,17.188001795883835,120.83934498840115,2076.9868786740653
CUST009046,47.0,596.0,598.0,227.13106382978722,15.0,364.01500000000004,174.0,13.233707634552598,227.95163985547072,3016.645356664127
CUST009048,15.0,772.0,801.0,16.102666666666668,4.0,0.0,174.0,3.393661794909527,16.511137365817127,56.03321606887671
CUST009049,77.0,898.0,907.0,165.0851948051948,11.0,2736.0,174.0,14.419858990653836,165.46155330510132,2385.9322670341144
CUST009050,14.0,513.0,597.0,235.53928571428574,0.0,0.0,174.0,4.10668951653722,238.40867367399935,979.0704008285563
CUST009051,12.0,676.0,705.0,174.38166666666666,4.0,0.0,174.0,3.130335377795313,176.94343321154489,553.8922888506611
CUST009052,19.0,755.0,779.0,80.75526315789473,7.0,250.75,174.0,4.335964729505495,81.6033556967343,353.8292721103312
CUST009053,11.0,765.0,789.0,84.93363636363637,2.0,375.91,174.0,2.605220114064705,86.46635068892472,225.26387600455922
CUST009054,6.0,478.0,494.0,408.82666666666665,1.0,0.0,174.0,2.416101097975957,420.1696495616858,1015.1723516421621
CUST009055,51.0,757.0,758.0,103.14470588235294,11.0,1322.3,174.0,11.449607486447515,103.52661389375335,1185.3390934844797
CUST009056,6.0,593.0,731.0,58.64166666666667,0.0,0.0,174.0,1.6321497167786845,60.795215598231856,99.22689392015319
CUST009058,44.0,773.0,776.0,110.90454545454546,11.0,351.525,174.0,9.699979357254062,111.37457666192107,1080.3310945435444
CUST009059,5.0,683.0,778.0,58.458000000000006,1.0,0.0,174.0,1.3502018011759578,61.050079146461236,82.42992682548675
CUST009060,15.0,684.0,709.0,141.67133333333334,1.0,0.0,174.0,3.8117207109358766,143.37742485454234,546.5146997987114
CUST009061,48.0,566.0,583.0,97.95645833333333,1.0,0.0,174.0,13.793936699726538,98.34567560753726,1356.5740240222092
CUST009062,37.0,809.0,811.0,573.7791891891892,6.0,169.45,174.0,7.867473601627085,576.2658588213358,4533.75643179582
CUST009063,9.0,481.0,531.0,25.9,4.0,273.94,174.0,3.1541049511675205,26.7554197302423,84.3894018417224
CUST009064,52.0,702.0,702.0,97.32884615384614,10.0,465.59,174.0,12.551416828690446,97.6861778169563,1226.0999361821926
CUST009065,36.0,560.0,567.0,189.7511111111111,9.0,2728.528,174.0,10.744676669264994,190.66350512737023,2048.6177152223413
CUST009068,22.0,524.0,646.0,364.5222727272727,1.0,0.0,174.0,4.86185166113803,367.2467391594757,1785.4991688300217
CUST009069,19.0,592.0,593.0,105.72105263157896,8.0,989.48,174.0,5.624754640827641,106.772383526595,600.5684597534439
CUST009070,18.0,563.0,594.0,168.8938888888889,1.0,461.24,174.0,5.31734108006434,170.54721478777057,906.857711281569
CUST009071,48.0,824.0,844.0,150.57083333333333,8.0,612.37,174.0,9.722016034179354,151.1287627667773,1469.2762548442968
CUST009073,5.0,647.0,653.0,1678.6240000000003,1.0,0.0,174.0,1.6114838377963772,1732.504261200571,2791.902615838073
CUST009074,22.0,715.0,721.0,535.0018181818182,6.0,0.0,174.0,5.362026969434724,538.9235260223523,2889.7224809947093
CUST009075,3.0,108.0,671.0,442.1466666666667,0.0,0.0,174.0,0.05395779379965934,467.239863358239,25.211232202064867
CUST009076,20.0,782.0,810.0,191.807,3.0,239.52,174.0,4.380377157283139,193.47084487071416,847.475269471946
CUST009078,21.0,483.0,561.0,94.02952380952381,6.0,460.48,174.0,6.187241643814481,94.89394530774122,587.1317701539102
CUST009079,16.0,829.0,847.0,70.386875,7.0,0.0,174.0,3.417581379694728,71.29513951131493,243.65694125660778
CUST009080,32.0,575.0,588.0,221.1884375,8.0,1524.245,174.0,9.266675778560627,222.36688244716316,2060.601803527165
CUST009081,28.0,769.0,776.0,167.82392857142855,5.0,0.0,174.0,6.280823819532075,168.87763258844168,1060.6906573476708
CUST009083,39.0,539.0,561.0,88.57871794871795,10.0,0.0,174.0,11.678968224729957,89.02107212146535,1039.6742726379875
CUST009084,5.0,515.0,640.0,13.284,0.0,0.0,174.0,1.602235981703491,14.446045226410856,23.145973455071427
CUST009085,41.0,800.0,868.0,185.97317073170734,16.0,89.84,174.0,7.890538686167981,186.7596889300992,1473.634550519646
CUST009086,6.0,711.0,723.0,21.14,1.0,0.0,174.0,1.6914276660927439,22.30944313219401,37.7348093289157
CUST009087,15.0,569.0,601.0,165.85133333333334,3.0,0.0,174.0,4.447182943387602,167.8072998616623,746.2697617207132
CUST009088,9.0,751.0,825.0,142.52555555555557,1.0,0.0,174.0,2.081082777912493,145.40358150458337,302.59688931598396
CUST009089,40.0,726.0,731.0,80.476,2.0,0.0,174.0,9.361386937058102,80.87605432179923,757.1120384488928
CUST009090,22.0,838.0,854.0,342.4059090909091,7.0,0.0,174.0,4.559706727149079,344.9750570285879,1572.9850882318894
CUST009091,32.0,768.0,778.0,224.0075,9.0,3093.71,174.0,7.115470065804501,225.19952604225458,1602.4004863870234
CUST009093,4.0,216.0,564.0,231.33,0.0,0.0,174.0,0.6705014921971999,241.49108676832486,161.9201340304853
CUST009094,9.0,654.0,733.0,436.9533333333333,1.0,0.0,174.0,2.322496494372764,444.9375424982075,1033.3658826669198
CUST009096,10.0,634.0,653.0,316.987,4.0,0.0,174.0,2.8666427683814417,322.29109948749834,923.8934496595409
CUST009097,85.0,853.0,858.0,310.2414117647059,17.0,2151.62,174.0,16.765465619769714,310.84476298864877,5211.4571869716565
CUST009098,3.0,284.0,568.0,650.3866666666667,0.0,0.0,174.0,1.016177431669389,686.703515036716,697.8126142283517
CUST009100,66.0,397.0,688.0,144.9831818181818,0.0,0.0,174.0,1.729060916799065e-11,145.3755747976496,2.5136322463981504e-09
CUST009103,32.0,733.0,751.0,230.2378125,2.0,0.0,174.0,7.351505634445263,231.45985365065027,1701.5784182606315
CUST009104,14.0,561.0,838.0,35.232142857142854,0.0,0.0,174.0,1.3553517706152387,35.88207312389621,48.6328313418182
CUST009105,10.0,711.0,725.0,516.32,0.0,0.0,174.0,2.598085719836228,524.729994647921,1363.293505864504
CUST009107,145.0,494.0,743.0,153.93558620689655,0.0,0.0,174.0,2.7034677552708634e-20,154.12344875181444,4.166677740316717e-18
CUST009108,28.0,820.0,869.0,245.55428571428573,3.0,1753.35,174.0,5.599613402389092,247.0362538525665,1383.3075179488253
CUST009110,81.0,744.0,761.0,48.26543209876543,22.0,410.40333333333336,174.0,17.88300173769828,48.40147899991627,865.5637330626695
CUST009111,22.0,564.0,564.0,21.735454545454544,8.0,145.91666666666666,174.0,6.762594409535921,22.05260242302891,149.1328058616936
CUST009112,7.0,389.0,537.0,33.51714285714286,2.0,4415.46,174.0,2.358268999919106,34.79313641263896,82.0515750118831
CUST009113,5.0,517.0,652.0,26.1,2.0,0.0,174.0,1.569348347601497,27.667750161093764,43.42033799716356
CUST009114,40.0,726.0,747.0,137.977,9.0,251.98000000000002,174.0,9.150894682808175,138.59845412004367,1268.2998568525404
CUST009115,12.0,528.0,534.0,174.82000000000002,5.0,0.0,174.0,4.074429135124215,177.38744335647124,722.7525674168028
CUST009116,4.0,454.0,537.0,185.035,2.0,0.0,174.0,1.6091070604782813,193.34957284891175,311.1201628116437
CUST009117,97.0,846.0,847.0,138.66546391752578,25.0,1107.584,174.0,19.33648909865705,138.92224579548724,2686.2684913853946
CUST009118,8.0,279.0,747.0,306.72749999999996,0.0,0.0,174.0,0.06000133207934803,313.1829484264293,18.79139409012351
CUST009119,102.0,844.0,852.0,186.97441176470588,25.0,600.9820000000001,174.0,20.1909421553729,187.29136095387057,3781.589035220667
CUST009120,78.0,731.0,737.0,72.77871794871794,21.0,1005.805,174.0,17.808664738279308,72.96831971672347,1299.468342350704
CUST009121,12.0,509.0,661.0,27.231666666666666,0.0,0.0,174.0,3.0160683570489364,27.887708133422837,84.11123405183288
CUST009122,51.0,649.0,660.0,53.67470588235294,13.0,3085.7766666666666,174.0,13.040906512518678,53.90734372299641,703.0006298298067
CUST009123,16.0,558.0,613.0,116.123125,1.0,0.0,174.0,4.599836341039739,117.47420004592607,540.3620945058229
CUST009124,3.0,333.0,613.0,38.82333333333333,0.0,0.0,174.0,1.0025738923582856,42.17834040170361,42.286902909748726
CUST009125,16.0,591.0,678.0,269.63375,4.0,2071.9366666666665,174.0,4.121166848009653,272.47108860983303,1122.8988174199446
CUST009126,15.0,446.0,874.0,200.7133333333333,0.0,0.0,174.0,0.02693463262034103,203.02956216514514,5.4685266679868745
CUST009128,24.0,474.0,492.0,153.64166666666668,5.0,0.0,174.0,8.313093265104273,154.78087222682112,1286.7078264757517
CUST009129,57.0,698.0,702.0,150.0156140350877,15.0,317.24,174.0,13.721876438957128,150.48371310196686,2064.918917260663
CUST009130,23.0,609.0,674.0,101.8121739130435,6.0,2177.8849999999998,174.0,5.845565448644308,102.65318713472392,600.0659239079606
CUST009131,7.0,486.0,515.0,4.928571428571429,1.0,0.0,174.0,2.633607913246927,5.56392824044265,14.653205442767815
CUST009133,5.0,45.0,839.0,148.772,0.0,0.0,174.0,2.5229431616105353e-05,154.22307067821467,0.0038909604153017996
CUST009134,1.0,527.0,713.0,270.61,0.0,0.0,174.0,0.5290781132481129,323.8974468468435,171.3670500636089
CUST009135,28.0,758.0,781.0,108.44357142857143,0.0,0.0,174.0,6.231389143840298,109.17011270753606,680.2814551575619
CUST009136,36.0,698.0,708.0,183.86527777777778,10.0,0.0,174.0,8.713406427513124,184.75248034711277,1609.8234497555245
CUST009137,16.0,541.0,555.0,140.68625,5.0,0.0,174.0,5.097765074516443,142.275141012757,725.2852448267345
CUST009138,30.0,373.0,577.0,123.19733333333333,0.0,0.0,174.0,0.015587198866820166,123.9510300275942,1.9320493547873088
CUST009140,21.0,609.0,743.0,115.52523809523808,5.0,2158.0,174.0,4.3068089824335605,116.547860867896,501.94937406927136
CUST009141,7.0,603.0,633.0,274.76,1.0,0.0,174.0,2.1724329371077595,281.44196631663607,611.4137975106328
CUST009142,22.0,603.0,614.0,294.68454545454546,9.0,2005.2,174.0,6.2375022598627305,296.9185564556777,1852.0301668874692
CUST009143,104.0,831.0,835.0,101.33884615384615,22.0,358.82399999999996,174.0,20.991444834753132,101.52317243182281,2131.1180735517387
CUST009144,4.0,507.0,529.0,42.735,4.0,0.0,174.0,1.6524893564953531,45.37382102403903,74.97975630574959
CUST009145,13.0,688.0,768.0,485.90384615384613,5.0,2158.0,174.0,3.0695155177212365,491.9866412023087,1510.1606296820369
CUST009146,23.0,813.0,854.0,192.64739130434785,3.0,0.0,174.0,4.738329695182291,194.09839909521475,919.7022082201995
CUST009147,29.0,758.0,894.0,206.06310344827585,0.0,0.0,174.0,4.70406879964723,207.2836590460057,975.0765931950297
CUST009148,8.0,703.0,709.0,121.20125,2.0,0.0,174.0,2.189810395520411,124.02911001995928,271.6002344688516
CUST009150,31.0,353.0,657.0,88.32000000000001,0.0,0.0,174.0,3.536072946993047e-05,88.87579106971184,0.003142712804442143
CUST009151,33.0,552.0,568.0,120.72909090909091,9.0,0.0,174.0,9.852040853431227,121.40242070948132,1196.0616085352551
CUST009153,48.0,644.0,833.0,127.97833333333334,0.0,0.0,174.0,0.05095781288351988,128.46381812674062,6.546235206404978
CUST009154,48.0,811.0,821.0,129.92,12.0,2271.5075,174.0,9.99568233676605,130.41171090130757,1303.5540351636407
CUST009155,32.0,576.0,579.0,78.15625,9.0,896.7425000000001,174.0,9.413854663252474,78.64562411614395,740.358475330163
CUST009157,7.0,198.0,639.0,78.46714285714286,0.0,0.0,174.0,0.03861207655504965,80.75041380311252,3.1179411596177182
CUST009158,16.0,212.0,720.0,42.26625,0.0,0.0,174.0,4.326596593673231e-06,42.902255439138074,0.00018562075224387364
CUST009159,98.0,803.0,828.0,79.19367346938775,25.0,529.98,174.0,19.788820364594972,79.35457900300034,1570.3335089984337
CUST009160,8.0,731.0,812.0,352.9175,2.0,0.0,174.0,1.9076670955779669,360.2760999130511,687.2868611272876
CUST009162,27.0,685.0,688.0,75.75851851851851,6.0,0.0,174.0,6.804195690696337,76.3253327301615,519.332500053529
CUST009163,27.0,722.0,724.0,71.70666666666666,3.0,0.0,174.0,6.483463185360461,72.25032520120403,468.4323235723275
CUST009164,2.0,339.0,532.0,17.55,1.0,0.0,174.0,0.967599862554545,20.954379897677235,20.275455108908215
CUST009165,20.0,537.0,598.0,96.28999999999999,6.0,291.16333333333336,174.0,5.746116431309556,97.21545129064643,558.6113020383572
CUST009166,12.0,395.0,507.0,12.334166666666667,0.0,0.0,174.0,3.9389780804263754,12.79727208618313,50.40817423672766
CUST009167,12.0,486.0,511.0,325.8208333333333,3.0,0.0,174.0,4.232759100420209,330.34387352908874,1398.2660369483128
CUST009168,10.0,524.0,549.0,363.233,1.0,0.0,174.0,3.369716404925925,369.25767875730764,1244.293657753367
CUST009169,7.0,584.0,774.0,311.21,5.0,0.0,174.0,1.7022219823007048,318.7087685609689,542.513071796469
CUST009170,15.0,555.0,606.0,75.796,3.0,0.0,174.0,4.390585519932527,76.82133885844245,337.29065801370734
CUST009171,23.0,678.0,682.0,78.37739130434782,4.0,0.0,174.0,5.894547259499218,79.06103065131413,466.0289815588873
CUST009174,41.0,710.0,723.0,189.84170731707317,5.0,127.33,174.0,9.679381218019348,190.6427561266848,1845.3039130040756
CUST009175,13.0,751.0,777.0,109.29769230769232,0.0,0.0,174.0,3.0687274186570215,110.88276285883533,340.26897464135243
CUST009176,65.0,816.0,824.0,98.10830769230769,5.0,1066.08,174.0,13.389554168748777,98.39584810490362,1317.4765381805837
CUST009178,24.0,538.0,544.0,108.01916666666666,0.0,0.0,174.0,7.5877441291112175,108.86484669704382,826.0386013920869
CUST009179,73.0,833.0,838.0,123.64164383561643,7.0,1128.3,174.0,14.766934441237042,123.9513829448458,1830.3819458472053
CUST009180,16.0,528.0,554.0,64.685625,4.0,0.0,174.0,5.095982307578315,65.53869098584659,333.9840097257166
CUST009181,9.0,427.0,677.0,32.07555555555555,0.0,0.0,174.0,1.7056381499847277,33.03807631534169,56.35100336555365
CUST009182,36.0,673.0,742.0,225.29305555555555,11.0,253.61,174.0,7.999743881205971,226.35756957867636,1810.8025822016712
CUST009183,36.0,680.0,685.0,170.88861111111112,10.0,0.0,174.0,8.994855654147184,171.72027337016678,1544.5990718553448
CUST009184,26.0,773.0,806.0,179.67153846153846,5.0,0.0,174.0,5.62767996927533,180.8771045182763,1017.9184579980238
CUST009185,53.0,578.0,594.0,85.93716981132076,12.0,745.7399999999999,174.0,14.928276507673411,86.25466755358094,1287.6335273173024
CUST009186,30.0,751.0,803.0,131.793,1.0,0.0,174.0,6.428265816237927,132.59088200165405,852.3294343160693
CUST009187,25.0,863.0,868.0,41.577600000000004,9.0,1108.7499999999998,174.0,5.0688213226132595,41.97897736654976,212.78393557706684
CUST009188,23.0,641.0,668.0,10.21304347826087,4.0,0.0,174.0,5.99297716153237,10.438932151202472,62.56028197294239
CUST009189,13.0,522.0,560.0,132.6976923076923,0.0,0.0,174.0,4.166093080372959,134.56222391427065,560.5987499288397
CUST009190,23.0,804.0,813.0,254.00652173913042,2.0,913.8,174.0,4.986057005955546,255.86958046585826,1275.780314292699
CUST009191,77.0,737.0,740.0,226.57,15.0,2501.43,174.0,17.52210697076051,227.0691126298164,3978.7292812553096
CUST009192,50.0,809.0,820.0,129.0058,7.0,84.33500000000001,174.0,10.411058667218498,129.47496809177446,1347.971488739707
CUST009193,32.0,661.0,686.0,37.9371875,3.0,0.0,174.0,7.998002350958728,38.23280255180964,305.7860446931144
CUST009194,21.0,489.0,526.0,28.846666666666664,4.0,0.0,174.0,6.852423774992784,29.231364116889672,200.30569445004573
CUST009195,22.0,560.0,567.0,161.60636363636365,5.0,251.89499999999998,174.0,6.724415269637945,162.9057950115745,1095.4462154883406
CUST009196,44.0,745.0,759.0,188.27545454545452,14.0,424.98,174.0,9.895170364276701,189.01621479512633,1870.3476470084934
CUST009197,49.0,702.0,708.0,93.69693877551022,13.0,0.0,174.0,11.745373745380514,94.06480902437585,1104.826338279136
CUST009199,34.0,863.0,894.0,86.81735294117647,8.0,591.04,174.0,6.58638440621294,87.31706994673605,575.1037878933869
CUST009200,25.0,611.0,612.0,134.24200000000002,8.0,237.29,174.0,7.065437958803506,135.21556596513543,955.3571923911672
CUST009201,5.0,506.0,670.0,143.64600000000002,5.0,0.0,174.0,1.510071389249138,148.93480136679267,224.902182407497
CUST009202,22.0,587.0,626.0,83.16863636363635,8.0,946.56,174.0,6.089110190894478,83.91721634599585,510.9811772439
CUST009204,42.0,757.0,758.0,104.81642857142857,11.0,69.51,174.0,9.483713307530405,105.2866031639148,998.5079595302916
CUST009205,8.0,259.0,902.0,207.24875,0.0,0.0,174.0,0.00496339457397659,211.75909383777875,1.0510439373446305
CUST009206,27.0,636.0,650.0,87.7925925925926,1.0,0.0,174.0,7.171128625555098,88.42817958856062,634.1298499532542
CUST009207,12.0,606.0,617.0,17.656666666666666,3.0,209.47,174.0,3.5570034428179333,18.188703256609934,64.6972801041553
CUST009208,20.0,606.0,625.0,7.9325,10.0,530.5875,174.0,5.604372050762758,8.174904181222622,45.81520451090768
CUST009209,90.0,881.0,897.0,143.11522222222223,20.0,257.6975,174.0,16.966499457484623,143.3996086259713,2432.9893819560493
CUST009210,60.0,626.0,636.0,36.47483333333333,0.0,0.0,174.0,15.824186839343817,36.62839211426698,579.6145204409083
CUST009211,22.0,585.0,608.0,38.86590909090909,5.0,946.56,174.0,6.283581902286022,39.303360489182495,246.9658846688506
CUST009212,29.0,655.0,677.0,153.4844827586207,8.0,1066.49,174.0,7.377016897209525,154.4253929118628,1139.1987328690318
CUST009213,13.0,206.0,900.0,9.175384615384615,0.0,0.0,174.0,2.141686390633075e-06,9.56471645796735,2.0484623068292865e-05
CUST009214,6.0,723.0,748.0,769.8766666666667,1.0,0.0,174.0,1.6358068063186306,790.6941991069406,1293.422952615792
CUST009215,8.0,613.0,667.0,195.60750000000002,2.0,0.0,174.0,2.30579288487884,199.89022287558706,460.90545366337415
CUST009216,44.0,591.0,605.0,216.90204545454546,24.0,1407.79,174.0,12.257241913986649,217.74297319135272,2668.9282974771195
CUST009217,49.0,719.0,724.0,211.09918367346935,12.0,0.0,174.0,11.50011827445113,211.83580653588874,2436.136829926468
CUST009218,34.0,702.0,731.0,237.04617647058822,9.0,62.12,174.0,7.974861703048987,238.22686877149013,1899.8263324030333
CUST009219,8.0,696.0,740.0,166.74625,1.0,0.0,174.0,2.0944795206537647,170.46464984369138,357.0347180930266
CUST009220,27.0,800.0,804.0,91.78148148148148,7.0,0.0,174.0,5.867069322317297,92.43986433141913,542.3510921780421
CUST009221,9.0,446.0,574.0,26.36111111111111,0.0,0.0,174.0,2.7980082249776212,27.2245277696119,76.17445262050575
CUST009223,10.0,499.0,542.0,55.322,3.0,169.38,174.0,3.3977884742706785,56.5489820149673,192.14147932219578
CUST009225,2.0,650.0,661.0,1231.63,1.0,0.0,174.0,0.8430887808051017,1335.9069097389204,1126.2881278008974
CUST009226,76.0,825.0,848.0,173.71947368421053,15.0,217.3,174.0,15.129033805655919,174.11825986328327,2634.2410396535947
CUST009227,22.0,670.0,673.0,166.43454545454549,3.0,0.0,174.0,5.72506848849062,167.76788411865874,960.4826267484791
CUST009228,26.0,653.0,653.0,230.48807692307693,2.0,0.0,174.0,6.898615218306326,231.9952871183343,1600.4462182898865
CUST009229,19.0,635.0,645.0,49.0,6.0,0.0,174.0,5.192531679315888,49.58958328997466,257.4954821972672
CUST009230,7.0,576.0,787.0,255.47714285714284,0.0,0.0,174.0,1.6473176013935051,261.72700269939116,431.1474983066725
CUST009231,6.0,613.0,722.0,159.98833333333332,2.0,909.575,174.0,1.6668382256714906,164.80138652907175,274.69725071031945
CUST009232,4.0,428.0,870.0,515.4,0.0,0.0,174.0,0.7208375724125685,536.8914509348152,387.01153014091386
CUST009234,45.0,726.0,745.0,39.041333333333334,4.0,726.83,174.0,10.284097066879244,39.25503369510991,403.70257688412573
CUST009237,77.0,744.0,799.0,112.89922077922077,12.0,891.51,174.0,14.373060788966663,113.17139022274563,1626.6192712433904
CUST009238,37.0,851.0,859.0,89.93243243243244,12.0,376.0,174.0,7.4435787241019495,90.40443387573995,672.9325205619394
CUST009239,14.0,301.0,607.0,454.3542857142857,0.0,0.0,174.0,0.05291519365648699,459.64820346438955,24.322373700174506
CUST009240,85.0,895.0,911.0,89.0475294117647,15.0,69.53,174.0,15.804658218437627,89.25090676293183,1410.580077073781
CUST009241,9.0,439.0,534.0,344.93111111111114,0.0,0.0,174.0,3.0710882859798296,351.31940317148354,1078.9329037173682
CUST009242,22.0,790.0,825.0,100.96727272727274,10.0,0.0,174.0,4.7012889552123935,101.84084872841889,478.7832573163719
CUST009243,16.0,537.0,618.0,472.8675,8.0,0.0,174.0,4.492564475751401,477.6725129488644,2145.974562716969
CUST009244,40.0,550.0,585.0,110.89574999999999,9.0,522.0,174.0,11.417805575119099,111.4129314415475,1272.091189753663
CUST009245,17.0,428.0,782.0,138.71411764705886,0.0,0.0,174.0,0.03770406282917465,140.19073284172143,5.285760199132302
CUST009246,19.0,714.0,717.0,61.06526315789474,1.0,0.0,174.0,4.7008441694968806,61.753065823372495,290.29153942435767
CUST009247,10.0,516.0,601.0,186.007,3.0,0.0,174.0,3.044660114655524,189.27024248884695,576.2635581969716
CUST009248,41.0,803.0,816.0,266.4648780487805,10.0,161.45,174.0,8.627454036877152,267.55373116882305,2308.307518054007
CUST009249,45.0,656.0,677.0,75.43266666666666,8.0,989.48,174.0,11.25106425630955,75.77086478033858,852.5028683997317
CUST009250,9.0,481.0,499.0,52.245555555555555,2.0,0.0,174.0,3.363025587230457,53.55787930010407,180.11651848405043
CUST009252,18.0,680.0,757.0,108.2988888888889,0.0,0.0,174.0,4.175950343406666,109.43129037165544,456.9796346069491
CUST009253,36.0,658.0,658.0,105.1236111111111,12.0,0.0,174.0,9.347377049483248,105.6737982734147,987.772836712639
CUST009254,65.0,551.0,575.0,217.88676923076923,24.0,401.55,174.0,18.65006968483845,218.45769963833592,4074.251321444472
CUST009255,7.0,562.0,620.0,31.217142857142857,1.0,0.0,174.0,2.204719145547852,32.441596078977355,71.52460798745149
CUST009257,18.0,670.0,790.0,93.75611111111112,1.0,0.0,174.0,3.8668318378607354,94.76349092505052,366.4344837758122
CUST009258,67.0,809.0,825.0,67.31283582089553,12.0,585.5133333333333,174.0,13.759478156096002,67.5210925885,929.0549985472013
CUST009259,18.0,687.0,746.0,303.9061111111111,3.0,0.0,174.0,4.264950989165502,306.72011302335216,1308.1462494359005
CUST009260,11.0,310.0,770.0,363.1227272727273,0.0,0.0,174.0,0.015622746271727252,368.590401024034,5.75839431339268
CUST009261,37.0,629.0,656.0,104.13486486486487,15.0,429.25666666666666,174.0,9.579149568892452,104.66600319072082,1002.6112993420893
CUST009262,11.0,579.0,664.0,254.4390909090909,4.0,597.5,174.0,3.0217245298448225,258.36944449458707,780.721288191674
CUST009263,5.0,486.0,555.0,66.964,1.0,0.0,174.0,1.8572093781024988,69.82534617005773,129.6802877362846
CUST009264,6.0,464.0,530.0,63.09,2.0,1347.62,174.0,2.240980943688808,65.36028056031599,146.47114320982217
CUST009265,82.0,620.0,887.0,117.22134146341463,0.0,0.0,174.0,1.0463796855423822e-08,117.48498604346244,1.229339027521094e-06
CUST009266,30.0,673.0,690.0,34.77733333333333,7.0,628.04,174.0,7.4901707119606575,35.07651439416972,262.72908079287646
CUST009267,32.0,721.0,724.0,211.563125,4.0,628.04,174.0,7.623728824243298,212.6951991113456,1621.530520243333
CUST009268,30.0,856.0,857.0,179.54333333333335,4.0,0.0,174.0,6.103811823493223,180.58667193984184,1102.2670633516984
CUST009269,30.0,687.0,688.0,144.9743333333333,12.0,1251.78,174.0,7.523722769765086,145.8399728793142,1097.2595246940186
CUST009270,33.0,602.0,610.0,51.56727272727273,7.0,0.0,174.0,9.227164351078324,51.9175529862903,479.05179411031787
CUST009272,8.0,294.0,656.0,146.05,0.0,0.0,174.0,0.30606440431493254,149.36372677690215,45.714920062230895
CUST009273,57.0,755.0,773.0,294.35842105263157,12.0,530.3249999999999,174.0,12.495936320972449,295.2160884711954,3689.0014424626265
CUST009275,5.0,565.0,639.0,162.336,1.0,0.0,174.0,1.6287341513756894,168.21645439653855,273.97988409897357
CUST009278,79.0,700.0,702.0,115.71367088607595,23.0,300.5075,174.0,18.89272282621813,115.98441306206007,2191.2613681430944
CUST009280,9.0,617.0,664.0,264.42777777777775,5.0,834.1600000000001,174.0,2.5645188068795903,269.41992178245755,690.9324563591406
CUST009281,24.0,733.0,790.0,62.6525,5.0,110.82,174.0,5.28241466148558,63.20630047823593,333.88188834449653
CUST009282,5.0,293.0,450.0,627.9100000000001,1.0,0.0,174.0,2.0608953331128497,648.5287244698891,1336.5498216496235
CUST009283,88.0,819.0,896.0,148.49863636363636,0.0,0.0,174.0,7.377028383211243,148.79889950282774,1097.6937050229576
CUST009284,11.0,348.0,506.0,26.46181818181818,0.0,0.0,174.0,3.008019744797759,27.167453949284255,81.7202378953309
CUST009285,23.0,617.0,791.0,93.1617391304348,0.0,0.0,174.0,3.0373446505934014,93.94466124615396,285.34231428781493
CUST009286,25.0,533.0,721.0,18.8084,4.0,1322.47,174.0,1.2705683137723718,19.06918101413269,24.228697166146695
CUST009287,55.0,743.0,754.0,169.03327272727273,10.0,215.835,174.0,12.373105857953064,169.57163981320284,2098.127849915447
CUST009288,19.0,576.0,596.0,108.40894736842105,6.0,124.14,174.0,5.585396274492873,109.48215953855025,611.5012460100529
CUST009289,5.0,478.0,512.0,82.696,0.0,0.0,174.0,2.015538342986723,86.05536037358704,173.4478784525049
CUST009290,12.0,255.0,621.0,16.686666666666667,0.0,0.0,174.0,0.01465648946645222,17.20614088266649,0.2521816226050943
CUST009291,11.0,712.0,712.0,230.9909090909091,2.0,0.0,174.0,2.8780200712336534,234.58959027413053,675.1535493114267
CUST009292,37.0,643.0,670.0,42.39432432432432,14.0,0.0,174.0,9.391562982736248,42.66838393413693,400.72281508901847
CUST009293,58.0,726.0,730.0,202.44206896551722,14.0,737.195,174.0,13.448331024814069,203.04112424786632,2730.5642505357087
CUST009294,2.0,320.0,430.0,477.83,1.0,0.0,174.0,1.2191935141422874,519.4770064423261,633.3429970005352
CUST009295,7.0,492.0,532.0,63.59428571428572,0.0,0.0,174.0,2.5504246746280756,65.54427317345353,167.16573158213893
CUST009296,18.0,695.0,737.0,190.15333333333334,4.0,1079.0,174.0,4.333335110748543,191.9894228873706,831.9545070901929
CUST009297,15.0,647.0,665.0,128.47400000000002,4.0,0.0,174.0,4.052972670586,130.0437108859472,527.0636062023311
CUST009298,24.0,520.0,551.0,64.9975,9.0,324.94,174.0,7.45721750883212,65.56638771298474,488.942814444145
CUST009299,19.0,699.0,786.0,7.097894736842106,2.0,0.0,174.0,4.2131205620111665,7.34636664305724,30.951128359937407
CUST009300,33.0,778.0,812.0,281.1430303030303,7.0,267.12333333333333,174.0,7.0088940027810995,282.5656412951729,1980.4726286657326
CUST009302,28.0,665.0,676.0,142.1314285714286,0.0,0.0,174.0,7.156365128601136,143.04357687790448,1023.6720654394114
CUST009304,13.0,536.0,598.0,178.0907692307692,5.0,0.0,174.0,3.891026245191413,180.497420375227,702.3201998693555
CUST009305,29.0,745.0,761.0,89.50344827586207,15.0,653.7366666666667,174.0,6.610070645603747,90.10406793475427,595.594254505005
CUST009306,12.0,389.0,428.0,180.90666666666667,2.0,554.985,174.0,4.958731594876588,183.55293784039128,910.1897522015668
CUST009307,41.0,538.0,559.0,59.285121951219516,16.0,726.83,174.0,12.300175875585008,59.595787138427895,733.0386632465901
CUST009309,42.0,709.0,733.0,120.13833333333332,9.0,0.0,174.0,9.758107636861148,120.66468325962538,1177.458967215182
CUST009310,11.0,447.0,878.0,481.7845454545455,0.0,0.0,174.0,0.17372963895360227,488.93067984727116,84.94175048320572
CUST009311,20.0,621.0,646.0,47.308,4.0,0.0,174.0,5.427703754325281,47.85479624139994,259.74165722191776
CUST009312,32.0,888.0,891.0,87.55312500000001,3.0,0.0,174.0,6.254174776604356,88.08776943311533,550.9163057159301
CUST009314,5.0,383.0,774.0,163.992,0.0,0.0,174.0,0.8281857936503131,169.92487694427848,140.72936907302906
CUST009315,53.0,718.0,750.0,271.02377358490565,16.0,89.34,174.0,11.91318634521667,271.8786135464357,3238.940586457838
CUST009317,9.0,667.0,673.0,39.65555555555555,11.0,2191.51,174.0,2.5451461986214023,40.749534254087294,103.7135222023829
CUST009318,19.0,809.0,809.0,55.24526315789474,2.0,0.0,174.0,4.1914503392669324,55.88568710001212,234.24208215551144
CUST009319,13.0,242.0,882.0,64.87692307692308,0.0,0.0,174.0,2.1777067106919863e-05,65.93148614719094,0.0014357943982863345
CUST009320,90.0,696.0,709.0,126.64011111111111,22.0,538.635,174.0,21.23279591668062,126.8963642811524,2694.364605350469
CUST009322,5.0,182.0,723.0,194.43800000000002,0.0,0.0,174.0,0.04627758950044454,201.3346794131733,9.317283646086436
CUST009323,9.0,755.0,813.0,21.535555555555554,1.0,0.0,174.0,2.1155523451950864,22.31528387808857,47.20915114198438
CUST009324,17.0,640.0,645.0,174.34823529411764,5.0,0.0,174.0,4.686037522674447,176.14937476747113,825.4425797560131
CUST009325,24.0,531.0,577.0,268.70958333333334,7.0,0.0,174.0,7.094809123802718,270.5891115676059,1919.778097551522
CUST009326,31.0,332.0,688.0,216.64838709677417,0.0,0.0,174.0,1.3350939723534657e-06,217.8424542965213,0.0002908401476539709
CUST009327,18.0,513.0,525.0,217.34166666666667,7.0,161.45,174.0,5.986982119658368,219.41148947702558,1313.6126643465623
CUST009328,48.0,660.0,667.0,376.90270833333335,10.0,0.0,174.0,12.17979865524942,378.1863888440465,4606.234070276352
CUST009329,49.0,786.0,790.0,240.57408163265308,6.0,181.46,174.0,10.585101528594382,241.40328318184396,2555.278261815839
CUST009331,6.0,510.0,585.0,426.6433333333334,2.0,514.11,174.0,2.041924336064441,438.4538550486395,895.2895968650879
CUST009332,24.0,803.0,807.0,144.70416666666668,5.0,217.3,174.0,5.229029433889373,145.7858702393723,762.3186065268544
CUST009333,7.0,447.0,772.0,156.4,3.0,68.09,174.0,1.1852176264759786,160.42965592872844,190.14405601620544
CUST009334,47.0,556.0,567.0,186.41659574468085,16.0,1052.1,174.0,13.89312651027697,187.10383075943042,2599.4571912982183
CUST009335,9.0,396.0,833.0,187.29666666666665,0.0,0.0,174.0,0.2288280326083029,190.95114617532732,43.69497510360061
CUST009336,57.0,703.0,725.0,147.9963157894737,20.0,197.58499999999998,174.0,13.260894144640988,148.4589649506363,1968.6986190333546
CUST009337,5.0,148.0,844.0,40.786,0.0,0.0,174.0,0.005207250306702447,42.818652054879124,0.22296743904535468
CUST009338,36.0,739.0,742.0,123.53222222222222,7.0,0.0,174.0,8.339459261502473,124.16119849109575,1035.4372566758152
CUST009339,32.0,589.0,615.0,242.921875,3.0,0.0,174.0,8.858278735759143,244.20502279832408,2163.236160619971
CUST009340,18.0,631.0,704.0,18.075000000000003,6.0,0.0,174.0,4.471074704134445,18.431762789160167,82.40978835922057
CUST009342,28.0,583.0,632.0,91.80464285714287,11.0,0.0,174.0,7.5233753078446535,92.43951009284558,695.457127701771
CUST009343,13.0,715.0,722.0,196.80615384615385,0.0,0.0,174.0,3.29618154284041,199.43631871443614,657.3783127185619
CUST009344,5.0,134.0,161.0,14.028,5.0,0.0,174.0,5.512704983902063,15.213597385540387,83.86807413034789
CUST009345,74.0,890.0,904.0,165.74864864864864,14.0,3312.6200000000003,174.0,13.902961630869111,166.14167501857028,2309.861333071508
CUST009346,38.0,579.0,584.0,39.611315789473686,12.0,142.62,174.0,11.012654150228911,39.86685220584349,439.039855401245
CUST009347,16.0,531.0,536.0,72.345,7.0,246.47,174.0,5.27202045115617,73.27222274199815,386.2926567974844
CUST009348,36.0,387.0,591.0,218.2552777777778,0.0,0.0,174.0,0.0028964445890301057,219.28967001604465,0.63516037814817
CUST009350,76.0,902.0,903.0,286.2973684210526,15.0,3248.6733333333336,174.0,14.305844817657304,286.92387921467366,4104.688490525369
CUST009351,22.0,621.0,632.0,265.1531818181818,4.0,74.98,174.0,6.0702367435664115,267.1798003647197,1621.84464131266
CUST009352,5.0,526.0,796.0,513.0960000000001,0.0,0.0,174.0,1.2053467889478082,530.08015780551,638.9304160958189
CUST009353,127.0,829.0,887.0,213.29960629921263,0.0,0.0,174.0,9.19210843363482,213.5859293765047,1963.3050227275
CUST009355,17.0,551.0,740.0,8.091764705882353,8.0,0.0,174.0,2.7561313079027157,8.378786116043244,23.093034736647382
CUST009356,32.0,690.0,876.0,30.75,0.0,0.0,174.0,1.523140826586327,31.01099010934125,47.234105108402446
CUST009357,17.0,508.0,582.0,1050.7205882352941,3.0,356.235,174.0,5.027391386312044,1060.5029581833235,5331.563437129283
CUST009358,38.0,564.0,575.0,63.60078947368421,10.0,123.77,174.0,11.164661014041977,63.953575295942905,714.0199888152118
CUST009359,5.0,660.0,744.0,89.206,1.0,0.0,174.0,1.4106730611301963,92.77144176597044,130.87017374146325
CUST009360,13.0,626.0,698.0,106.47769230769231,3.0,0.0,174.0,3.3624694860455024,108.02908421882134,363.2444992912265
CUST009361,43.0,556.0,558.0,176.73441860465115,13.0,0.0,174.0,12.954656297156818,177.45114170050854,2298.81855026816
CUST009362,21.0,801.0,867.0,243.8085714285714,6.0,0.0,174.0,4.263069369838963,245.77531666922744,1047.7572243550549
CUST009364,9.0,631.0,750.0,44.31888888888889,1.0,49.36,174.0,2.243463938738894,45.49374254621795,102.06357084071132
CUST009365,63.0,619.0,621.0,215.7653968253968,13.0,194.205,174.0,16.992807906040657,216.34931746688744,3676.3823923178247
CUST009366,55.0,821.0,823.0,290.3656363636364,0.0,0.0,174.0,11.392746171233577,291.24340980477797,3318.062241950396
CUST009367,11.0,366.0,817.0,277.74727272727273,0.0,0.0,174.0,0.046976208182971796,282.0073184277584,13.247634499583995
CUST009368,12.0,645.0,657.0,370.2825,5.0,0.0,174.0,3.352323887103288,375.3813588378334,1258.3998960053598
CUST009369,46.0,773.0,776.0,76.9054347826087,9.0,125.61,174.0,10.127124544015752,77.2411847225898,782.2310976129936
CUST009370,102.0,742.0,746.0,103.36852941176471,39.0,2158.0,174.0,22.92891837913272,103.55953293281011,2374.50807799751
CUST009371,48.0,656.0,673.0,291.3222916666667,9.0,408.59,174.0,12.056469042717902,292.33155179541205,3524.4863044310705
CUST009372,88.0,609.0,610.0,259.0552272727273,26.0,769.3425,174.0,23.98995772650628,259.54857723303303,6226.559395795312
CUST009374,8.0,509.0,542.0,45.40625,1.0,214.38,174.0,2.808609595877316,46.75209298318738,131.30837697992862
CUST009375,4.0,313.0,753.0,348.34000000000003,0.0,0.0,174.0,0.5966718626964905,363.16812626957824,216.6922023732635
CUST009376,45.0,819.0,838.0,67.01577777777779,0.0,0.0,174.0,9.196421671919948,67.32518102056599,619.1507538034666
CUST009378,14.0,519.0,521.0,24.226428571428574,4.0,0.0,174.0,4.792969110273755,24.75441252668483,118.64713458337408
CUST009379,34.0,690.0,736.0,429.99294117647054,14.0,316.76,174.0,7.868160348700357,432.0482457987237,3399.4248763190635
CUST009381,6.0,479.0,558.0,21.0,1.0,0.0,174.0,2.1295764172106417,22.165769300491096,47.20369957165746
CUST009382,16.0,728.0,764.0,209.558125,0.0,0.0,174.0,3.761949697105249,211.8138217038318,796.8329424014353
CUST009383,28.0,581.0,584.0,75.24428571428572,14.0,71.31,174.0,8.220377452642627,75.78791180482517,623.0052413832528
CUST009384,12.0,603.0,623.0,20.558333333333334,4.0,0.0,174.0,3.5211260361270753,21.127949120932175,74.39417173968243
CUST009385,17.0,864.0,887.0,162.79294117647058,3.0,1086.33,174.0,3.4563594179093595,164.48884516944167,568.5325691424342
CUST009386,54.0,886.0,886.0,38.38629629629629,5.0,0.0,174.0,10.429451909860923,38.56241206692031,402.1848221801859
CUST009387,9.0,563.0,568.0,25.864444444444445,1.0,0.0,174.0,2.9857578823323645,26.71924754407404,79.77720396470873
CUST009388,13.0,812.0,822.0,352.5015384615384,3.0,182.60500000000002,174.0,2.912722230500822,356.9911390781549,1039.8160268847525
CUST009389,38.0,840.0,857.0,146.27947368421053,7.0,209.14,174.0,7.6474296253986935,146.96742538067684,1123.92304282476
CUST009392,10.0,465.0,545.0,217.04699999999997,5.0,553.95,174.0,3.3321384934832277,220.7938903834731,735.715821272687
CUST009393,36.0,528.0,552.0,118.99583333333334,19.0,1871.185,174.0,10.969962701839275,119.60539379590557,1312.0667088798828
CUST009394,16.0,510.0,557.0,84.218125,3.0,239.52,174.0,5.039469683520208,85.26030130353314,429.66670362695373
CUST009395,37.0,634.0,655.0,43.056486486486484,10.0,179.765,174.0,9.609918957411567,43.3333032441467,416.4295323331895
CUST009396,37.0,761.0,775.0,98.92999999999999,5.0,515.61,174.0,8.206403528834784,99.43946601840732,816.0403848389044
CUST009397,14.0,804.0,817.0,95.33785714285715,5.0,3094.25,174.0,3.1322956573973646,96.65377509262309,302.74819999368486
CUST009398,4.0,367.0,376.0,19.505,0.0,0.0,174.0,2.2651719500203122,21.217273484391857,48.06077275275417
CUST009399,29.0,566.0,605.0,202.64137931034483,13.0,294.68,174.0,8.145679388812658,203.84373607450098,1660.4457194806298
CUST009400,23.0,553.0,587.0,153.77173913043478,4.0,1732.2833333333335,174.0,6.7501098123479935,154.96168147355235,1046.00836665257
CUST009401,25.0,647.0,653.0,20.4028,5.0,84.69,174.0,6.643618002372711,20.673426192017452,137.34634642001066
CUST009402,7.0,440.0,795.0,164.66857142857143,0.0,0.0,174.0,1.0004697609020188,168.8835164574448,168.96285133047198
CUST009403,10.0,441.0,479.0,29.252,3.0,0.0,174.0,3.8118153434430844,30.07277387666496,114.63186088296587
CUST009404,106.0,905.0,906.0,142.54188679245283,26.0,359.93142857142857,174.0,19.78631712558454,142.78245367980114,2825.13890847763
CUST009405,4.0,155.0,379.0,587.045,0.0,0.0,174.0,1.2487200925327995,611.3940703268954,763.4600600726058
CUST009406,34.0,670.0,721.0,133.82617647058825,13.0,227.29,174.0,7.989188170976886,134.53898073020844,1074.8572333850684
CUST009407,9.0,684.0,698.0,15.046666666666669,4.0,0.0,174.0,2.4570789880242705,15.713859902381403,38.610194986898456
CUST009408,22.0,835.0,848.0,268.3413636363636,3.0,504.0,174.0,4.591725977749048,270.3903721023481,1241.5584957155834
CUST009410,7.0,735.0,746.0,95.64714285714287,1.0,0.0,174.0,1.863943692550646,98.31539768672401,183.2543653987776
CUST009411,29.0,624.0,668.0,45.080689655172414,12.0,0.0,174.0,7.414567527572831,45.44504176050554,336.9553309266356
CUST009412,54.0,595.0,633.0,59.53777777777778,8.0,0.0,174.0,14.045811590920168,59.774159987445564,839.5765891891795
CUST009414,30.0,776.0,815.0,298.9146666666666,6.0,252.26,174.0,6.3697189861397305,300.57162365343663,1914.556777880141
CUST009416,20.0,493.0,508.0,164.147,0.0,0.0,174.0,6.805359773160596,165.59701941111354,1126.9472944556865
CUST009417,117.0,892.0,897.0,92.7968376068376,26.0,687.3975,174.0,22.015393700610268,92.94944032522561,2046.318523011222
CUST009419,15.0,675.0,726.0,30.042666666666666,0.0,0.0,174.0,3.710618867125042,30.59519268423119,113.52709921743431
CUST009420,12.0,505.0,583.0,255.35666666666665,4.0,0.0,174.0,3.6798179519089875,258.9671324178034,952.9519028254248
CUST009423,32.0,680.0,706.0,94.80625,7.0,0.0,174.0,7.782559215120861,95.37583703560637,742.2680994213238
CUST009424,11.0,539.0,558.0,15.376363636363635,2.0,0.0,174.0,3.6131770395813394,15.925196656055572,57.54055490847752
CUST009425,6.0,704.0,727.0,108.74666666666667,2.0,0.0,174.0,1.680885405508164,112.21505372304834,188.6206460813865
CUST009426,29.0,652.0,658.0,136.6410344827586,9.0,0.0,174.0,7.594733237852571,137.49236081812896,1044.2178026562626
CUST009428,19.0,892.0,894.0,52.92263157894737,1.0,176.07,174.0,3.8089716074019795,53.544147734286916,203.9481384624359
CUST009429,63.0,640.0,654.0,282.3985714285714,17.0,1063.934,174.0,16.15107849356517,283.1451599160293,4573.099702876852
CUST009431,2.0,555.0,764.0,193.095,0.0,0.0,174.0,0.707662106834877,211.08463643018004,149.37659853665522
CUST009433,50.0,712.0,715.0,249.90239999999997,10.0,0.0,174.0,11.870348508515997,250.743678302964,2976.414847763404
CUST009434,4.0,342.0,510.0,664.0,0.0,0.0,174.0,1.5956632671425637,691.4184834096999,1103.2710762002782
CUST009435,42.0,833.0,839.0,127.14142857142856,5.0,0.0,174.0,8.605295831868963,127.69345423574323,1098.8399494917915
CUST009436,48.0,720.0,740.0,294.195,10.0,182.64000000000001,174.0,11.015120244060602,295.2134716954661,3251.8118883921406
CUST009438,46.0,699.0,720.0,378.70717391304345,14.0,710.6700000000001,174.0,10.844853618795815,380.05289196915896,4121.6179808055485
CUST009439,40.0,607.0,612.0,236.16549999999998,11.0,0.0,174.0,11.073443999500343,237.16501561619017,2626.2335190665062
CUST009440,17.0,611.0,617.0,176.27,4.0,0.0,174.0,4.885672339806144,178.08864122016723,870.0827484430313
CUST009441,70.0,619.0,622.0,110.661,20.0,1692.2,174.0,18.80893316532701,110.95552973339714,2086.9551430789206
CUST009442,44.0,563.0,593.0,104.63727272727273,17.0,0.0,174.0,12.400885868012928,105.0853740806089,1303.151730371075
CUST009443,23.0,584.0,592.0,199.3782608695652,2.0,0.0,174.0,6.732977139321281,200.8744691234089,1352.4832084812106
CUST009445,12.0,626.0,702.0,90.415,1.0,246.47,174.0,3.1106487520957296,91.88932255987666,285.8354065518023
CUST009446,21.0,628.0,685.0,287.4352380952381,2.0,217.3,174.0,5.324974697327468,289.723061024894,1542.7679691898222
CUST009447,13.0,162.0,729.0,83.40230769230769,0.0,0.0,174.0,2.6222869605672774e-06,84.67811535817214,0.0002220503177491465
CUST009448,10.0,536.0,768.0,102.032,0.0,0.0,174.0,1.9963566441143574,103.98679107289222,207.59472125849993
CUST009450,40.0,536.0,906.0,255.98075,0.0,0.0,174.0,6.2413448821891025e-06,257.0565615476029,0.0016043786548482592
CUST009451,32.0,772.0,778.0,186.9509375,4.0,0.0,174.0,7.117968843453712,187.96444011502538,1337.9250284159716
CUST009452,15.0,616.0,669.0,173.264,3.0,602.54,174.0,4.00326065636188,175.29656868449567,701.7578566098796
CUST009453,72.0,841.0,845.0,154.10555555555555,10.0,126.09,174.0,14.454325000558857,154.48465954664448,2232.971476687887
CUST009454,89.0,892.0,897.0,200.98359550561798,10.0,0.0,174.0,16.810371291002454,201.37111221039697,3385.123163538891
CUST009455,3.0,298.0,498.0,138.37666666666667,0.0,0.0,174.0,1.2888130931243353,147.0973668620281,189.58101237589557
CUST009456,40.0,818.0,827.0,99.90899999999999,6.0,36.23,174.0,8.320569618165262,100.38387845145408,835.2510491967633
CUST009458,34.0,547.0,550.0,186.35882352941178,12.0,380.04999999999995,174.0,10.46900396984525,187.30975409532627,1960.9465592147083
CUST009459,27.0,597.0,611.0,82.56962962962963,9.0,122.98,174.0,7.6009308674385485,83.17536823816225,632.2102238520152
CUST009460,9.0,56.0,588.0,148.2,0.0,0.0,174.0,9.359824591890548e-07,151.17643634087386,0.0001414984926577687
CUST009463,8.0,587.0,644.0,116.51375,2.0,602.54,174.0,2.3812434339106296,119.24995549314525,283.9631735121869
CUST009464,22.0,564.0,571.0,158.43681818181818,7.0,0.0,174.0,6.680306908675012,159.71399051678083,1066.9384742613063
CUST009465,64.0,870.0,870.0,88.570625,13.0,1031.8874999999998,174.0,12.528241479512461,88.83974989979014,1113.005839724064
CUST009466,8.0,468.0,479.0,27.705,4.0,246.47,174.0,3.1601883327505047,28.704731048730512,90.71235615493933
CUST009467,17.0,242.0,580.0,185.61058823529413,0.0,0.0,174.0,0.0007191561992650043,187.5142953378169,0.13485206794299992
CUST009468,11.0,469.0,635.0,183.13545454545454,0.0,0.0,174.0,2.7959818778800027,186.05722467032118,520.2126284268662
CUST009469,15.0,548.0,818.0,453.4493333333333,0.0,0.0,174.0,1.2386513750099266,458.3773243570172,567.7697030881905
CUST009470,17.0,820.0,829.0,160.24117647058824,4.0,0.0,174.0,3.691403347106694,161.9138412294981,597.6892954574711
CUST009471,22.0,534.0,535.0,238.23863636363637,8.0,0.0,174.0,7.1040177294652,240.07623981033532,1705.5058640359612
CUST009472,48.0,808.0,813.0,187.0077083333333,12.0,529.65,174.0,10.094186977525968,187.68247549139548,1894.502000015081
CUST009473,16.0,772.0,872.0,96.3375,0.0,0.0,174.0,3.2624028603836703,97.49701401536791,318.0745374026031
CUST009474,12.0,690.0,692.0,118.05083333333333,4.0,461.24,174.0,3.19460975957116,119.883064834006,382.9796089260177
CUST009475,20.0,647.0,659.0,83.1385,7.0,0.0,174.0,5.33651655824892,83.96228370091622,448.06611723833277
CUST009476,150.0,895.0,906.0,199.1814,34.0,243.66857142857143,174.0,27.847766695744188,199.40932000694957,5553.104220510525
CUST009477,18.0,669.0,684.0,65.32277777777777,1.0,0.0,174.0,4.66942817050743,66.08572129227213,308.5825286704382
CUST009478,114.0,727.0,806.0,216.42719298245615,0.0,0.0,174.0,0.6082672239757898,216.75042578939392,131.84217979048506
CUST009479,114.0,757.0,760.0,125.51026315789474,32.0,0.0,174.0,25.143229860099083,125.71097296510783,3160.7798891984075
CUST009480,19.0,583.0,587.0,661.9136842105263,9.0,191.59,174.0,5.6771651059376085,667.492798065449,3789.466821641826
CUST009484,6.0,306.0,453.0,41.285000000000004,2.0,0.0,174.0,2.371982818788136,42.98308127258775,101.95513027715222
CUST009485,17.0,714.0,715.0,119.69058823529411,3.0,0.0,174.0,4.252139505736329,120.99395381503275,514.4831709721376
CUST009486,63.0,745.0,759.0,107.91571428571429,12.0,46.86,174.0,14.030740382277317,108.23634752342349,1518.6360920270995
CUST009487,16.0,455.0,824.0,74.03750000000001,0.0,0.0,174.0,0.06276000645594285,74.98110923695192,4.705814899784858
CUST009490,36.0,674.0,694.0,16.89805555555556,10.0,422.18,174.0,8.865940558903178,17.070636137063804,151.34724529387225
CUST009491,36.0,805.0,826.0,134.07472222222225,8.0,1392.1775,174.0,7.51523004399137,134.74882053485018,1012.6683844759074
CUST009493,24.0,866.0,870.0,106.09375,5.0,0.0,174.0,4.866516252051618,106.92704230618129,520.3621891668421
CUST009494,17.0,731.0,827.0,14.49470588235294,6.0,1335.02,174.0,3.6216013893704995,14.840039662904907,53.74470826148973
CUST009495,25.0,472.0,505.0,99.19679999999998,8.0,0.0,174.0,8.38766344593183,99.95396717687201,838.3802367653193
CUST009496,19.0,659.0,710.0,210.5284210526316,7.0,230.24,174.0,4.706772737083322,212.4329545790136,999.8736390705609
CUST009497,32.0,734.0,751.0,780.4321875,9.0,644.235,174.0,7.352535179369349,784.304841088521,5766.628935453038
CUST009498,19.0,423.0,425.0,93.83052631578948,4.0,0.0,174.0,7.663358069924172,94.78506031099022,726.3718568424762
CUST009499,70.0,774.0,774.0,123.31485714285715,13.0,1681.71,174.0,15.293536023499204,123.63718212971136,1890.8496987446727
CUST009500,37.0,832.0,832.0,86.44702702702702,5.0,930.9833333333332,174.0,7.6786253974393475,86.90451574435794,667.3072217467945
CUST009501,26.0,541.0,567.0,176.4819230769231,5.0,0.0,174.0,7.844183194186068,177.66855575460698,1393.6646991855985
CUST009502,83.0,878.0,883.0,144.4657831325301,15.0,173.845,174.0,15.933327378835155,144.77669945654802,2306.7745492684053
CUST009504,60.0,720.0,724.0,95.47033333333334,14.0,3960.43,174.0,14.010349259666754,95.77513411380598,1341.8430793258456
CUST009505,30.0,568.0,577.0,109.65,7.0,239.42,174.0,8.873044533330626,110.33405775746814,978.9990080250883
CUST009506,3.0,227.0,469.0,142.27333333333334,0.0,0.0,174.0,1.1939173853749883,151.20405479921823,180.52514976397907
CUST009507,78.0,845.0,850.0,123.48538461538462,11.0,2732.18,174.0,15.546238374842194,123.77492155886175,1924.2344353814588
CUST009508,25.0,688.0,715.0,63.792,3.0,0.0,174.0,6.080679444229892,64.33054791321516,391.1734403319336
CUST009510,18.0,606.0,626.0,151.97722222222222,6.0,70.0,174.0,5.0728142102109075,153.4851185525595,778.6014904493296
CUST009511,15.0,461.0,843.0,324.64866666666666,0.0,0.0,174.0,0.08061693498559899,328.2456375290442,26.46215721998545
CUST009514,52.0,701.0,709.0,33.61076923076923,10.0,271.12,174.0,12.424755557422982,33.77954704077208,419.70261482206394
CUST009515,14.0,356.0,893.0,81.32857142857142,0.0,0.0,174.0,0.0012947947555308798,82.48926267744221,0.10680666470236132
CUST009517,7.0,592.0,596.0,142.62714285714284,1.0,0.0,174.0,2.3055740333564256,146.3481650238641,337.4165291083822
CUST009518,40.0,858.0,865.0,119.77000000000001,9.0,602.54,174.0,7.97217356685978,120.32135053703404,959.2226902802125
CUST009519,40.0,683.0,761.0,110.69975,11.0,891.8299999999999,174.0,8.296589433578838,111.21617677014255,922.7149570342009
CUST009520,33.0,788.0,805.0,150.13242424242424,7.0,688.26,174.0,7.0886630635050425,150.9430947547548,1069.9847404791722
CUST009521,10.0,735.0,742.0,4.546,3.0,0.0,174.0,2.543056778417552,4.981818822391936,12.669048125131962
CUST009522,1.0,8.0,598.0,66.48,0.0,0.0,174.0,0.02091688962596151,82.77324752916124,1.731358882549857
CUST009523,44.0,835.0,858.0,206.37772727272724,9.0,1607.715,174.0,8.792357198758777,207.18182930054823,1821.6166483026875
CUST009524,33.0,371.0,862.0,94.73575757575757,0.0,0.0,174.0,6.012764743396947e-09,95.28767451233331,5.729423697880417e-07
CUST009525,16.0,783.0,861.0,184.991875,8.0,0.0,174.0,3.3296565389459403,187.00972548128644,622.6781552952506
CUST009528,29.0,680.0,687.0,132.3896551724138,5.0,0.0,174.0,7.29058659721988,133.2183700577055,971.2400632461859
CUST009529,20.0,871.0,898.0,73.602,4.0,0.0,174.0,3.9705336907067807,74.35206184641582,295.2173665347082
CUST009531,32.0,624.0,624.0,128.1934375,11.0,1196.41,174.0,8.776604101039549,128.92387040839998,1131.5137697482546
CUST009533,12.0,660.0,690.0,84.81833333333333,5.0,0.0,174.0,3.1941063379746546,86.22017401743318,275.396404290361
CUST009534,51.0,650.0,654.0,109.12901960784313,13.0,0.0,174.0,13.165876686908026,109.52898461402154,1442.0451050704542
CUST009538,35.0,632.0,635.0,122.468,8.0,3244.84,174.0,9.405990100078501,123.11034054352345,1157.9746443696745
CUST009539,30.0,766.0,782.0,170.50666666666666,4.0,0.0,174.0,6.652880123380436,171.50355304207307,1140.9925791227301
CUST009540,22.0,854.0,896.0,110.59863636363637,4.0,241.39,174.0,4.341232827010216,111.539851372931,484.22046430000853
CUST009541,186.0,857.0,860.0,129.53666666666666,38.0,1148.72125,174.0,36.28334204913552,129.66294217361934,4704.60488198271
CUST009542,16.0,525.0,530.0,65.140625,6.0,588.525,174.0,5.327646996393875,65.99809621787256,351.6145590828627
CUST009543,6.0,219.0,650.0,112.26666666666667,0.0,0.0,174.0,0.13375585242077473,115.8274243487215,15.49259587746604
CUST009544,10.0,538.0,552.0,40.398,1.0,0.0,174.0,3.3578955995173043,41.392444605837106,138.9915075952042
CUST009545,37.0,843.0,866.0,180.2262162162162,0.0,0.0,174.0,7.373484393872463,181.07418796685502,1335.1476991067345
CUST009546,25.0,585.0,599.0,112.66199999999999,12.0,81.60499999999999,174.0,7.198909562216505,113.50231274213414,817.0928845330377
CUST009547,51.0,811.0,837.0,91.68666666666668,16.0,841.9300000000001,174.0,10.378446429252255,92.03400133118484,955.1699524854326
CUST009548,9.0,694.0,763.0,1186.391111111111,0.0,0.0,174.0,2.24187786499749,1207.372621791124,2706.781955597507
CUST009549,26.0,728.0,784.0,166.71307692307693,9.0,184.65,174.0,5.735688971797276,167.84172227475204,962.6879154587565
CUST009550,17.0,406.0,555.0,142.23176470588237,6.0,127.97,174.0,3.3493571994857447,143.74041554362614,481.43799565811685
CUST009551,37.0,797.0,820.0,99.13378378378378,6.0,0.0,174.0,7.767056926189038,99.64409832850829,773.9413840763018
CUST009552,17.0,560.0,737.0,515.9576470588236,0.0,0.0,174.0,3.070567628733668,520.8698653315735,1599.3661472699944
CUST009553,52.0,795.0,798.0,110.37519230769232,8.0,0.0,174.0,11.108532856410589,110.77113057908491,1230.5047435795125
CUST009554,11.0,782.0,814.0,268.70454545454544,7.0,2566.23,174.0,2.526987115403761,272.83668259901094,689.4547815372061
CUST009555,47.0,600.0,785.0,118.98553191489361,0.0,0.0,174.0,0.0405474586796504,119.45192832748785,4.843472128063374
CUST009556,32.0,557.0,565.0,300.7178125,20.0,1009.6125,174.0,9.62664248423866,302.2793975884107,2909.9356909346634
CUST009558,3.0,272.0,601.0,235.42,0.0,0.0,174.0,0.8721662401620806,249.37111016007364,217.49306355335543
CUST009559,11.0,588.0,620.0,50.122727272727275,1.0,0.0,174.0,3.2677912538296923,51.163044450421125,167.19014917438594
CUST009560,27.0,600.0,636.0,85.38111111111111,12.0,710.485,174.0,7.280783551956051,86.00291688096993,626.1686226472093
CUST009561,10.0,520.0,609.0,583.79,2.0,1289.02,174.0,3.002517354060405,593.2512743982569,1781.2472466992176
CUST009563,19.0,532.0,602.0,129.31578947368422,8.0,0.0,174.0,5.410960193993221,130.55919743220593,706.4506202653682
CUST009564,26.0,841.0,851.0,229.65384615384616,4.0,0.0,174.0,5.359243267564587,231.15610440177832,1238.8217962716872
CUST009565,27.0,748.0,801.0,164.11222222222221,8.0,1039.215,174.0,5.832508039489475,165.18396354098877,963.4367953475532
CUST009567,43.0,752.0,806.0,214.66930232558136,4.0,610.845,174.0,8.967293668531118,215.52186160377389,1932.6478249895615
CUST009568,15.0,682.0,721.0,27.082666666666668,3.0,0.0,174.0,3.7438834898621396,27.604604180464648,103.348421835421
CUST009569,8.0,289.0,852.0,123.67750000000001,0.0,0.0,174.0,0.021959289499169237,126.55377805132423,2.7790310494426382
CUST009570,39.0,740.0,752.0,60.41282051282051,2.0,0.0,174.0,8.88646402352106,60.74393399407765,539.798784085509
CUST009571,11.0,530.0,580.0,114.6,3.0,0.0,174.0,3.4639868820855275,116.55234234465142,403.7357849582141
CUST009572,24.0,610.0,617.0,30.139583333333334,14.0,1709.295,174.0,6.7423295652520245,30.48420257228627,205.53454027625756
CUST009574,13.0,563.0,575.0,72.3076923076923,1.0,0.0,174.0,4.083147060625536,73.4509994212049,299.9112323867007
CUST009575,21.0,720.0,804.0,224.98238095238096,2.0,0.0,174.0,4.528336453141011,226.81057172182443,1027.0745798856915
CUST009577,18.0,667.0,671.0,327.5683333333333,4.0,0.0,174.0,4.75995854508999,330.5857551530766,1573.5744901259143
CUST009578,20.0,594.0,618.0,250.0625,3.0,626.34,174.0,5.659205061789944,252.17668865458128,1427.1195928994332
CUST009579,5.0,382.0,670.0,22.39,0.0,0.0,174.0,1.2407969654883264,23.840305926724728,29.580979250193405
CUST009580,74.0,806.0,818.0,318.01554054054054,17.0,209.34,174.0,15.301037987171798,318.7249169929885,4876.822062367894
CUST009582,8.0,745.0,751.0,31.1675,1.0,0.0,174.0,2.0734002222292123,32.234933192537135,66.8359176449503
CUST009583,97.0,905.0,908.0,329.19670103092784,20.0,588.28,174.0,18.087889213901462,329.75532148905273,5964.577722788446
CUST009584,16.0,478.0,523.0,194.73250000000002,5.0,0.0,174.0,5.343072727717277,196.84465754327113,1051.755321316299
CUST009585,13.0,347.0,719.0,569.2746153846153,0.0,0.0,174.0,0.04681363249485689,576.3530892006712,26.981181705115695
CUST009586,18.0,540.0,649.0,135.94222222222223,1.0,0.0,174.0,4.566553180207912,137.312268515223,627.0437764697542
CUST009587,51.0,721.0,728.0,344.693137254902,9.0,35.66,174.0,11.891531753076709,345.80389053812485,4112.137944671575
CUST009588,11.0,421.0,589.0,774.2027272727272,0.0,0.0,174.0,2.8377653211204525,785.4850902901068,2229.0223494824327
CUST009589,14.0,759.0,790.0,281.1928571428571,0.0,0.0,174.0,3.2283986930760213,284.56809910694096,918.6992792479759
CUST009590,8.0,443.0,518.0,271.3325,3.0,0.0,174.0,2.891790772042605,277.0958712047585,801.3032833210268
CUST009592,26.0,673.0,693.0,90.20076923076923,10.0,0.0,174.0,6.507402186989574,90.87524179069752,591.3617471719913
CUST009593,35.0,678.0,739.0,91.10742857142857,0.0,0.0,174.0,7.940575959783235,91.6116935948015,727.4496117939085
CUST009594,46.0,821.0,826.0,123.28065217391304,7.0,0.0,174.0,9.540070873734868,123.77159502656247,1180.789788708616
CUST009595,13.0,834.0,854.0,38.37615384615385,3.0,811.36,174.0,2.806188199334922,39.114224055777335,109.7618739714645
CUST009597,8.0,560.0,590.0,316.32124999999996,3.0,0.0,174.0,2.596469654287661,322.96428469130865,838.5669646197039
CUST009598,52.0,835.0,850.0,275.46326923076924,9.0,869.0024999999999,174.0,10.445810752736238,276.347734377251,2886.676135252186
CUST009599,10.0,384.0,404.0,47.927,4.0,0.0,174.0,4.473081809544578,49.038757266875784,219.35437309313403
CUST009600,23.0,745.0,772.0,183.40217391304347,0.0,0.0,174.0,5.22729622527152,184.79109639645355,965.9578006569672
CUST009601,7.0,573.0,592.0,18.271428571428572,2.0,0.0,174.0,2.3164287978299725,19.205783343796316,44.48882962245301
CUST009602,9.0,123.0,841.0,305.99666666666667,0.0,0.0,174.0,6.188124222742327e-06,311.7097289364228,0.0019288985240959225
CUST009603,17.0,782.0,802.0,212.23823529411766,4.0,0.0,174.0,3.8062123739344487,214.3844436433554,815.9927221743918
CUST009604,41.0,679.0,681.0,276.2065853658537,22.0,0.0,174.0,10.256152295990839,277.33202931514586,2844.359529212332
CUST009605,48.0,835.0,838.0,133.34604166666665,13.0,391.35499999999996,174.0,9.80778047460668,133.84873844183912,1312.7590434406063
CUST009607,29.0,789.0,796.0,309.3358620689655,5.0,982.9,174.0,6.338765722416689,311.1056857172672,1972.0260566735524
CUST009608,12.0,414.0,572.0,20.94,6.0,0.0,174.0,3.113355024806981,21.514558714803396,66.98245948123797
CUST009609,1.0,115.0,622.0,1758.78,0.0,0.0,174.0,0.25691312858505033,2081.766450416114,534.8331317597989
CUST009612,29.0,529.0,538.0,280.7555172413793,9.0,989.48,174.0,9.171269805964098,282.37333303690565,2589.722023290817
CUST009613,40.0,848.0,857.0,246.21525000000003,5.0,0.0,174.0,8.042026515062343,247.25346081492427,1988.418887814549
CUST009614,10.0,558.0,778.0,46.391999999999996,0.0,0.0,174.0,2.0733005018654524,47.479839756622845,98.43997559589741
CUST009615,37.0,546.0,567.0,65.5808108108108,7.0,1900.83,174.0,10.99787840345452,65.95141560994821,725.3256494139027
CUST009616,29.0,715.0,753.0,10.076206896551726,6.0,0.0,174.0,6.647461457278124,10.254383632282108,68.16561996373896
CUST009617,28.0,620.0,645.0,100.70785714285715,10.0,279.315,174.0,7.462521036769721,101.39177763629186,756.6382735663058
CUST009618,8.0,586.0,610.0,33.911249999999995,0.0,0.0,174.0,2.5187959105380124,35.032331642232265,88.23929367706604
CUST009620,17.0,480.0,670.0,103.67647058823529,0.0,0.0,174.0,2.3357051584717143,104.8339936349903,244.8612997164377
CUST009621,5.0,390.0,751.0,89.156,0.0,0.0,174.0,0.9497005308908901,92.71985895957732,88.05609927803904
CUST009622,15.0,573.0,577.0,76.58200000000001,4.0,102.39,174.0,4.638750189296763,77.61546134626694,360.03873601235136
CUST009623,25.0,827.0,853.0,58.3708,5.0,0.0,174.0,5.143782743421623,58.875872826443405,302.84469864854566
CUST009624,62.0,585.0,587.0,140.1266129032258,20.0,34.35,174.0,17.638522861422423,140.5323365881616,2478.7828316793994
CUST009625,25.0,641.0,711.0,324.4336,8.0,3259.41,174.0,5.98670539068702,326.5815702138735,1955.1476468984279
CUST009627,29.0,445.0,817.0,164.17586206896553,0.0,0.0,174.0,9.326706860907876e-05,165.17363555335274,0.01540526079956552
CUST009629,15.0,731.0,844.0,97.81266666666666,4.0,2036.14,174.0,3.149265318416411,99.0655247451294,311.9836213305588
CUST009630,59.0,838.0,839.0,104.51169491525422,12.0,4415.46,174.0,11.978787504303515,104.84524777029543,1255.9189438764208
CUST009632,33.0,810.0,850.0,197.3530303030303,3.0,1224.74,174.0,6.701077777407338,198.38426463991394,1329.3883871658236
CUST009634,27.0,745.0,824.0,321.20814814814815,7.0,1252.68,174.0,5.586224978300315,323.17766724072123,1805.3431571689443
CUST009635,18.0,599.0,752.0,355.92555555555555,0.0,0.0,174.0,3.6284122934524654,359.1867593610857,1303.2776533111157
CUST009636,43.0,600.0,608.0,14.159767441860465,21.0,764.18,174.0,11.944511252212163,14.294347723708448,170.73899722886887
CUST009638,9.0,493.0,687.0,270.7444444444444,4.0,0.0,174.0,2.2010697680030713,275.8461367314122,607.1565921799529
CUST009639,48.0,800.0,809.0,196.52312499999996,12.0,1143.47,174.0,10.138140476116615,197.22840409499764,1999.5292665953793
CUST009640,5.0,149.0,571.0,51.052,0.0,0.0,174.0,0.08329828217072756,53.40963386351323,4.448930752198171
CUST009641,21.0,505.0,557.0,93.8047619047619,4.0,645.69,174.0,6.44760977387586,94.66752923046351,610.3792867350153
CUST009642,11.0,502.0,615.0,116.43363636363637,3.0,0.0,174.0,3.1700094558642786,118.41191532812218,375.3668912771476
CUST009643,23.0,685.0,689.0,94.73695652173912,3.0,0.0,174.0,5.8378420057411375,95.53045684799797,557.6917138148837
CUST009644,43.0,658.0,677.0,145.0853488372093,17.0,443.905,174.0,10.773040596915749,145.68874381946827,1569.51075168079
CUST009645,20.0,756.0,814.0,241.8375,4.0,0.0,174.0,4.333672505649082,243.8881053427514,1056.9311765787286
CUST009646,28.0,756.0,769.0,53.85071428571428,9.0,130.77,174.0,6.33170961706691,54.27647009486811,343.66284768012093
CUST009647,20.0,607.0,679.0,40.069,6.0,0.0,174.0,5.0854110020500585,40.55983519649579,206.2634321495969
CUST009648,12.0,582.0,594.0,20.043333333333333,2.0,0.0,174.0,3.685787213980926,20.60627940693127,75.95036116578574
CUST009649,44.0,831.0,848.0,190.02113636363637,8.0,735.2600000000001,174.0,8.89993270533803,190.76800493971072,1697.8224062950183
CUST009650,38.0,654.0,662.0,81.22473684210526,8.0,0.0,174.0,9.783568318284711,81.64896726684076,798.8182493725286
CUST009651,130.0,877.0,880.0,195.60323076923078,26.0,469.47285714285715,174.0,24.888685117745286,195.8620289387975,4874.748364780446
CUST009652,13.0,579.0,597.0,219.64923076923077,4.0,0.0,174.0,3.9390860174066034,222.552205483082,876.6522807614094
CUST009653,43.0,869.0,900.0,201.17976744186046,11.0,1260.33,174.0,8.202325668739537,201.98402376666684,1656.738742816628
CUST009654,6.0,403.0,453.0,99.12666666666667,0.0,0.0,174.0,2.5977540975841587,102.34260900174837,265.8609318917452
CUST009655,29.0,691.0,705.0,109.32379310344827,8.0,36.81,174.0,7.108787157057475,110.02982954708129,782.1786391775146
CUST009656,50.0,778.0,782.0,92.0536,25.0,1450.42,174.0,10.900277744122436,92.40903213107813,1007.284116294286
CUST009657,3.0,128.0,600.0,354.79333333333335,1.0,0.0,174.0,0.15858731459242034,375.17838852333426,59.498533129027315
CUST009660,9.0,521.0,657.0,181.2888888888889,1.0,0.0,174.0,2.48830871606312,184.8391770937094,459.93693543221167
CUST009661,22.0,720.0,722.0,56.52090909090909,2.0,0.0,174.0,5.356639819895559,57.08234778048909,305.76957713409473
CUST009662,28.0,465.0,624.0,191.23678571428573,0.0,0.0,174.0,1.1117785456463154,192.41948549381956,213.927855736331
CUST009663,19.0,719.0,725.0,163.67,0.0,0.0,174.0,4.650514754877492,165.1930743909599,768.2328298587342
CUST009665,27.0,883.0,900.0,104.23851851851852,1.0,0.0,174.0,5.261820770459963,104.96809131761252,552.3232831305517
CUST009666,45.0,848.0,860.0,150.5811111111111,8.0,0.0,174.0,8.980020915951899,151.17639824941617,1357.5672182780313
CUST009667,11.0,730.0,770.0,1529.721818181818,4.0,0.0,174.0,2.661339039993989,1551.6909301245214,4129.575650344974
CUST009668,71.0,765.0,767.0,192.27887323943662,14.0,0.0,174.0,15.640336478984494,192.7459956093093,3014.6122263064653
CUST009669,42.0,854.0,877.0,157.94452380952382,6.0,1483.67,174.0,8.232035587196165,158.60948413725936,1305.6789178847448
CUST009670,28.0,587.0,588.0,270.06035714285713,7.0,0.0,174.0,8.16936649731412,271.67734423038564,2219.4317940349883
CUST009671,10.0,631.0,731.0,93.953,2.0,0.0,174.0,2.5328150230864797,95.78190861990623,242.5978570923949
CUST009672,12.0,530.0,659.0,20.708333333333332,3.0,407.41,174.0,3.157799878609955,21.27989175607807,67.1976396041763
CUST009673,7.0,364.0,640.0,208.26857142857142,0.0,0.0,174.0,1.3715123327325447,213.46054191294309,292.7637657853737
CUST009674,13.0,764.0,864.0,34.99153846153846,0.0,0.0,174.0,2.7336717030155406,35.68918695374198,97.56252047907586
CUST009676,11.0,540.0,663.0,21.447272727272725,2.0,989.48,174.0,2.9482741866758553,22.0819782047009,65.1037263316585
CUST009677,25.0,808.0,839.0,91.31720000000001,4.0,0.0,174.0,5.22176335623741,92.02571184341696,480.53648993561774
CUST009679,1.0,78.0,667.0,397.52,0.0,0.0,174.0,0.13113247164397404,473.8071717055465,62.13150550838912
CUST009681,8.0,306.0,490.0,117.195,0.0,0.0,174.0,2.299985121322659,119.94452595104222,275.87062507149665
CUST009682,15.0,514.0,519.0,71.45533333333333,7.0,734.4,174.0,5.120692213386939,72.43581594222083,370.92151866565973
CUST009683,94.0,568.0,569.0,118.09170212765959,29.0,1046.902857142857,174.0,27.328038045750528,118.32305782713613,3233.5370259895158
CUST009684,64.0,816.0,819.0,266.62828125,11.0,1403.775,174.0,13.270823635396821,267.32528012635544,3547.626645839914
CUST009685,39.0,608.0,612.0,283.91769230769233,17.0,501.0,174.0,10.807211088936272,285.1315341503123,3081.4766776746665
CUST009687,6.0,537.0,639.0,40.169999999999995,3.0,0.0,174.0,1.8679152557550007,41.838821827239556,78.15137357391609
CUST009690,61.0,815.0,824.0,103.67491803278689,11.0,117.58,174.0,12.581958631418363,103.99539723145527,1308.46578582409
CUST009691,14.0,678.0,843.0,36.394999999999996,0.0,0.0,174.0,2.8109550197517086,37.05781504057976,104.16785120934804
CUST009692,15.0,754.0,760.0,254.50733333333332,2.0,36.23,174.0,3.5753869039017476,257.37946688528615,920.2311752348656
CUST009693,9.0,530.0,615.0,19.671111111111113,5.0,0.0,174.0,2.7244153367253334,20.41850486589052,55.62848780963298
CUST009694,23.0,680.0,684.0,77.12826086956522,3.0,0.0,174.0,5.878233623146098,77.80351180944334,457.3472191171143
CUST009695,20.0,675.0,684.0,321.9375,2.0,926.05,174.0,5.15362755731107,324.6073178992955,1672.9052188306443
CUST009696,15.0,501.0,669.0,110.154,0.0,0.0,174.0,3.1463012281575375,111.53439284912182,350.9207972029972
CUST009697,12.0,611.0,843.0,125.19333333333333,6.0,0.0,174.0,2.1267082310836276,127.11806664420298,270.3430386516636
CUST009698,22.0,525.0,557.0,11.282727272727273,6.0,122.19999999999999,174.0,6.801994033059943,11.526467880898528,78.40296574812886
CUST009699,10.0,677.0,726.0,44.729,3.0,0.0,174.0,2.5835421691254092,45.79092782206217,118.30279299167556
CUST009700,18.0,535.0,542.0,146.6761111111111,6.0,1366.78,174.0,5.815582400862365,148.13843473395903,861.5112739301102
CUST009701,59.0,784.0,819.0,204.66610169491526,11.0,1347.7,174.0,12.143006491053905,205.2607754878196,2492.4829291073515
CUST009702,14.0,709.0,726.0,14.197142857142856,3.0,0.0,174.0,3.5033115336492204,14.613999595386474,51.197393335262475
CUST009703,14.0,632.0,633.0,144.33857142857144,3.0,0.0,174.0,3.993899206612691,146.19743063709987,583.8978022303271
CUST009705,17.0,705.0,750.0,16.201764705882354,3.0,0.0,174.0,4.041083340618424,16.562644880451305,66.93102830297079
CUST009706,25.0,723.0,740.0,78.0768,4.0,0.0,174.0,5.8949534584559595,78.70355438401815,463.9537901088445
CUST009707,41.0,830.0,835.0,264.78170731707314,8.0,0.0,174.0,8.446232421114681,265.8642382791163,2245.551148968031
CUST009708,85.0,640.0,864.0,152.63411764705882,0.0,0.0,174.0,4.957470951895769e-07,152.95247545646703,7.582574540959859e-05
CUST009709,39.0,694.0,723.0,45.19358974358974,12.0,757.9,174.0,9.190769223483295,45.464595154135765,417.8546019007588
CUST009710,35.0,793.0,829.0,264.7665714285714,0.0,0.0,174.0,7.266536860314101,266.0354295504313,1933.156254977704
CUST009711,5.0,84.0,662.0,24.196,0.0,0.0,174.0,0.0018082137284605407,25.703476893643995,0.04647737978825536
CUST009713,28.0,793.0,837.0,4.198571428571428,2.0,0.0,174.0,5.809954809013503,4.350763187444497,25.27773750377207
CUST009714,29.0,779.0,800.0,279.14241379310346,11.0,0.0,174.0,6.2992792298690095,280.7516501123164,1768.533038303966
CUST009715,28.0,605.0,639.0,101.62035714285715,4.0,0.0,174.0,7.508141104222086,102.309305157392,768.1526993966156
CUST009716,24.0,732.0,733.0,139.88041666666666,7.0,0.0,174.0,5.731704793747544,140.93108525062192,807.7753769190334
CUST009717,11.0,256.0,660.0,22.44363636363636,0.0,0.0,174.0,0.013518889480906132,23.092435314212022,0.3121840808578062
CUST009718,19.0,869.0,900.0,169.03368421052633,4.0,0.0,174.0,3.775534407883323,170.6004226067101,644.10776555107
CUST009719,26.0,486.0,510.0,229.59884615384615,5.0,0.0,174.0,8.658357752914922,231.10077792484537,2000.9532122502546
CUST009721,19.0,592.0,592.0,5.526315789473684,7.0,1667.1950000000002,174.0,5.634151452073697,5.761993983629307,32.46394676970497
CUST009722,74.0,627.0,629.0,256.7222972972973,16.0,1170.3366666666666,174.0,19.656019590087634,257.3043307514257,5057.578965864412
CUST009723,25.0,699.0,715.0,202.65240000000003,6.0,616.43,174.0,6.090898668705032,204.04838979677612,1242.8380657645891
CUST009724,24.0,688.0,793.0,256.81541666666664,7.0,209.47,174.0,5.008971154218765,258.61842034458886,1295.412207455669
CUST009725,64.0,562.0,690.0,52.638281250000006,0.0,0.0,174.0,0.060791214702808516,52.82106043946562,3.2110564260055794
CUST009726,7.0,496.0,632.0,174.62857142857143,0.0,0.0,174.0,2.0993530684535378,179.0667085110403,375.9242439705277
CUST009727,13.0,540.0,581.0,415.7807692307692,2.0,0.0,174.0,4.023222139375249,421.02609978832174,1693.8815259231887
CUST009728,83.0,551.0,557.0,139.01819277108433,21.0,2662.2900000000004,174.0,24.647442472397824,139.31902068539054,3433.857547653966
CUST009729,14.0,537.0,540.0,101.13785714285714,8.0,692.5550000000001,174.0,4.635085685792985,102.51804067215038,475.17990285502725
CUST009730,12.0,742.0,806.0,113.10000000000001,0.0,0.0,174.0,2.7430214863951723,114.8681137484407,315.0857041136575
CUST009731,8.0,242.0,431.0,80.23625,1.0,0.0,174.0,1.9234809831806727,82.26312277922624,158.23155228289846
CUST009732,21.0,689.0,746.0,76.73857142857143,0.0,0.0,174.0,4.920866593756361,77.4757372949639,381.24776748143165
CUST009733,38.0,833.0,856.0,58.6036842105263,10.0,240.48,174.0,7.649436303966512,58.93621258468908,450.82880416360865
CUST009735,15.0,549.0,625.0,179.58599999999998,2.0,1015.12,174.0,4.216868583645658,181.68389994152676,766.1371298176454
CUST009736,13.0,556.0,570.0,154.7423076923077,5.0,0.0,174.0,4.115640035351345,156.87011329384544,645.6209186222516
CUST009737,26.0,657.0,779.0,105.42384615384616,6.0,0.0,174.0,5.032330854056027,106.18868204947377,534.3765810291122
CUST009738,10.0,733.0,740.0,209.24899999999997,0.0,0.0,174.0,2.549585241849196,212.8743863151002,542.741393716684
CUST009739,49.0,634.0,643.0,137.00489795918367,6.0,70.73,174.0,12.86007072415119,137.5087956166439,1768.3728368228917
CUST009740,62.0,850.0,852.0,91.60387096774194,2.0,0.0,174.0,12.389241647345264,91.88922347607586,1138.4377944320152
CUST009741,13.0,670.0,714.0,135.32923076923078,1.0,0.0,174.0,3.3158718225298425,137.22519026110314,455.0211417280884
CUST009742,19.0,557.0,575.0,77.21,4.0,176.07,174.0,5.77790295079959,78.02923170681248,450.8453281274168
CUST009743,24.0,629.0,664.0,90.13958333333333,4.0,0.0,174.0,6.261098276394803,90.87022990061412,568.9474398063345
CUST009744,11.0,548.0,611.0,236.99727272727276,7.0,360.87999999999994,174.0,3.2885142514890178,240.68091337863785,791.4826137070444
CUST009745,13.0,597.0,641.0,29.39769230769231,7.0,0.0,174.0,3.6687715510463583,30.02853472510538,110.1678339190743
CUST009746,9.0,545.0,556.0,552.8855555555556,4.0,0.0,174.0,3.043999719435653,562.8803466422676,1713.4076172549057
CUST009748,27.0,308.0,775.0,45.00888888888889,0.0,0.0,174.0,7.860312769169301e-08,45.39997394733104,3.5685799493815977e-06
CUST009749,45.0,745.0,779.0,69.12955555555556,9.0,418.0,174.0,9.812745752571203,69.44619020640812,681.4578079801831
CUST009750,25.0,748.0,761.0,225.3028,8.0,726.83,174.0,5.742905199424815,226.83865257723335,1302.7128773163126
CUST009752,22.0,593.0,634.0,100.17863636363636,6.0,585.4,174.0,6.013451916598047,101.0466739401689,607.6393150713666
CUST009753,55.0,871.0,874.0,203.48054545454545,14.0,0.0,174.0,10.755333538860866,204.11527284314283,2195.3278398035905
CUST009755,22.0,549.0,585.0,232.93363636363637,0.0,0.0,174.0,6.49096832000608,234.73398392926018,1523.6508533136441
CUST009756,152.0,748.0,751.0,159.80375,36.0,818.3299999999999,174.0,33.801608179385134,159.98888135642068,5407.8814806678665
CUST009757,34.0,515.0,859.0,153.23264705882352,0.0,0.0,174.0,0.0001562942259808511,154.03341930441272,0.024074534045367073
CUST009758,51.0,578.0,622.0,108.51294117647059,16.0,2158.0,174.0,13.337166297186752,108.91104723515252,1452.5647485759905
CUST009759,4.0,134.0,624.0,51.5625,0.0,0.0,174.0,0.06833928867227057,54.553413077686706,3.7281414443736525
CUST009760,52.0,778.0,779.0,354.2061538461539,6.0,5076.06,174.0,11.368286403696906,355.32363409629204,4039.420838409051
CUST009761,8.0,429.0,551.0,282.89125,2.0,0.0,174.0,2.650595742198898,288.8806290472783,765.7057653564552
CUST009762,55.0,818.0,821.0,252.77545454545458,12.0,252.26,174.0,11.418467082082493,253.54807593795658,2895.1303588229093
CUST009763,19.0,369.0,872.0,58.41894736842105,0.0,0.0,174.0,9.79795918591709e-05,59.08520723944629,0.005789144490235478
CUST009765,56.0,658.0,676.0,113.29553571428572,15.0,0.0,174.0,13.941552208015393,113.67113786340836,1584.752103067223
CUST009768,22.0,578.0,586.0,26.40909090909091,10.0,1352.62,174.0,6.519204362754383,26.759060735873955,174.44778549251902
CUST009769,12.0,573.0,577.0,433.37833333333333,0.0,0.0,174.0,3.790669365470611,439.29434006045204,1665.2195972917846
CUST009770,14.0,291.0,769.0,18.432142857142857,0.0,0.0,174.0,0.0008230509155112833,18.895924548713726,0.015552307999250965
CUST009771,2.0,183.0,605.0,94.755,2.0,0.0,174.0,0.4873628336541624,104.57400139411335,50.96548164598941
CUST009772,32.0,569.0,589.0,146.6978125,10.0,1015.0766666666668,174.0,9.238618560776391,147.51739195143767,1362.856915319878
CUST009773,29.0,674.0,676.0,264.58862068965516,7.0,210.07999999999998,174.0,7.40601195815576,266.12045098550703,1970.891242308469
CUST009774,13.0,540.0,624.0,204.29,2.0,0.0,174.0,3.7012664855774418,207.00954279755018,766.1974829512816
CUST009775,12.0,862.0,885.0,33.46083333333333,2.0,0.0,174.0,2.523352130173515,34.1975481207315,86.29245589715912
CUST009777,26.0,566.0,610.0,46.13384615384616,11.0,597.5,174.0,7.275291875336562,46.54673991578517,338.6411187327159
CUST009778,47.0,860.0,860.0,207.2214893617021,5.0,625.89,174.0,9.37577221220295,207.97686097942702,1949.9436739521077
CUST009779,6.0,109.0,511.0,364.965,0.0,0.0,174.0,0.013930532483079922,375.1569801697157,5.226136498508395
CUST009782,10.0,707.0,794.0,73.46900000000001,2.0,0.0,174.0,2.3566961301159512,74.97873840490873,176.70210263982463
CUST009783,20.0,514.0,546.0,76.267,4.0,372.53000000000003,174.0,6.339097797994822,77.03766361249808,488.3492837686524
CUST009784,29.0,705.0,806.0,178.3941379310345,9.0,81.41499999999999,174.0,5.797905161910381,179.4675329517257,1040.535735696132
CUST009785,17.0,410.0,808.0,320.2405882352941,0.0,0.0,174.0,0.009908051394822015,323.37038725548115,3.203970416490805
CUST009786,34.0,570.0,591.0,331.5979411764706,8.0,280.32,174.0,9.756895385697261,333.2072290982596,3251.0680760697787
CUST009787,6.0,353.0,372.0,314.1033333333333,3.0,3093.71,174.0,3.1300659321406163,322.9606191926002,1010.8880315577967
CUST009789,11.0,510.0,540.0,167.6627272727273,4.0,0.0,174.0,3.718374117062427,170.3656370755408,633.483175338542
CUST009790,125.0,916.0,916.0,184.07376000000002,22.0,227.8,174.0,23.0433578368599,184.32875426252212,4247.553444093912
CUST009791,107.0,744.0,744.0,135.24084112149532,24.0,287.0366666666667,174.0,24.10700149647831,135.46867272652642,3265.743496144303
CUST009792,61.0,480.0,800.0,227.9745901639344,0.0,0.0,174.0,1.230014093022173e-09,228.60848933727036,2.811916636693517e-07
CUST009793,20.0,542.0,554.0,70.3345,7.0,343.74,174.0,6.280900120102163,71.05930245779524,446.316381341542
CUST009796,11.0,572.0,572.0,294.4581818181818,5.0,0.0,174.0,3.5379809294564946,298.95460181008815,1057.6956799773518
CUST009798,102.0,819.0,822.0,149.03882352941176,14.0,0.0,174.0,20.906115695950003,149.29862574672077,3121.2543431072845
CUST009799,54.0,793.0,802.0,193.89722222222224,12.0,4369.71,174.0,11.463389145274974,194.5164317660252,2229.817552484273
CUST009801,7.0,419.0,607.0,479.3514285714286,5.0,0.0,174.0,2.024319684767963,490.61805162409775,993.1677796051657
CUST009804,36.0,629.0,632.0,204.2186111111111,6.0,90.1,174.0,9.70752390164197,205.1929262246448,1991.9152357735968
CUST009805,33.0,639.0,699.0,67.2030303030303,5.0,0.0,174.0,7.911309114124846,67.62634398491981,535.0129115228381
CUST009806,14.0,550.0,664.0,68.61357142857142,0.0,0.0,174.0,3.6345618695313404,69.63337701473714,253.08681694446366
CUST009807,45.0,782.0,813.0,405.81466666666665,9.0,1154.8799999999999,174.0,9.437291395048419,407.2831288432113,3843.649567180434
CUST009808,16.0,609.0,659.0,39.544375,0.0,0.0,174.0,4.30948805904197,40.154027711839824,173.0433029466141
CUST009810,6.0,673.0,692.0,191.51333333333332,4.0,0.0,174.0,1.7619149278700872,197.15365470360203,347.36796730642106
CUST009811,44.0,855.0,876.0,183.65386363636364,5.0,866.53,174.0,8.622975741659323,184.37845244775968,1589.8909227417187
CUST009813,74.0,760.0,762.0,62.46918918918918,20.0,636.448,174.0,16.389988289556108,62.64764189101185,1026.794116961989
CUST009814,25.0,599.0,631.0,437.728,3.0,0.0,174.0,6.829978049117095,440.5755459297212,3009.1213076777763
CUST009815,19.0,717.0,720.0,143.90157894736842,7.0,0.0,174.0,4.68225495677375,145.26372506473314,680.161796723766
CUST009818,9.0,415.0,572.0,375.9244444444444,1.0,0.0,174.0,2.6592059298919155,382.85024570202734,1018.0776436314079
CUST009819,11.0,811.0,847.0,925.5609090909091,3.0,0.0,174.0,2.4321284365012663,938.9842198438888,2283.7302225082785
CUST009820,45.0,886.0,887.0,264.9817777777778,15.0,209.14,174.0,8.725758006218744,265.9684390293881,2320.7762362621847
CUST009821,49.0,744.0,761.0,151.8895918367347,1.0,0.0,174.0,10.950679795034377,152.44024132397524,1669.3242706166202
CUST009822,55.0,896.0,901.0,165.0569090909091,7.0,0.0,174.0,10.444852590819076,165.58415298556224,1729.502069309832
CUST009823,81.0,835.0,859.0,192.7346913580247,22.0,1075.2983333333334,174.0,15.896634343590899,193.14489987262652,3070.35384860462
CUST009824,9.0,565.0,570.0,492.35333333333335,3.0,640.9,174.0,2.9759496295399517,501.29833007162523,1491.8385796656496
CUST009825,64.0,579.0,579.0,133.17671875,17.0,1175.82,174.0,18.433904765196313,133.5530324509561,2461.9038813040975
CUST009826,12.0,677.0,679.0,118.895,4.0,0.0,174.0,3.252478544196709,120.73816421957706,392.6982885898732
CUST009827,6.0,622.0,670.0,30.19333333333333,2.0,0.0,174.0,1.8099279550025051,31.600350915648853,57.19435851012187
CUST009829,22.0,871.0,874.0,67.41545454545454,4.0,0.0,174.0,4.464183763959591,68.05340329909149,303.8028980899983
CUST009830,20.0,825.0,833.0,140.342,1.0,0.0,174.0,4.273429550072974,141.6079950052642,605.1517903820821
CUST009831,25.0,709.0,720.0,83.81960000000001,1.0,0.0,174.0,6.054194011064176,84.48181530195382,511.46930024491866
CUST009832,22.0,719.0,733.0,89.14590909090909,8.0,0.0,174.0,5.274749974265553,89.93646618201144,474.3923726790996
CUST009834,16.0,643.0,652.0,67.56125,4.0,0.0,174.0,4.384994680585825,68.44215729429646,300.1184956633083
CUST009835,11.0,679.0,720.0,199.50090909090906,2.0,0.0,174.0,2.8352999707682707,202.65416708402483,574.5853540094039
CUST009837,6.0,320.0,326.0,20.558333333333334,1.0,0.0,174.0,3.5334107894767235,21.712512569523582,76.7192261798036
CUST009838,9.0,512.0,590.0,456.7622222222223,2.0,0.0,174.0,2.8371860482098015,465.0899717171986,1319.546778918327
CUST009839,65.0,538.0,572.0,146.88692307692307,5.0,0.0,174.0,18.309716920749544,147.2898713131876,2696.835849038094
CUST009840,24.0,780.0,781.0,302.47833333333335,8.0,2347.8333333333335,174.0,5.39598972769184,304.5751225733304,1643.4842327161741
CUST009841,36.0,550.0,554.0,198.70222222222222,11.0,340.94,174.0,10.98435696302058,199.65292711609163,2193.0590201550817
CUST009843,26.0,510.0,756.0,121.87961538461538,0.0,0.0,174.0,0.11302129918974513,122.74213180873961,13.872475202342692
CUST009844,45.0,610.0,622.0,74.84177777777778,12.0,2548.45,174.0,12.210106402778255,75.17795441184045,917.9308225117848
CUST009845,7.0,468.0,853.0,1016.9742857142857,6.0,120.24,174.0,0.8999421280631038,1040.2884137414107,936.1993688618358
CUST009847,23.0,597.0,610.0,116.08434782608695,6.0,230.24,174.0,6.542250069475193,117.02120436523242,765.5819823885125
CUST009848,42.0,743.0,748.0,92.66666666666667,0.0,0.0,174.0,9.601370989170624,93.09229608404137,893.8136709365968
CUST009849,7.0,299.0,546.0,184.8457142857143,0.0,0.0,174.0,1.4492670562129448,189.5128056951073,274.6546660244039
CUST009850,10.0,777.0,804.0,100.00899999999999,4.0,0.0,174.0,2.3520796338295464,101.93226981996602,239.75281587356022
CUST009851,4.0,119.0,652.0,139.7775,0.0,0.0,174.0,0.03214336133446192,146.28694046511572,4.702153985883133
CUST009852,31.0,792.0,799.0,167.71387096774194,7.0,75.66,174.0,6.731363554423118,168.66454904457868,1135.3423983618875
CUST009853,72.0,787.0,805.0,259.1877777777778,12.0,0.0,174.0,15.103936579159301,259.7912782308987,3923.8709902182222
CUST009855,45.0,821.0,835.0,131.51955555555557,9.0,817.18,174.0,9.234532917717019,132.0496315406292,1219.4166692343438
CUST009856,12.0,580.0,587.0,31.233333333333334,4.0,0.0,174.0,3.728988797226611,31.94119998881497,119.10837692826577
CUST009857,16.0,782.0,844.0,47.935,1.0,0.0,174.0,3.407158611474136,48.625889305175996,165.67611748671848
CUST009858,43.0,769.0,788.0,85.36441860465116,12.0,323.375,174.0,9.3312938104023,85.75396653183617,800.1954571159689
CUST009859,55.0,642.0,653.0,447.3892727272727,8.0,402.0,174.0,14.177289259241599,448.70629270168024,6361.438904073649
CUST009860,10.0,133.0,717.0,475.77699999999993,0.0,0.0,174.0,1.8389188400511734e-05,483.5552763298852,0.00889218907849177
CUST009861,6.0,647.0,710.0,37.55833333333333,0.0,0.0,174.0,1.7100448293089598,39.15862070487694,66.96299685924558
CUST009862,17.0,662.0,704.0,580.4258823529411,6.0,0.0,174.0,4.291784682490936,585.9252207492906,2514.6648874969255
CUST009863,50.0,765.0,777.0,185.85119999999998,10.0,0.0,174.0,10.957904215103015,186.49533375498712,2043.598003850817
CUST009864,24.0,719.0,759.0,163.1158333333333,4.0,0.0,174.0,5.514858800749321,164.31599368092887,906.1795038551404
CUST009865,7.0,487.0,512.0,12.79857142857143,1.0,0.0,174.0,2.649660508104344,13.610285816928235,36.062636833127414
CUST009866,34.0,591.0,704.0,229.39029411764707,0.0,0.0,174.0,5.481471118812353,230.5362829134298,1263.6779766283191
CUST009867,7.0,373.0,497.0,237.63571428571427,2.0,0.0,174.0,2.5854736649891406,243.48576839684472,629.5260419896872
CUST009868,54.0,315.0,680.0,155.96351851851853,0.0,0.0,174.0,8.87450539972166e-14,156.47464441607832,1.3886350767900138e-11
CUST009869,39.0,379.0,667.0,300.00410256410254,0.0,0.0,174.0,4.112280609846047e-06,301.281477386795,0.0012389539775634873
CUST009870,15.0,283.0,821.0,199.7913333333333,0.0,0.0,174.0,8.435445832630742e-05,202.09803425958,0.01704787020877839
CUST009871,47.0,700.0,702.0,169.2440425531915,14.0,628.02,174.0,11.374905454070799,169.87503698048988,1932.312484659853
CUST009873,40.0,518.0,521.0,150.052,12.0,1027.8166666666666,174.0,12.877291184125966,150.71994726909847,1940.8646482402921
CUST009874,101.0,856.0,856.0,153.1411881188119,24.0,3276.1814285714286,174.0,19.92107196287305,153.40980771751444,3056.0878193511226
CUST009876,27.0,834.0,842.0,119.16037037037037,3.0,597.5,174.0,5.612323805139952,119.9752191360922,673.3397783843726
CUST009877,6.0,614.0,747.0,83.545,2.0,372.42,174.0,1.6036026978197613,86.35205361376616,138.47438613731208
CUST009878,17.0,851.0,873.0,173.1264705882353,8.0,2534.46,174.0,3.5096548511278534,174.91648330060556,613.8964841581944
CUST009879,49.0,673.0,685.0,143.3689795918367,8.0,1087.7033333333334,174.0,12.108866058988767,143.8928664048446,1742.3794461402276
CUST009880,37.0,755.0,760.0,209.8018918918919,11.0,345.9,174.0,8.368047827133825,210.77301249516873,1763.7586492286473
CUST009881,37.0,819.0,907.0,152.76189189189188,0.0,0.0,174.0,6.695557042377889,153.49550615274393,1027.7379171943633
CUST009882,14.0,590.0,596.0,172.35071428571428,4.0,88.15,174.0,4.22485212636902,174.51995566571088,737.3210057881058
CUST009884,21.0,583.0,599.0,260.1604761904762,5.0,386.68,174.0,6.107346092379428,262.24756598625976,1601.6366473621997
CUST009885,23.0,624.0,648.0,251.8813043478261,5.0,0.0,174.0,6.1702838238843585,253.73009139552607,1565.5866785705143
CUST009886,11.0,650.0,660.0,103.14818181818183,4.0,0.0,174.0,3.0896017146920305,104.93853923469558,324.2182907567924
CUST009887,34.0,773.0,806.0,56.44205882352941,9.0,481.19,174.0,7.2644289158496465,56.804087039435245,412.6492524277135
CUST009888,113.0,822.0,822.0,192.9883185840708,35.0,1713.83,174.0,23.134602293021963,193.28254874602442,4471.514895420906
CUST009889,26.0,665.0,802.0,111.6973076923077,0.0,0.0,174.0,4.535857403534672,112.49938250578757,510.28115703195556
CUST009890,4.0,144.0,836.0,364.2975,0.0,0.0,174.0,0.015939819891470086,379.76210420173146,6.053339542581295
CUST009892,25.0,517.0,681.0,28.1104,0.0,0.0,174.0,2.202985446627008,28.42861945159134,62.627834919553194
CUST009893,8.0,511.0,590.0,31.69,2.0,0.0,174.0,2.566208745912726,32.767649617126004,84.08862903047253
CUST009894,25.0,720.0,758.0,327.1608,5.0,0.0,174.0,5.740977049598982,329.3256102597386,1890.6507703463383
CUST009895,26.0,565.0,588.0,504.05269230769227,4.0,247.54,174.0,7.588946602462075,507.183766804521,3848.9905239150867
CUST009896,29.0,810.0,823.0,170.93344827586205,5.0,253.61,174.0,6.137038898299395,171.96716276010252,1055.3691670889325
CUST009897,11.0,237.0,803.0,128.38727272727272,0.0,0.0,174.0,0.00046917445816673767,130.5346347925033,0.06124351655076572
CUST009898,49.0,668.0,733.0,97.71244897959184,4.0,323.93,174.0,10.476562624919405,98.09293167793656,1027.676741785843
CUST009899,10.0,670.0,679.0,437.51300000000003,0.0,0.0,174.0,2.7656934379723968,444.69506811339124,1229.890231779894
CUST009900,31.0,597.0,607.0,268.7683870967742,8.0,119.76,174.0,8.72915878659862,270.22168728970433,2358.8080159344277
CUST009901,8.0,469.0,505.0,62.84875,4.0,119.28,174.0,2.9967198001351596,64.53564558776412,193.395246947358
CUST009903,14.0,631.0,661.0,171.31285714285713,0.0,0.0,174.0,3.8215422323954407,173.47059878306888,662.9252193284228
CUST009904,37.0,665.0,670.0,92.03486486486486,7.0,0.0,174.0,9.430718891118996,92.51562053393013,872.4888102929314
CUST009905,6.0,331.0,762.0,228.18499999999997,0.0,0.0,174.0,0.44564878994386603,234.78764659597263,104.63283059926326
CUST009906,4.0,347.0,388.0,8.76,0.0,0.0,174.0,2.186040033739251,10.04370037576039,21.95593110829417
CUST009907,27.0,530.0,569.0,35.85481481481481,3.0,0.0,174.0,8.056951022431642,36.193585822494384,291.60994829801353
CUST009908,6.0,800.0,839.0,25.71166666666667,0.0,0.0,174.0,1.4647351538585507,27.00107789839737,39.549427989855786
CUST009909,27.0,568.0,804.0,105.6637037037037,0.0,0.0,174.0,0.25648655748142335,106.40142120531164,27.2905342360813
CUST009910,30.0,590.0,626.0,122.89233333333333,6.0,4072.18,174.0,8.162760618121544,123.6444622005393,1009.28014669938
CUST009911,30.0,434.0,801.0,249.76933333333332,0.0,0.0,174.0,5.003591550172601e-05,251.17366283412895,0.012567704169827495
CUST009912,93.0,714.0,727.0,208.29344086021507,18.0,576.87,174.0,21.414552928065152,208.67634175328766,4468.710565310791
CUST009913,7.0,600.0,626.0,26.382857142857144,2.0,949.095,174.0,2.196356068825088,27.49897962611346,60.39755078831175
CUST009914,27.0,745.0,748.0,148.21703703703702,5.0,0.0,174.0,6.285180244110434,149.19793994681436,937.7359446156925
CUST009915,15.0,780.0,845.0,196.926,3.0,0.0,174.0,3.2067410547371122,199.20309070345647,638.7927291892946
CUST009916,55.0,885.0,889.0,212.77272727272728,4.0,0.0,174.0,10.580703731089335,213.433447936889,2258.276078925103
CUST009917,19.0,684.0,692.0,63.10421052631579,6.0,376.35,174.0,4.859648644933403,63.80861159786138,310.08743288662885
CUST009918,19.0,872.0,884.0,26.429473684210524,0.0,0.0,174.0,3.8476860007043086,26.835317674801363,103.25387614178611
CUST009919,15.0,576.0,583.0,155.58866666666665,5.0,0.0,174.0,4.592603617920218,157.43857926999962,723.0529887556193
CUST009920,6.0,536.0,589.0,21.296666666666667,2.0,2030.24,174.0,2.0395687540155243,22.470220991480595,45.82956063004755
CUST009921,57.0,744.0,744.0,166.1538596491228,14.0,35.75,174.0,12.989379072806718,166.66551440036784,2164.8815449107046
CUST009922,47.0,655.0,674.0,188.6527659574468,11.0,36.4,174.0,11.790415114005175,189.34732449159415,2232.4835564821337
CUST009923,41.0,662.0,687.0,138.47682926829268,11.0,70.73,174.0,10.131195838728884,139.08494644683202,1409.0968306719742
CUST009924,23.0,689.0,697.0,107.4491304347826,1.0,0.0,174.0,5.772356909248813,108.32799805879455,625.3078680597747
CUST009925,8.0,436.0,477.0,124.5,2.0,0.0,174.0,3.154266741310994,127.39236036562919,401.829485398409
CUST009927,33.0,583.0,598.0,15.867575757575757,8.0,0.0,174.0,9.390856051295932,16.051105473643585,150.7336209671551
CUST009929,113.0,884.0,892.0,214.14221238938052,27.0,418.89,174.0,21.37834855092394,214.46520294104587,4584.911860518317
CUST009930,6.0,535.0,547.0,155.87833333333333,2.0,0.0,174.0,2.198959980968269,160.58353332693633,353.1167633884173
CUST009931,26.0,672.0,678.0,59.89153846153847,2.0,0.0,174.0,6.654634442836445,60.38609711781717,401.84740174869273
CUST009932,43.0,335.0,890.0,94.70813953488371,0.0,0.0,174.0,1.432619414383584e-14,95.13114519952495,1.3628672552538315e-12
CUST009933,46.0,757.0,815.0,47.38369565217391,10.0,0.0,174.0,9.391526249447354,47.620652207662,447.23060522406075
CUST009934,17.0,540.0,548.0,111.75352941176472,0.0,0.0,174.0,5.4589633499150665,112.9846112235946,616.7788517740054
CUST009935,10.0,719.0,728.0,94.051,2.0,0.0,174.0,2.5890491948378833,95.88143560101685,248.24175364271304
CUST009936,6.0,643.0,723.0,135.6966666666667,1.0,0.0,174.0,1.6761233628061036,139.87226632585853,234.44317339740894
CUST009937,36.0,563.0,581.0,187.955,5.0,0.0,174.0,10.480743947204965,188.85970663621237,1979.3902271983882
CUST009938,68.0,742.0,750.0,111.8510294117647,9.0,520.18,174.0,15.306419148361778,112.15693242862378,1716.721018147005
CUST009939,14.0,476.0,603.0,586.2700000000001,3.0,907.68,174.0,3.7906485214188455,593.0255797892983,2247.951537191857
CUST009940,6.0,374.0,664.0,38.635,0.0,0.0,174.0,1.2921300429561082,40.26354088678266,52.025730815603495
CUST009942,14.0,648.0,652.0,86.06357142857144,4.0,0.0,174.0,3.8830522650170654,87.27672776693562,338.90009543867717
CUST009943,18.0,526.0,533.0,485.4222222222222,5.0,0.0,174.0,5.907118734866126,489.7966857929506,2893.2871789228757
CUST009944,90.0,842.0,853.0,95.54866666666668,21.0,2341.2066666666665,174.0,17.820808619378543,95.75182745590585,1706.374992047454
CUST009945,14.0,369.0,763.0,8.568571428571428,0.0,0.0,174.0,0.025652368548044514,8.923062062544721,0.22889767660547142
CUST009947,22.0,714.0,728.0,173.52545454545455,4.0,0.0,174.0,5.309108800487094,174.90859114845668,928.6087405470703
CUST009948,24.0,782.0,817.0,124.90291666666667,1.0,0.0,174.0,5.149424238423923,125.85722317878808,648.0922356175805
CUST009949,60.0,588.0,605.0,80.85683333333333,2.0,93.72,174.0,16.550309153449984,81.12417066387735,1342.630104304408
CUST009950,39.0,790.0,805.0,114.97384615384614,3.0,0.0,174.0,8.325852216646481,115.5204473977261,961.8061730343511
CUST009952,12.0,631.0,686.0,33.91416666666667,0.0,0.0,174.0,3.1971974010755595,34.65675252917242,110.8044791159889
CUST009953,4.0,515.0,527.0,354.8875,1.0,0.0,174.0,1.6605578333927946,369.97677865941205,614.3678379763188
CUST009954,11.0,785.0,797.0,12.296363636363635,1.0,0.0,174.0,2.583040396729867,12.801630335778487,33.06712830131836
CUST009956,24.0,813.0,842.0,620.7816666666666,3.0,0.0,174.0,5.008806742458098,624.9263523294056,3130.135327087272
CUST009957,17.0,495.0,726.0,322.3764705882353,0.0,0.0,174.0,1.2833281983353775,325.52572135090185,417.756337493077
CUST009958,16.0,196.0,784.0,313.19875,0.0,0.0,174.0,2.978600480954031e-07,316.4578774740345,9.426015860458508e-05
CUST009960,96.0,885.0,893.0,251.76593749999998,19.0,106.265,174.0,18.183567875797696,252.2064410188901,4586.012938980356
CUST009961,14.0,828.0,836.0,437.0107142857143,2.0,0.0,174.0,3.065455944332577,442.112460541175,1355.2762702294467
CUST009962,6.0,189.0,914.0,452.4483333333333,0.0,0.0,174.0,0.003538297301467632,464.9360209564508,1.6450818683053083
CUST009963,16.0,600.0,648.0,340.01625,4.0,0.0,174.0,4.380122220198483,343.53501991327977,1504.725374138485
CUST009964,24.0,686.0,688.0,193.23583333333332,6.0,0.0,174.0,6.086284841728846,194.62977939974945,1184.5722761097243
CUST009965,45.0,706.0,711.0,70.97377777777777,13.0,0.0,174.0,10.771357829351103,71.29672166491358,767.9625011124333
CUST009966,40.0,860.0,862.0,171.02974999999998,8.0,702.4966666666666,174.0,8.001505527006787,171.77846924902266,1374.4863711168202
CUST009968,10.0,624.0,667.0,83.58099999999999,2.0,0.0,174.0,2.800638650012701,85.24829792521992,238.74967801716846
CUST009969,113.0,608.0,619.0,161.77849557522126,33.0,333.534,174.0,30.20146108146877,162.03029351732775,4893.551603682536
CUST009970,16.0,722.0,770.0,49.211875,6.0,0.0,174.0,3.726338816853554,49.91512679010603,186.00067450613884
CUST009971,34.0,553.0,607.0,64.2464705882353,7.0,289.08,174.0,9.261452225748389,64.64387558125742,598.6961653830384
CUST009973,20.0,663.0,674.0,242.68399999999997,4.0,0.0,174.0,5.224852952531416,244.74114920578648,1278.7365160337854
CUST009974,23.0,697.0,720.0,428.0421739130434,8.0,0.0,174.0,5.587643650985614,431.0739511799998,2408.6876264162083
CUST009975,31.0,627.0,802.0,278.7516129032258,0.0,0.0,174.0,1.6023375579391683,280.25456738447957,449.0624191041451
CUST009977,27.0,621.0,761.0,59.53037037037038,8.0,316.8533333333333,174.0,4.290167362049748,60.00444334361667,257.42910441074747
CUST009978,13.0,843.0,848.0,236.73769230769233,1.0,0.0,174.0,2.8283423432468133,239.84475076074457,678.3630643820923
CUST009979,18.0,610.0,632.0,419.96722222222223,5.0,0.0,174.0,5.026038271755021,423.77898082295616,2129.929376381515
CUST009980,14.0,826.0,838.0,241.62499999999997,3.0,3076.05,174.0,3.0575690876852804,244.5618193313358,747.7646588155648
CUST009981,10.0,615.0,650.0,81.14599999999999,1.0,0.0,174.0,2.8730446785316683,82.77535711905321,237.81729928445426
CUST009982,24.0,783.0,832.0,325.3279166666667,4.0,369.3,174.0,5.045596453597951,327.5717153001233,1652.7946850172998
CUST009983,10.0,480.0,585.0,768.1969999999999,1.0,35.0,174.0,3.0765394151949375,780.5316009866696,2401.3362352406966
CUST009984,14.0,727.0,735.0,6.087142857142857,1.0,0.0,174.0,3.4654309257825493,6.414138586771595,22.227754220853463
CUST009986,2.0,238.0,326.0,206.185,2.0,0.0,174.0,1.5639028185684434,225.26222655243055,352.28823102234935
CUST009987,64.0,711.0,727.0,63.146093750000006,17.0,0.0,174.0,14.83493041521162,63.35412329720966,939.8540106308427
CUST009988,15.0,567.0,670.0,336.7493333333333,3.0,318.94666666666666,174.0,3.8761997325839337,340.4713519281132,1319.7349632962428
CUST009989,17.0,609.0,609.0,75.53941176470589,8.0,2554.3766666666666,174.0,4.948650957331597,76.44068716672814,378.27827972671435
CUST009990,43.0,602.0,621.0,115.84093023255814,6.0,1375.88,174.0,11.683240771254425,116.33960760958888,1359.2236469360905
CUST009991,13.0,794.0,836.0,315.9184615384616,2.0,0.0,174.0,2.857062920045684,319.971158510292,914.1777324638153
CUST009992,11.0,616.0,706.0,7.798181818181818,2.0,0.0,174.0,2.851402515904545,8.239822144299438,23.495049592861402
CUST009993,22.0,704.0,742.0,2.06,11.0,0.0,174.0,5.194505464972146,2.2389713658600194,11.63034899587602
CUST009994,64.0,703.0,704.0,214.75203125000002,19.0,209.47,174.0,15.328556325645962,215.3243710813907,3300.61175040539
CUST009995,9.0,396.0,555.0,63.27333333333334,1.0,0.0,174.0,2.686594377444602,64.776908916353,174.02927928291507
CUST009996,21.0,582.0,671.0,58.64904761904762,4.0,1819.4733333333334,174.0,5.259326465673838,59.253080634740144,311.6312951549948
CUST009997,8.0,700.0,870.0,20.0775,0.0,0.0,174.0,1.7392401906045416,20.92809080269875,36.39897663667493
CUST009998,17.0,740.0,744.0,58.718823529411765,0.0,0.0,174.0,4.093685237817928,59.466911771917914,243.43881885932151
CUST009999,31.0,662.0,674.0,89.11741935483872,7.0,0.0,174.0,7.907192876376776,89.67717660655701,709.0947320369496
CUST010000,10.0,847.0,855.0,8.765,3.0,0.0,174.0,2.221503539735485,9.266556917347732,20.58568899304833
