customer_id,Recency,Frequency,Monetary,R_Score,F_Score,M_Score,RFM_Score,Segment
CUST000001,62,10,5132.46,2,1,4,214,Lost Customers
CUST000002,805,14,0.0,1,2,1,121,Lost Customers
CUST000003,18,31,2819.62,4,3,3,433,Potential Loyalists
CUST000005,1,154,9803.99,5,5,5,555,Champions
CUST000006,17,31,3424.04,4,3,3,433,Potential Loyalists
CUST000007,127,11,2938.4500000000003,2,2,3,223,Lost Customers
CUST000008,847,11,0.0,1,2,1,121,Lost Customers
CUST000009,16,10,1335.25,4,1,2,412,Needs Attention
CUST000010,2,77,10849.87,5,5,5,555,Champions
CUST000011,4,54,5079.43,5,5,4,554,Champions
CUST000012,76,9,255.94,2,1,1,211,Lost Customers
CUST000013,39,75,8675.39,3,5,5,355,Loyal Customers
CUST000014,36,45,12599.85,3,4,5,345,Loyal Customers
CUST000015,297,32,5211.36,1,4,4,144,At Risk
CUST000016,13,139,20493.09,4,5,5,455,Champions
CUST000017,42,21,1774.56,3,3,2,332,Needs Attention
CUST000018,56,8,471.84,3,1,1,311,Needs Attention
CUST000019,90,11,313.36,2,2,1,221,Lost Customers
CUST000020,15,14,4316.41,4,2,3,423,Potential Loyalists
CUST000021,26,33,985.12,3,4,2,342,Loyal Customers
CUST000022,960,3,2332.06,1,1,3,113,Lost Customers
CUST000023,293,30,3128.54,1,3,3,133,Needs Attention
CUST000024,8,55,6426.32,5,5,4,554,Champions
CUST000025,17,32,2603.75,4,4,3,443,Champions
CUST000026,2,93,6700.23,5,5,4,554,Champions
CUST000027,9,20,3433.54,4,3,3,433,Potential Loyalists
CUST000028,692,77,6071.15,1,5,4,154,At Risk
CUST000029,1,51,3261.95,5,4,3,543,Champions
CUST000030,76,18,5347.3099999999995,2,2,4,224,Lost Customers
CUST000031,53,13,0.0,3,2,1,321,Needs Attention
CUST000032,23,43,2210.86,3,4,3,343,Loyal Customers
CUST000033,15,19,6338.200000000001,4,2,4,424,Potential Loyalists
CUST000035,911,3,1195.3,1,1,2,112,Lost Customers
CUST000037,15,10,975.98,4,1,2,412,Needs Attention
CUST000039,119,20,6257.9400000000005,2,3,4,234,Needs Attention
CUST000040,12,64,5712.38,4,5,4,454,Champions
CUST000041,355,15,3127.3599999999997,1,2,3,123,Lost Customers
CUST000042,112,14,2129.9900000000002,2,2,2,222,Lost Customers
CUST000043,26,32,3180.87,3,4,3,343,Loyal Customers
CUST000044,535,12,421.1,1,2,1,121,Lost Customers
CUST000045,40,16,866.53,3,2,2,322,Needs Attention
CUST000046,20,32,6634.16,4,4,4,444,Champions
CUST000047,23,31,10353.5,3,3,5,335,Needs Attention
CUST000048,25,6,890.55,3,1,2,312,Needs Attention
CUST000049,58,38,6546.3,2,4,4,244,At Risk
CUST000050,4,72,15107.58,5,5,5,555,Champions
CUST000051,4,60,5938.1,5,5,4,554,Champions
CUST000052,464,17,3777.8599999999997,1,2,3,123,Lost Customers
CUST000053,456,5,401.53,1,1,1,111,Lost Customers
CUST000054,501,2,36.18,1,1,1,111,Lost Customers
CUST000055,4,51,3046.1099999999997,5,4,3,543,Champions
CUST000056,31,47,4341.14,3,4,3,343,Loyal Customers
CUST000057,25,47,20817.48,3,4,5,345,Loyal Customers
CUST000058,1,846,129534.31999999999,5,5,5,555,Champions
CUST000059,41,47,3151.55,3,4,3,343,Loyal Customers
CUST000060,9,85,9221.73,4,5,5,455,Champions
CUST000061,11,48,5084.14,4,4,4,444,Champions
CUST000063,134,14,760.38,2,2,2,222,Lost Customers
CUST000064,3,72,23073.93,5,5,5,555,Champions
CUST000065,25,9,1368.0,3,1,2,312,Needs Attention
CUST000066,20,32,1298.67,4,4,2,442,Champions
CUST000068,715,14,0.0,1,2,1,121,Lost Customers
CUST000069,9,210,32711.58,4,5,5,455,Champions
CUST000070,40,8,784.0,3,1,2,312,Needs Attention
CUST000072,468,6,1045.58,1,1,2,112,Lost Customers
CUST000073,53,35,7601.469999999999,3,4,4,344,Loyal Customers
CUST000074,447,30,1118.3,1,3,2,132,Needs Attention
CUST000075,18,19,4366.48,4,2,3,423,Potential Loyalists
CUST000076,32,9,0.0,3,1,1,311,Needs Attention
CUST000077,12,10,396.42,4,1,1,411,Needs Attention
CUST000078,11,59,11129.31,4,5,5,455,Champions
CUST000079,50,20,1060.14,3,3,2,332,Needs Attention
CUST000080,14,35,3692.64,4,4,3,443,Champions
CUST000081,16,23,1289.97,4,3,2,432,Potential Loyalists
CUST000082,410,7,851.41,1,1,2,112,Lost Customers
CUST000083,12,172,16526.39,4,5,5,455,Champions
CUST000084,449,29,2291.19,1,3,3,133,Needs Attention
CUST000085,17,5,0.0,4,1,1,411,Needs Attention
CUST000086,24,22,2517.01,3,3,3,333,Needs Attention
CUST000087,153,14,2363.75,2,2,3,223,Lost Customers
CUST000089,93,16,8725.92,2,2,5,225,Lost Customers
CUST000090,568,16,1254.1,1,2,2,122,Lost Customers
CUST000091,1,45,7878.33,5,4,4,544,Champions
CUST000093,13,5,0.0,4,1,1,411,Needs Attention
CUST000094,905,1,1763.4,1,1,2,112,Lost Customers
CUST000095,365,7,0.0,1,1,1,111,Lost Customers
CUST000096,778,1,0.0,1,1,1,111,Lost Customers
CUST000097,4,93,11851.75,5,5,5,555,Champions
CUST000098,344,26,3432.49,1,3,3,133,Needs Attention
CUST000099,25,8,323.75,3,1,1,311,Needs Attention
CUST000100,8,57,10195.77,5,5,5,555,Champions
CUST000101,2,137,27456.7,5,5,5,555,Champions
CUST000102,16,71,10928.29,4,5,5,455,Champions
CUST000103,42,1,0.0,3,1,1,311,Needs Attention
CUST000104,76,20,1079.92,2,3,2,232,Needs Attention
CUST000105,1,79,12797.38,5,5,5,555,Champions
CUST000106,151,8,3714.19,2,1,3,213,Lost Customers
CUST000107,431,24,7243.42,1,3,4,134,Needs Attention
CUST000108,39,33,6380.13,3,4,4,344,Loyal Customers
CUST000109,245,6,0.0,2,1,1,211,Lost Customers
CUST000110,31,20,1386.03,3,3,2,332,Needs Attention
CUST000111,396,2,0.0,1,1,1,111,Lost Customers
CUST000112,568,5,0.0,1,1,1,111,Lost Customers
CUST000113,25,22,5611.900000000001,3,3,4,334,Needs Attention
CUST000114,125,5,272.22,2,1,1,211,Lost Customers
CUST000116,33,13,593.29,3,2,1,321,Needs Attention
CUST000117,39,19,2000.3700000000001,3,2,2,322,Needs Attention
CUST000118,96,43,9415.07,2,4,5,245,At Risk
CUST000119,2,110,9866.39,5,5,5,555,Champions
CUST000120,35,8,208.92,3,1,1,311,Needs Attention
CUST000121,13,71,10876.93,4,5,5,455,Champions
CUST000122,205,29,8599.34,2,3,5,235,Needs Attention
CUST000123,22,10,2238.66,4,1,3,413,Needs Attention
CUST000124,4,38,3351.58,5,4,3,543,Champions
CUST000125,32,21,215.5,3,3,1,331,Needs Attention
CUST000126,87,8,246.1,2,1,1,211,Lost Customers
CUST000127,24,41,8540.82,3,4,5,345,Loyal Customers
CUST000128,22,18,1651.4699999999998,4,2,2,422,Potential Loyalists
CUST000129,465,17,7914.93,1,2,4,124,Lost Customers
CUST000130,25,42,1672.72,3,4,2,342,Loyal Customers
CUST000131,66,128,42656.75,2,5,5,255,At Risk
CUST000132,11,10,462.76,4,1,1,411,Needs Attention
CUST000133,4,183,29985.53,5,5,5,555,Champions
CUST000134,370,4,0.0,1,1,1,111,Lost Customers
CUST000135,445,3,0.0,1,1,1,111,Lost Customers
CUST000136,2,47,7702.09,5,4,4,544,Champions
CUST000137,50,40,4790.85,3,4,4,344,Loyal Customers
CUST000138,968,2,0.0,1,1,1,111,Lost Customers
CUST000139,25,27,6261.15,3,3,4,334,Needs Attention
CUST000140,51,16,1217.9,3,2,2,322,Needs Attention
CUST000141,15,20,5745.83,4,3,4,434,Potential Loyalists
CUST000142,14,58,5873.61,4,5,4,454,Champions
CUST000143,25,45,5140.29,3,4,4,344,Loyal Customers
CUST000144,1,22,3889.3500000000004,5,3,3,533,Potential Loyalists
CUST000145,16,55,2894.82,4,5,3,453,Champions
CUST000146,18,36,1458.8899999999999,4,4,2,442,Champions
CUST000148,31,56,2424.49,3,5,3,353,Loyal Customers
CUST000149,35,10,1174.55,3,1,2,312,Needs Attention
CUST000150,20,16,180.0,4,2,1,421,Potential Loyalists
CUST000151,14,47,7584.6,4,4,4,444,Champions
CUST000152,45,44,9080.880000000001,3,4,5,345,Loyal Customers
CUST000153,13,21,7823.39,4,3,4,434,Potential Loyalists
CUST000154,23,28,3393.1,3,3,3,333,Needs Attention
CUST000155,16,78,13476.0,4,5,5,455,Champions
CUST000156,62,15,1085.21,2,2,2,222,Lost Customers
CUST000157,1030,1,0.0,1,1,1,111,Lost Customers
CUST000158,511,4,1067.56,1,1,2,112,Lost Customers
CUST000159,32,27,4744.27,3,3,4,334,Needs Attention
CUST000161,4,58,4342.82,5,5,3,553,Champions
CUST000162,307,37,9462.050000000001,1,4,5,145,At Risk
CUST000163,37,111,21411.059999999998,3,5,5,355,Loyal Customers
CUST000164,122,35,2143.59,2,4,2,242,At Risk
CUST000165,413,24,522.76,1,3,1,131,Needs Attention
CUST000166,69,21,9304.8,2,3,5,235,Needs Attention
CUST000167,13,50,12131.02,4,4,5,445,Champions
CUST000170,31,49,7583.96,3,4,4,344,Loyal Customers
CUST000171,22,12,255.56,4,2,1,421,Potential Loyalists
CUST000172,17,156,21585.87,4,5,5,455,Champions
CUST000173,6,9,0.0,5,1,1,511,Needs Attention
CUST000174,837,1,44.89,1,1,1,111,Lost Customers
CUST000176,8,65,4619.47,5,5,4,554,Champions
CUST000177,14,42,11072.62,4,4,5,445,Champions
CUST000178,19,71,6120.3099999999995,4,5,4,454,Champions
CUST000179,312,25,1011.58,1,3,2,132,Needs Attention
CUST000180,83,21,919.98,2,3,2,232,Needs Attention
CUST000181,14,27,644.74,4,3,2,432,Potential Loyalists
CUST000182,12,14,3113.59,4,2,3,423,Potential Loyalists
CUST000183,21,74,9484.57,4,5,5,455,Champions
CUST000184,654,5,662.9,1,1,2,112,Lost Customers
CUST000185,370,11,193.82,1,2,1,121,Lost Customers
CUST000186,95,20,5778.47,2,3,4,234,Needs Attention
CUST000187,5,37,10458.55,5,4,5,545,Champions
CUST000188,64,15,1576.33,2,2,2,222,Lost Customers
CUST000189,35,12,1701.6899999999998,3,2,2,322,Needs Attention
CUST000190,161,36,4810.53,2,4,4,244,At Risk
CUST000191,20,35,1491.73,4,4,2,442,Champions
CUST000192,90,8,844.11,2,1,2,212,Lost Customers
CUST000193,731,2,0.0,1,1,1,111,Lost Customers
CUST000194,41,30,7848.200000000001,3,3,4,334,Needs Attention
CUST000195,765,1,468.72,1,1,1,111,Lost Customers
CUST000197,25,19,3758.3199999999997,3,2,3,323,Needs Attention
CUST000198,32,18,7210.22,3,2,4,324,Needs Attention
CUST000199,1,48,15548.740000000002,5,4,5,545,Champions
CUST000200,6,81,16429.06,5,5,5,555,Champions
CUST000201,998,2,0.0,1,1,1,111,Lost Customers
CUST000202,9,29,2598.82,4,3,3,433,Potential Loyalists
CUST000203,47,35,2044.4,3,4,2,342,Loyal Customers
CUST000204,16,17,245.38,4,2,1,421,Potential Loyalists
CUST000205,12,29,237.81,4,3,1,431,Potential Loyalists
CUST000206,690,3,0.0,1,1,1,111,Lost Customers
CUST000207,4,46,8415.65,5,4,4,544,Champions
CUST000208,1,14,133.0,5,2,1,521,Potential Loyalists
CUST000209,4,53,4426.58,5,5,4,554,Champions
CUST000210,6,99,15981.61,5,5,5,555,Champions
CUST000211,42,18,399.42,3,2,1,321,Needs Attention
CUST000212,5,54,4978.29,5,5,4,554,Champions
CUST000213,2,69,10248.17,5,5,5,555,Champions
CUST000214,7,23,4380.21,5,3,3,533,Potential Loyalists
CUST000215,41,29,1404.66,3,3,2,332,Needs Attention
CUST000217,13,47,11742.21,4,4,5,445,Champions
CUST000218,76,12,1089.41,2,2,2,222,Lost Customers
CUST000219,9,31,12347.91,4,3,5,435,Potential Loyalists
CUST000220,436,21,2808.44,1,3,3,133,Needs Attention
CUST000221,991,9,3764.21,1,1,3,113,Lost Customers
CUST000222,33,63,5415.53,3,5,4,354,Loyal Customers
CUST000223,414,67,11276.18,1,5,5,155,At Risk
CUST000224,59,19,6419.05,2,2,4,224,Lost Customers
CUST000225,642,10,992.04,1,1,2,112,Lost Customers
CUST000226,577,7,0.0,1,1,1,111,Lost Customers
CUST000227,3,149,26426.63,5,5,5,555,Champions
CUST000228,509,8,165.47,1,1,1,111,Lost Customers
CUST000229,26,14,2214.35,3,2,3,323,Needs Attention
CUST000230,74,13,307.39,2,2,1,221,Lost Customers
CUST000231,447,8,1618.58,1,1,2,112,Lost Customers
CUST000232,946,5,0.0,1,1,1,111,Lost Customers
CUST000233,177,12,1244.75,2,2,2,222,Lost Customers
CUST000234,20,29,2957.8599999999997,4,3,3,433,Potential Loyalists
CUST000235,2,42,6236.97,5,4,4,544,Champions
CUST000236,2,89,12696.31,5,5,5,555,Champions
CUST000237,3,48,16828.93,5,4,5,545,Champions
CUST000238,1,20,1879.41,5,3,2,532,Potential Loyalists
CUST000240,7,44,2801.66,5,4,3,543,Champions
CUST000241,31,15,6111.79,3,2,4,324,Needs Attention
CUST000242,904,13,639.1600000000001,1,2,2,122,Lost Customers
CUST000243,7,74,18297.21,5,5,5,555,Champions
CUST000244,21,17,902.04,4,2,2,422,Potential Loyalists
CUST000245,97,7,0.0,2,1,1,211,Lost Customers
CUST000246,1,93,17874.07,5,5,5,555,Champions
CUST000247,20,31,2565.72,4,3,3,433,Potential Loyalists
CUST000248,15,83,11463.35,4,5,5,455,Champions
CUST000249,29,6,251.82,3,1,1,311,Needs Attention
CUST000250,708,3,0.0,1,1,1,111,Lost Customers
CUST000251,79,18,0.0,2,2,1,221,Lost Customers
CUST000252,22,28,13655.34,4,3,5,435,Potential Loyalists
CUST000253,16,15,1527.86,4,2,2,422,Potential Loyalists
CUST000256,18,31,3453.43,4,3,3,433,Potential Loyalists
CUST000257,84,33,4202.91,2,4,3,243,At Risk
CUST000258,441,32,5306.08,1,4,4,144,At Risk
CUST000259,36,62,5342.7699999999995,3,5,4,354,Loyal Customers
CUST000260,27,15,1095.74,3,2,2,322,Needs Attention
CUST000261,69,6,340.94,2,1,1,211,Lost Customers
CUST000262,4,81,9198.550000000001,5,5,5,555,Champions
CUST000264,704,6,0.0,1,1,1,111,Lost Customers
CUST000265,627,25,5642.23,1,3,4,134,Needs Attention
CUST000266,110,17,4958.950000000001,2,2,4,224,Lost Customers
CUST000267,17,84,29763.2,4,5,5,455,Champions
CUST000268,12,38,4367.48,4,4,3,443,Champions
CUST000269,6,128,15229.04,5,5,5,555,Champions
CUST000270,22,92,15238.24,4,5,5,455,Champions
CUST000271,59,23,1341.0500000000002,2,3,2,232,Needs Attention
CUST000272,38,55,8483.9,3,5,4,354,Loyal Customers
CUST000273,16,62,23177.309999999998,4,5,5,455,Champions
CUST000274,15,98,22191.55,4,5,5,455,Champions
CUST000275,529,12,1607.59,1,2,2,122,Lost Customers
CUST000276,16,55,15130.82,4,5,5,455,Champions
CUST000277,20,80,12173.68,4,5,5,455,Champions
CUST000278,90,9,156.04,2,1,1,211,Lost Customers
CUST000279,159,17,2341.29,2,2,3,223,Lost Customers
CUST000280,55,4,0.0,3,1,1,311,Needs Attention
CUST000281,12,25,0.0,4,3,1,431,Potential Loyalists
CUST000282,39,54,16404.74,3,5,5,355,Loyal Customers
CUST000283,10,111,11108.87,4,5,5,455,Champions
CUST000284,18,30,227.3,4,3,1,431,Potential Loyalists
CUST000285,14,97,14588.61,4,5,5,455,Champions
CUST000286,160,14,0.0,2,2,1,221,Lost Customers
CUST000287,85,4,0.0,2,1,1,211,Lost Customers
CUST000288,26,38,8223.26,3,4,4,344,Loyal Customers
CUST000289,1,30,2759.16,5,3,3,533,Potential Loyalists
CUST000290,5,40,2837.88,5,4,3,543,Champions
CUST000291,158,5,0.0,2,1,1,211,Lost Customers
CUST000292,3,27,1674.8799999999999,5,3,2,532,Potential Loyalists
CUST000294,25,28,4831.84,3,3,4,334,Needs Attention
CUST000295,15,28,2504.83,4,3,3,433,Potential Loyalists
CUST000297,10,21,1546.82,4,3,2,432,Potential Loyalists
CUST000298,274,5,0.0,1,1,1,111,Lost Customers
CUST000299,99,28,3398.96,2,3,3,233,Needs Attention
CUST000301,624,6,0.0,1,1,1,111,Lost Customers
CUST000302,333,33,3923.6400000000003,1,4,3,143,At Risk
CUST000303,35,25,2530.06,3,3,3,333,Needs Attention
CUST000304,417,8,197.26,1,1,1,111,Lost Customers
CUST000305,40,38,12738.519999999999,3,4,5,345,Loyal Customers
CUST000306,293,3,912.2,1,1,2,112,Lost Customers
CUST000307,12,15,4612.12,4,2,4,424,Potential Loyalists
CUST000308,861,2,0.0,1,1,1,111,Lost Customers
CUST000309,3,137,10611.54,5,5,5,555,Champions
CUST000310,51,35,6516.17,3,4,4,344,Loyal Customers
CUST000311,802,8,690.5899999999999,1,1,2,112,Lost Customers
CUST000312,4,43,6207.56,5,4,4,544,Champions
CUST000313,15,31,3407.3,4,3,3,433,Potential Loyalists
CUST000314,306,12,2168.96,1,2,2,122,Lost Customers
CUST000315,11,37,2353.59,4,4,3,443,Champions
CUST000316,1,48,7125.08,5,4,4,544,Champions
CUST000317,38,20,7498.09,3,3,4,334,Needs Attention
CUST000318,209,14,5827.38,2,2,4,224,Lost Customers
CUST000319,20,24,3715.06,4,3,3,433,Potential Loyalists
CUST000320,605,7,0.0,1,1,1,111,Lost Customers
CUST000321,19,7,120.65,4,1,1,411,Needs Attention
CUST000322,651,15,614.46,1,2,1,121,Lost Customers
CUST000323,6,106,15479.91,5,5,5,555,Champions
CUST000324,1,32,2380.2,5,4,3,543,Champions
CUST000325,26,33,6988.79,3,4,4,344,Loyal Customers
CUST000326,19,46,2392.33,4,4,3,443,Champions
CUST000327,1,301,29728.9,5,5,5,555,Champions
CUST000328,531,40,11417.56,1,4,5,145,At Risk
CUST000329,838,1,0.0,1,1,1,111,Lost Customers
CUST000330,16,13,473.87,4,2,1,421,Potential Loyalists
CUST000331,768,2,0.0,1,1,1,111,Lost Customers
CUST000332,9,42,5713.77,4,4,4,444,Champions
CUST000333,71,18,7655.05,2,2,4,224,Lost Customers
CUST000334,285,10,3715.17,1,1,3,113,Lost Customers
CUST000335,62,13,0.0,2,2,1,221,Lost Customers
CUST000336,83,7,5139.85,2,1,4,214,Lost Customers
CUST000337,13,132,16196.23,4,5,5,455,Champions
CUST000338,8,38,9281.53,5,4,5,545,Champions
CUST000339,61,22,2748.57,2,3,3,233,Needs Attention
CUST000340,1,91,12291.33,5,5,5,555,Champions
CUST000341,26,46,9462.35,3,4,5,345,Loyal Customers
CUST000342,24,10,0.0,3,1,1,311,Needs Attention
CUST000343,24,87,19327.36,3,5,5,355,Loyal Customers
CUST000344,44,49,11503.210000000001,3,4,5,345,Loyal Customers
CUST000345,18,11,707.04,4,2,2,422,Potential Loyalists
CUST000347,287,7,0.0,1,1,1,111,Lost Customers
CUST000348,20,8,0.0,4,1,1,411,Needs Attention
CUST000350,1,86,8065.99,5,5,4,554,Champions
CUST000351,41,10,0.0,3,1,1,311,Needs Attention
CUST000352,26,45,16728.84,3,4,5,345,Loyal Customers
CUST000353,819,1,0.0,1,1,1,111,Lost Customers
CUST000354,95,13,2022.23,2,2,2,222,Lost Customers
CUST000355,86,21,1482.81,2,3,2,232,Needs Attention
CUST000356,564,4,361.94,1,1,1,111,Lost Customers
CUST000357,45,28,838.69,3,3,2,332,Needs Attention
CUST000358,665,7,609.5,1,1,1,111,Lost Customers
CUST000359,2,26,6036.8,5,3,4,534,Potential Loyalists
CUST000360,68,22,6651.85,2,3,4,234,Needs Attention
CUST000361,3,20,6839.99,5,3,4,534,Potential Loyalists
CUST000362,488,5,0.0,1,1,1,111,Lost Customers
CUST000363,151,19,590.5,2,2,1,221,Lost Customers
CUST000364,10,59,12342.75,4,5,5,455,Champions
CUST000365,1,47,11147.34,5,4,5,545,Champions
CUST000366,163,13,1908.1599999999999,2,2,2,222,Lost Customers
CUST000367,34,24,5237.32,3,3,4,334,Needs Attention
CUST000368,1,64,8236.49,5,5,4,554,Champions
CUST000369,762,5,0.0,1,1,1,111,Lost Customers
CUST000370,16,51,6180.48,4,4,4,444,Champions
CUST000371,53,14,624.49,3,2,1,321,Needs Attention
CUST000372,88,39,11482.63,2,4,5,245,At Risk
CUST000373,2,20,2095.2799999999997,5,3,2,532,Potential Loyalists
CUST000374,50,9,0.0,3,1,1,311,Needs Attention
CUST000375,465,3,0.0,1,1,1,111,Lost Customers
CUST000376,854,4,0.0,1,1,1,111,Lost Customers
CUST000377,5,26,3178.17,5,3,3,533,Potential Loyalists
CUST000378,42,7,0.0,3,1,1,311,Needs Attention
CUST000379,71,35,5781.26,2,4,4,244,At Risk
CUST000380,26,7,0.0,3,1,1,311,Needs Attention
CUST000382,34,11,3108.9,3,2,3,323,Needs Attention
CUST000383,57,17,3013.18,3,2,3,323,Needs Attention
CUST000384,1,25,5287.59,5,3,4,534,Potential Loyalists
CUST000386,5,23,1411.69,5,3,2,532,Potential Loyalists
CUST000387,457,57,8098.48,1,5,4,154,At Risk
CUST000388,6,28,4413.62,5,3,3,533,Potential Loyalists
CUST000389,1,72,28147.11,5,5,5,555,Champions
CUST000390,83,11,1828.48,2,2,2,222,Lost Customers
CUST000391,7,52,3824.3399999999997,5,4,3,543,Champions
CUST000392,2,98,10619.69,5,5,5,555,Champions
CUST000393,178,1,0.0,2,1,1,211,Lost Customers
CUST000394,686,6,849.3599999999999,1,1,2,112,Lost Customers
CUST000395,143,34,4291.18,2,4,3,243,At Risk
CUST000396,133,19,0.0,2,2,1,221,Lost Customers
CUST000397,981,1,226.25,1,1,1,111,Lost Customers
CUST000399,416,15,964.83,1,2,2,122,Lost Customers
CUST000401,12,61,10206.74,4,5,5,455,Champions
CUST000402,436,15,6329.66,1,2,4,124,Lost Customers
CUST000403,36,40,1561.8200000000002,3,4,2,342,Loyal Customers
CUST000404,7,26,1155.8,5,3,2,532,Potential Loyalists
CUST000405,22,32,4052.36,4,4,3,443,Champions
CUST000406,35,39,7175.37,3,4,4,344,Loyal Customers
CUST000407,5,35,8689.54,5,4,5,545,Champions
CUST000408,698,9,638.06,1,1,2,112,Lost Customers
CUST000409,26,34,172.99,3,4,1,341,Loyal Customers
CUST000410,2,166,27543.280000000002,5,5,5,555,Champions
CUST000411,31,55,15021.52,3,5,5,355,Loyal Customers
CUST000412,59,17,647.18,2,2,2,222,Lost Customers
CUST000413,487,23,3017.87,1,3,3,133,Needs Attention
CUST000414,166,21,551.77,2,3,1,231,Needs Attention
CUST000416,103,22,3063.76,2,3,3,233,Needs Attention
CUST000417,57,14,1918.75,3,2,2,322,Needs Attention
CUST000418,105,38,7545.0,2,4,4,244,At Risk
CUST000419,532,15,1520.25,1,2,2,122,Lost Customers
CUST000420,32,100,18555.4,3,5,5,355,Loyal Customers
CUST000421,42,29,4200.21,3,3,3,333,Needs Attention
CUST000422,2,24,3079.09,5,3,3,533,Potential Loyalists
CUST000423,2,55,9381.61,5,5,5,555,Champions
CUST000424,255,5,2029.5300000000002,2,1,2,212,Lost Customers
CUST000425,612,5,220.24,1,1,1,111,Lost Customers
CUST000426,1,50,10804.34,5,4,5,545,Champions
CUST000427,20,13,1615.62,4,2,2,422,Potential Loyalists
CUST000428,5,59,20177.41,5,5,5,555,Champions
CUST000429,731,6,1788.76,1,1,2,112,Lost Customers
CUST000430,70,22,6765.299999999999,2,3,4,234,Needs Attention
CUST000431,512,18,7304.85,1,2,4,124,Lost Customers
CUST000432,8,191,46652.49,5,5,5,555,Champions
CUST000433,826,3,0.0,1,1,1,111,Lost Customers
CUST000434,12,33,3904.9,4,4,3,443,Champions
CUST000435,5,21,3578.38,5,3,3,533,Potential Loyalists
CUST000436,10,20,2160.41,4,3,2,432,Potential Loyalists
CUST000437,9,48,3499.7200000000003,4,4,3,443,Champions
CUST000438,746,3,0.0,1,1,1,111,Lost Customers
CUST000439,104,29,1991.02,2,3,2,232,Needs Attention
CUST000440,42,22,1471.1200000000001,3,3,2,332,Needs Attention
CUST000441,632,5,1526.7,1,1,2,112,Lost Customers
CUST000442,59,31,10463.75,2,3,5,235,Needs Attention
CUST000443,11,57,9455.58,4,5,5,455,Champions
CUST000444,641,11,0.0,1,2,1,121,Lost Customers
CUST000445,10,21,2397.76,4,3,3,433,Potential Loyalists
CUST000446,39,11,0.0,3,2,1,321,Needs Attention
CUST000447,25,13,362.65000000000003,3,2,1,321,Needs Attention
CUST000448,233,16,1011.25,2,2,2,222,Lost Customers
CUST000449,2,59,135.24,5,5,1,551,Champions
CUST000450,604,6,1513.06,1,1,2,112,Lost Customers
CUST000451,189,57,14920.19,2,5,5,255,At Risk
CUST000452,2,104,17334.5,5,5,5,555,Champions
CUST000453,42,31,2323.09,3,3,3,333,Needs Attention
CUST000454,2,116,18006.46,5,5,5,555,Champions
CUST000455,277,13,353.23,1,2,1,121,Lost Customers
CUST000456,78,15,2935.55,2,2,3,223,Lost Customers
CUST000457,117,2,0.0,2,1,1,211,Lost Customers
CUST000458,308,28,11442.73,1,3,5,135,Needs Attention
CUST000459,26,46,10899.93,3,4,5,345,Loyal Customers
CUST000460,9,29,15128.18,4,3,5,435,Potential Loyalists
CUST000461,3,36,6667.04,5,4,4,544,Champions
CUST000462,37,13,1816.96,3,2,2,322,Needs Attention
CUST000463,451,87,7603.29,1,5,4,154,At Risk
CUST000464,4,23,9346.22,5,3,5,535,Potential Loyalists
CUST000465,17,33,2017.21,4,4,2,442,Champions
CUST000466,5,44,9775.56,5,4,5,545,Champions
CUST000467,44,34,2551.15,3,4,3,343,Loyal Customers
CUST000468,41,42,14406.16,3,4,5,345,Loyal Customers
CUST000469,17,15,4619.71,4,2,4,424,Potential Loyalists
CUST000470,20,41,10304.98,4,4,5,445,Champions
CUST000471,4,188,27588.16,5,5,5,555,Champions
CUST000472,1,97,11948.28,5,5,5,555,Champions
CUST000473,5,103,8561.539999999999,5,5,5,555,Champions
CUST000474,365,10,3566.2200000000003,1,1,3,113,Lost Customers
CUST000475,586,7,0.0,1,1,1,111,Lost Customers
CUST000476,39,27,8879.830000000002,3,3,5,335,Needs Attention
CUST000477,25,35,8675.09,3,4,5,345,Loyal Customers
CUST000478,473,27,7249.32,1,3,4,134,Needs Attention
CUST000479,173,6,0.0,2,1,1,211,Lost Customers
CUST000480,870,12,2187.67,1,2,3,123,Lost Customers
CUST000481,6,18,2257.38,5,2,3,523,Potential Loyalists
CUST000483,200,9,928.43,2,1,2,212,Lost Customers
CUST000484,23,6,492.58,3,1,1,311,Needs Attention
CUST000485,289,49,9661.460000000001,1,4,5,145,At Risk
CUST000486,970,4,0.0,1,1,1,111,Lost Customers
CUST000488,67,15,1247.8799999999999,2,2,2,222,Lost Customers
CUST000489,165,19,602.73,2,2,1,221,Lost Customers
CUST000490,9,89,14963.04,4,5,5,455,Champions
CUST000491,783,5,0.0,1,1,1,111,Lost Customers
CUST000492,206,4,0.0,2,1,1,211,Lost Customers
CUST000493,12,43,1668.8899999999999,4,4,2,442,Champions
CUST000494,77,17,4999.34,2,2,4,224,Lost Customers
CUST000496,54,33,9955.34,3,4,5,345,Loyal Customers
CUST000497,72,15,5113.990000000001,2,2,4,224,Lost Customers
CUST000498,624,7,2218.72,1,1,3,113,Lost Customers
CUST000499,315,62,10539.96,1,5,5,155,At Risk
CUST000500,13,71,14698.07,4,5,5,455,Champions
CUST000501,12,24,663.94,4,3,2,432,Potential Loyalists
CUST000502,152,17,1579.1100000000001,2,2,2,222,Lost Customers
CUST000503,129,198,37371.66,2,5,5,255,At Risk
CUST000504,4,33,8188.5,5,4,4,544,Champions
CUST000505,22,24,1018.07,4,3,2,432,Potential Loyalists
CUST000506,15,15,1003.84,4,2,2,422,Potential Loyalists
CUST000507,295,37,4002.2000000000003,1,4,3,143,At Risk
CUST000508,13,27,1628.06,4,3,2,432,Potential Loyalists
CUST000509,24,12,2157.19,3,2,2,322,Needs Attention
CUST000511,220,26,1340.62,2,3,2,232,Needs Attention
CUST000512,18,23,10896.47,4,3,5,435,Potential Loyalists
CUST000513,81,7,0.0,2,1,1,211,Lost Customers
CUST000514,25,27,3233.05,3,3,3,333,Needs Attention
CUST000515,35,39,6368.93,3,4,4,344,Loyal Customers
CUST000516,18,64,7658.27,4,5,4,454,Champions
CUST000517,89,6,609.41,2,1,1,211,Lost Customers
CUST000518,6,98,21631.73,5,5,5,555,Champions
CUST000519,20,77,7731.3,4,5,4,454,Champions
CUST000520,786,1,0.0,1,1,1,111,Lost Customers
CUST000521,733,9,0.0,1,1,1,111,Lost Customers
CUST000522,18,29,5162.85,4,3,4,434,Potential Loyalists
CUST000523,65,12,2297.15,2,2,3,223,Lost Customers
CUST000524,14,18,2594.31,4,2,3,423,Potential Loyalists
CUST000525,120,9,2579.42,2,1,3,213,Lost Customers
CUST000526,23,110,28685.55,3,5,5,355,Loyal Customers
CUST000527,13,81,13901.42,4,5,5,455,Champions
CUST000528,11,71,7008.96,4,5,4,454,Champions
CUST000529,14,55,8566.16,4,5,5,455,Champions
CUST000530,3,20,1963.96,5,3,2,532,Potential Loyalists
CUST000531,44,20,3255.16,3,3,3,333,Needs Attention
CUST000532,15,30,4651.79,4,3,4,434,Potential Loyalists
CUST000533,422,7,0.0,1,1,1,111,Lost Customers
CUST000534,549,34,4385.68,1,4,3,143,At Risk
CUST000535,2,30,600.14,5,3,1,531,Potential Loyalists
CUST000536,17,20,2616.19,4,3,3,433,Potential Loyalists
CUST000537,15,57,6779.1,4,5,4,454,Champions
CUST000538,9,62,7655.98,4,5,4,454,Champions
CUST000539,234,15,2763.59,2,2,3,223,Lost Customers
CUST000540,34,72,16126.81,3,5,5,355,Loyal Customers
CUST000541,633,8,1053.68,1,1,2,112,Lost Customers
CUST000542,32,63,5475.85,3,5,4,354,Loyal Customers
CUST000543,11,51,2453.5,4,4,3,443,Champions
CUST000544,28,32,879.6,3,4,2,342,Loyal Customers
CUST000545,15,45,12053.64,4,4,5,445,Champions
CUST000548,4,38,4154.48,5,4,3,543,Champions
CUST000549,45,27,4946.5,3,3,4,334,Needs Attention
CUST000550,44,84,10150.36,3,5,5,355,Loyal Customers
CUST000551,973,1,0.0,1,1,1,111,Lost Customers
CUST000552,1,9,2736.0,5,1,3,513,Needs Attention
CUST000553,424,10,4270.04,1,1,3,113,Lost Customers
CUST000554,40,47,3826.9,3,4,3,343,Loyal Customers
CUST000555,166,10,0.0,2,1,1,211,Lost Customers
CUST000556,5,103,16915.02,5,5,5,555,Champions
CUST000557,150,3,2158.82,2,1,2,212,Lost Customers
CUST000558,620,57,9581.34,1,5,5,155,At Risk
CUST000559,59,34,4466.75,2,4,4,244,At Risk
CUST000560,10,26,2782.8,4,3,3,433,Potential Loyalists
CUST000562,17,35,1950.59,4,4,2,442,Champions
CUST000563,18,24,5429.41,4,3,4,434,Potential Loyalists
CUST000564,19,47,10954.31,4,4,5,445,Champions
CUST000565,723,7,2004.77,1,1,2,112,Lost Customers
CUST000566,13,42,15964.84,4,4,5,445,Champions
CUST000567,22,24,3230.4900000000002,4,3,3,433,Potential Loyalists
CUST000568,67,24,3468.32,2,3,3,233,Needs Attention
CUST000569,138,41,4828.099999999999,2,4,4,244,At Risk
CUST000570,62,6,418.44,2,1,1,211,Lost Customers
CUST000571,96,7,0.0,2,1,1,211,Lost Customers
CUST000572,355,37,1782.3899999999999,1,4,2,142,At Risk
CUST000573,18,32,1999.74,4,4,2,442,Champions
CUST000574,39,21,7131.679999999999,3,3,4,334,Needs Attention
CUST000575,59,15,1923.32,2,2,2,222,Lost Customers
CUST000576,27,33,1584.23,3,4,2,342,Loyal Customers
CUST000577,14,23,2026.8,4,3,2,432,Potential Loyalists
CUST000578,516,12,2805.28,1,2,3,123,Lost Customers
CUST000579,191,29,12968.26,2,3,5,235,Needs Attention
CUST000580,36,18,3051.34,3,2,3,323,Needs Attention
CUST000582,179,6,0.0,2,1,1,211,Lost Customers
CUST000584,233,35,1189.06,2,4,2,242,At Risk
CUST000586,455,41,7497.42,1,4,4,144,At Risk
CUST000587,798,4,0.0,1,1,1,111,Lost Customers
CUST000588,17,82,23762.27,4,5,5,455,Champions
CUST000589,162,10,223.77,2,1,1,211,Lost Customers
CUST000590,112,11,979.99,2,2,2,222,Lost Customers
CUST000591,22,19,607.28,4,2,1,421,Potential Loyalists
CUST000592,574,6,0.0,1,1,1,111,Lost Customers
CUST000593,126,36,18626.79,2,4,5,245,At Risk
CUST000594,46,18,8438.96,3,2,4,324,Needs Attention
CUST000595,4,39,2311.92,5,4,3,543,Champions
CUST000596,76,14,995.02,2,2,2,222,Lost Customers
CUST000597,78,24,10700.58,2,3,5,235,Needs Attention
CUST000598,113,9,321.96,2,1,1,211,Lost Customers
CUST000599,78,11,3308.69,2,2,3,223,Lost Customers
CUST000600,172,12,2324.19,2,2,3,223,Lost Customers
CUST000602,16,60,4950.35,4,5,4,454,Champions
CUST000603,261,9,161.34,2,1,1,211,Lost Customers
CUST000604,13,229,29513.53,4,5,5,455,Champions
CUST000605,25,43,9856.15,3,4,5,345,Loyal Customers
CUST000606,59,29,3746.27,2,3,3,233,Needs Attention
CUST000607,243,7,446.3,2,1,1,211,Lost Customers
CUST000608,3,48,3872.0899999999997,5,4,3,543,Champions
CUST000609,77,19,3234.31,2,2,3,223,Lost Customers
CUST000610,91,31,5385.48,2,3,4,234,Needs Attention
CUST000611,170,184,17418.7,2,5,5,255,At Risk
CUST000612,19,39,1692.79,4,4,2,442,Champions
CUST000614,161,13,820.4399999999999,2,2,2,222,Lost Customers
CUST000615,46,30,881.14,3,3,2,332,Needs Attention
CUST000616,2,147,16646.34,5,5,5,555,Champions
CUST000617,46,20,1001.48,3,3,2,332,Needs Attention
CUST000618,15,112,42159.57,4,5,5,455,Champions
CUST000619,302,26,4760.04,1,3,4,134,Needs Attention
CUST000620,175,15,3516.81,2,2,3,223,Lost Customers
CUST000621,7,51,4141.48,5,4,3,543,Champions
CUST000622,5,64,5095.2699999999995,5,5,4,554,Champions
CUST000623,9,60,11570.869999999999,4,5,5,455,Champions
CUST000624,286,4,539.46,1,1,1,111,Lost Customers
CUST000625,13,16,106.58000000000001,4,2,1,421,Potential Loyalists
CUST000626,776,3,0.0,1,1,1,111,Lost Customers
CUST000627,15,34,1885.29,4,4,2,442,Champions
CUST000629,198,28,6197.92,2,3,4,234,Needs Attention
CUST000630,162,13,460.5,2,2,1,221,Lost Customers
CUST000631,631,14,9427.22,1,2,5,125,Lost Customers
CUST000632,14,63,4591.87,4,5,4,454,Champions
CUST000633,683,11,4292.16,1,2,3,123,Lost Customers
CUST000634,13,78,16209.0,4,5,5,455,Champions
CUST000635,53,65,16303.81,3,5,5,355,Loyal Customers
CUST000636,29,41,1609.38,3,4,2,342,Loyal Customers
CUST000637,7,30,2561.82,5,3,3,533,Potential Loyalists
CUST000639,2,33,5756.38,5,4,4,544,Champions
CUST000640,64,42,7827.74,2,4,4,244,At Risk
CUST000641,30,28,8967.66,3,3,5,335,Needs Attention
CUST000642,109,7,253.39000000000001,2,1,1,211,Lost Customers
CUST000643,204,9,469.06,2,1,1,211,Lost Customers
CUST000644,7,68,2427.74,5,5,3,553,Champions
CUST000645,808,1,0.0,1,1,1,111,Lost Customers
CUST000646,434,30,4026.65,1,3,3,133,Needs Attention
CUST000647,24,23,2245.31,3,3,3,333,Needs Attention
CUST000648,993,1,0.0,1,1,1,111,Lost Customers
CUST000650,46,17,3829.45,3,2,3,323,Needs Attention
CUST000651,81,22,2141.4700000000003,2,3,2,232,Needs Attention
CUST000652,567,8,961.66,1,1,2,112,Lost Customers
CUST000653,81,22,470.58,2,3,1,231,Needs Attention
CUST000655,32,27,3663.52,3,3,3,333,Needs Attention
CUST000656,68,20,1429.3899999999999,2,3,2,232,Needs Attention
CUST000657,6,68,6240.48,5,5,4,554,Champions
CUST000658,284,12,0.0,1,2,1,121,Lost Customers
CUST000659,433,15,364.83000000000004,1,2,1,121,Lost Customers
CUST000660,3,26,3290.88,5,3,3,533,Potential Loyalists
CUST000661,7,89,19469.41,5,5,5,555,Champions
CUST000662,22,51,9615.52,4,4,5,445,Champions
CUST000663,16,80,12050.939999999999,4,5,5,455,Champions
CUST000664,31,8,4370.11,3,1,3,313,Needs Attention
CUST000665,7,29,1307.54,5,3,2,532,Potential Loyalists
CUST000666,10,38,4997.73,4,4,4,444,Champions
CUST000667,31,22,1228.39,3,3,2,332,Needs Attention
CUST000668,22,73,9511.8,4,5,5,455,Champions
CUST000669,5,21,2899.85,5,3,3,533,Potential Loyalists
CUST000671,2,206,38867.16,5,5,5,555,Champions
CUST000672,11,22,2165.47,4,3,2,432,Potential Loyalists
CUST000673,1,23,473.53,5,3,1,531,Potential Loyalists
CUST000674,7,123,15860.26,5,5,5,555,Champions
CUST000675,11,148,19432.3,4,5,5,455,Champions
CUST000676,20,11,1055.44,4,2,2,422,Potential Loyalists
CUST000678,36,16,1445.87,3,2,2,322,Needs Attention
CUST000679,553,4,690.94,1,1,2,112,Lost Customers
CUST000680,218,9,2982.88,2,1,3,213,Lost Customers
CUST000681,134,11,492.2,2,2,1,221,Lost Customers
CUST000682,69,21,642.9100000000001,2,3,2,232,Needs Attention
CUST000683,5,29,5017.91,5,3,4,534,Potential Loyalists
CUST000684,705,5,0.0,1,1,1,111,Lost Customers
CUST000685,460,36,15794.02,1,4,5,145,At Risk
CUST000686,476,18,4110.16,1,2,3,123,Lost Customers
CUST000687,9,74,12539.03,4,5,5,455,Champions
CUST000688,5,19,1000.37,5,2,2,522,Potential Loyalists
CUST000689,417,11,2529.34,1,2,3,123,Lost Customers
CUST000690,50,49,2009.26,3,4,2,342,Loyal Customers
CUST000691,13,11,3426.7400000000002,4,2,3,423,Potential Loyalists
CUST000692,18,43,4013.7,4,4,3,443,Champions
CUST000693,26,50,17815.11,3,4,5,345,Loyal Customers
CUST000694,16,47,4913.58,4,4,4,444,Champions
CUST000695,55,40,8167.870000000001,3,4,4,344,Loyal Customers
CUST000696,10,208,26161.01,4,5,5,455,Champions
CUST000697,168,14,3889.65,2,2,3,223,Lost Customers
CUST000698,71,19,9824.07,2,2,5,225,Lost Customers
CUST000699,8,19,373.5,5,2,1,521,Potential Loyalists
CUST000700,89,14,6994.58,2,2,4,224,Lost Customers
CUST000701,68,13,7620.9,2,2,4,224,Lost Customers
CUST000702,718,17,4170.74,1,2,3,123,Lost Customers
CUST000703,5,62,33263.840000000004,5,5,5,555,Champions
CUST000704,12,16,1439.72,4,2,2,422,Potential Loyalists
CUST000705,156,12,671.51,2,2,2,222,Lost Customers
CUST000706,14,29,2142.46,4,3,2,432,Potential Loyalists
CUST000707,2,17,182.7,5,2,1,521,Potential Loyalists
CUST000709,47,39,4953.21,3,4,4,344,Loyal Customers
CUST000710,84,13,2222.94,2,2,3,223,Lost Customers
CUST000711,16,96,12746.08,4,5,5,455,Champions
CUST000713,69,20,1545.33,2,3,2,232,Needs Attention
CUST000714,6,22,233.17000000000002,5,3,1,531,Potential Loyalists
CUST000715,963,2,2808.24,1,1,3,113,Lost Customers
CUST000716,19,37,3834.13,4,4,3,443,Champions
CUST000717,104,33,5731.31,2,4,4,244,At Risk
CUST000718,2,126,15827.42,5,5,5,555,Champions
CUST000719,1,16,4133.75,5,2,3,523,Potential Loyalists
CUST000720,38,16,1816.2599999999998,3,2,2,322,Needs Attention
CUST000721,80,8,2501.95,2,1,3,213,Lost Customers
CUST000722,55,16,47.38,3,2,1,321,Needs Attention
CUST000724,16,153,21902.57,4,5,5,455,Champions
CUST000725,7,28,987.04,5,3,2,532,Potential Loyalists
CUST000727,818,7,0.0,1,1,1,111,Lost Customers
CUST000729,6,222,35752.0,5,5,5,555,Champions
CUST000731,87,17,209.34,2,2,1,221,Lost Customers
CUST000732,6,57,5815.23,5,5,4,554,Champions
CUST000733,3,56,9038.79,5,5,5,555,Champions
CUST000734,4,175,18014.3,5,5,5,555,Champions
CUST000735,9,66,7007.7699999999995,4,5,4,454,Champions
CUST000736,22,24,4020.41,4,3,3,433,Potential Loyalists
CUST000738,5,89,11964.03,5,5,5,555,Champions
CUST000740,4,44,4412.74,5,4,3,543,Champions
CUST000741,32,41,2732.55,3,4,3,343,Loyal Customers
CUST000743,23,98,9972.44,3,5,5,355,Loyal Customers
CUST000744,768,4,0.0,1,1,1,111,Lost Customers
CUST000745,21,28,5611.71,4,3,4,434,Potential Loyalists
CUST000746,751,4,0.0,1,1,1,111,Lost Customers
CUST000747,11,68,9008.89,4,5,5,455,Champions
CUST000748,69,12,0.0,2,2,1,221,Lost Customers
CUST000749,36,36,514.34,3,4,1,341,Loyal Customers
CUST000751,101,22,9676.74,2,3,5,235,Needs Attention
CUST000752,15,59,14483.82,4,5,5,455,Champions
CUST000753,14,22,926.05,4,3,2,432,Potential Loyalists
CUST000754,109,23,2426.6400000000003,2,3,3,233,Needs Attention
CUST000755,989,1,0.0,1,1,1,111,Lost Customers
CUST000756,7,58,9018.119999999999,5,5,5,555,Champions
CUST000757,551,5,1228.92,1,1,2,112,Lost Customers
CUST000758,3,184,21440.46,5,5,5,555,Champions
CUST000759,426,8,961.61,1,1,2,112,Lost Customers
CUST000761,254,34,2203.88,2,4,3,243,At Risk
CUST000762,1,106,16874.87,5,5,5,555,Champions
CUST000763,74,34,9235.75,2,4,5,245,At Risk
CUST000766,50,21,9586.11,3,3,5,335,Needs Attention
CUST000767,135,11,215.4,2,2,1,221,Lost Customers
CUST000768,30,32,5050.49,3,4,4,344,Loyal Customers
CUST000769,32,54,11100.35,3,5,5,355,Loyal Customers
CUST000770,496,6,0.0,1,1,1,111,Lost Customers
CUST000771,14,29,1058.16,4,3,2,432,Potential Loyalists
CUST000772,24,15,3607.8900000000003,3,2,3,323,Needs Attention
CUST000773,14,82,12284.51,4,5,5,455,Champions
CUST000774,40,16,136.49,3,2,1,321,Needs Attention
CUST000775,825,2,0.0,1,1,1,111,Lost Customers
CUST000776,685,5,934.67,1,1,2,112,Lost Customers
CUST000777,467,54,6390.31,1,5,4,154,At Risk
CUST000778,50,25,2188.27,3,3,3,333,Needs Attention
CUST000779,75,14,1286.05,2,2,2,222,Lost Customers
CUST000780,13,172,34873.4,4,5,5,455,Champions
CUST000781,11,5,1876.62,4,1,2,412,Needs Attention
CUST000782,20,4,210.09,4,1,1,411,Needs Attention
CUST000783,363,17,4468.79,1,2,4,124,Lost Customers
CUST000784,8,11,477.93,5,2,1,521,Potential Loyalists
CUST000785,126,10,172.86,2,1,1,211,Lost Customers
CUST000786,10,45,8155.28,4,4,4,444,Champions
CUST000787,18,59,5345.26,4,5,4,454,Champions
CUST000788,557,5,1866.06,1,1,2,112,Lost Customers
CUST000789,17,11,2420.15,4,2,3,423,Potential Loyalists
CUST000790,7,55,2547.39,5,5,3,553,Champions
CUST000791,18,43,5027.18,4,4,4,444,Champions
CUST000792,12,30,8525.17,4,3,5,435,Potential Loyalists
CUST000793,29,95,18634.64,3,5,5,355,Loyal Customers
CUST000794,128,16,3772.6700000000005,2,2,3,223,Lost Customers
CUST000796,144,11,4633.72,2,2,4,224,Lost Customers
CUST000797,21,18,4585.67,4,2,4,424,Potential Loyalists
CUST000798,66,36,10880.72,2,4,5,245,At Risk
CUST000799,37,25,5158.67,3,3,4,334,Needs Attention
CUST000800,536,18,169.67,1,2,1,121,Lost Customers
CUST000801,9,13,2484.24,4,2,3,423,Potential Loyalists
CUST000802,5,126,13432.38,5,5,5,555,Champions
CUST000803,14,29,7733.32,4,3,4,434,Potential Loyalists
CUST000805,3,26,1401.33,5,3,2,532,Potential Loyalists
CUST000806,42,57,7575.59,3,5,4,354,Loyal Customers
CUST000808,22,37,3627.68,4,4,3,443,Champions
CUST000809,45,36,4058.95,3,4,3,343,Loyal Customers
CUST000811,578,14,2096.06,1,2,2,122,Lost Customers
CUST000812,5,39,1337.76,5,4,2,542,Champions
CUST000813,36,36,6202.01,3,4,4,344,Loyal Customers
CUST000814,84,75,5183.900000000001,2,5,4,254,At Risk
CUST000815,530,10,1442.54,1,1,2,112,Lost Customers
CUST000816,11,107,23425.08,4,5,5,455,Champions
CUST000817,32,25,6587.99,3,3,4,334,Needs Attention
CUST000818,36,12,252.4,3,2,1,321,Needs Attention
CUST000819,704,10,805.82,1,1,2,112,Lost Customers
CUST000820,11,14,2049.66,4,2,2,422,Potential Loyalists
CUST000821,35,61,11245.56,3,5,5,355,Loyal Customers
CUST000822,10,26,492.58,4,3,1,431,Potential Loyalists
CUST000823,747,7,90.27,1,1,1,111,Lost Customers
CUST000824,284,3,0.0,1,1,1,111,Lost Customers
CUST000825,244,22,11117.59,2,3,5,235,Needs Attention
CUST000826,766,2,0.0,1,1,1,111,Lost Customers
CUST000827,54,9,0.0,3,1,1,311,Needs Attention
CUST000828,13,52,4228.4,4,4,3,443,Champions
CUST000829,10,83,11892.9,4,5,5,455,Champions
CUST000830,58,30,4772.26,2,3,4,234,Needs Attention
CUST000831,21,13,4491.58,4,2,4,424,Potential Loyalists
CUST000833,72,28,11019.82,2,3,5,235,Needs Attention
CUST000835,563,39,13939.35,1,4,5,145,At Risk
CUST000836,1,56,1625.13,5,5,2,552,Champions
CUST000837,11,22,5460.46,4,3,4,434,Potential Loyalists
CUST000838,7,45,1504.36,5,4,2,542,Champions
CUST000839,9,41,6264.5599999999995,4,4,4,444,Champions
CUST000840,686,5,0.0,1,1,1,111,Lost Customers
CUST000841,15,21,4874.54,4,3,4,434,Potential Loyalists
CUST000842,370,8,655.99,1,1,2,112,Lost Customers
CUST000843,41,21,5322.42,3,3,4,334,Needs Attention
CUST000844,3,36,2419.69,5,4,3,543,Champions
CUST000845,9,113,20677.25,4,5,5,455,Champions
CUST000846,11,36,1303.1100000000001,4,4,2,442,Champions
CUST000847,32,19,1239.61,3,2,2,322,Needs Attention
CUST000848,19,35,1981.6200000000001,4,4,2,442,Champions
CUST000849,19,121,15194.59,4,5,5,455,Champions
CUST000850,5,50,4267.37,5,4,3,543,Champions
CUST000851,22,23,1000.6000000000001,4,3,2,432,Potential Loyalists
CUST000852,8,19,1688.9099999999999,5,2,2,522,Potential Loyalists
CUST000853,399,29,5103.39,1,3,4,134,Needs Attention
CUST000854,78,48,8357.039999999999,2,4,4,244,At Risk
CUST000855,191,58,9145.35,2,5,5,255,At Risk
CUST000856,10,50,10914.279999999999,4,4,5,445,Champions
CUST000857,11,87,15034.84,4,5,5,455,Champions
CUST000858,610,7,217.98,1,1,1,111,Lost Customers
CUST000859,7,80,11434.029999999999,5,5,5,555,Champions
CUST000860,54,37,2977.64,3,4,3,343,Loyal Customers
CUST000861,9,174,18751.54,4,5,5,455,Champions
CUST000863,18,127,33850.01,4,5,5,455,Champions
CUST000864,3,49,6884.71,5,4,4,544,Champions
CUST000865,4,15,484.59000000000003,5,2,1,521,Potential Loyalists
CUST000866,164,27,2919.84,2,3,3,233,Needs Attention
CUST000867,2,23,241.48000000000002,5,3,1,531,Potential Loyalists
CUST000868,29,46,4193.53,3,4,3,343,Loyal Customers
CUST000870,220,17,337.65,2,2,1,221,Lost Customers
CUST000871,101,26,4245.57,2,3,3,233,Needs Attention
CUST000872,428,70,17557.41,1,5,5,155,At Risk
CUST000873,3,80,8444.01,5,5,4,554,Champions
CUST000874,15,38,2440.92,4,4,3,443,Champions
CUST000875,102,26,1264.51,2,3,2,232,Needs Attention
CUST000877,382,41,2788.18,1,4,3,143,At Risk
CUST000878,117,13,36.81,2,2,1,221,Lost Customers
CUST000879,30,20,595.53,3,3,1,331,Needs Attention
CUST000881,167,33,2626.3999999999996,2,4,3,243,At Risk
CUST000882,472,29,2637.36,1,3,3,133,Needs Attention
CUST000883,65,24,789.83,2,3,2,232,Needs Attention
CUST000884,66,88,9762.14,2,5,5,255,At Risk
CUST000885,107,15,934.31,2,2,2,222,Lost Customers
CUST000886,43,7,163.45,3,1,1,311,Needs Attention
CUST000887,424,20,3037.56,1,3,3,133,Needs Attention
CUST000888,11,74,6359.83,4,5,4,454,Champions
CUST000889,13,130,6243.6,4,5,4,454,Champions
CUST000890,37,21,18418.52,3,3,5,335,Needs Attention
CUST000891,280,50,8562.43,1,4,5,145,At Risk
CUST000892,607,4,0.0,1,1,1,111,Lost Customers
CUST000894,11,67,5230.16,4,5,4,454,Champions
CUST000895,30,53,17025.57,3,5,5,355,Loyal Customers
CUST000896,41,13,5810.67,3,2,4,324,Needs Attention
CUST000897,25,96,15506.95,3,5,5,355,Loyal Customers
CUST000898,13,70,10391.76,4,5,5,455,Champions
CUST000899,779,4,333.09,1,1,1,111,Lost Customers
CUST000900,4,33,2680.89,5,4,3,543,Champions
CUST000901,16,46,5324.51,4,4,4,444,Champions
CUST000902,45,46,3924.03,3,4,3,343,Loyal Customers
CUST000903,7,22,5082.16,5,3,4,534,Potential Loyalists
CUST000904,74,16,944.97,2,2,2,222,Lost Customers
CUST000905,8,43,19245.52,5,4,5,545,Champions
CUST000906,5,82,11942.83,5,5,5,555,Champions
CUST000907,4,76,6827.27,5,5,4,554,Champions
CUST000908,389,14,4624.84,1,2,4,124,Lost Customers
CUST000909,2,55,4747.13,5,5,4,554,Champions
CUST000911,7,102,17577.68,5,5,5,555,Champions
CUST000912,517,4,1300.1200000000001,1,1,2,112,Lost Customers
CUST000913,24,14,2917.51,3,2,3,323,Needs Attention
CUST000914,115,13,2436.8199999999997,2,2,3,223,Lost Customers
CUST000915,6,7,1893.62,5,1,2,512,Needs Attention
CUST000916,14,66,6865.09,4,5,4,454,Champions
CUST000918,26,37,7657.99,3,4,4,344,Loyal Customers
CUST000919,716,11,1039.05,1,2,2,122,Lost Customers
CUST000920,644,6,400.48,1,1,1,111,Lost Customers
CUST000921,18,34,3426.53,4,4,3,443,Champions
CUST000922,719,1,0.0,1,1,1,111,Lost Customers
CUST000924,16,23,4355.53,4,3,3,433,Potential Loyalists
CUST000925,41,10,4064.77,3,1,3,313,Needs Attention
CUST000926,47,22,824.64,3,3,2,332,Needs Attention
CUST000927,3,87,4818.0599999999995,5,5,4,554,Champions
CUST000928,573,26,2073.25,1,3,2,132,Needs Attention
CUST000929,2,18,2524.05,5,2,3,523,Potential Loyalists
CUST000930,100,16,5305.01,2,2,4,224,Lost Customers
CUST000931,10,30,301.54,4,3,1,431,Potential Loyalists
CUST000932,3,180,25478.100000000002,5,5,5,555,Champions
CUST000933,484,17,1207.17,1,2,2,122,Lost Customers
CUST000934,61,57,13203.31,2,5,5,255,At Risk
CUST000935,5,78,12772.36,5,5,5,555,Champions
CUST000936,131,40,5104.83,2,4,4,244,At Risk
CUST000937,61,17,698.29,2,2,2,222,Lost Customers
CUST000938,1018,1,1929.66,1,1,2,112,Lost Customers
CUST000939,3,27,3945.1200000000003,5,3,3,533,Potential Loyalists
CUST000940,373,11,4338.95,1,2,3,123,Lost Customers
CUST000941,39,61,8625.09,3,5,5,355,Loyal Customers
CUST000942,517,24,830.29,1,3,2,132,Needs Attention
CUST000943,346,28,2446.91,1,3,3,133,Needs Attention
CUST000944,21,24,802.05,4,3,2,432,Potential Loyalists
CUST000945,31,32,7021.63,3,4,4,344,Loyal Customers
CUST000946,715,3,894.26,1,1,2,112,Lost Customers
CUST000947,1,62,10212.45,5,5,5,555,Champions
CUST000948,7,31,4396.8,5,3,3,533,Potential Loyalists
CUST000949,647,9,0.0,1,1,1,111,Lost Customers
CUST000951,3,167,26964.2,5,5,5,555,Champions
CUST000952,3,31,6388.24,5,3,4,534,Potential Loyalists
CUST000953,543,8,211.88,1,1,1,111,Lost Customers
CUST000954,20,12,1199.03,4,2,2,422,Potential Loyalists
CUST000955,3,45,5806.33,5,4,4,544,Champions
CUST000956,75,15,10026.06,2,2,5,225,Lost Customers
CUST000957,58,15,1099.95,2,2,2,222,Lost Customers
CUST000958,641,18,356.11,1,2,1,121,Lost Customers
CUST000959,586,11,2865.79,1,2,3,123,Lost Customers
CUST000960,14,21,1704.98,4,3,2,432,Potential Loyalists
CUST000961,40,64,13051.25,3,5,5,355,Loyal Customers
CUST000962,31,51,4415.66,3,4,4,344,Loyal Customers
CUST000963,10,29,4980.32,4,3,4,434,Potential Loyalists
CUST000964,46,39,8293.369999999999,3,4,4,344,Loyal Customers
CUST000965,4,187,18439.47,5,5,5,555,Champions
CUST000966,19,41,11762.470000000001,4,4,5,445,Champions
CUST000967,448,20,2176.14,1,3,2,132,Needs Attention
CUST000968,35,77,10686.83,3,5,5,355,Loyal Customers
CUST000969,13,96,23970.56,4,5,5,455,Champions
CUST000970,3,103,14645.66,5,5,5,555,Champions
CUST000971,254,34,4846.2,2,4,4,244,At Risk
CUST000972,41,13,1785.2599999999998,3,2,2,322,Needs Attention
CUST000973,8,112,14570.43,5,5,5,555,Champions
CUST000974,60,8,1502.71,2,1,2,212,Lost Customers
CUST000975,3,46,9390.06,5,4,5,545,Champions
CUST000977,69,29,1415.6799999999998,2,3,2,232,Needs Attention
CUST000978,20,35,678.02,4,4,2,442,Champions
CUST000979,538,10,842.8,1,1,2,112,Lost Customers
CUST000980,41,49,6433.89,3,4,4,344,Loyal Customers
CUST000981,9,103,8306.85,4,5,4,454,Champions
CUST000982,742,16,1357.0900000000001,1,2,2,122,Lost Customers
CUST000983,78,11,343.37,2,2,1,221,Lost Customers
CUST000984,6,53,7783.61,5,5,4,554,Champions
CUST000985,29,70,15679.0,3,5,5,355,Loyal Customers
CUST000986,167,7,968.13,2,1,2,212,Lost Customers
CUST000987,657,10,1856.1999999999998,1,1,2,112,Lost Customers
CUST000988,32,60,10720.380000000001,3,5,5,355,Loyal Customers
CUST000989,341,8,158.23999999999998,1,1,1,111,Lost Customers
CUST000990,5,102,7557.16,5,5,4,554,Champions
CUST000991,56,27,3846.83,3,3,3,333,Needs Attention
CUST000992,68,35,14048.94,2,4,5,245,At Risk
CUST000993,464,6,0.0,1,1,1,111,Lost Customers
CUST000994,471,13,0.0,1,2,1,121,Lost Customers
CUST000995,81,14,933.13,2,2,2,222,Lost Customers
CUST000996,211,6,5191.06,2,1,4,214,Lost Customers
CUST000997,481,45,9884.7,1,4,5,145,At Risk
CUST000998,722,2,0.0,1,1,1,111,Lost Customers
CUST000999,26,20,5030.34,3,3,4,334,Needs Attention
CUST001000,392,3,367.44,1,1,1,111,Lost Customers
CUST001001,11,29,3029.33,4,3,3,433,Potential Loyalists
CUST001002,225,6,0.0,2,1,1,211,Lost Customers
CUST001003,338,50,5881.57,1,4,4,144,At Risk
CUST001004,61,53,1773.29,2,5,2,252,At Risk
CUST001005,40,22,433.17,3,3,1,331,Needs Attention
CUST001006,3,189,23823.84,5,5,5,555,Champions
CUST001007,25,60,7660.91,3,5,4,354,Loyal Customers
CUST001008,15,19,0.0,4,2,1,421,Potential Loyalists
CUST001009,322,2,0.0,1,1,1,111,Lost Customers
CUST001010,2,199,23030.54,5,5,5,555,Champions
CUST001011,52,8,42.62,3,1,1,311,Needs Attention
CUST001012,578,2,3781.24,1,1,3,113,Lost Customers
CUST001013,1,59,12351.77,5,5,5,555,Champions
CUST001014,8,181,25909.23,5,5,5,555,Champions
CUST001015,4,115,11958.91,5,5,5,555,Champions
CUST001016,194,37,7379.67,2,4,4,244,At Risk
CUST001017,3,40,3357.22,5,4,3,543,Champions
CUST001018,5,67,4481.389999999999,5,5,4,554,Champions
CUST001019,24,45,12094.49,3,4,5,345,Loyal Customers
CUST001020,105,40,4600.21,2,4,4,244,At Risk
CUST001021,509,13,0.0,1,2,1,121,Lost Customers
CUST001022,49,17,3956.2499999999995,3,2,3,323,Needs Attention
CUST001023,2,27,6280.73,5,3,4,534,Potential Loyalists
CUST001025,65,10,1098.01,2,1,2,212,Lost Customers
CUST001026,441,15,3394.45,1,2,3,123,Lost Customers
CUST001027,13,13,1430.02,4,2,2,422,Potential Loyalists
CUST001028,93,14,772.0,2,2,2,222,Lost Customers
CUST001029,323,20,3241.96,1,3,3,133,Needs Attention
CUST001030,47,63,8617.37,3,5,5,355,Loyal Customers
CUST001031,5,47,2508.4900000000002,5,4,3,543,Champions
CUST001032,141,8,433.96,2,1,1,211,Lost Customers
CUST001033,159,15,0.0,2,2,1,221,Lost Customers
CUST001034,438,19,1113.08,1,2,2,122,Lost Customers
CUST001035,22,10,0.0,4,1,1,411,Needs Attention
CUST001036,82,20,694.2,2,3,2,232,Needs Attention
CUST001037,2,45,3377.44,5,4,3,543,Champions
CUST001038,469,3,0.0,1,1,1,111,Lost Customers
CUST001039,722,4,637.7,1,1,2,112,Lost Customers
CUST001040,115,13,0.0,2,2,1,221,Lost Customers
CUST001041,4,17,0.0,5,2,1,521,Potential Loyalists
CUST001042,30,39,11539.939999999999,3,4,5,345,Loyal Customers
CUST001043,235,9,134.36,2,1,1,211,Lost Customers
CUST001044,5,57,12200.68,5,5,5,555,Champions
CUST001045,52,37,6202.610000000001,3,4,4,344,Loyal Customers
CUST001046,272,17,1978.82,1,2,2,122,Lost Customers
CUST001047,4,44,8520.51,5,4,5,545,Champions
CUST001048,12,72,10954.65,4,5,5,455,Champions
CUST001049,38,36,2257.1099999999997,3,4,3,343,Loyal Customers
CUST001050,15,23,4965.26,4,3,4,434,Potential Loyalists
CUST001051,110,36,9867.81,2,4,5,245,At Risk
CUST001052,16,58,6391.03,4,5,4,454,Champions
CUST001053,75,42,8344.24,2,4,4,244,At Risk
CUST001054,12,29,17025.16,4,3,5,435,Potential Loyalists
CUST001056,17,17,301.08,4,2,1,421,Potential Loyalists
CUST001057,6,13,3135.85,5,2,3,523,Potential Loyalists
CUST001058,2,105,25906.92,5,5,5,555,Champions
CUST001059,501,2,0.0,1,1,1,111,Lost Customers
CUST001060,147,11,0.0,2,2,1,221,Lost Customers
CUST001062,576,16,774.49,1,2,2,122,Lost Customers
CUST001063,10,20,116.37,4,3,1,431,Potential Loyalists
CUST001064,1,72,9464.1,5,5,5,555,Champions
CUST001065,686,9,4546.54,1,1,4,114,Lost Customers
CUST001066,60,37,3593.88,2,4,3,243,At Risk
CUST001067,506,8,0.0,1,1,1,111,Lost Customers
CUST001068,884,31,4427.55,1,3,4,134,Needs Attention
CUST001069,216,15,1091.05,2,2,2,222,Lost Customers
CUST001070,519,10,4885.330000000001,1,1,4,114,Lost Customers
CUST001071,20,61,11967.84,4,5,5,455,Champions
CUST001072,2,62,12143.34,5,5,5,555,Champions
CUST001073,28,25,2737.6800000000003,3,3,3,333,Needs Attention
CUST001074,495,16,8074.9,1,2,4,124,Lost Customers
CUST001075,772,10,793.3100000000001,1,1,2,112,Lost Customers
CUST001076,3,21,2778.68,5,3,3,533,Potential Loyalists
CUST001077,57,46,5010.78,3,4,4,344,Loyal Customers
CUST001078,6,182,23040.81,5,5,5,555,Champions
CUST001079,86,10,5262.94,2,1,4,214,Lost Customers
CUST001080,7,8,10351.05,5,1,5,515,Needs Attention
CUST001081,39,38,4038.7599999999998,3,4,3,343,Loyal Customers
CUST001082,15,172,30792.98,4,5,5,455,Champions
CUST001083,89,20,2029.03,2,3,2,232,Needs Attention
CUST001084,1,107,19590.7,5,5,5,555,Champions
CUST001085,2,147,15660.06,5,5,5,555,Champions
CUST001086,13,22,1568.8,4,3,2,432,Potential Loyalists
CUST001087,3,46,3106.45,5,4,3,543,Champions
CUST001088,4,117,29614.93,5,5,5,555,Champions
CUST001089,60,27,14178.08,2,3,5,235,Needs Attention
CUST001090,47,21,3344.69,3,3,3,333,Needs Attention
CUST001091,5,19,3605.6800000000003,5,2,3,523,Potential Loyalists
CUST001092,89,11,946.26,2,2,2,222,Lost Customers
CUST001093,25,18,706.45,3,2,2,322,Needs Attention
CUST001094,107,9,390.98,2,1,1,211,Lost Customers
CUST001095,11,39,5889.48,4,4,4,444,Champions
CUST001096,18,11,1483.25,4,2,2,422,Potential Loyalists
CUST001097,196,35,6282.04,2,4,4,244,At Risk
CUST001098,152,11,4332.25,2,2,3,223,Lost Customers
CUST001099,14,31,5704.16,4,3,4,434,Potential Loyalists
CUST001100,10,42,9788.38,4,4,5,445,Champions
CUST001101,97,5,0.0,2,1,1,211,Lost Customers
CUST001102,171,27,5030.77,2,3,4,234,Needs Attention
CUST001103,603,29,10282.460000000001,1,3,5,135,Needs Attention
CUST001104,6,12,384.79,5,2,1,521,Potential Loyalists
CUST001105,276,105,19169.3,1,5,5,155,At Risk
CUST001107,211,17,653.6,2,2,2,222,Lost Customers
CUST001109,67,28,2477.63,2,3,3,233,Needs Attention
CUST001110,259,18,3491.2900000000004,2,2,3,223,Lost Customers
CUST001111,20,50,8054.030000000001,4,4,4,444,Champions
CUST001112,7,16,0.0,5,2,1,521,Potential Loyalists
CUST001113,48,40,1891.66,3,4,2,342,Loyal Customers
CUST001114,13,10,2304.82,4,1,3,413,Needs Attention
CUST001115,682,10,843.15,1,1,2,112,Lost Customers
CUST001116,84,21,4998.57,2,3,4,234,Needs Attention
CUST001117,650,3,0.0,1,1,1,111,Lost Customers
CUST001118,20,106,18231.28,4,5,5,455,Champions
CUST001119,16,83,19133.73,4,5,5,455,Champions
CUST001120,24,52,4247.16,3,4,3,343,Loyal Customers
CUST001121,13,14,1379.1399999999999,4,2,2,422,Potential Loyalists
CUST001122,65,34,4926.53,2,4,4,244,At Risk
CUST001123,14,88,12306.68,4,5,5,455,Champions
CUST001124,246,26,6194.34,2,3,4,234,Needs Attention
CUST001125,7,200,22551.72,5,5,5,555,Champions
CUST001126,19,47,2736.9,4,4,3,443,Champions
CUST001127,264,25,1239.66,1,3,2,132,Needs Attention
CUST001128,36,19,1715.19,3,2,2,322,Needs Attention
CUST001129,86,23,472.97,2,3,1,231,Needs Attention
CUST001130,951,1,0.0,1,1,1,111,Lost Customers
CUST001131,18,55,5196.54,4,5,4,454,Champions
CUST001132,535,41,4761.61,1,4,4,144,At Risk
CUST001133,17,15,1308.75,4,2,2,422,Potential Loyalists
CUST001134,9,9,2048.9,4,1,2,412,Needs Attention
CUST001135,106,4,0.0,2,1,1,211,Lost Customers
CUST001136,12,35,4613.1,4,4,4,444,Champions
CUST001137,158,16,1306.45,2,2,2,222,Lost Customers
CUST001138,442,7,0.0,1,1,1,111,Lost Customers
CUST001139,269,32,10538.41,1,4,5,145,At Risk
CUST001140,3,203,18230.7,5,5,5,555,Champions
CUST001141,45,27,5873.92,3,3,4,334,Needs Attention
CUST001142,69,55,4839.73,2,5,4,254,At Risk
CUST001143,858,6,425.45000000000005,1,1,1,111,Lost Customers
CUST001144,21,18,2829.9,4,2,3,423,Potential Loyalists
CUST001145,691,27,2422.45,1,3,3,133,Needs Attention
CUST001146,107,18,1032.1399999999999,2,2,2,222,Lost Customers
CUST001147,13,23,1694.71,4,3,2,432,Potential Loyalists
CUST001148,818,10,1813.77,1,1,2,112,Lost Customers
CUST001149,706,2,0.0,1,1,1,111,Lost Customers
CUST001150,967,4,0.0,1,1,1,111,Lost Customers
CUST001151,476,13,799.3,1,2,2,122,Lost Customers
CUST001152,7,21,1063.44,5,3,2,532,Potential Loyalists
CUST001153,2,41,6439.53,5,4,4,544,Champions
CUST001154,178,8,443.98,2,1,1,211,Lost Customers
CUST001155,23,29,980.99,3,3,2,332,Needs Attention
CUST001156,12,27,11233.57,4,3,5,435,Potential Loyalists
CUST001157,9,60,10984.22,4,5,5,455,Champions
CUST001158,674,18,4358.3,1,2,3,123,Lost Customers
CUST001159,17,33,5046.01,4,4,4,444,Champions
CUST001160,7,70,12751.57,5,5,5,555,Champions
CUST001161,30,72,6979.29,3,5,4,354,Loyal Customers
CUST001162,8,51,2504.03,5,4,3,543,Champions
CUST001163,1,28,12001.77,5,3,5,535,Potential Loyalists
CUST001164,43,15,822.97,3,2,2,322,Needs Attention
CUST001165,49,14,435.32,3,2,1,321,Needs Attention
CUST001166,967,2,0.0,1,1,1,111,Lost Customers
CUST001167,62,12,1121.3200000000002,2,2,2,222,Lost Customers
CUST001168,201,17,1584.98,2,2,2,222,Lost Customers
CUST001169,30,21,516.77,3,3,1,331,Needs Attention
CUST001170,8,46,13139.699999999999,5,4,5,545,Champions
CUST001171,71,37,1113.61,2,4,2,242,At Risk
CUST001172,77,34,2186.26,2,4,3,243,At Risk
CUST001173,310,28,3390.6499999999996,1,3,3,133,Needs Attention
CUST001174,178,5,690.94,2,1,2,212,Lost Customers
CUST001175,118,6,161.74,2,1,1,211,Lost Customers
CUST001176,26,23,5772.719999999999,3,3,4,334,Needs Attention
CUST001177,125,17,2245.67,2,2,3,223,Lost Customers
CUST001178,11,33,4074.4300000000003,4,4,3,443,Champions
CUST001179,14,102,11480.52,4,5,5,455,Champions
CUST001180,12,81,16090.7,4,5,5,455,Champions
CUST001181,22,18,438.03,4,2,1,421,Potential Loyalists
CUST001182,4,82,20038.55,5,5,5,555,Champions
CUST001183,427,27,3031.3199999999997,1,3,3,133,Needs Attention
CUST001184,53,20,4476.82,3,3,4,334,Needs Attention
CUST001185,62,20,1172.04,2,3,2,232,Needs Attention
CUST001186,13,21,4290.18,4,3,3,433,Potential Loyalists
CUST001187,21,20,1781.6,4,3,2,432,Potential Loyalists
CUST001188,16,28,2204.85,4,3,3,433,Potential Loyalists
CUST001189,99,29,4350.46,2,3,3,233,Needs Attention
CUST001190,19,44,2009.52,4,4,2,442,Champions
CUST001191,18,36,2873.11,4,4,3,443,Champions
CUST001193,61,66,19411.31,2,5,5,255,At Risk
CUST001194,720,3,0.0,1,1,1,111,Lost Customers
CUST001195,74,5,0.0,2,1,1,211,Lost Customers
CUST001196,674,8,456.95000000000005,1,1,1,111,Lost Customers
CUST001197,71,8,2795.92,2,1,3,213,Lost Customers
CUST001198,8,18,1028.3700000000001,5,2,2,522,Potential Loyalists
CUST001199,197,14,1113.92,2,2,2,222,Lost Customers
CUST001200,57,9,396.65,3,1,1,311,Needs Attention
CUST001201,657,10,2838.6,1,1,3,113,Lost Customers
CUST001202,76,44,3856.8199999999997,2,4,3,243,At Risk
CUST001203,1022,1,0.0,1,1,1,111,Lost Customers
CUST001204,114,4,971.84,2,1,2,212,Lost Customers
CUST001205,1,11,1336.78,5,2,2,522,Potential Loyalists
CUST001206,1,40,2946.63,5,4,3,543,Champions
CUST001207,659,2,0.0,1,1,1,111,Lost Customers
CUST001208,889,5,532.65,1,1,1,111,Lost Customers
CUST001209,36,25,2661.5699999999997,3,3,3,333,Needs Attention
CUST001210,106,39,10043.81,2,4,5,245,At Risk
CUST001211,40,30,879.8,3,3,2,332,Needs Attention
CUST001212,929,2,261.42,1,1,1,111,Lost Customers
CUST001213,8,78,22774.1,5,5,5,555,Champions
CUST001214,38,30,3284.2799999999997,3,3,3,333,Needs Attention
CUST001215,109,27,1209.74,2,3,2,232,Needs Attention
CUST001216,90,14,0.0,2,2,1,221,Lost Customers
CUST001217,3,25,1860.87,5,3,2,532,Potential Loyalists
CUST001218,651,11,963.61,1,2,2,122,Lost Customers
CUST001219,50,23,1991.52,3,3,2,332,Needs Attention
CUST001220,1,138,30611.54,5,5,5,555,Champions
CUST001221,468,5,0.0,1,1,1,111,Lost Customers
CUST001222,37,9,0.0,3,1,1,311,Needs Attention
CUST001223,697,27,3535.01,1,3,3,133,Needs Attention
CUST001224,7,21,8015.99,5,3,4,534,Potential Loyalists
CUST001225,18,8,737.87,4,1,2,412,Needs Attention
CUST001226,11,84,20779.12,4,5,5,455,Champions
CUST001227,575,13,538.58,1,2,1,121,Lost Customers
CUST001228,1,140,29559.059999999998,5,5,5,555,Champions
CUST001229,6,54,6509.610000000001,5,5,4,554,Champions
CUST001230,1,18,3878.41,5,2,3,523,Potential Loyalists
CUST001231,359,72,22809.5,1,5,5,155,At Risk
CUST001232,315,15,8663.11,1,2,5,125,Lost Customers
CUST001233,2,64,18898.0,5,5,5,555,Champions
CUST001234,22,41,3930.5299999999997,4,4,3,443,Champions
CUST001235,9,95,18669.91,4,5,5,455,Champions
CUST001236,19,53,2166.0,4,5,2,452,Champions
CUST001237,17,28,6695.91,4,3,4,434,Potential Loyalists
CUST001238,20,17,1908.96,4,2,2,422,Potential Loyalists
CUST001239,7,45,9698.85,5,4,5,545,Champions
CUST001241,6,181,17724.01,5,5,5,555,Champions
CUST001242,20,49,1256.8000000000002,4,4,2,442,Champions
CUST001243,96,24,1080.22,2,3,2,232,Needs Attention
CUST001244,4,44,9645.31,5,4,5,545,Champions
CUST001245,12,11,473.69,4,2,1,421,Potential Loyalists
CUST001246,96,18,1587.63,2,2,2,222,Lost Customers
CUST001247,177,58,8114.75,2,5,4,254,At Risk
CUST001248,23,14,107.28,3,2,1,321,Needs Attention
CUST001249,66,11,2477.06,2,2,3,223,Lost Customers
CUST001250,7,58,4942.74,5,5,4,554,Champions
CUST001251,14,99,7527.0599999999995,4,5,4,454,Champions
CUST001252,4,46,4843.06,5,4,4,544,Champions
CUST001253,418,42,8372.89,1,4,4,144,At Risk
CUST001255,303,13,10263.4,1,2,5,125,Lost Customers
CUST001256,19,87,19859.58,4,5,5,455,Champions
CUST001257,49,20,3494.52,3,3,3,333,Needs Attention
CUST001258,851,6,4128.47,1,1,3,113,Lost Customers
CUST001259,566,43,9091.43,1,4,5,145,At Risk
CUST001260,207,48,3791.5099999999998,2,4,3,243,At Risk
CUST001261,917,3,0.0,1,1,1,111,Lost Customers
CUST001262,2,102,9201.97,5,5,5,555,Champions
CUST001263,349,5,3155.37,1,1,3,113,Lost Customers
CUST001264,3,61,5782.22,5,5,4,554,Champions
CUST001265,208,38,4772.530000000001,2,4,4,244,At Risk
CUST001266,17,37,1436.28,4,4,2,442,Champions
CUST001267,21,77,10527.4,4,5,5,455,Champions
CUST001269,33,44,6349.75,3,4,4,344,Loyal Customers
CUST001271,120,21,5537.0599999999995,2,3,4,234,Needs Attention
CUST001272,15,15,2486.86,4,2,3,423,Potential Loyalists
CUST001273,38,14,0.0,3,2,1,321,Needs Attention
CUST001274,84,10,0.0,2,1,1,211,Lost Customers
CUST001276,58,13,764.34,2,2,2,222,Lost Customers
CUST001277,12,37,2154.61,4,4,2,442,Champions
CUST001278,30,29,3053.39,3,3,3,333,Needs Attention
CUST001279,1046,2,0.0,1,1,1,111,Lost Customers
CUST001280,31,58,5531.7699999999995,3,5,4,354,Loyal Customers
CUST001281,127,50,14442.0,2,4,5,245,At Risk
CUST001282,24,15,573.51,3,2,1,321,Needs Attention
CUST001283,33,31,947.59,3,3,2,332,Needs Attention
CUST001284,24,37,7158.92,3,4,4,344,Loyal Customers
CUST001285,1,32,8264.67,5,4,4,544,Champions
CUST001287,14,43,31743.11,4,4,5,445,Champions
CUST001288,177,42,8447.84,2,4,4,244,At Risk
CUST001289,36,55,8371.42,3,5,4,354,Loyal Customers
CUST001290,1,76,8578.95,5,5,5,555,Champions
CUST001291,15,32,10721.66,4,4,5,445,Champions
CUST001292,23,8,544.47,3,1,1,311,Needs Attention
CUST001293,31,30,2178.4,3,3,2,332,Needs Attention
CUST001295,62,14,963.86,2,2,2,222,Lost Customers
CUST001296,3,70,8149.16,5,5,4,554,Champions
CUST001297,604,36,2175.4300000000003,1,4,2,142,At Risk
CUST001298,138,14,7543.57,2,2,4,224,Lost Customers
CUST001299,184,45,5777.6,2,4,4,244,At Risk
CUST001300,689,21,3638.7500000000005,1,3,3,133,Needs Attention
CUST001301,31,31,927.9,3,3,2,332,Needs Attention
CUST001302,379,100,18812.77,1,5,5,155,At Risk
CUST001303,140,35,2351.88,2,4,3,243,At Risk
CUST001304,12,12,2053.5099999999998,4,2,2,422,Potential Loyalists
CUST001305,9,60,10237.8,4,5,5,455,Champions
CUST001306,17,37,4644.23,4,4,4,444,Champions
CUST001307,23,93,5112.29,3,5,4,354,Loyal Customers
CUST001308,23,58,12421.77,3,5,5,355,Loyal Customers
CUST001309,12,33,3296.77,4,4,3,443,Champions
CUST001310,10,12,2032.75,4,2,2,422,Potential Loyalists
CUST001311,6,19,0.0,5,2,1,521,Potential Loyalists
CUST001312,232,10,775.94,2,1,2,212,Lost Customers
CUST001313,34,19,9899.49,3,2,5,325,Needs Attention
CUST001314,74,50,8500.2,2,4,4,244,At Risk
CUST001315,9,163,35286.87,4,5,5,455,Champions
CUST001316,10,46,8564.039999999999,4,4,5,445,Champions
CUST001317,100,15,2089.75,2,2,2,222,Lost Customers
CUST001318,33,45,7780.44,3,4,4,344,Loyal Customers
CUST001319,750,3,0.0,1,1,1,111,Lost Customers
CUST001320,163,22,1552.57,2,3,2,232,Needs Attention
CUST001321,293,20,484.08,1,3,1,131,Needs Attention
CUST001322,10,37,4855.24,4,4,4,444,Champions
CUST001323,25,16,0.0,3,2,1,321,Needs Attention
CUST001324,11,34,978.26,4,4,2,442,Champions
CUST001325,33,22,615.33,3,3,1,331,Needs Attention
CUST001326,35,47,11418.76,3,4,5,345,Loyal Customers
CUST001327,167,13,330.28,2,2,1,221,Lost Customers
CUST001328,514,4,212.8,1,1,1,111,Lost Customers
CUST001329,8,45,3512.86,5,4,3,543,Champions
CUST001330,64,19,3154.29,2,2,3,223,Lost Customers
CUST001331,7,90,11038.74,5,5,5,555,Champions
CUST001332,80,18,1233.0900000000001,2,2,2,222,Lost Customers
CUST001333,107,32,8285.42,2,4,4,244,At Risk
CUST001334,4,38,1030.8799999999999,5,4,2,542,Champions
CUST001335,79,11,4451.98,2,2,4,224,Lost Customers
CUST001337,49,12,1506.65,3,2,2,322,Needs Attention
CUST001339,41,24,4415.46,3,3,4,334,Needs Attention
CUST001340,366,108,19815.72,1,5,5,155,At Risk
CUST001341,402,18,5558.65,1,2,4,124,Lost Customers
CUST001342,12,27,4718.1900000000005,4,3,4,434,Potential Loyalists
CUST001343,6,88,9545.15,5,5,5,555,Champions
CUST001344,1,141,26201.82,5,5,5,555,Champions
CUST001345,3,140,13935.67,5,5,5,555,Champions
CUST001346,376,64,7437.370000000001,1,5,4,154,At Risk
CUST001347,3,81,10578.47,5,5,5,555,Champions
CUST001348,65,37,5705.39,2,4,4,244,At Risk
CUST001349,4,51,593.53,5,4,1,541,Champions
CUST001350,544,12,941.8299999999999,1,2,2,122,Lost Customers
CUST001351,20,21,6264.16,4,3,4,434,Potential Loyalists
CUST001352,8,30,4530.18,5,3,4,534,Potential Loyalists
CUST001353,906,3,0.0,1,1,1,111,Lost Customers
CUST001355,9,71,10092.41,4,5,5,455,Champions
CUST001356,7,81,8511.24,5,5,4,554,Champions
CUST001358,9,111,24479.96,4,5,5,455,Champions
CUST001359,904,2,0.0,1,1,1,111,Lost Customers
CUST001360,754,12,4908.21,1,2,4,124,Lost Customers
CUST001361,77,19,8831.76,2,2,5,225,Lost Customers
CUST001362,79,3,0.0,2,1,1,211,Lost Customers
CUST001363,116,25,6502.1,2,3,4,234,Needs Attention
CUST001364,21,28,1894.96,4,3,2,432,Potential Loyalists
CUST001365,7,128,12365.93,5,5,5,555,Champions
CUST001366,19,46,9687.07,4,4,5,445,Champions
CUST001367,815,2,0.0,1,1,1,111,Lost Customers
CUST001368,198,102,20687.05,2,5,5,255,At Risk
CUST001369,659,16,1456.76,1,2,2,122,Lost Customers
CUST001370,28,44,3569.69,3,4,3,343,Loyal Customers
CUST001371,89,20,4732.959999999999,2,3,4,234,Needs Attention
CUST001372,44,21,3656.25,3,3,3,333,Needs Attention
CUST001373,32,19,722.5699999999999,3,2,2,322,Needs Attention
CUST001374,2,63,13295.81,5,5,5,555,Champions
CUST001375,171,152,13241.53,2,5,5,255,At Risk
CUST001376,23,89,19125.55,3,5,5,355,Loyal Customers
CUST001377,668,3,0.0,1,1,1,111,Lost Customers
CUST001378,16,24,1716.46,4,3,2,432,Potential Loyalists
CUST001379,124,36,5648.25,2,4,4,244,At Risk
CUST001380,36,8,838.01,3,1,2,312,Needs Attention
CUST001381,6,47,4190.25,5,4,3,543,Champions
CUST001382,5,18,3687.89,5,2,3,523,Potential Loyalists
CUST001383,11,25,942.6099999999999,4,3,2,432,Potential Loyalists
CUST001384,88,12,2395.54,2,2,3,223,Lost Customers
CUST001385,15,58,5858.99,4,5,4,454,Champions
CUST001386,25,33,5405.27,3,4,4,344,Loyal Customers
CUST001387,38,16,1219.94,3,2,2,322,Needs Attention
CUST001388,30,3,0.0,3,1,1,311,Needs Attention
CUST001389,31,24,4575.879999999999,3,3,4,334,Needs Attention
CUST001390,14,108,19690.99,4,5,5,455,Champions
CUST001391,18,115,13087.93,4,5,5,455,Champions
CUST001393,273,17,2020.7,1,2,2,122,Lost Customers
CUST001394,349,28,3562.05,1,3,3,133,Needs Attention
CUST001395,6,13,2005.2,5,2,2,522,Potential Loyalists
CUST001396,4,28,5347.41,5,3,4,534,Potential Loyalists
CUST001397,2,51,5870.55,5,4,4,544,Champions
CUST001398,819,9,1165.85,1,1,2,112,Lost Customers
CUST001399,2,24,4253.51,5,3,3,533,Potential Loyalists
CUST001400,20,25,3449.42,4,3,3,433,Potential Loyalists
CUST001401,2,11,5615.55,5,2,4,524,Potential Loyalists
CUST001402,243,7,126.18,2,1,1,211,Lost Customers
CUST001403,58,30,3030.86,2,3,3,233,Needs Attention
CUST001404,26,42,273.11,3,4,1,341,Loyal Customers
CUST001405,9,67,6040.16,4,5,4,454,Champions
CUST001406,441,13,3634.1099999999997,1,2,3,123,Lost Customers
CUST001407,3,76,19327.57,5,5,5,555,Champions
CUST001408,13,22,4528.3099999999995,4,3,4,434,Potential Loyalists
CUST001409,40,30,6966.22,3,3,4,334,Needs Attention
CUST001410,63,19,4150.9400000000005,2,2,3,223,Lost Customers
CUST001411,42,4,0.0,3,1,1,311,Needs Attention
CUST001412,1,56,6990.66,5,5,4,554,Champions
CUST001413,19,57,8824.33,4,5,5,455,Champions
CUST001414,6,20,3502.19,5,3,3,533,Potential Loyalists
CUST001415,13,33,4905.030000000001,4,4,4,444,Champions
CUST001416,80,46,3841.77,2,4,3,243,At Risk
CUST001417,48,12,0.0,3,2,1,321,Needs Attention
CUST001419,104,41,4620.93,2,4,4,244,At Risk
CUST001420,14,11,1275.33,4,2,2,422,Potential Loyalists
CUST001421,123,36,2805.37,2,4,3,243,At Risk
CUST001422,128,12,998.39,2,2,2,222,Lost Customers
CUST001423,7,43,2736.19,5,4,3,543,Champions
CUST001425,5,12,420.18,5,2,1,521,Potential Loyalists
CUST001426,50,83,9267.49,3,5,5,355,Loyal Customers
CUST001427,29,15,0.0,3,2,1,321,Needs Attention
CUST001428,95,19,1246.42,2,2,2,222,Lost Customers
CUST001429,4,36,8005.75,5,4,4,544,Champions
CUST001431,136,10,2914.96,2,1,3,213,Lost Customers
CUST001432,22,28,2201.61,4,3,3,433,Potential Loyalists
CUST001433,29,36,5095.15,3,4,4,344,Loyal Customers
CUST001434,64,48,9088.49,2,4,5,245,At Risk
CUST001435,48,26,4791.67,3,3,4,334,Needs Attention
CUST001436,199,21,703.25,2,3,2,232,Needs Attention
CUST001437,25,9,84.58,3,1,1,311,Needs Attention
CUST001438,89,35,5802.86,2,4,4,244,At Risk
CUST001439,410,10,738.73,1,1,2,112,Lost Customers
CUST001440,675,1,0.0,1,1,1,111,Lost Customers
CUST001441,19,51,5615.3099999999995,4,4,4,444,Champions
CUST001442,37,65,8178.969999999999,3,5,4,354,Loyal Customers
CUST001443,723,1,0.0,1,1,1,111,Lost Customers
CUST001444,15,15,601.14,4,2,1,421,Potential Loyalists
CUST001445,12,38,3425.36,4,4,3,443,Champions
CUST001446,7,122,26975.460000000003,5,5,5,555,Champions
CUST001447,32,27,5705.47,3,3,4,334,Needs Attention
CUST001448,169,12,4719.780000000001,2,2,4,224,Lost Customers
CUST001449,25,17,1002.33,3,2,2,322,Needs Attention
CUST001450,6,72,10310.9,5,5,5,555,Champions
CUST001451,26,21,776.98,3,3,2,332,Needs Attention
CUST001452,50,11,461.75,3,2,1,321,Needs Attention
CUST001453,11,25,6647.280000000001,4,3,4,434,Potential Loyalists
CUST001454,344,10,0.0,1,1,1,111,Lost Customers
CUST001455,7,28,11938.07,5,3,5,535,Potential Loyalists
CUST001456,5,79,10093.6,5,5,5,555,Champions
CUST001457,8,40,8768.24,5,4,5,545,Champions
CUST001458,31,24,4819.61,3,3,4,334,Needs Attention
CUST001459,143,13,2973.91,2,2,3,223,Lost Customers
CUST001460,85,7,576.99,2,1,1,211,Lost Customers
CUST001461,1,68,18772.13,5,5,5,555,Champions
CUST001463,10,33,1841.5,4,4,2,442,Champions
CUST001464,292,151,22528.66,1,5,5,155,At Risk
CUST001465,5,25,7208.62,5,3,4,534,Potential Loyalists
CUST001466,14,20,1942.98,4,3,2,432,Potential Loyalists
CUST001467,411,14,3422.71,1,2,3,123,Lost Customers
CUST001468,15,86,10143.550000000001,4,5,5,455,Champions
CUST001469,837,7,0.0,1,1,1,111,Lost Customers
CUST001470,14,17,916.34,4,2,2,422,Potential Loyalists
CUST001471,14,52,2680.3,4,4,3,443,Champions
CUST001472,4,12,231.38,5,2,1,521,Potential Loyalists
CUST001473,1,128,16980.94,5,5,5,555,Champions
CUST001474,1,93,4257.9400000000005,5,5,3,553,Champions
CUST001475,694,8,0.0,1,1,1,111,Lost Customers
CUST001476,10,62,6396.28,4,5,4,454,Champions
CUST001477,34,50,4745.25,3,4,4,344,Loyal Customers
CUST001478,18,57,13659.550000000001,4,5,5,455,Champions
CUST001479,8,46,2758.52,5,4,3,543,Champions
CUST001480,466,15,3363.6800000000003,1,2,3,123,Lost Customers
CUST001482,703,20,265.07,1,3,1,131,Needs Attention
CUST001483,398,11,890.05,1,2,2,122,Lost Customers
CUST001484,31,27,2829.06,3,3,3,333,Needs Attention
CUST001485,274,13,3390.5,1,2,3,123,Lost Customers
CUST001486,21,42,11359.04,4,4,5,445,Champions
CUST001487,15,129,10158.550000000001,4,5,5,455,Champions
CUST001488,468,8,0.0,1,1,1,111,Lost Customers
CUST001489,30,23,563.41,3,3,1,331,Needs Attention
CUST001490,1,114,11957.36,5,5,5,555,Champions
CUST001491,37,17,2099.75,3,2,2,322,Needs Attention
CUST001492,16,38,2084.44,4,4,2,442,Champions
CUST001493,4,12,1407.6,5,2,2,522,Potential Loyalists
CUST001494,43,31,14041.490000000002,3,3,5,335,Needs Attention
CUST001495,470,6,4902.48,1,1,4,114,Lost Customers
CUST001496,2,82,15175.51,5,5,5,555,Champions
CUST001497,21,59,3602.05,4,5,3,453,Champions
CUST001498,241,176,32957.03,2,5,5,255,At Risk
CUST001499,6,34,829.0899999999999,5,4,2,542,Champions
CUST001500,3,39,3578.2,5,4,3,543,Champions
CUST001501,30,36,4518.29,3,4,4,344,Loyal Customers
CUST001502,371,15,394.8,1,2,1,121,Lost Customers
CUST001503,6,35,4337.04,5,4,3,543,Champions
CUST001504,2,22,1575.06,5,3,2,532,Potential Loyalists
CUST001505,9,30,4055.6299999999997,4,3,3,433,Potential Loyalists
CUST001506,492,26,2279.51,1,3,3,133,Needs Attention
CUST001507,383,9,1295.5700000000002,1,1,2,112,Lost Customers
CUST001508,5,82,10057.63,5,5,5,555,Champions
CUST001509,2,79,10791.050000000001,5,5,5,555,Champions
CUST001510,29,32,3926.3199999999997,3,4,3,343,Loyal Customers
CUST001511,15,7,0.0,4,1,1,411,Needs Attention
CUST001512,217,17,369.12,2,2,1,221,Lost Customers
CUST001513,779,20,2717.04,1,3,3,133,Needs Attention
CUST001514,76,38,1322.09,2,4,2,242,At Risk
CUST001515,20,15,214.38,4,2,1,421,Potential Loyalists
CUST001516,9,20,117.32,4,3,1,431,Potential Loyalists
CUST001517,757,12,700.26,1,2,2,122,Lost Customers
CUST001518,22,24,2207.6,4,3,3,433,Potential Loyalists
CUST001519,38,32,6263.6,3,4,4,344,Loyal Customers
CUST001520,466,18,494.17999999999995,1,2,1,121,Lost Customers
CUST001521,3,28,3300.17,5,3,3,533,Potential Loyalists
CUST001522,71,8,0.0,2,1,1,211,Lost Customers
CUST001523,3,90,13248.380000000001,5,5,5,555,Champions
CUST001524,32,20,6801.6,3,3,4,334,Needs Attention
CUST001525,4,65,5007.72,5,5,4,554,Champions
CUST001526,3,89,20760.91,5,5,5,555,Champions
CUST001527,2,66,11610.38,5,5,5,555,Champions
CUST001528,6,21,51.22,5,3,1,531,Potential Loyalists
CUST001529,673,8,1315.3200000000002,1,1,2,112,Lost Customers
CUST001530,428,9,23.67,1,1,1,111,Lost Customers
CUST001531,166,5,286.64,2,1,1,211,Lost Customers
CUST001532,13,45,5506.99,4,4,4,444,Champions
CUST001533,20,9,4795.1,4,1,4,414,Needs Attention
CUST001534,22,61,3196.3,4,5,3,453,Champions
CUST001535,890,2,239.78,1,1,1,111,Lost Customers
CUST001536,31,29,3807.1400000000003,3,3,3,333,Needs Attention
CUST001537,234,33,4304.63,2,4,3,243,At Risk
CUST001538,79,24,8580.04,2,3,5,235,Needs Attention
CUST001539,9,59,5948.2699999999995,4,5,4,454,Champions
CUST001540,20,28,3362.29,4,3,3,433,Potential Loyalists
CUST001541,13,60,10613.199999999999,4,5,5,455,Champions
CUST001542,162,6,2440.4300000000003,2,1,3,213,Lost Customers
CUST001543,2,36,4329.77,5,4,3,543,Champions
CUST001544,4,162,18630.43,5,5,5,555,Champions
CUST001545,28,24,3843.6800000000003,3,3,3,333,Needs Attention
CUST001546,4,15,580.39,5,2,1,521,Potential Loyalists
CUST001547,10,43,1947.61,4,4,2,442,Champions
CUST001548,397,19,2240.5699999999997,1,2,3,123,Lost Customers
CUST001549,26,44,2617.42,3,4,3,343,Loyal Customers
CUST001550,18,54,10434.130000000001,4,5,5,455,Champions
CUST001551,3,60,4505.73,5,5,4,554,Champions
CUST001552,7,82,9045.64,5,5,5,555,Champions
CUST001553,11,39,3782.73,4,4,3,443,Champions
CUST001554,49,20,1914.74,3,3,2,332,Needs Attention
CUST001556,11,167,15859.6,4,5,5,455,Champions
CUST001557,11,26,5544.7,4,3,4,434,Potential Loyalists
CUST001558,75,14,3531.4300000000003,2,2,3,223,Lost Customers
CUST001559,2,59,7232.139999999999,5,5,4,554,Champions
CUST001560,17,30,1597.76,4,3,2,432,Potential Loyalists
CUST001561,64,12,1451.89,2,2,2,222,Lost Customers
CUST001562,2,57,11286.83,5,5,5,555,Champions
CUST001563,16,19,4730.8,4,2,4,424,Potential Loyalists
CUST001564,380,16,364.07,1,2,1,121,Lost Customers
CUST001565,29,34,3465.81,3,4,3,343,Loyal Customers
CUST001566,103,15,1448.47,2,2,2,222,Lost Customers
CUST001567,4,54,12664.32,5,5,5,555,Champions
CUST001568,6,29,4366.74,5,3,3,533,Potential Loyalists
CUST001569,744,8,391.8,1,1,1,111,Lost Customers
CUST001570,59,20,1559.8899999999999,2,3,2,232,Needs Attention
CUST001571,15,37,2086.35,4,4,2,442,Champions
CUST001572,637,20,1881.09,1,3,2,132,Needs Attention
CUST001573,19,15,2835.83,4,2,3,423,Potential Loyalists
CUST001574,585,31,2485.51,1,3,3,133,Needs Attention
CUST001575,910,3,0.0,1,1,1,111,Lost Customers
CUST001576,10,52,5900.35,4,4,4,444,Champions
CUST001577,198,25,396.66,2,3,1,231,Needs Attention
CUST001578,8,139,22731.81,5,5,5,555,Champions
CUST001579,45,20,433.62,3,3,1,331,Needs Attention
CUST001580,644,7,0.0,1,1,1,111,Lost Customers
CUST001581,46,13,3681.0099999999998,3,2,3,323,Needs Attention
CUST001582,200,21,345.9,2,3,1,231,Needs Attention
CUST001583,4,25,1751.57,5,3,2,532,Potential Loyalists
CUST001585,101,16,0.0,2,2,1,221,Lost Customers
CUST001586,3,10,0.0,5,1,1,511,Needs Attention
CUST001587,4,69,12178.81,5,5,5,555,Champions
CUST001588,200,81,6347.89,2,5,4,254,At Risk
CUST001589,19,34,9353.65,4,4,5,445,Champions
CUST001590,55,29,7535.45,3,3,4,334,Needs Attention
CUST001591,162,38,8101.26,2,4,4,244,At Risk
CUST001592,676,11,2714.7799999999997,1,2,3,123,Lost Customers
CUST001593,816,1,0.0,1,1,1,111,Lost Customers
CUST001594,7,34,6256.63,5,4,4,544,Champions
CUST001595,6,51,10464.539999999999,5,4,5,545,Champions
CUST001596,10,49,6226.22,4,4,4,444,Champions
CUST001597,67,38,3663.2,2,4,3,243,At Risk
CUST001598,785,2,913.0,1,1,2,112,Lost Customers
CUST001599,669,2,322.18,1,1,1,111,Lost Customers
CUST001600,3,64,4431.98,5,5,4,554,Champions
CUST001601,553,8,0.0,1,1,1,111,Lost Customers
CUST001602,36,3,2785.75,3,1,3,313,Needs Attention
CUST001603,802,5,96.64,1,1,1,111,Lost Customers
CUST001604,4,82,10104.050000000001,5,5,5,555,Champions
CUST001605,3,26,237.02,5,3,1,531,Potential Loyalists
CUST001606,5,71,9876.89,5,5,5,555,Champions
CUST001607,30,92,11355.13,3,5,5,355,Loyal Customers
CUST001608,72,110,18787.76,2,5,5,255,At Risk
CUST001610,23,35,5154.26,3,4,4,344,Loyal Customers
CUST001611,1,42,6812.0,5,4,4,544,Champions
CUST001612,154,7,0.0,2,1,1,211,Lost Customers
CUST001613,58,19,1663.6399999999999,2,2,2,222,Lost Customers
CUST001614,67,16,6272.62,2,2,4,224,Lost Customers
CUST001615,484,91,12145.92,1,5,5,155,At Risk
CUST001616,21,18,252.3,4,2,1,421,Potential Loyalists
CUST001617,53,41,4752.7699999999995,3,4,4,344,Loyal Customers
CUST001618,252,31,5023.29,2,3,4,234,Needs Attention
CUST001619,78,22,1877.73,2,3,2,232,Needs Attention
CUST001620,1,75,13032.05,5,5,5,555,Champions
CUST001621,131,26,3927.34,2,3,3,233,Needs Attention
CUST001622,3,32,7682.17,5,4,4,544,Champions
CUST001623,19,12,0.0,4,2,1,421,Potential Loyalists
CUST001625,331,11,492.70000000000005,1,2,1,121,Lost Customers
CUST001626,1,26,4121.88,5,3,3,533,Potential Loyalists
CUST001628,19,26,1451.78,4,3,2,432,Potential Loyalists
CUST001629,111,9,0.0,2,1,1,211,Lost Customers
CUST001630,7,30,5955.59,5,3,4,534,Potential Loyalists
CUST001631,786,3,1870.36,1,1,2,112,Lost Customers
CUST001632,4,42,4768.35,5,4,4,544,Champions
CUST001633,339,26,4539.83,1,3,4,134,Needs Attention
CUST001635,6,22,2409.56,5,3,3,533,Potential Loyalists
CUST001636,25,11,243.99,3,2,1,321,Needs Attention
CUST001637,291,20,2290.7,1,3,3,133,Needs Attention
CUST001639,223,7,2763.5699999999997,2,1,3,213,Lost Customers
CUST001640,6,26,4414.76,5,3,4,534,Potential Loyalists
CUST001641,736,3,460.5,1,1,1,111,Lost Customers
CUST001642,6,43,9393.86,5,4,5,545,Champions
CUST001643,7,22,2073.39,5,3,2,532,Potential Loyalists
CUST001644,433,10,0.0,1,1,1,111,Lost Customers
CUST001645,293,15,487.86,1,2,1,121,Lost Customers
CUST001646,120,15,8085.990000000001,2,2,4,224,Lost Customers
CUST001647,10,84,14164.369999999999,4,5,5,455,Champions
CUST001648,37,25,491.62,3,3,1,331,Needs Attention
CUST001649,9,105,15390.58,4,5,5,455,Champions
CUST001650,7,44,4003.36,5,4,3,543,Champions
CUST001651,134,8,1978.76,2,1,2,212,Lost Customers
CUST001652,177,8,2459.4100000000003,2,1,3,213,Lost Customers
CUST001653,728,3,1331.0,1,1,2,112,Lost Customers
CUST001654,86,7,187.94,2,1,1,211,Lost Customers
CUST001655,47,43,9154.82,3,4,5,345,Loyal Customers
CUST001656,17,30,7313.57,4,3,4,434,Potential Loyalists
CUST001657,264,7,518.74,1,1,1,111,Lost Customers
CUST001658,3,71,16480.45,5,5,5,555,Champions
CUST001660,7,25,0.0,5,3,1,531,Potential Loyalists
CUST001661,1,102,33779.5,5,5,5,555,Champions
CUST001662,22,76,10429.619999999999,4,5,5,455,Champions
CUST001663,543,8,96.35,1,1,1,111,Lost Customers
CUST001664,515,3,280.53,1,1,1,111,Lost Customers
CUST001665,336,3,0.0,1,1,1,111,Lost Customers
CUST001666,26,14,3441.58,3,2,3,323,Needs Attention
CUST001667,71,25,8525.99,2,3,5,235,Needs Attention
CUST001668,13,10,271.16,4,1,1,411,Needs Attention
CUST001669,317,13,2123.05,1,2,2,122,Lost Customers
CUST001670,37,40,2268.21,3,4,3,343,Loyal Customers
CUST001671,631,13,2187.37,1,2,3,123,Lost Customers
CUST001672,3,23,225.32,5,3,1,531,Potential Loyalists
CUST001673,3,35,1282.69,5,4,2,542,Champions
CUST001674,6,40,8828.42,5,4,5,545,Champions
CUST001675,24,20,0.0,3,3,1,331,Needs Attention
CUST001676,357,73,5508.87,1,5,4,154,At Risk
CUST001677,104,23,3172.71,2,3,3,233,Needs Attention
CUST001678,575,22,5437.23,1,3,4,134,Needs Attention
CUST001679,25,53,3864.12,3,5,3,353,Loyal Customers
CUST001680,38,44,18090.28,3,4,5,345,Loyal Customers
CUST001681,13,80,7659.18,4,5,4,454,Champions
CUST001682,939,2,0.0,1,1,1,111,Lost Customers
CUST001683,13,17,1583.69,4,2,2,422,Potential Loyalists
CUST001684,28,27,4263.79,3,3,3,333,Needs Attention
CUST001685,20,10,157.19,4,1,1,411,Needs Attention
CUST001686,18,35,6688.15,4,4,4,444,Champions
CUST001687,5,20,3433.85,5,3,3,533,Potential Loyalists
CUST001688,11,38,2608.49,4,4,3,443,Champions
CUST001689,5,36,5867.55,5,4,4,544,Champions
CUST001690,88,9,89.72,2,1,1,211,Lost Customers
CUST001691,90,17,1219.56,2,2,2,222,Lost Customers
CUST001692,84,32,3529.82,2,4,3,243,At Risk
CUST001693,106,27,6601.599999999999,2,3,4,234,Needs Attention
CUST001694,51,13,161.39,3,2,1,321,Needs Attention
CUST001695,327,47,7835.08,1,4,4,144,At Risk
CUST001696,55,12,0.0,3,2,1,321,Needs Attention
CUST001697,728,11,2416.48,1,2,3,123,Lost Customers
CUST001698,594,28,14770.699999999999,1,3,5,135,Needs Attention
CUST001700,11,129,15587.55,4,5,5,455,Champions
CUST001701,20,5,1636.68,4,1,2,412,Needs Attention
CUST001702,49,73,12964.42,3,5,5,355,Loyal Customers
CUST001703,3,72,7848.41,5,5,4,554,Champions
CUST001704,43,13,1659.65,3,2,2,322,Needs Attention
CUST001705,3,89,21388.87,5,5,5,555,Champions
CUST001706,616,13,559.93,1,2,1,121,Lost Customers
CUST001707,7,38,4518.780000000001,5,4,4,544,Champions
CUST001708,528,12,1049.59,1,2,2,122,Lost Customers
CUST001710,419,34,6146.99,1,4,4,144,At Risk
CUST001711,1,63,5778.49,5,5,4,554,Champions
CUST001712,1,15,857.6,5,2,2,522,Potential Loyalists
CUST001713,35,104,14755.22,3,5,5,355,Loyal Customers
CUST001714,201,6,2021.8,2,1,2,212,Lost Customers
CUST001715,115,44,6408.110000000001,2,4,4,244,At Risk
CUST001716,19,67,4272.14,4,5,3,453,Champions
CUST001717,414,12,2893.24,1,2,3,123,Lost Customers
CUST001718,356,22,6331.53,1,3,4,134,Needs Attention
CUST001719,369,5,573.62,1,1,1,111,Lost Customers
CUST001720,13,25,1165.53,4,3,2,432,Potential Loyalists
CUST001721,14,24,2409.92,4,3,3,433,Potential Loyalists
CUST001722,31,65,10832.89,3,5,5,355,Loyal Customers
CUST001723,4,77,8541.8,5,5,5,555,Champions
CUST001724,766,18,1056.0900000000001,1,2,2,122,Lost Customers
CUST001725,64,19,2173.91,2,2,2,222,Lost Customers
CUST001726,34,26,2308.94,3,3,3,333,Needs Attention
CUST001727,47,11,1076.25,3,2,2,322,Needs Attention
CUST001728,7,15,0.0,5,2,1,521,Potential Loyalists
CUST001729,12,71,17128.09,4,5,5,455,Champions
CUST001731,1009,1,0.0,1,1,1,111,Lost Customers
CUST001732,14,20,1159.5,4,3,2,432,Potential Loyalists
CUST001733,8,20,13877.33,5,3,5,535,Potential Loyalists
CUST001734,269,23,2820.58,1,3,3,133,Needs Attention
CUST001735,531,5,3042.43,1,1,3,113,Lost Customers
CUST001736,6,35,5251.39,5,4,4,544,Champions
CUST001737,359,6,1940.2,1,1,2,112,Lost Customers
CUST001738,114,27,6242.639999999999,2,3,4,234,Needs Attention
CUST001739,11,40,1883.45,4,4,2,442,Champions
CUST001741,47,20,669.04,3,3,2,332,Needs Attention
CUST001742,32,16,1391.06,3,2,2,322,Needs Attention
CUST001743,33,24,618.11,3,3,1,331,Needs Attention
CUST001744,38,22,2512.9900000000002,3,3,3,333,Needs Attention
CUST001746,1,99,12787.51,5,5,5,555,Champions
CUST001747,242,46,9040.83,2,4,5,245,At Risk
CUST001748,14,18,3888.02,4,2,3,423,Potential Loyalists
CUST001749,271,43,3788.43,1,4,3,143,At Risk
CUST001751,9,104,8962.47,4,5,5,455,Champions
CUST001752,520,15,2061.95,1,2,2,122,Lost Customers
CUST001753,140,18,242.98,2,2,1,221,Lost Customers
CUST001754,87,48,9099.8,2,4,5,245,At Risk
CUST001755,55,5,0.0,3,1,1,311,Needs Attention
CUST001756,212,6,0.0,2,1,1,211,Lost Customers
CUST001757,23,9,1399.16,3,1,2,312,Needs Attention
CUST001758,2,34,2271.94,5,4,3,543,Champions
CUST001759,13,154,22354.99,4,5,5,455,Champions
CUST001760,5,164,21864.71,5,5,5,555,Champions
CUST001761,7,43,1596.85,5,4,2,542,Champions
CUST001762,1,48,13339.14,5,4,5,545,Champions
CUST001763,155,7,0.0,2,1,1,211,Lost Customers
CUST001764,33,23,2992.92,3,3,3,333,Needs Attention
CUST001765,123,9,11881.289999999999,2,1,5,215,Lost Customers
CUST001766,48,14,2352.2999999999997,3,2,3,323,Needs Attention
CUST001767,720,2,0.0,1,1,1,111,Lost Customers
CUST001768,739,3,1045.57,1,1,2,112,Lost Customers
CUST001769,21,9,2736.44,4,1,3,413,Needs Attention
CUST001770,6,44,9604.67,5,4,5,545,Champions
CUST001771,49,15,0.0,3,2,1,321,Needs Attention
CUST001772,21,36,2497.58,4,4,3,443,Champions
CUST001773,1,124,13722.630000000001,5,5,5,555,Champions
CUST001774,425,9,0.0,1,1,1,111,Lost Customers
CUST001775,196,3,0.0,2,1,1,211,Lost Customers
CUST001776,25,21,3080.65,3,3,3,333,Needs Attention
CUST001777,60,45,2635.3,2,4,3,243,At Risk
CUST001778,3,171,20937.14,5,5,5,555,Champions
CUST001779,32,9,0.0,3,1,1,311,Needs Attention
CUST001780,20,37,14554.48,4,4,5,445,Champions
CUST001781,389,14,943.92,1,2,2,122,Lost Customers
CUST001783,3,264,46549.07,5,5,5,555,Champions
CUST001784,740,2,0.0,1,1,1,111,Lost Customers
CUST001785,23,28,1253.05,3,3,2,332,Needs Attention
CUST001786,9,39,1631.71,4,4,2,442,Champions
CUST001787,15,86,17315.59,4,5,5,455,Champions
CUST001788,41,43,7622.469999999999,3,4,4,344,Loyal Customers
CUST001789,6,30,1171.95,5,3,2,532,Potential Loyalists
CUST001790,20,26,7760.47,4,3,4,434,Potential Loyalists
CUST001791,21,40,13250.72,4,4,5,445,Champions
CUST001792,335,21,294.34,1,3,1,131,Needs Attention
CUST001793,9,56,7674.5599999999995,4,5,4,454,Champions
CUST001794,24,19,1335.2399999999998,3,2,2,322,Needs Attention
CUST001795,2,32,537.0699999999999,5,4,1,541,Champions
CUST001796,24,28,6173.01,3,3,4,334,Needs Attention
CUST001798,46,28,4821.39,3,3,4,334,Needs Attention
CUST001799,137,4,0.0,2,1,1,211,Lost Customers
CUST001800,11,71,14216.42,4,5,5,455,Champions
CUST001801,24,21,2521.02,3,3,3,333,Needs Attention
CUST001802,41,23,690.1,3,3,2,332,Needs Attention
CUST001803,100,27,4304.87,2,3,3,233,Needs Attention
CUST001804,4,96,7916.6900000000005,5,5,4,554,Champions
CUST001805,169,4,2356.42,2,1,3,213,Lost Customers
CUST001806,3,279,44888.13,5,5,5,555,Champions
CUST001807,17,53,3844.75,4,5,3,453,Champions
CUST001808,4,46,17130.54,5,4,5,545,Champions
CUST001809,29,24,1670.35,3,3,2,332,Needs Attention
CUST001810,18,43,8777.78,4,4,5,445,Champions
CUST001811,37,36,3429.4500000000003,3,4,3,343,Loyal Customers
CUST001812,50,66,7692.67,3,5,4,354,Loyal Customers
CUST001813,25,50,12069.93,3,4,5,345,Loyal Customers
CUST001814,8,33,233.17,5,4,1,541,Champions
CUST001815,730,5,5617.72,1,1,4,114,Lost Customers
CUST001816,129,21,1767.6,2,3,2,232,Needs Attention
CUST001818,11,68,5899.55,4,5,4,454,Champions
CUST001820,714,3,0.0,1,1,1,111,Lost Customers
CUST001821,11,44,4499.900000000001,4,4,4,444,Champions
CUST001822,62,33,9129.39,2,4,5,245,At Risk
CUST001823,25,26,1761.13,3,3,2,332,Needs Attention
CUST001824,25,27,3451.88,3,3,3,333,Needs Attention
CUST001825,10,82,6596.79,4,5,4,454,Champions
CUST001826,23,75,11245.27,3,5,5,355,Loyal Customers
CUST001827,597,7,3370.7999999999997,1,1,3,113,Lost Customers
CUST001828,685,8,460.67,1,1,1,111,Lost Customers
CUST001830,110,11,1909.04,2,2,2,222,Lost Customers
CUST001831,747,1,0.0,1,1,1,111,Lost Customers
CUST001832,62,75,6144.7300000000005,2,5,4,254,At Risk
CUST001833,10,58,10891.65,4,5,5,455,Champions
CUST001834,98,50,3235.69,2,4,3,243,At Risk
CUST001835,652,11,551.45,1,2,1,121,Lost Customers
CUST001836,12,35,2956.0,4,4,3,443,Champions
CUST001837,629,5,0.0,1,1,1,111,Lost Customers
CUST001838,24,40,3240.9,3,4,3,343,Loyal Customers
CUST001839,10,57,5954.15,4,5,4,454,Champions
CUST001840,317,35,6814.5,1,4,4,144,At Risk
CUST001841,1,87,16469.510000000002,5,5,5,555,Champions
CUST001842,3,30,1245.51,5,3,2,532,Potential Loyalists
CUST001843,43,38,12753.939999999999,3,4,5,345,Loyal Customers
CUST001845,6,23,2827.07,5,3,3,533,Potential Loyalists
CUST001846,5,13,1735.58,5,2,2,522,Potential Loyalists
CUST001847,2,28,4953.57,5,3,4,534,Potential Loyalists
CUST001848,46,11,553.23,3,2,1,321,Needs Attention
CUST001849,62,21,973.4,2,3,2,232,Needs Attention
CUST001850,32,32,9102.43,3,4,5,345,Loyal Customers
CUST001851,16,17,3885.4700000000003,4,2,3,423,Potential Loyalists
CUST001852,426,20,271.04,1,3,1,131,Needs Attention
CUST001853,155,7,377.83,2,1,1,211,Lost Customers
CUST001854,19,40,10551.93,4,4,5,445,Champions
CUST001855,44,23,2650.69,3,3,3,333,Needs Attention
CUST001856,895,4,290.42,1,1,1,111,Lost Customers
CUST001857,724,5,447.83000000000004,1,1,1,111,Lost Customers
CUST001859,79,7,304.39,2,1,1,211,Lost Customers
CUST001860,33,15,921.44,3,2,2,322,Needs Attention
CUST001861,348,11,926.21,1,2,2,122,Lost Customers
CUST001863,795,12,779.4,1,2,2,122,Lost Customers
CUST001864,22,21,3947.59,4,3,3,433,Potential Loyalists
CUST001865,447,13,5218.01,1,2,4,124,Lost Customers
CUST001866,297,4,0.0,1,1,1,111,Lost Customers
CUST001867,251,37,3905.8599999999997,2,4,3,243,At Risk
CUST001868,184,13,804.52,2,2,2,222,Lost Customers
CUST001869,7,34,1896.77,5,4,2,542,Champions
CUST001870,729,15,2069.87,1,2,2,122,Lost Customers
CUST001871,3,112,29098.120000000003,5,5,5,555,Champions
CUST001874,55,27,290.53,3,3,1,331,Needs Attention
CUST001875,2,113,12040.0,5,5,5,555,Champions
CUST001876,9,87,19465.149999999998,4,5,5,455,Champions
CUST001877,15,32,2622.59,4,4,3,443,Champions
CUST001878,118,20,829.04,2,3,2,232,Needs Attention
CUST001879,4,47,5448.16,5,4,4,544,Champions
CUST001880,6,11,5212.43,5,2,4,524,Potential Loyalists
CUST001881,29,49,3846.08,3,4,3,343,Loyal Customers
CUST001882,2,51,1857.61,5,4,2,542,Champions
CUST001883,8,70,15983.15,5,5,5,555,Champions
CUST001884,3,264,46660.35,5,5,5,555,Champions
CUST001885,73,43,1384.22,2,4,2,242,At Risk
CUST001886,11,17,9563.08,4,2,5,425,Potential Loyalists
CUST001887,74,33,3551.52,2,4,3,243,At Risk
CUST001888,44,12,0.0,3,2,1,321,Needs Attention
CUST001889,23,17,1749.93,3,2,2,322,Needs Attention
CUST001890,63,15,936.12,2,2,2,222,Lost Customers
CUST001891,8,21,2677.51,5,3,3,533,Potential Loyalists
CUST001892,19,31,4027.73,4,3,3,433,Potential Loyalists
CUST001893,231,11,0.0,2,2,1,221,Lost Customers
CUST001894,767,5,233.17,1,1,1,111,Lost Customers
CUST001895,44,16,997.09,3,2,2,322,Needs Attention
CUST001896,3,25,4321.99,5,3,3,533,Potential Loyalists
CUST001897,17,22,2010.35,4,3,2,432,Potential Loyalists
CUST001898,445,19,5561.87,1,2,4,124,Lost Customers
CUST001899,6,45,4769.41,5,4,4,544,Champions
CUST001901,251,18,7879.21,2,2,4,224,Lost Customers
CUST001902,103,30,1951.71,2,3,2,232,Needs Attention
CUST001903,380,2,352.28000000000003,1,1,1,111,Lost Customers
CUST001904,146,13,3747.77,2,2,3,223,Lost Customers
CUST001905,73,7,0.0,2,1,1,211,Lost Customers
CUST001906,4,73,5609.7300000000005,5,5,4,554,Champions
CUST001907,5,35,7175.780000000001,5,4,4,544,Champions
CUST001908,583,10,1380.94,1,1,2,112,Lost Customers
CUST001909,21,74,6481.219999999999,4,5,4,454,Champions
CUST001910,12,25,2217.13,4,3,3,433,Potential Loyalists
CUST001911,26,45,6555.85,3,4,4,344,Loyal Customers
CUST001912,388,23,5262.34,1,3,4,134,Needs Attention
CUST001913,5,30,3349.39,5,3,3,533,Potential Loyalists
CUST001914,301,15,2713.5,1,2,3,123,Lost Customers
CUST001915,30,6,802.02,3,1,2,312,Needs Attention
CUST001916,11,30,3873.32,4,3,3,433,Potential Loyalists
CUST001917,21,97,16065.26,4,5,5,455,Champions
CUST001918,409,36,6080.3,1,4,4,144,At Risk
CUST001919,108,62,17899.91,2,5,5,255,At Risk
CUST001920,10,64,8687.73,4,5,5,455,Champions
CUST001921,55,33,2361.62,3,4,3,343,Loyal Customers
CUST001922,864,5,1412.51,1,1,2,112,Lost Customers
CUST001923,793,2,0.0,1,1,1,111,Lost Customers
CUST001924,20,21,2633.4900000000002,4,3,3,433,Potential Loyalists
CUST001926,163,73,8806.34,2,5,5,255,At Risk
CUST001927,10,32,6041.32,4,4,4,444,Champions
CUST001928,56,12,1859.71,3,2,2,322,Needs Attention
CUST001929,20,24,3751.13,4,3,3,433,Potential Loyalists
CUST001930,176,38,3403.6,2,4,3,243,At Risk
CUST001932,5,6,0.0,5,1,1,511,Needs Attention
CUST001933,218,8,2927.3999999999996,2,1,3,213,Lost Customers
CUST001934,1066,1,0.0,1,1,1,111,Lost Customers
CUST001935,28,18,34.62,3,2,1,321,Needs Attention
CUST001936,32,28,4801.68,3,3,4,334,Needs Attention
CUST001937,9,23,119.51,4,3,1,431,Potential Loyalists
CUST001938,158,71,12624.74,2,5,5,255,At Risk
CUST001940,57,39,11826.130000000001,3,4,5,345,Loyal Customers
CUST001941,44,34,3433.32,3,4,3,343,Loyal Customers
CUST001942,78,11,6288.08,2,2,4,224,Lost Customers
CUST001943,19,68,11606.54,4,5,5,455,Champions
CUST001944,117,19,722.91,2,2,2,222,Lost Customers
CUST001945,50,59,3072.79,3,5,3,353,Loyal Customers
CUST001946,55,10,2012.54,3,1,2,312,Needs Attention
CUST001947,116,5,1512.03,2,1,2,212,Lost Customers
CUST001948,8,30,6464.2,5,3,4,534,Potential Loyalists
CUST001949,59,29,1268.33,2,3,2,232,Needs Attention
CUST001950,158,15,921.38,2,2,2,222,Lost Customers
CUST001951,98,13,4607.3,2,2,4,224,Lost Customers
CUST001952,9,81,15613.91,4,5,5,455,Champions
CUST001953,98,10,0.0,2,1,1,211,Lost Customers
CUST001954,6,141,19113.38,5,5,5,555,Champions
CUST001955,163,5,541.82,2,1,1,211,Lost Customers
CUST001956,795,8,985.75,1,1,2,112,Lost Customers
CUST001957,4,35,4508.57,5,4,4,544,Champions
CUST001958,16,51,3370.04,4,4,3,443,Champions
CUST001959,32,20,861.86,3,3,2,332,Needs Attention
CUST001960,7,18,4645.34,5,2,4,524,Potential Loyalists
CUST001961,787,3,252.7,1,1,1,111,Lost Customers
CUST001962,207,10,304.34,2,1,1,211,Lost Customers
CUST001963,6,55,9246.359999999999,5,5,5,555,Champions
CUST001964,127,16,2021.62,2,2,2,222,Lost Customers
CUST001965,32,18,1558.22,3,2,2,322,Needs Attention
CUST001966,17,16,762.9100000000001,4,2,2,422,Potential Loyalists
CUST001967,154,3,0.0,2,1,1,211,Lost Customers
CUST001968,41,22,7692.58,3,3,4,334,Needs Attention
CUST001969,7,206,23128.399999999998,5,5,5,555,Champions
CUST001970,30,56,10974.83,3,5,5,355,Loyal Customers
CUST001971,1,27,5116.53,5,3,4,534,Potential Loyalists
CUST001972,32,30,5064.78,3,3,4,334,Needs Attention
CUST001973,567,12,4152.3,1,2,3,123,Lost Customers
CUST001974,15,52,19014.17,4,4,5,445,Champions
CUST001975,675,5,0.0,1,1,1,111,Lost Customers
CUST001977,6,42,4276.33,5,4,3,543,Champions
CUST001978,43,45,9429.48,3,4,5,345,Loyal Customers
CUST001979,8,53,8737.71,5,5,5,555,Champions
CUST001981,28,47,13786.9,3,4,5,345,Loyal Customers
CUST001982,18,46,4602.02,4,4,4,444,Champions
CUST001983,15,27,5272.5,4,3,4,434,Potential Loyalists
CUST001984,17,26,3330.07,4,3,3,433,Potential Loyalists
CUST001985,3,31,2565.09,5,3,3,533,Potential Loyalists
CUST001986,13,107,10111.08,4,5,5,455,Champions
CUST001987,3,18,3227.72,5,2,3,523,Potential Loyalists
CUST001988,87,13,2982.54,2,2,3,223,Lost Customers
CUST001989,4,34,11110.77,5,4,5,545,Champions
CUST001990,74,23,7666.179999999999,2,3,4,234,Needs Attention
CUST001991,311,15,624.53,1,2,1,121,Lost Customers
CUST001992,35,19,2746.3999999999996,3,2,3,323,Needs Attention
CUST001993,79,22,3518.56,2,3,3,233,Needs Attention
CUST001994,5,59,3961.2799999999997,5,5,3,553,Champions
CUST001995,26,3,472.64,3,1,1,311,Needs Attention
CUST001996,53,17,3437.0099999999998,3,2,3,323,Needs Attention
CUST001997,24,26,1505.13,3,3,2,332,Needs Attention
CUST001998,65,11,1020.25,2,2,2,222,Lost Customers
CUST001999,39,22,0.0,3,3,1,331,Needs Attention
CUST002000,11,130,16121.52,4,5,5,455,Champions
CUST002001,745,1,0.0,1,1,1,111,Lost Customers
CUST002002,8,31,5364.96,5,3,4,534,Potential Loyalists
CUST002003,3,13,186.76999999999998,5,2,1,521,Potential Loyalists
CUST002004,7,12,234.9,5,2,1,521,Potential Loyalists
CUST002005,23,34,4424.36,3,4,4,344,Loyal Customers
CUST002006,142,19,1302.6000000000001,2,2,2,222,Lost Customers
CUST002007,9,86,17530.08,4,5,5,455,Champions
CUST002008,15,46,4852.3099999999995,4,4,4,444,Champions
CUST002010,11,35,7860.33,4,4,4,444,Champions
CUST002011,541,22,4174.25,1,3,3,133,Needs Attention
CUST002012,49,54,19403.11,3,5,5,355,Loyal Customers
CUST002013,4,144,12247.55,5,5,5,555,Champions
CUST002014,1,11,0.0,5,2,1,521,Potential Loyalists
CUST002016,101,18,3937.46,2,2,3,223,Lost Customers
CUST002017,584,5,3665.7,1,1,3,113,Lost Customers
CUST002018,352,18,3725.8599999999997,1,2,3,123,Lost Customers
CUST002019,14,62,7463.85,4,5,4,454,Champions
CUST002020,798,5,0.0,1,1,1,111,Lost Customers
CUST002021,474,15,3330.55,1,2,3,123,Lost Customers
CUST002022,23,40,5598.55,3,4,4,344,Loyal Customers
CUST002023,41,12,96.64,3,2,1,321,Needs Attention
CUST002024,20,177,36542.15,4,5,5,455,Champions
CUST002025,122,10,3957.11,2,1,3,213,Lost Customers
CUST002026,3,32,2742.62,5,4,3,543,Champions
CUST002027,10,162,25702.84,4,5,5,455,Champions
CUST002028,33,25,4730.52,3,3,4,334,Needs Attention
CUST002031,86,13,1922.92,2,2,2,222,Lost Customers
CUST002032,8,57,4318.0,5,5,3,553,Champions
CUST002033,2,5,0.0,5,1,1,511,Needs Attention
CUST002034,9,106,19262.14,4,5,5,455,Champions
CUST002035,98,4,0.0,2,1,1,211,Lost Customers
CUST002036,34,15,855.0500000000001,3,2,2,322,Needs Attention
CUST002037,807,5,2617.75,1,1,3,113,Lost Customers
CUST002038,17,46,1965.38,4,4,2,442,Champions
CUST002039,11,9,614.1800000000001,4,1,1,411,Needs Attention
CUST002040,15,32,1310.9,4,4,2,442,Champions
CUST002041,3,169,20264.57,5,5,5,555,Champions
CUST002042,8,8,1402.74,5,1,2,512,Needs Attention
CUST002043,12,28,3368.67,4,3,3,433,Potential Loyalists
CUST002044,53,13,335.96,3,2,1,321,Needs Attention
CUST002045,13,28,1156.02,4,3,2,432,Potential Loyalists
CUST002046,22,37,3100.67,4,4,3,443,Champions
CUST002047,6,22,8434.529999999999,5,3,4,534,Potential Loyalists
CUST002048,11,48,3146.77,4,4,3,443,Champions
CUST002049,5,163,27875.71,5,5,5,555,Champions
CUST002050,19,24,3798.6099999999997,4,3,3,433,Potential Loyalists
CUST002051,3,55,283.53,5,5,1,551,Champions
CUST002052,106,11,4238.82,2,2,3,223,Lost Customers
CUST002053,66,15,0.0,2,2,1,221,Lost Customers
CUST002054,52,48,5406.219999999999,3,4,4,344,Loyal Customers
CUST002055,18,78,16754.91,4,5,5,455,Champions
CUST002056,11,38,2959.99,4,4,3,443,Champions
CUST002057,861,2,0.0,1,1,1,111,Lost Customers
CUST002058,1,26,9296.310000000001,5,3,5,535,Potential Loyalists
CUST002059,5,17,0.0,5,2,1,521,Potential Loyalists
CUST002060,454,17,2570.42,1,2,3,123,Lost Customers
CUST002061,6,40,1314.1100000000001,5,4,2,542,Champions
CUST002062,55,17,2167.4,3,2,2,322,Needs Attention
CUST002063,22,18,1286.8,4,2,2,422,Potential Loyalists
CUST002064,58,34,3798.31,2,4,3,243,At Risk
CUST002066,27,20,4290.67,3,3,3,333,Needs Attention
CUST002067,361,127,13297.08,1,5,5,155,At Risk
CUST002068,654,2,276.82,1,1,1,111,Lost Customers
CUST002069,124,26,997.09,2,3,2,232,Needs Attention
CUST002070,266,17,3634.9500000000003,1,2,3,123,Lost Customers
CUST002071,1,56,9823.66,5,5,5,555,Champions
CUST002072,624,17,2343.38,1,2,3,123,Lost Customers
CUST002073,618,7,352.56,1,1,1,111,Lost Customers
CUST002074,632,39,3002.99,1,4,3,143,At Risk
CUST002075,13,70,7340.59,4,5,4,454,Champions
CUST002076,44,17,2730.48,3,2,3,323,Needs Attention
CUST002077,39,6,1159.6,3,1,2,312,Needs Attention
CUST002078,499,33,5956.62,1,4,4,144,At Risk
CUST002079,125,16,867.76,2,2,2,222,Lost Customers
CUST002080,228,38,2276.85,2,4,3,243,At Risk
CUST002081,971,1,0.0,1,1,1,111,Lost Customers
CUST002082,9,60,9383.25,4,5,5,455,Champions
CUST002083,40,10,11180.56,3,1,5,315,Needs Attention
CUST002084,655,25,1203.94,1,3,2,132,Needs Attention
CUST002085,3,19,2543.2799999999997,5,2,3,523,Potential Loyalists
CUST002086,111,8,2922.29,2,1,3,213,Lost Customers
CUST002087,50,24,189.46,3,3,1,331,Needs Attention
CUST002088,44,36,2603.1400000000003,3,4,3,343,Loyal Customers
CUST002089,11,59,12070.38,4,5,5,455,Champions
CUST002090,27,40,9007.380000000001,3,4,5,345,Loyal Customers
CUST002091,15,110,13740.92,4,5,5,455,Champions
CUST002092,271,7,122.87,1,1,1,111,Lost Customers
CUST002093,31,91,14745.19,3,5,5,355,Loyal Customers
CUST002094,6,51,12191.869999999999,5,4,5,545,Champions
CUST002095,17,22,3317.55,4,3,3,433,Potential Loyalists
CUST002096,17,10,119.72,4,1,1,411,Needs Attention
CUST002097,68,20,2134.8199999999997,2,3,2,232,Needs Attention
CUST002099,4,33,2429.45,5,4,3,543,Champions
CUST002100,8,117,26160.39,5,5,5,555,Champions
CUST002101,105,15,1706.76,2,2,2,222,Lost Customers
CUST002102,5,20,2536.89,5,3,3,533,Potential Loyalists
CUST002103,296,8,34.5,1,1,1,111,Lost Customers
CUST002104,69,41,7798.62,2,4,4,244,At Risk
CUST002105,5,52,2447.26,5,4,3,543,Champions
CUST002106,42,21,9787.18,3,3,5,335,Needs Attention
CUST002107,757,1,0.0,1,1,1,111,Lost Customers
CUST002108,315,36,10449.92,1,4,5,145,At Risk
CUST002109,55,27,1172.5900000000001,3,3,2,332,Needs Attention
CUST002110,202,30,1245.1599999999999,2,3,2,232,Needs Attention
CUST002111,24,72,4359.36,3,5,3,353,Loyal Customers
CUST002112,35,10,1663.97,3,1,2,312,Needs Attention
CUST002113,6,43,5418.95,5,4,4,544,Champions
CUST002114,17,55,16638.02,4,5,5,455,Champions
CUST002116,28,55,8336.57,3,5,4,354,Loyal Customers
CUST002117,57,21,1342.3600000000001,3,3,2,332,Needs Attention
CUST002118,54,29,6258.58,3,3,4,334,Needs Attention
CUST002119,20,45,4209.24,4,4,3,443,Champions
CUST002120,697,9,284.48,1,1,1,111,Lost Customers
CUST002121,39,15,8837.05,3,2,5,325,Needs Attention
CUST002122,36,28,5686.549999999999,3,3,4,334,Needs Attention
CUST002123,14,18,2630.72,4,2,3,423,Potential Loyalists
CUST002124,885,4,0.0,1,1,1,111,Lost Customers
CUST002125,9,43,7233.43,4,4,4,444,Champions
CUST002126,65,11,5818.95,2,2,4,224,Lost Customers
CUST002127,25,49,4234.45,3,4,3,343,Loyal Customers
CUST002129,414,6,640.23,1,1,2,112,Lost Customers
CUST002130,114,10,403.78,2,1,1,211,Lost Customers
CUST002131,8,82,9039.19,5,5,5,555,Champions
CUST002132,339,13,4905.01,1,2,4,124,Lost Customers
CUST002133,545,10,1971.2,1,1,2,112,Lost Customers
CUST002134,44,55,12432.74,3,5,5,355,Loyal Customers
CUST002135,5,85,13356.84,5,5,5,555,Champions
CUST002136,34,25,2142.49,3,3,2,332,Needs Attention
CUST002137,80,15,844.89,2,2,2,222,Lost Customers
CUST002138,20,122,14980.85,4,5,5,455,Champions
CUST002139,885,7,3253.49,1,1,3,113,Lost Customers
CUST002140,20,66,12451.460000000001,4,5,5,455,Champions
CUST002141,78,22,651.62,2,3,2,232,Needs Attention
CUST002142,244,8,1925.21,2,1,2,212,Lost Customers
CUST002143,576,2,0.0,1,1,1,111,Lost Customers
CUST002144,1,39,3126.52,5,4,3,543,Champions
CUST002145,610,16,426.75,1,2,1,121,Lost Customers
CUST002146,8,103,10988.45,5,5,5,555,Champions
CUST002147,26,64,9392.41,3,5,5,355,Loyal Customers
CUST002148,147,5,0.0,2,1,1,211,Lost Customers
CUST002149,33,56,12807.11,3,5,5,355,Loyal Customers
CUST002150,214,9,1167.1000000000001,2,1,2,212,Lost Customers
CUST002152,1067,1,0.0,1,1,1,111,Lost Customers
CUST002153,9,111,24684.81,4,5,5,455,Champions
CUST002154,3,321,45978.16,5,5,5,555,Champions
CUST002155,29,57,5470.81,3,5,4,354,Loyal Customers
CUST002156,960,2,965.04,1,1,2,112,Lost Customers
CUST002157,77,50,5347.89,2,4,4,244,At Risk
CUST002158,108,53,10937.78,2,5,5,255,At Risk
CUST002159,104,20,1376.8500000000001,2,3,2,232,Needs Attention
CUST002160,5,161,32148.79,5,5,5,555,Champions
CUST002161,3,32,2979.6,5,4,3,543,Champions
CUST002162,26,45,5152.54,3,4,4,344,Loyal Customers
CUST002163,22,56,14221.24,4,5,5,455,Champions
CUST002164,13,50,1468.71,4,4,2,442,Champions
CUST002165,8,59,14043.87,5,5,5,555,Champions
CUST002166,795,4,0.0,1,1,1,111,Lost Customers
CUST002167,621,5,0.0,1,1,1,111,Lost Customers
CUST002168,19,10,0.0,4,1,1,411,Needs Attention
CUST002169,94,31,5442.639999999999,2,3,4,234,Needs Attention
CUST002170,40,36,6735.08,3,4,4,344,Loyal Customers
CUST002171,2,42,5138.59,5,4,4,544,Champions
CUST002172,8,126,10888.289999999999,5,5,5,555,Champions
CUST002174,27,55,6302.32,3,5,4,354,Loyal Customers
CUST002175,8,10,1731.7,5,1,2,512,Needs Attention
CUST002177,51,44,4330.64,3,4,3,343,Loyal Customers
CUST002178,14,51,17083.87,4,4,5,445,Champions
CUST002179,8,25,7782.61,5,3,4,534,Potential Loyalists
CUST002180,11,26,0.0,4,3,1,431,Potential Loyalists
CUST002181,109,6,991.96,2,1,2,212,Lost Customers
CUST002182,26,18,1128.3,3,2,2,322,Needs Attention
CUST002183,6,57,10515.56,5,5,5,555,Champions
CUST002184,18,62,10146.119999999999,4,5,5,455,Champions
CUST002185,8,59,5809.54,5,5,4,554,Champions
CUST002186,14,35,4151.14,4,4,3,443,Champions
CUST002187,41,22,829.05,3,3,2,332,Needs Attention
CUST002188,46,11,564.98,3,2,1,321,Needs Attention
CUST002189,2,54,6286.5599999999995,5,5,4,554,Champions
CUST002190,6,31,5054.389999999999,5,3,4,534,Potential Loyalists
CUST002191,2,37,4881.36,5,4,4,544,Champions
CUST002192,102,15,2870.9399999999996,2,2,3,223,Lost Customers
CUST002193,567,2,0.0,1,1,1,111,Lost Customers
CUST002194,451,37,10242.279999999999,1,4,5,145,At Risk
CUST002195,98,17,1332.51,2,2,2,222,Lost Customers
CUST002196,77,15,5925.4400000000005,2,2,4,224,Lost Customers
CUST002197,17,77,19298.01,4,5,5,455,Champions
CUST002198,23,22,163.45,3,3,1,331,Needs Attention
CUST002199,244,64,4381.91,2,5,3,253,At Risk
CUST002200,48,51,3332.07,3,4,3,343,Loyal Customers
CUST002201,9,63,11431.79,4,5,5,455,Champions
CUST002202,530,6,547.45,1,1,1,111,Lost Customers
CUST002203,312,41,3322.95,1,4,3,143,At Risk
CUST002204,7,33,3846.8300000000004,5,4,3,543,Champions
CUST002205,718,3,86.43,1,1,1,111,Lost Customers
CUST002206,43,36,6448.16,3,4,4,344,Loyal Customers
CUST002208,190,37,5796.79,2,4,4,244,At Risk
CUST002209,187,9,1069.78,2,1,2,212,Lost Customers
CUST002210,363,7,238.92000000000002,1,1,1,111,Lost Customers
CUST002211,32,7,988.47,3,1,2,312,Needs Attention
CUST002212,10,80,17748.31,4,5,5,455,Champions
CUST002213,351,22,10566.44,1,3,5,135,Needs Attention
CUST002214,97,92,21012.28,2,5,5,255,At Risk
CUST002215,104,21,4438.95,2,3,4,234,Needs Attention
CUST002216,17,8,0.0,4,1,1,411,Needs Attention
CUST002217,178,9,1117.33,2,1,2,212,Lost Customers
CUST002218,25,62,18588.53,3,5,5,355,Loyal Customers
CUST002219,28,23,1471.66,3,3,2,332,Needs Attention
CUST002220,290,7,1115.52,1,1,2,112,Lost Customers
CUST002221,25,41,3516.9500000000003,3,4,3,343,Loyal Customers
CUST002222,13,60,9000.050000000001,4,5,5,455,Champions
CUST002223,606,13,390.79,1,2,1,121,Lost Customers
CUST002224,1,88,31402.41,5,5,5,555,Champions
CUST002225,2,25,2285.12,5,3,3,533,Potential Loyalists
CUST002226,112,10,1170.68,2,1,2,212,Lost Customers
CUST002227,62,13,402.24,2,2,1,221,Lost Customers
CUST002228,534,9,629.79,1,1,2,112,Lost Customers
CUST002229,1,18,8232.82,5,2,4,524,Potential Loyalists
CUST002230,69,19,357.98,2,2,1,221,Lost Customers
CUST002231,139,24,4033.75,2,3,3,233,Needs Attention
CUST002232,4,30,2839.85,5,3,3,533,Potential Loyalists
CUST002234,79,14,8556.570000000002,2,2,5,225,Lost Customers
CUST002235,40,29,5043.83,3,3,4,334,Needs Attention
CUST002236,120,13,8582.93,2,2,5,225,Lost Customers
CUST002237,52,48,3661.67,3,4,3,343,Loyal Customers
CUST002238,16,82,10021.15,4,5,5,455,Champions
CUST002239,840,1,0.0,1,1,1,111,Lost Customers
CUST002240,82,10,705.16,2,1,2,212,Lost Customers
CUST002241,44,9,2826.3599999999997,3,1,3,313,Needs Attention
CUST002242,2,19,5010.450000000001,5,2,4,524,Potential Loyalists
CUST002243,577,10,1663.33,1,1,2,112,Lost Customers
CUST002244,60,7,0.0,2,1,1,211,Lost Customers
CUST002246,37,18,1903.1599999999999,3,2,2,322,Needs Attention
CUST002247,690,8,125.51,1,1,1,111,Lost Customers
CUST002248,1,28,1971.21,5,3,2,532,Potential Loyalists
CUST002249,30,15,3582.8,3,2,3,323,Needs Attention
CUST002250,12,25,6057.93,4,3,4,434,Potential Loyalists
CUST002251,9,20,1428.35,4,3,2,432,Potential Loyalists
CUST002252,331,15,232.78,1,2,1,121,Lost Customers
CUST002253,4,134,18674.15,5,5,5,555,Champions
CUST002254,2,67,4235.12,5,5,3,553,Champions
CUST002256,23,52,5948.33,3,4,4,344,Loyal Customers
CUST002257,9,58,3892.53,4,5,3,453,Champions
CUST002258,153,9,564.52,2,1,1,211,Lost Customers
CUST002259,13,62,7090.32,4,5,4,454,Champions
CUST002260,6,99,8986.12,5,5,5,555,Champions
CUST002261,341,12,229.47,1,2,1,121,Lost Customers
CUST002262,185,5,236.94,2,1,1,211,Lost Customers
CUST002263,1,62,5491.2300000000005,5,5,4,554,Champions
CUST002264,19,41,3441.5299999999997,4,4,3,443,Champions
CUST002265,37,48,4982.700000000001,3,4,4,344,Loyal Customers
CUST002266,57,44,6341.12,3,4,4,344,Loyal Customers
CUST002267,5,43,9296.34,5,4,5,545,Champions
CUST002268,12,10,495.39,4,1,1,411,Needs Attention
CUST002269,20,45,6068.42,4,4,4,444,Champions
CUST002270,30,56,4456.05,3,5,4,354,Loyal Customers
CUST002271,804,6,1218.98,1,1,2,112,Lost Customers
CUST002272,1,28,742.0699999999999,5,3,2,532,Potential Loyalists
CUST002273,2,13,3225.6499999999996,5,2,3,523,Potential Loyalists
CUST002274,21,35,7123.43,4,4,4,444,Champions
CUST002275,10,31,3682.81,4,3,3,433,Potential Loyalists
CUST002276,6,39,2990.11,5,4,3,543,Champions
CUST002277,16,75,21510.39,4,5,5,455,Champions
CUST002278,84,18,4484.0,2,2,4,224,Lost Customers
CUST002279,15,43,7496.91,4,4,4,444,Champions
CUST002280,55,18,393.6,3,2,1,321,Needs Attention
CUST002281,23,32,2318.0,3,4,3,343,Loyal Customers
CUST002282,5,29,7202.35,5,3,4,534,Potential Loyalists
CUST002283,33,30,2558.21,3,3,3,333,Needs Attention
CUST002284,117,9,567.28,2,1,1,211,Lost Customers
CUST002285,696,5,1414.6799999999998,1,1,2,112,Lost Customers
CUST002286,2,65,4817.38,5,5,4,554,Champions
CUST002289,1,121,17820.36,5,5,5,555,Champions
CUST002290,22,87,12961.69,4,5,5,455,Champions
CUST002291,135,8,989.8299999999999,2,1,2,212,Lost Customers
CUST002292,11,58,892.1600000000001,4,5,2,452,Champions
CUST002293,5,20,4336.1,5,3,3,533,Potential Loyalists
CUST002294,2,37,5699.7,5,4,4,544,Champions
CUST002295,432,23,1464.82,1,3,2,132,Needs Attention
CUST002296,5,36,4370.97,5,4,3,543,Champions
CUST002297,23,21,5649.82,3,3,4,334,Needs Attention
CUST002298,47,18,7545.8099999999995,3,2,4,324,Needs Attention
CUST002299,11,11,266.15,4,2,1,421,Potential Loyalists
CUST002300,35,18,389.4,3,2,1,321,Needs Attention
CUST002301,30,22,2165.46,3,3,2,332,Needs Attention
CUST002302,80,16,2259.79,2,2,3,223,Lost Customers
CUST002303,398,48,10762.06,1,4,5,145,At Risk
CUST002304,33,81,13626.16,3,5,5,355,Loyal Customers
CUST002305,25,19,4551.02,3,2,4,324,Needs Attention
CUST002306,328,16,1352.56,1,2,2,122,Lost Customers
CUST002307,5,41,9702.13,5,4,5,545,Champions
CUST002308,25,32,2773.1800000000003,3,4,3,343,Loyal Customers
CUST002309,16,19,2296.1600000000003,4,2,3,423,Potential Loyalists
CUST002310,10,46,6777.49,4,4,4,444,Champions
CUST002311,7,30,2469.19,5,3,3,533,Potential Loyalists
CUST002312,81,12,268.39,2,2,1,221,Lost Customers
CUST002313,12,57,120.44,4,5,1,451,Champions
CUST002314,379,37,976.23,1,4,2,142,At Risk
CUST002315,54,15,426.40999999999997,3,2,1,321,Needs Attention
CUST002316,1,25,1871.05,5,3,2,532,Potential Loyalists
CUST002317,27,58,2315.84,3,5,3,353,Loyal Customers
CUST002318,261,11,308.39,2,2,1,221,Lost Customers
CUST002319,22,67,9822.98,4,5,5,455,Champions
CUST002320,2,194,35051.03,5,5,5,555,Champions
CUST002321,25,18,1232.98,3,2,2,322,Needs Attention
CUST002322,23,14,2051.0,3,2,2,322,Needs Attention
CUST002323,111,37,8200.85,2,4,4,244,At Risk
CUST002324,1,41,10174.31,5,4,5,545,Champions
CUST002325,834,5,0.0,1,1,1,111,Lost Customers
CUST002326,855,30,7942.59,1,3,4,134,Needs Attention
CUST002330,4,92,3541.98,5,5,3,553,Champions
CUST002331,816,5,1735.9,1,1,2,112,Lost Customers
CUST002332,79,12,2056.86,2,2,2,222,Lost Customers
CUST002334,4,58,8892.9,5,5,5,555,Champions
CUST002335,78,21,2314.64,2,3,3,233,Needs Attention
CUST002336,4,23,132.78,5,3,1,531,Potential Loyalists
CUST002337,59,31,5066.450000000001,2,3,4,234,Needs Attention
CUST002338,211,3,0.0,2,1,1,211,Lost Customers
CUST002339,34,23,4958.2,3,3,4,334,Needs Attention
CUST002340,41,13,5697.32,3,2,4,324,Needs Attention
CUST002341,45,11,0.0,3,2,1,321,Needs Attention
CUST002342,633,33,6696.41,1,4,4,144,At Risk
CUST002344,14,59,9886.79,4,5,5,455,Champions
CUST002345,9,19,2663.34,4,2,3,423,Potential Loyalists
CUST002346,19,34,1890.14,4,4,2,442,Champions
CUST002347,38,71,5457.82,3,5,4,354,Loyal Customers
CUST002348,4,28,1320.9299999999998,5,3,2,532,Potential Loyalists
CUST002349,27,38,12852.36,3,4,5,345,Loyal Customers
CUST002351,437,11,3789.85,1,2,3,123,Lost Customers
CUST002352,47,19,5070.53,3,2,4,324,Needs Attention
CUST002353,669,11,3040.7799999999997,1,2,3,123,Lost Customers
CUST002354,329,9,1052.72,1,1,2,112,Lost Customers
CUST002355,3,310,30428.29,5,5,5,555,Champions
CUST002356,8,125,12245.92,5,5,5,555,Champions
CUST002357,6,14,558.3,5,2,1,521,Potential Loyalists
CUST002358,476,2,0.0,1,1,1,111,Lost Customers
CUST002359,224,30,4355.94,2,3,3,233,Needs Attention
CUST002360,12,56,13585.85,4,5,5,455,Champions
CUST002361,14,48,2315.4300000000003,4,4,3,443,Champions
CUST002362,11,16,1398.08,4,2,2,422,Potential Loyalists
CUST002363,48,27,6039.150000000001,3,3,4,334,Needs Attention
CUST002364,15,22,2190.76,4,3,3,433,Potential Loyalists
CUST002365,166,16,4319.35,2,2,3,223,Lost Customers
CUST002366,101,3,0.0,2,1,1,211,Lost Customers
CUST002367,50,24,1029.0,3,3,2,332,Needs Attention
CUST002369,8,41,8757.35,5,4,5,545,Champions
CUST002370,1,429,92419.56,5,5,5,555,Champions
CUST002371,18,47,4235.22,4,4,3,443,Champions
CUST002372,44,16,718.34,3,2,2,322,Needs Attention
CUST002373,3,47,9556.69,5,4,5,545,Champions
CUST002374,14,31,8413.06,4,3,4,434,Potential Loyalists
CUST002376,30,47,3689.39,3,4,3,343,Loyal Customers
CUST002377,6,169,38871.83,5,5,5,555,Champions
CUST002378,368,5,227.23,1,1,1,111,Lost Customers
CUST002380,63,13,493.05,2,2,1,221,Lost Customers
CUST002381,3,39,7030.99,5,4,4,544,Champions
CUST002382,78,18,2245.99,2,2,3,223,Lost Customers
CUST002383,523,9,250.65,1,1,1,111,Lost Customers
CUST002384,1,28,13521.99,5,3,5,535,Potential Loyalists
CUST002385,5,56,12051.74,5,5,5,555,Champions
CUST002386,22,56,8029.170000000001,4,5,4,454,Champions
CUST002387,732,2,361.19,1,1,1,111,Lost Customers
CUST002388,14,42,4915.01,4,4,4,444,Champions
CUST002389,205,13,6247.12,2,2,4,224,Lost Customers
CUST002390,392,7,2331.63,1,1,3,113,Lost Customers
CUST002391,6,35,2229.77,5,4,3,543,Champions
CUST002392,109,30,5054.46,2,3,4,234,Needs Attention
CUST002393,11,199,25645.96,4,5,5,455,Champions
CUST002394,7,54,9397.22,5,5,5,555,Champions
CUST002395,331,9,0.0,1,1,1,111,Lost Customers
CUST002396,466,8,0.0,1,1,1,111,Lost Customers
CUST002397,2,50,11436.61,5,4,5,545,Champions
CUST002398,14,158,18001.37,4,5,5,455,Champions
CUST002399,62,7,1587.0,2,1,2,212,Lost Customers
CUST002400,112,10,6619.299999999999,2,1,4,214,Lost Customers
CUST002401,13,136,22060.329999999998,4,5,5,455,Champions
CUST002402,50,37,10437.48,3,4,5,345,Loyal Customers
CUST002403,133,15,2248.92,2,2,3,223,Lost Customers
CUST002404,15,44,9997.23,4,4,5,445,Champions
CUST002405,7,7,131.11,5,1,1,511,Needs Attention
CUST002406,27,27,2221.7999999999997,3,3,3,333,Needs Attention
CUST002407,235,30,5064.7300000000005,2,3,4,234,Needs Attention
CUST002408,2,46,9909.85,5,4,5,545,Champions
CUST002409,12,12,3405.8199999999997,4,2,3,423,Potential Loyalists
CUST002410,54,28,513.9200000000001,3,3,1,331,Needs Attention
CUST002412,7,53,5429.929999999999,5,5,4,554,Champions
CUST002414,57,10,1190.2,3,1,2,312,Needs Attention
CUST002415,27,9,1205.08,3,1,2,312,Needs Attention
CUST002416,710,3,981.16,1,1,2,112,Lost Customers
CUST002417,255,39,5924.99,2,4,4,244,At Risk
CUST002418,24,33,762.1800000000001,3,4,2,342,Loyal Customers
CUST002419,6,52,5266.83,5,4,4,544,Champions
CUST002420,82,7,3068.81,2,1,3,213,Lost Customers
CUST002421,25,21,5470.36,3,3,4,334,Needs Attention
CUST002422,11,21,5157.79,4,3,4,434,Potential Loyalists
CUST002423,3,241,47075.82,5,5,5,555,Champions
CUST002424,552,3,769.39,1,1,2,112,Lost Customers
CUST002425,23,94,4461.62,3,5,4,354,Loyal Customers
CUST002426,597,5,1845.82,1,1,2,112,Lost Customers
CUST002427,36,36,1776.01,3,4,2,342,Loyal Customers
CUST002428,642,28,6626.57,1,3,4,134,Needs Attention
CUST002429,7,23,5376.41,5,3,4,534,Potential Loyalists
CUST002430,11,46,7217.16,4,4,4,444,Champions
CUST002431,37,38,4459.9,3,4,4,344,Loyal Customers
CUST002432,5,88,19145.18,5,5,5,555,Champions
CUST002433,46,44,1034.66,3,4,2,342,Loyal Customers
CUST002436,8,38,3771.45,5,4,3,543,Champions
CUST002438,53,23,3204.42,3,3,3,333,Needs Attention
CUST002439,298,44,7777.389999999999,1,4,4,144,At Risk
CUST002440,26,19,925.32,3,2,2,322,Needs Attention
CUST002441,573,6,3923.97,1,1,3,113,Lost Customers
CUST002442,7,39,4162.66,5,4,3,543,Champions
CUST002443,595,15,0.0,1,2,1,121,Lost Customers
CUST002444,58,9,783.74,2,1,2,212,Lost Customers
CUST002445,30,28,2192.55,3,3,3,333,Needs Attention
CUST002446,30,49,10818.78,3,4,5,345,Loyal Customers
CUST002447,18,73,19649.399999999998,4,5,5,455,Champions
CUST002449,23,7,1328.0,3,1,2,312,Needs Attention
CUST002450,4,67,16109.17,5,5,5,555,Champions
CUST002451,5,16,86.47,5,2,1,521,Potential Loyalists
CUST002452,26,16,2075.27,3,2,2,322,Needs Attention
CUST002453,807,6,386.7,1,1,1,111,Lost Customers
CUST002454,1,34,6709.04,5,4,4,544,Champions
CUST002455,32,16,1865.04,3,2,2,322,Needs Attention
CUST002456,968,1,0.0,1,1,1,111,Lost Customers
CUST002457,50,42,2241.16,3,4,3,343,Loyal Customers
CUST002458,5,77,13671.539999999999,5,5,5,555,Champions
CUST002459,3,60,16108.57,5,5,5,555,Champions
CUST002461,34,20,858.37,3,3,2,332,Needs Attention
CUST002462,2,31,3790.32,5,3,3,533,Potential Loyalists
CUST002464,745,3,0.0,1,1,1,111,Lost Customers
CUST002465,30,20,3278.95,3,3,3,333,Needs Attention
CUST002466,37,36,7854.06,3,4,4,344,Loyal Customers
CUST002467,6,64,17391.83,5,5,5,555,Champions
CUST002468,5,110,26269.440000000002,5,5,5,555,Champions
CUST002469,27,41,10175.75,3,4,5,345,Loyal Customers
CUST002470,14,49,7430.360000000001,4,4,4,444,Champions
CUST002471,3,20,1822.21,5,3,2,532,Potential Loyalists
CUST002472,640,16,678.51,1,2,2,122,Lost Customers
CUST002473,15,40,5733.01,4,4,4,444,Champions
CUST002474,38,18,6176.86,3,2,4,324,Needs Attention
CUST002475,960,1,0.0,1,1,1,111,Lost Customers
CUST002476,628,33,883.02,1,4,2,142,At Risk
CUST002477,12,21,1147.92,4,3,2,432,Potential Loyalists
CUST002478,43,18,2518.91,3,2,3,323,Needs Attention
CUST002479,31,34,208.68,3,4,1,341,Loyal Customers
CUST002480,38,31,2052.45,3,3,2,332,Needs Attention
CUST002481,19,39,7529.4400000000005,4,4,4,444,Champions
CUST002482,8,40,14612.89,5,4,5,545,Champions
CUST002483,21,136,23510.47,4,5,5,455,Champions
CUST002484,8,62,2909.5600000000004,5,5,3,553,Champions
CUST002485,6,27,1357.93,5,3,2,532,Potential Loyalists
CUST002486,397,39,890.86,1,4,2,142,At Risk
CUST002487,110,15,772.38,2,2,2,222,Lost Customers
CUST002488,3,31,781.9200000000001,5,3,2,532,Potential Loyalists
CUST002489,5,143,13835.43,5,5,5,555,Champions
CUST002490,22,35,7957.68,4,4,4,444,Champions
CUST002491,163,15,2856.17,2,2,3,223,Lost Customers
CUST002492,113,11,3078.83,2,2,3,223,Lost Customers
CUST002493,32,14,124.25,3,2,1,321,Needs Attention
CUST002494,90,17,1063.97,2,2,2,222,Lost Customers
CUST002495,16,35,2188.15,4,4,3,443,Champions
CUST002496,216,12,1738.76,2,2,2,222,Lost Customers
CUST002497,7,23,10871.51,5,3,5,535,Potential Loyalists
CUST002498,5,52,2903.76,5,4,3,543,Champions
CUST002499,339,11,1701.56,1,2,2,122,Lost Customers
CUST002500,5,117,25022.7,5,5,5,555,Champions
CUST002501,14,36,8280.85,4,4,4,444,Champions
CUST002502,311,48,3212.46,1,4,3,143,At Risk
CUST002503,130,19,863.4,2,2,2,222,Lost Customers
CUST002504,883,8,0.0,1,1,1,111,Lost Customers
CUST002505,72,4,0.0,2,1,1,211,Lost Customers
CUST002506,3,56,8601.24,5,5,5,555,Champions
CUST002507,8,36,2195.0699999999997,5,4,3,543,Champions
CUST002508,3,40,3001.2599999999998,5,4,3,543,Champions
CUST002509,52,10,1003.53,3,1,2,312,Needs Attention
CUST002511,19,46,4652.12,4,4,4,444,Champions
CUST002512,173,13,8308.25,2,2,4,224,Lost Customers
CUST002513,13,45,7193.35,4,4,4,444,Champions
CUST002514,127,6,128.82,2,1,1,211,Lost Customers
CUST002515,8,67,7320.29,5,5,4,554,Champions
CUST002516,467,6,961.66,1,1,2,112,Lost Customers
CUST002517,54,38,6796.84,3,4,4,344,Loyal Customers
CUST002518,14,37,4024.1600000000003,4,4,3,443,Champions
CUST002519,14,13,0.0,4,2,1,421,Potential Loyalists
CUST002520,5,29,361.94,5,3,1,531,Potential Loyalists
CUST002521,415,28,3708.06,1,3,3,133,Needs Attention
CUST002522,131,23,2946.0299999999997,2,3,3,233,Needs Attention
CUST002523,19,15,7685.87,4,2,4,424,Potential Loyalists
CUST002524,717,4,468.06,1,1,1,111,Lost Customers
CUST002525,5,25,3786.2799999999997,5,3,3,533,Potential Loyalists
CUST002526,436,2,0.0,1,1,1,111,Lost Customers
CUST002527,1025,3,1894.5,1,1,2,112,Lost Customers
CUST002528,224,18,3160.0299999999997,2,2,3,223,Lost Customers
CUST002529,9,41,2841.7799999999997,4,4,3,443,Champions
CUST002530,17,18,4160.6900000000005,4,2,3,423,Potential Loyalists
CUST002531,378,15,1341.2399999999998,1,2,2,122,Lost Customers
CUST002532,12,37,22016.23,4,4,5,445,Champions
CUST002533,594,21,3668.0299999999997,1,3,3,133,Needs Attention
CUST002534,47,62,13869.68,3,5,5,355,Loyal Customers
CUST002535,472,20,5361.9,1,3,4,134,Needs Attention
CUST002536,144,6,0.0,2,1,1,211,Lost Customers
CUST002537,7,65,3494.87,5,5,3,553,Champions
CUST002538,119,59,7896.8099999999995,2,5,4,254,At Risk
CUST002539,14,9,0.0,4,1,1,411,Needs Attention
CUST002540,25,14,5023.32,3,2,4,324,Needs Attention
CUST002541,568,6,1436.74,1,1,2,112,Lost Customers
CUST002542,19,20,4986.89,4,3,4,434,Potential Loyalists
CUST002543,34,32,4667.57,3,4,4,344,Loyal Customers
CUST002544,753,15,1224.25,1,2,2,122,Lost Customers
CUST002545,1,87,8687.460000000001,5,5,5,555,Champions
CUST002546,196,10,1946.7,2,1,2,212,Lost Customers
CUST002547,19,40,7498.53,4,4,4,444,Champions
CUST002548,487,43,3923.24,1,4,3,143,At Risk
CUST002549,58,41,2725.9,2,4,3,243,At Risk
CUST002550,7,58,9780.29,5,5,5,555,Champions
CUST002551,419,69,13642.77,1,5,5,155,At Risk
CUST002552,6,59,6321.22,5,5,4,554,Champions
CUST002553,2,40,11234.789999999999,5,4,5,545,Champions
CUST002554,16,78,20472.85,4,5,5,455,Champions
CUST002555,34,30,7077.799999999999,3,3,4,334,Needs Attention
CUST002556,2,31,3203.62,5,3,3,533,Potential Loyalists
CUST002557,45,19,2716.48,3,2,3,323,Needs Attention
CUST002558,249,85,8327.62,2,5,4,254,At Risk
CUST002559,12,23,4102.78,4,3,3,433,Potential Loyalists
CUST002560,708,35,8727.47,1,4,5,145,At Risk
CUST002562,32,5,1393.58,3,1,2,312,Needs Attention
CUST002563,5,33,3083.39,5,4,3,543,Champions
CUST002565,5,65,10133.39,5,5,5,555,Champions
CUST002566,27,64,7827.44,3,5,4,354,Loyal Customers
CUST002567,55,20,1274.03,3,3,2,332,Needs Attention
CUST002568,29,23,1004.46,3,3,2,332,Needs Attention
CUST002569,680,55,4837.8,1,5,4,154,At Risk
CUST002570,632,8,517.4100000000001,1,1,1,111,Lost Customers
CUST002571,44,7,135.76,3,1,1,311,Needs Attention
CUST002572,14,91,22356.8,4,5,5,455,Champions
CUST002574,25,31,5210.58,3,3,4,334,Needs Attention
CUST002575,925,1,0.0,1,1,1,111,Lost Customers
CUST002577,32,19,460.03999999999996,3,2,1,321,Needs Attention
CUST002578,6,18,1658.7800000000002,5,2,2,522,Potential Loyalists
CUST002579,258,56,11044.7,2,5,5,255,At Risk
CUST002580,10,113,12532.539999999999,4,5,5,455,Champions
CUST002581,14,45,10331.64,4,4,5,445,Champions
CUST002583,7,192,44010.549999999996,5,5,5,555,Champions
CUST002584,14,27,2557.95,4,3,3,433,Potential Loyalists
CUST002585,50,33,4051.5299999999997,3,4,3,343,Loyal Customers
CUST002586,454,21,4808.76,1,3,4,134,Needs Attention
CUST002587,714,18,1007.09,1,2,2,122,Lost Customers
CUST002589,50,29,2372.09,3,3,3,333,Needs Attention
CUST002590,318,25,34.56,1,3,1,131,Needs Attention
CUST002591,21,26,3257.88,4,3,3,433,Potential Loyalists
CUST002592,34,65,10083.039999999999,3,5,5,355,Loyal Customers
CUST002594,430,15,2429.66,1,2,3,123,Lost Customers
CUST002595,134,33,6394.96,2,4,4,244,At Risk
CUST002596,210,9,1853.08,2,1,2,212,Lost Customers
CUST002597,8,53,12178.470000000001,5,5,5,555,Champions
CUST002598,4,26,3273.27,5,3,3,533,Potential Loyalists
CUST002599,85,64,8719.789999999999,2,5,5,255,At Risk
CUST002600,1,115,11029.37,5,5,5,555,Champions
CUST002601,7,24,1703.53,5,3,2,532,Potential Loyalists
CUST002602,28,28,1695.8600000000001,3,3,2,332,Needs Attention
CUST002603,30,26,1782.31,3,3,2,332,Needs Attention
CUST002604,329,14,238.88,1,2,1,121,Lost Customers
CUST002605,34,37,5676.030000000001,3,4,4,344,Loyal Customers
CUST002606,359,12,233.74,1,2,1,121,Lost Customers
CUST002607,81,14,2519.8,2,2,3,223,Lost Customers
CUST002608,16,61,8470.47,4,5,4,454,Champions
CUST002609,18,37,2692.8599999999997,4,4,3,443,Champions
CUST002610,353,10,5473.18,1,1,4,114,Lost Customers
CUST002611,378,55,8846.9,1,5,5,155,At Risk
CUST002612,61,32,4873.84,2,4,4,244,At Risk
CUST002613,7,34,9978.86,5,4,5,545,Champions
CUST002614,47,74,8048.3099999999995,3,5,4,354,Loyal Customers
CUST002615,69,29,7819.44,2,3,4,234,Needs Attention
CUST002616,183,18,3006.4700000000003,2,2,3,223,Lost Customers
CUST002618,1,23,448.76,5,3,1,531,Potential Loyalists
CUST002619,581,10,238.91,1,1,1,111,Lost Customers
CUST002620,22,15,251.67,4,2,1,421,Potential Loyalists
CUST002621,403,11,411.34,1,2,1,121,Lost Customers
CUST002623,33,17,481.78,3,2,1,321,Needs Attention
CUST002624,12,20,1123.42,4,3,2,432,Potential Loyalists
CUST002625,933,2,0.0,1,1,1,111,Lost Customers
CUST002626,161,18,3268.56,2,2,3,223,Lost Customers
CUST002627,117,30,526.25,2,3,1,231,Needs Attention
CUST002628,20,30,1696.78,4,3,2,432,Potential Loyalists
CUST002629,18,56,12353.45,4,5,5,455,Champions
CUST002630,147,10,3750.92,2,1,3,213,Lost Customers
CUST002631,159,9,1794.3,2,1,2,212,Lost Customers
CUST002632,18,20,2081.4300000000003,4,3,2,432,Potential Loyalists
CUST002633,6,19,2490.5099999999998,5,2,3,523,Potential Loyalists
CUST002634,181,19,4608.1900000000005,2,2,4,224,Lost Customers
CUST002635,33,15,4342.81,3,2,3,323,Needs Attention
CUST002636,269,7,3517.72,1,1,3,113,Lost Customers
CUST002637,30,17,3468.5299999999997,3,2,3,323,Needs Attention
CUST002638,20,24,4091.3799999999997,4,3,3,433,Potential Loyalists
CUST002639,13,45,19817.87,4,4,5,445,Champions
CUST002640,76,18,1347.4099999999999,2,2,2,222,Lost Customers
CUST002641,11,14,68.34,4,2,1,421,Potential Loyalists
CUST002642,32,15,245.92,3,2,1,321,Needs Attention
CUST002643,49,25,4473.84,3,3,4,334,Needs Attention
CUST002644,426,8,0.0,1,1,1,111,Lost Customers
CUST002645,21,52,9397.51,4,4,5,445,Champions
CUST002646,183,9,1469.98,2,1,2,212,Lost Customers
CUST002647,722,6,177.82,1,1,1,111,Lost Customers
CUST002648,185,34,4356.41,2,4,3,243,At Risk
CUST002649,62,39,5697.69,2,4,4,244,At Risk
CUST002650,15,221,26140.510000000002,4,5,5,455,Champions
CUST002651,5,57,7656.87,5,5,4,554,Champions
CUST002652,6,22,1241.3600000000001,5,3,2,532,Potential Loyalists
CUST002653,62,25,475.59000000000003,2,3,1,231,Needs Attention
CUST002654,162,10,440.48,2,1,1,211,Lost Customers
CUST002655,16,26,12686.76,4,3,5,435,Potential Loyalists
CUST002656,25,12,0.0,3,2,1,321,Needs Attention
CUST002657,430,17,2073.99,1,2,2,122,Lost Customers
CUST002658,144,15,1139.15,2,2,2,222,Lost Customers
CUST002659,91,19,7734.08,2,2,4,224,Lost Customers
CUST002660,754,3,0.0,1,1,1,111,Lost Customers
CUST002661,4,103,14205.26,5,5,5,555,Champions
CUST002662,11,20,1919.78,4,3,2,432,Potential Loyalists
CUST002663,1,131,12962.65,5,5,5,555,Champions
CUST002664,312,31,6048.17,1,3,4,134,Needs Attention
CUST002665,8,43,9110.35,5,4,5,545,Champions
CUST002666,4,34,2774.31,5,4,3,543,Champions
CUST002667,2,47,9237.03,5,4,5,545,Champions
CUST002669,83,11,697.26,2,2,2,222,Lost Customers
CUST002670,5,57,11109.89,5,5,5,555,Champions
CUST002671,27,36,5056.26,3,4,4,344,Loyal Customers
CUST002672,582,1,0.0,1,1,1,111,Lost Customers
CUST002673,5,28,2332.07,5,3,3,533,Potential Loyalists
CUST002674,16,95,17304.66,4,5,5,455,Champions
CUST002675,4,61,6343.610000000001,5,5,4,554,Champions
CUST002676,40,37,6069.51,3,4,4,344,Loyal Customers
CUST002677,14,56,15148.15,4,5,5,455,Champions
CUST002678,878,1,0.0,1,1,1,111,Lost Customers
CUST002679,18,10,995.8800000000001,4,1,2,412,Needs Attention
CUST002680,18,19,68.82,4,2,1,421,Potential Loyalists
CUST002681,12,110,18135.19,4,5,5,455,Champions
CUST002682,172,12,7597.42,2,2,4,224,Lost Customers
CUST002683,6,18,225.91,5,2,1,521,Potential Loyalists
CUST002685,6,162,26387.66,5,5,5,555,Champions
CUST002686,5,149,32298.120000000003,5,5,5,555,Champions
CUST002687,5,189,25990.04,5,5,5,555,Champions
CUST002688,43,21,1486.4,3,3,2,332,Needs Attention
CUST002689,3,56,2478.57,5,5,3,553,Champions
CUST002690,70,11,245.37,2,2,1,221,Lost Customers
CUST002691,9,132,29873.9,4,5,5,455,Champions
CUST002692,94,9,0.0,2,1,1,211,Lost Customers
CUST002693,7,33,1336.81,5,4,2,542,Champions
CUST002694,522,10,3095.54,1,1,3,113,Lost Customers
CUST002695,37,23,1575.1399999999999,3,3,2,332,Needs Attention
CUST002696,10,20,8289.97,4,3,4,434,Potential Loyalists
CUST002697,696,3,449.16,1,1,1,111,Lost Customers
CUST002698,112,9,775.74,2,1,2,212,Lost Customers
CUST002699,64,25,962.1000000000001,2,3,2,232,Needs Attention
CUST002700,527,21,5971.51,1,3,4,134,Needs Attention
CUST002701,144,9,193.44,2,1,1,211,Lost Customers
CUST002702,12,42,11874.27,4,4,5,445,Champions
CUST002703,1,65,5266.62,5,5,4,554,Champions
CUST002704,2,20,6004.549999999999,5,3,4,534,Potential Loyalists
CUST002705,34,17,2388.32,3,2,3,323,Needs Attention
CUST002706,6,25,2443.34,5,3,3,533,Potential Loyalists
CUST002707,543,26,3944.54,1,3,3,133,Needs Attention
CUST002708,31,28,1421.88,3,3,2,332,Needs Attention
CUST002709,32,19,13751.16,3,2,5,325,Needs Attention
CUST002710,341,39,9629.8,1,4,5,145,At Risk
CUST002711,243,12,385.0,2,2,1,221,Lost Customers
CUST002712,8,62,8409.13,5,5,4,554,Champions
CUST002713,15,44,5438.19,4,4,4,444,Champions
CUST002714,16,30,2449.2000000000003,4,3,3,433,Potential Loyalists
CUST002715,46,17,12178.76,3,2,5,325,Needs Attention
CUST002716,172,13,1584.98,2,2,2,222,Lost Customers
CUST002717,2,33,8375.210000000001,5,4,4,544,Champions
CUST002718,36,75,15351.710000000001,3,5,5,355,Loyal Customers
CUST002719,3,20,5902.43,5,3,4,534,Potential Loyalists
CUST002721,388,3,727.6600000000001,1,1,2,112,Lost Customers
CUST002722,2,13,1715.92,5,2,2,522,Potential Loyalists
CUST002723,8,25,5165.259999999999,5,3,4,534,Potential Loyalists
CUST002724,26,12,3117.49,3,2,3,323,Needs Attention
CUST002725,50,7,334.13,3,1,1,311,Needs Attention
CUST002726,112,12,0.0,2,2,1,221,Lost Customers
CUST002727,31,30,3437.63,3,3,3,333,Needs Attention
CUST002728,12,23,6405.530000000001,4,3,4,434,Potential Loyalists
CUST002729,393,4,0.0,1,1,1,111,Lost Customers
CUST002730,295,5,0.0,1,1,1,111,Lost Customers
CUST002731,100,14,849.13,2,2,2,222,Lost Customers
CUST002732,2,29,3570.77,5,3,3,533,Potential Loyalists
CUST002733,32,5,0.0,3,1,1,311,Needs Attention
CUST002734,602,2,0.0,1,1,1,111,Lost Customers
CUST002735,41,17,2704.8,3,2,3,323,Needs Attention
CUST002736,13,74,9392.48,4,5,5,455,Champions
CUST002738,23,58,15493.87,3,5,5,355,Loyal Customers
CUST002739,31,31,1624.69,3,3,2,332,Needs Attention
CUST002740,538,5,0.0,1,1,1,111,Lost Customers
CUST002741,9,69,9592.380000000001,4,5,5,455,Champions
CUST002742,455,21,4664.88,1,3,4,134,Needs Attention
CUST002743,5,29,3663.02,5,3,3,533,Potential Loyalists
CUST002744,1,607,119144.4,5,5,5,555,Champions
CUST002745,15,12,2364.9300000000003,4,2,3,423,Potential Loyalists
CUST002746,22,96,8086.95,4,5,4,454,Champions
CUST002747,43,29,6904.93,3,3,4,334,Needs Attention
CUST002748,12,42,4737.3099999999995,4,4,4,444,Champions
CUST002749,2,30,7093.21,5,3,4,534,Potential Loyalists
CUST002750,10,26,10325.82,4,3,5,435,Potential Loyalists
CUST002751,30,29,3383.8,3,3,3,333,Needs Attention
CUST002752,121,36,12217.22,2,4,5,245,At Risk
CUST002753,38,11,1000.66,3,2,2,322,Needs Attention
CUST002754,37,32,8202.74,3,4,4,344,Loyal Customers
CUST002755,263,11,1070.1,1,2,2,122,Lost Customers
CUST002756,108,9,674.64,2,1,2,212,Lost Customers
CUST002757,30,24,1221.8700000000001,3,3,2,332,Needs Attention
CUST002758,4,73,10400.4,5,5,5,555,Champions
CUST002759,62,19,3471.3900000000003,2,2,3,223,Lost Customers
CUST002760,767,14,988.37,1,2,2,122,Lost Customers
CUST002761,37,28,4696.06,3,3,4,334,Needs Attention
CUST002762,19,58,9022.81,4,5,5,455,Champions
CUST002763,15,54,9387.96,4,5,5,455,Champions
CUST002764,1,142,25836.170000000002,5,5,5,555,Champions
CUST002765,16,33,4577.68,4,4,4,444,Champions
CUST002766,9,39,1694.8,4,4,2,442,Champions
CUST002767,39,35,6638.29,3,4,4,344,Loyal Customers
CUST002768,8,72,5508.35,5,5,4,554,Champions
CUST002769,21,20,6030.11,4,3,4,434,Potential Loyalists
CUST002770,671,7,777.06,1,1,2,112,Lost Customers
CUST002771,538,8,0.0,1,1,1,111,Lost Customers
CUST002772,950,1,0.0,1,1,1,111,Lost Customers
CUST002774,1,33,1794.56,5,4,2,542,Champions
CUST002775,14,19,1401.98,4,2,2,422,Potential Loyalists
CUST002776,55,22,3753.07,3,3,3,333,Needs Attention
CUST002777,705,37,7545.54,1,4,4,144,At Risk
CUST002778,30,46,3740.3199999999997,3,4,3,343,Loyal Customers
CUST002779,8,52,10162.68,5,4,5,545,Champions
CUST002780,6,19,5165.93,5,2,4,524,Potential Loyalists
CUST002781,239,4,0.0,2,1,1,211,Lost Customers
CUST002782,9,52,11202.11,4,4,5,445,Champions
CUST002783,1,75,19519.22,5,5,5,555,Champions
CUST002784,198,110,27827.7,2,5,5,255,At Risk
CUST002786,53,39,11675.14,3,4,5,345,Loyal Customers
CUST002787,127,8,0.0,2,1,1,211,Lost Customers
CUST002788,932,3,0.0,1,1,1,111,Lost Customers
CUST002789,25,62,6402.98,3,5,4,354,Loyal Customers
CUST002790,42,23,2357.76,3,3,3,333,Needs Attention
CUST002791,8,48,1981.2900000000002,5,4,2,542,Champions
CUST002792,241,21,6981.320000000001,2,3,4,234,Needs Attention
CUST002793,7,26,2266.66,5,3,3,533,Potential Loyalists
CUST002794,261,18,2458.3,2,2,3,223,Lost Customers
CUST002795,753,10,556.12,1,1,1,111,Lost Customers
CUST002797,4,18,1954.58,5,2,2,522,Potential Loyalists
CUST002798,125,6,3341.6000000000004,2,1,3,213,Lost Customers
CUST002799,52,83,4896.09,3,5,4,354,Loyal Customers
CUST002800,7,63,24853.61,5,5,5,555,Champions
CUST002801,58,30,7166.3,2,3,4,234,Needs Attention
CUST002802,2,90,5087.95,5,5,4,554,Champions
CUST002804,11,94,14521.28,4,5,5,455,Champions
CUST002805,238,31,1047.23,2,3,2,232,Needs Attention
CUST002806,19,24,3275.17,4,3,3,433,Potential Loyalists
CUST002807,18,64,4718.8,4,5,4,454,Champions
CUST002808,34,9,535.05,3,1,1,311,Needs Attention
CUST002809,65,15,4225.18,2,2,3,223,Lost Customers
CUST002810,321,17,1085.0,1,2,2,122,Lost Customers
CUST002811,1,22,1627.8899999999999,5,3,2,532,Potential Loyalists
CUST002812,222,5,212.81,2,1,1,211,Lost Customers
CUST002813,185,59,13377.99,2,5,5,255,At Risk
CUST002814,19,32,6288.41,4,4,4,444,Champions
CUST002815,93,22,1647.11,2,3,2,232,Needs Attention
CUST002816,946,3,184.09,1,1,1,111,Lost Customers
CUST002817,254,7,0.0,2,1,1,211,Lost Customers
CUST002818,42,42,4241.74,3,4,3,343,Loyal Customers
CUST002819,188,7,25.95,2,1,1,211,Lost Customers
CUST002820,12,38,2603.0699999999997,4,4,3,443,Champions
CUST002822,1,166,23540.06,5,5,5,555,Champions
CUST002823,3,51,4235.78,5,4,3,543,Champions
CUST002824,14,17,1908.16,4,2,2,422,Potential Loyalists
CUST002825,15,60,2645.2000000000003,4,5,3,453,Champions
CUST002826,491,6,0.0,1,1,1,111,Lost Customers
CUST002827,383,26,843.79,1,3,2,132,Needs Attention
CUST002828,27,31,2347.6,3,3,3,333,Needs Attention
CUST002829,11,27,13019.460000000001,4,3,5,435,Potential Loyalists
CUST002830,15,76,16993.27,4,5,5,455,Champions
CUST002831,9,54,11738.81,4,5,5,455,Champions
CUST002832,5,46,4786.91,5,4,4,544,Champions
CUST002833,25,16,882.9,3,2,2,322,Needs Attention
CUST002834,45,13,485.12,3,2,1,321,Needs Attention
CUST002835,86,20,1469.9,2,3,2,232,Needs Attention
CUST002836,4,30,6871.0,5,3,4,534,Potential Loyalists
CUST002837,145,12,1595.7800000000002,2,2,2,222,Lost Customers
CUST002838,2,242,49405.63,5,5,5,555,Champions
CUST002839,7,69,12715.93,5,5,5,555,Champions
CUST002840,3,47,4489.29,5,4,4,544,Champions
CUST002841,4,48,6313.4400000000005,5,4,4,544,Champions
CUST002842,14,21,3615.5299999999997,4,3,3,433,Potential Loyalists
CUST002843,136,7,0.0,2,1,1,211,Lost Customers
CUST002844,4,36,9538.46,5,4,5,545,Champions
CUST002846,171,8,1524.56,2,1,2,212,Lost Customers
CUST002847,14,41,3109.16,4,4,3,443,Champions
CUST002848,28,34,1335.57,3,4,2,342,Loyal Customers
CUST002849,266,2,0.0,1,1,1,111,Lost Customers
CUST002850,252,13,371.12,2,2,1,221,Lost Customers
CUST002851,637,14,1091.24,1,2,2,122,Lost Customers
CUST002852,1,186,15743.86,5,5,5,555,Champions
CUST002853,24,48,2710.46,3,4,3,343,Loyal Customers
CUST002854,268,7,45.14,1,1,1,111,Lost Customers
CUST002855,38,62,16568.010000000002,3,5,5,355,Loyal Customers
CUST002858,13,21,534.09,4,3,1,431,Potential Loyalists
CUST002859,117,27,0.0,2,3,1,231,Needs Attention
CUST002861,35,11,209.2,3,2,1,321,Needs Attention
CUST002862,59,8,0.0,2,1,1,211,Lost Customers
CUST002863,25,20,209.0,3,3,1,331,Needs Attention
CUST002864,3,65,12837.0,5,5,5,555,Champions
CUST002865,172,10,1869.21,2,1,2,212,Lost Customers
CUST002866,7,2,0.0,5,1,1,511,Needs Attention
CUST002867,80,24,8117.13,2,3,4,234,Needs Attention
CUST002868,1,50,2680.62,5,4,3,543,Champions
CUST002869,38,61,9292.26,3,5,5,355,Loyal Customers
CUST002870,874,4,389.76,1,1,1,111,Lost Customers
CUST002871,93,28,2876.8199999999997,2,3,3,233,Needs Attention
CUST002872,12,67,8550.49,4,5,5,455,Champions
CUST002873,316,4,3114.3199999999997,1,1,3,113,Lost Customers
CUST002874,871,4,1107.9,1,1,2,112,Lost Customers
CUST002875,6,33,3896.5200000000004,5,4,3,543,Champions
CUST002876,368,30,2232.77,1,3,3,133,Needs Attention
CUST002877,417,10,2049.05,1,1,2,112,Lost Customers
CUST002878,1,42,9704.97,5,4,5,545,Champions
CUST002879,25,7,791.25,3,1,2,312,Needs Attention
CUST002880,20,8,4726.95,4,1,4,414,Needs Attention
CUST002881,24,39,7890.530000000001,3,4,4,344,Loyal Customers
CUST002882,49,14,2278.96,3,2,3,323,Needs Attention
CUST002883,771,2,0.0,1,1,1,111,Lost Customers
CUST002884,5,52,5553.45,5,4,4,544,Champions
CUST002885,10,16,1412.76,4,2,2,422,Potential Loyalists
CUST002886,15,54,15373.34,4,5,5,455,Champions
CUST002887,407,6,505.11,1,1,1,111,Lost Customers
CUST002888,16,27,3145.2999999999997,4,3,3,433,Potential Loyalists
CUST002889,51,67,16482.120000000003,3,5,5,355,Loyal Customers
CUST002890,931,2,247.0,1,1,1,111,Lost Customers
CUST002891,6,22,1651.38,5,3,2,532,Potential Loyalists
CUST002892,95,27,1730.08,2,3,2,232,Needs Attention
CUST002893,25,39,9389.36,3,4,5,345,Loyal Customers
CUST002894,5,10,122.36,5,1,1,511,Needs Attention
CUST002895,28,86,5215.68,3,5,4,354,Loyal Customers
CUST002896,974,3,246.5,1,1,1,111,Lost Customers
CUST002897,100,49,6118.97,2,4,4,244,At Risk
CUST002898,292,84,13025.53,1,5,5,155,At Risk
CUST002899,838,2,0.0,1,1,1,111,Lost Customers
CUST002900,42,12,0.0,3,2,1,321,Needs Attention
CUST002901,5,33,1400.16,5,4,2,542,Champions
CUST002902,51,17,1347.08,3,2,2,322,Needs Attention
CUST002903,9,100,7181.47,4,5,4,454,Champions
CUST002904,28,25,4580.46,3,3,4,334,Needs Attention
CUST002905,15,24,5677.9800000000005,4,3,4,434,Potential Loyalists
CUST002906,53,34,1659.33,3,4,2,342,Loyal Customers
CUST002907,11,15,3107.8599999999997,4,2,3,423,Potential Loyalists
CUST002908,74,15,2436.91,2,2,3,223,Lost Customers
CUST002909,580,13,421.29,1,2,1,121,Lost Customers
CUST002910,45,34,2403.65,3,4,3,343,Loyal Customers
CUST002911,15,18,2368.19,4,2,3,423,Potential Loyalists
CUST002912,94,19,5801.75,2,2,4,224,Lost Customers
CUST002914,525,16,4131.77,1,2,3,123,Lost Customers
CUST002915,9,106,17335.29,4,5,5,455,Champions
CUST002916,52,30,7620.77,3,3,4,334,Needs Attention
CUST002917,20,38,1078.64,4,4,2,442,Champions
CUST002918,814,13,1165.5900000000001,1,2,2,122,Lost Customers
CUST002919,401,5,67.32,1,1,1,111,Lost Customers
CUST002920,674,47,5338.47,1,4,4,144,At Risk
CUST002921,13,39,3833.88,4,4,3,443,Champions
CUST002922,6,75,9812.22,5,5,5,555,Champions
CUST002924,16,106,25525.96,4,5,5,455,Champions
CUST002925,8,63,6463.37,5,5,4,554,Champions
CUST002926,6,63,2666.91,5,5,3,553,Champions
CUST002927,48,42,7401.5,3,4,4,344,Loyal Customers
CUST002928,21,20,45.32,4,3,1,431,Potential Loyalists
CUST002929,1,66,9858.95,5,5,5,555,Champions
CUST002930,491,10,0.0,1,1,1,111,Lost Customers
CUST002931,92,3,0.0,2,1,1,211,Lost Customers
CUST002932,94,12,3267.89,2,2,3,223,Lost Customers
CUST002933,13,25,4252.86,4,3,3,433,Potential Loyalists
CUST002934,288,21,2179.73,1,3,2,132,Needs Attention
CUST002935,16,27,725.63,4,3,2,432,Potential Loyalists
CUST002937,54,12,752.49,3,2,2,322,Needs Attention
CUST002938,755,7,0.0,1,1,1,111,Lost Customers
CUST002939,13,7,206.02,4,1,1,411,Needs Attention
CUST002940,51,49,4208.26,3,4,3,343,Loyal Customers
CUST002941,410,14,3347.8999999999996,1,2,3,123,Lost Customers
CUST002942,13,32,3225.5899999999997,4,4,3,443,Champions
CUST002943,717,6,0.0,1,1,1,111,Lost Customers
CUST002944,1,98,11450.74,5,5,5,555,Champions
CUST002945,51,85,8770.41,3,5,5,355,Loyal Customers
CUST002946,24,57,6811.5,3,5,4,354,Loyal Customers
CUST002947,15,35,2785.5,4,4,3,443,Champions
CUST002948,453,19,6124.92,1,2,4,124,Lost Customers
CUST002950,611,22,624.75,1,3,1,131,Needs Attention
CUST002951,13,108,10430.43,4,5,5,455,Champions
CUST002952,1,58,7576.07,5,5,4,554,Champions
CUST002953,947,1,0.0,1,1,1,111,Lost Customers
CUST002954,14,34,7764.89,4,4,4,444,Champions
CUST002955,8,14,2584.24,5,2,3,523,Potential Loyalists
CUST002956,217,42,5344.0599999999995,2,4,4,244,At Risk
CUST002957,11,40,2716.85,4,4,3,443,Champions
CUST002958,47,3,0.0,3,1,1,311,Needs Attention
CUST002959,554,3,0.0,1,1,1,111,Lost Customers
CUST002960,29,20,6816.55,3,3,4,334,Needs Attention
CUST002961,51,23,6080.12,3,3,4,334,Needs Attention
CUST002962,17,19,1134.8400000000001,4,2,2,422,Potential Loyalists
CUST002963,165,43,6435.68,2,4,4,244,At Risk
CUST002964,104,21,10019.43,2,3,5,235,Needs Attention
CUST002965,41,17,3313.25,3,2,3,323,Needs Attention
CUST002966,267,19,2400.62,1,2,3,123,Lost Customers
CUST002967,9,80,16594.16,4,5,5,455,Champions
CUST002968,4,88,15800.369999999999,5,5,5,555,Champions
CUST002969,561,8,325.1,1,1,1,111,Lost Customers
CUST002970,51,19,1744.6100000000001,3,2,2,322,Needs Attention
CUST002971,3,48,6137.23,5,4,4,544,Champions
CUST002972,589,4,5285.05,1,1,4,114,Lost Customers
CUST002973,10,28,8587.57,4,3,5,435,Potential Loyalists
CUST002974,2,41,5462.889999999999,5,4,4,544,Champions
CUST002975,92,6,0.0,2,1,1,211,Lost Customers
CUST002976,2,91,9764.75,5,5,5,555,Champions
CUST002977,12,38,5417.59,4,4,4,444,Champions
CUST002978,26,21,508.84000000000003,3,3,1,331,Needs Attention
CUST002979,69,26,1583.51,2,3,2,232,Needs Attention
CUST002980,672,6,0.0,1,1,1,111,Lost Customers
CUST002981,15,11,0.0,4,2,1,421,Potential Loyalists
CUST002982,11,90,10768.28,4,5,5,455,Champions
CUST002983,56,13,617.5,3,2,1,321,Needs Attention
CUST002984,37,32,3973.84,3,4,3,343,Loyal Customers
CUST002985,348,36,7415.5599999999995,1,4,4,144,At Risk
CUST002986,24,18,5881.26,3,2,4,324,Needs Attention
CUST002987,37,45,6964.030000000001,3,4,4,344,Loyal Customers
CUST002988,20,21,790.9,4,3,2,432,Potential Loyalists
CUST002989,2,60,14739.73,5,5,5,555,Champions
CUST002990,155,4,1077.63,2,1,2,212,Lost Customers
CUST002991,477,10,2851.8,1,1,3,113,Lost Customers
CUST002992,29,18,3283.9700000000003,3,2,3,323,Needs Attention
CUST002994,14,32,8079.46,4,4,4,444,Champions
CUST002995,295,12,4262.75,1,2,3,123,Lost Customers
CUST002996,111,17,8499.4,2,2,4,224,Lost Customers
CUST002997,92,18,611.2,2,2,1,221,Lost Customers
CUST002998,140,13,2420.0699999999997,2,2,3,223,Lost Customers
CUST002999,1,85,13815.64,5,5,5,555,Champions
CUST003000,18,40,3927.21,4,4,3,443,Champions
CUST003001,571,6,358.72,1,1,1,111,Lost Customers
CUST003002,27,37,10965.34,3,4,5,345,Loyal Customers
CUST003003,84,7,1271.72,2,1,2,212,Lost Customers
CUST003004,36,15,2833.22,3,2,3,323,Needs Attention
CUST003005,14,20,127.78,4,3,1,431,Potential Loyalists
CUST003006,3,35,1654.6799999999998,5,4,2,542,Champions
CUST003007,11,101,11012.38,4,5,5,455,Champions
CUST003008,15,43,1765.74,4,4,2,442,Champions
CUST003009,18,23,12392.230000000001,4,3,5,435,Potential Loyalists
CUST003010,24,44,6577.92,3,4,4,344,Loyal Customers
CUST003011,287,16,2945.35,1,2,3,123,Lost Customers
CUST003013,31,12,1858.47,3,2,2,322,Needs Attention
CUST003014,40,7,134.08,3,1,1,311,Needs Attention
CUST003015,22,25,1324.27,4,3,2,432,Potential Loyalists
CUST003016,37,43,4457.49,3,4,4,344,Loyal Customers
CUST003017,1,25,5374.24,5,3,4,534,Potential Loyalists
CUST003018,14,22,7318.53,4,3,4,434,Potential Loyalists
CUST003019,3,13,1356.9,5,2,2,522,Potential Loyalists
CUST003020,22,38,4292.05,4,4,3,443,Champions
CUST003021,111,18,827.54,2,2,2,222,Lost Customers
CUST003022,5,85,14344.28,5,5,5,555,Champions
CUST003023,58,15,2275.76,2,2,3,223,Lost Customers
CUST003024,19,12,1219.83,4,2,2,422,Potential Loyalists
CUST003025,16,12,685.48,4,2,2,422,Potential Loyalists
CUST003026,27,14,2331.63,3,2,3,323,Needs Attention
CUST003027,32,54,8087.86,3,5,4,354,Loyal Customers
CUST003028,4,47,16371.0,5,4,5,545,Champions
CUST003029,15,59,7791.25,4,5,4,454,Champions
CUST003030,745,4,1197.6100000000001,1,1,2,112,Lost Customers
CUST003031,535,4,0.0,1,1,1,111,Lost Customers
CUST003032,46,24,6608.83,3,3,4,334,Needs Attention
CUST003033,10,10,164.82,4,1,1,411,Needs Attention
CUST003034,515,24,3609.7099999999996,1,3,3,133,Needs Attention
CUST003035,267,7,189.46,1,1,1,111,Lost Customers
CUST003036,47,55,16821.19,3,5,5,355,Loyal Customers
CUST003037,11,76,5734.55,4,5,4,454,Champions
CUST003038,340,53,3250.39,1,5,3,153,At Risk
CUST003040,898,4,0.0,1,1,1,111,Lost Customers
CUST003041,5,176,22588.43,5,5,5,555,Champions
CUST003042,114,13,140.91000000000003,2,2,1,221,Lost Customers
CUST003043,76,9,0.0,2,1,1,211,Lost Customers
CUST003044,265,9,34.68,1,1,1,111,Lost Customers
CUST003045,438,25,13881.699999999999,1,3,5,135,Needs Attention
CUST003046,377,4,744.81,1,1,2,112,Lost Customers
CUST003047,30,19,2811.54,3,2,3,323,Needs Attention
CUST003048,16,37,266.15,4,4,1,441,Champions
CUST003049,5,34,23205.48,5,4,5,545,Champions
CUST003050,22,45,11347.35,4,4,5,445,Champions
CUST003051,4,39,3286.82,5,4,3,543,Champions
CUST003052,5,92,5640.18,5,5,4,554,Champions
CUST003053,21,10,0.0,4,1,1,411,Needs Attention
CUST003054,4,25,720.27,5,3,2,532,Potential Loyalists
CUST003055,56,18,2419.99,3,2,3,323,Needs Attention
CUST003056,615,20,2172.58,1,3,2,132,Needs Attention
CUST003057,3,48,13833.23,5,4,5,545,Champions
CUST003058,13,51,2308.88,4,4,3,443,Champions
CUST003059,5,81,13876.99,5,5,5,555,Champions
CUST003060,671,6,0.0,1,1,1,111,Lost Customers
CUST003061,4,131,11815.82,5,5,5,555,Champions
CUST003062,7,120,14951.9,5,5,5,555,Champions
CUST003063,3,58,10654.97,5,5,5,555,Champions
CUST003064,1046,1,0.0,1,1,1,111,Lost Customers
CUST003065,111,6,2012.38,2,1,2,212,Lost Customers
CUST003066,43,22,3012.8500000000004,3,3,3,333,Needs Attention
CUST003067,27,12,4267.6,3,2,3,323,Needs Attention
CUST003068,89,46,6034.01,2,4,4,244,At Risk
CUST003069,143,18,0.0,2,2,1,221,Lost Customers
CUST003070,55,45,4453.43,3,4,4,344,Loyal Customers
CUST003071,104,84,18256.31,2,5,5,255,At Risk
CUST003072,53,47,14947.179999999998,3,4,5,345,Loyal Customers
CUST003073,28,35,7068.969999999999,3,4,4,344,Loyal Customers
CUST003074,7,17,1506.54,5,2,2,522,Potential Loyalists
CUST003075,111,12,545.36,2,2,1,221,Lost Customers
CUST003076,851,3,0.0,1,1,1,111,Lost Customers
CUST003077,1027,2,1402.38,1,1,2,112,Lost Customers
CUST003078,23,29,544.27,3,3,1,331,Needs Attention
CUST003079,26,23,2627.9,3,3,3,333,Needs Attention
CUST003080,203,4,0.0,2,1,1,211,Lost Customers
CUST003081,254,4,2079.98,2,1,2,212,Lost Customers
CUST003082,595,47,10131.35,1,4,5,145,At Risk
CUST003083,417,8,312.78999999999996,1,1,1,111,Lost Customers
CUST003084,16,29,4151.67,4,3,3,433,Potential Loyalists
CUST003085,6,47,11228.220000000001,5,4,5,545,Champions
CUST003086,583,7,0.0,1,1,1,111,Lost Customers
CUST003087,79,27,7099.85,2,3,4,234,Needs Attention
CUST003088,90,36,8986.16,2,4,5,245,At Risk
CUST003091,647,5,0.0,1,1,1,111,Lost Customers
CUST003092,222,48,10202.15,2,4,5,245,At Risk
CUST003093,1,33,5736.889999999999,5,4,4,544,Champions
CUST003094,7,48,10735.18,5,4,5,545,Champions
CUST003096,19,18,563.81,4,2,1,421,Potential Loyalists
CUST003097,49,41,10182.04,3,4,5,345,Loyal Customers
CUST003098,63,6,320.46000000000004,2,1,1,211,Lost Customers
CUST003099,16,54,6346.63,4,5,4,454,Champions
CUST003100,10,36,2713.0099999999998,4,4,3,443,Champions
CUST003101,1,57,9438.14,5,5,5,555,Champions
CUST003102,4,62,17541.08,5,5,5,555,Champions
CUST003103,15,38,4535.74,4,4,4,444,Champions
CUST003105,504,15,2168.22,1,2,2,122,Lost Customers
CUST003106,28,13,3977.05,3,2,3,323,Needs Attention
CUST003107,106,56,13279.69,2,5,5,255,At Risk
CUST003108,777,29,1069.02,1,3,2,132,Needs Attention
CUST003109,269,25,7208.33,1,3,4,134,Needs Attention
CUST003110,23,33,850.72,3,4,2,342,Loyal Customers
CUST003111,158,17,635.9000000000001,2,2,2,222,Lost Customers
CUST003112,460,24,1470.72,1,3,2,132,Needs Attention
CUST003113,5,47,4654.9,5,4,4,544,Champions
CUST003114,6,144,14332.14,5,5,5,555,Champions
CUST003115,104,13,1082.8300000000002,2,2,2,222,Lost Customers
CUST003116,23,19,3697.4100000000003,3,2,3,323,Needs Attention
CUST003117,37,28,10126.23,3,3,5,335,Needs Attention
CUST003118,53,52,1917.76,3,4,2,342,Loyal Customers
CUST003119,111,27,1847.93,2,3,2,232,Needs Attention
CUST003120,29,17,4981.51,3,2,4,324,Needs Attention
CUST003121,5,78,9592.18,5,5,5,555,Champions
CUST003123,360,11,2516.54,1,2,3,123,Lost Customers
CUST003124,2,92,12974.09,5,5,5,555,Champions
CUST003125,2,81,13624.390000000001,5,5,5,555,Champions
CUST003126,26,36,4249.93,3,4,3,343,Loyal Customers
CUST003127,52,35,6727.13,3,4,4,344,Loyal Customers
CUST003128,44,37,2313.24,3,4,3,343,Loyal Customers
CUST003129,36,15,767.5600000000001,3,2,2,322,Needs Attention
CUST003130,63,32,3384.42,2,4,3,243,At Risk
CUST003131,232,5,645.97,2,1,2,212,Lost Customers
CUST003132,2,75,7282.72,5,5,4,554,Champions
CUST003133,71,9,2015.88,2,1,2,212,Lost Customers
CUST003134,34,153,17711.81,3,5,5,355,Loyal Customers
CUST003135,20,16,10769.56,4,2,5,425,Potential Loyalists
CUST003136,55,24,6263.7300000000005,3,3,4,334,Needs Attention
CUST003137,640,6,0.0,1,1,1,111,Lost Customers
CUST003138,5,16,1931.94,5,2,2,522,Potential Loyalists
CUST003139,212,74,14695.269999999999,2,5,5,255,At Risk
CUST003140,110,4,5096.9,2,1,4,214,Lost Customers
CUST003141,4,103,18137.96,5,5,5,555,Champions
CUST003142,12,34,1549.31,4,4,2,442,Champions
CUST003143,74,13,1176.72,2,2,2,222,Lost Customers
CUST003144,38,5,1764.0,3,1,2,312,Needs Attention
CUST003145,4,59,13079.61,5,5,5,555,Champions
CUST003146,14,16,1457.4399999999998,4,2,2,422,Potential Loyalists
CUST003147,14,14,0.0,4,2,1,421,Potential Loyalists
CUST003148,10,83,10085.38,4,5,5,455,Champions
CUST003149,582,15,2077.56,1,2,2,122,Lost Customers
CUST003150,13,17,5962.9,4,2,4,424,Potential Loyalists
CUST003151,14,34,8792.26,4,4,5,445,Champions
CUST003152,336,7,839.54,1,1,2,112,Lost Customers
CUST003153,194,57,2549.12,2,5,3,253,At Risk
CUST003154,1,84,15583.36,5,5,5,555,Champions
CUST003155,38,64,4549.49,3,5,4,354,Loyal Customers
CUST003156,30,49,7920.64,3,4,4,344,Loyal Customers
CUST003157,3,168,30897.36,5,5,5,555,Champions
CUST003158,70,35,4728.780000000001,2,4,4,244,At Risk
CUST003159,14,20,242.35999999999999,4,3,1,431,Potential Loyalists
CUST003160,1032,1,0.0,1,1,1,111,Lost Customers
CUST003161,3,201,29783.05,5,5,5,555,Champions
CUST003162,210,12,1048.37,2,2,2,222,Lost Customers
CUST003163,717,4,0.0,1,1,1,111,Lost Customers
CUST003164,660,10,1546.4399999999998,1,1,2,112,Lost Customers
CUST003165,13,19,2356.83,4,2,3,423,Potential Loyalists
CUST003166,79,30,3822.2400000000002,2,3,3,233,Needs Attention
CUST003167,2,74,9026.45,5,5,5,555,Champions
CUST003168,18,143,15335.44,4,5,5,455,Champions
CUST003169,71,34,1294.72,2,4,2,242,At Risk
CUST003170,71,12,207.09,2,2,1,221,Lost Customers
CUST003172,62,29,1355.18,2,3,2,232,Needs Attention
CUST003173,3,93,9600.75,5,5,5,555,Champions
CUST003174,59,44,5384.530000000001,2,4,4,244,At Risk
CUST003175,73,31,3014.96,2,3,3,233,Needs Attention
CUST003176,68,23,591.1099999999999,2,3,1,231,Needs Attention
CUST003178,12,61,6940.22,4,5,4,454,Champions
CUST003179,9,57,9054.55,4,5,5,455,Champions
CUST003180,88,11,111.78,2,2,1,221,Lost Customers
CUST003181,5,130,16691.53,5,5,5,555,Champions
CUST003182,85,51,4433.74,2,4,4,244,At Risk
CUST003183,6,102,8989.57,5,5,5,555,Champions
CUST003184,59,6,0.0,2,1,1,211,Lost Customers
CUST003185,150,8,343.94,2,1,1,211,Lost Customers
CUST003186,541,7,2641.44,1,1,3,113,Lost Customers
CUST003187,20,41,4266.53,4,4,3,443,Champions
CUST003188,23,122,23957.17,3,5,5,355,Loyal Customers
CUST003189,28,40,6571.63,3,4,4,344,Loyal Customers
CUST003190,32,25,2279.89,3,3,3,333,Needs Attention
CUST003191,13,18,1599.52,4,2,2,422,Potential Loyalists
CUST003192,5,77,10908.48,5,5,5,555,Champions
CUST003193,32,15,2895.01,3,2,3,323,Needs Attention
CUST003194,8,105,22670.03,5,5,5,555,Champions
CUST003195,760,11,2214.6000000000004,1,2,3,123,Lost Customers
CUST003196,6,98,11651.92,5,5,5,555,Champions
CUST003197,15,48,6134.9400000000005,4,4,4,444,Champions
CUST003198,296,22,2736.19,1,3,3,133,Needs Attention
CUST003199,121,28,2794.9300000000003,2,3,3,233,Needs Attention
CUST003200,7,25,2702.4,5,3,3,533,Potential Loyalists
CUST003201,4,51,6950.49,5,4,4,544,Champions
CUST003202,81,19,1038.49,2,2,2,222,Lost Customers
CUST003203,18,13,4352.2,4,2,3,423,Potential Loyalists
CUST003204,184,24,4706.45,2,3,4,234,Needs Attention
CUST003205,39,44,5368.9,3,4,4,344,Loyal Customers
CUST003206,14,4,0.0,4,1,1,411,Needs Attention
CUST003207,70,40,5104.06,2,4,4,244,At Risk
CUST003208,121,11,5087.14,2,2,4,224,Lost Customers
CUST003209,58,16,2988.17,2,2,3,223,Lost Customers
CUST003210,89,4,0.0,2,1,1,211,Lost Customers
CUST003211,138,6,1097.22,2,1,2,212,Lost Customers
CUST003212,42,10,0.0,3,1,1,311,Needs Attention
CUST003213,211,13,356.38,2,2,1,221,Lost Customers
CUST003215,8,15,34.11,5,2,1,521,Potential Loyalists
CUST003216,240,27,6991.57,2,3,4,234,Needs Attention
CUST003217,21,43,3082.27,4,4,3,443,Champions
CUST003218,6,27,3779.02,5,3,3,533,Potential Loyalists
CUST003219,4,24,6495.82,5,3,4,534,Potential Loyalists
CUST003220,8,13,1108.94,5,2,2,522,Potential Loyalists
CUST003221,743,21,5245.349999999999,1,3,4,134,Needs Attention
CUST003222,3,111,31449.510000000002,5,5,5,555,Champions
CUST003223,581,4,220.88,1,1,1,111,Lost Customers
CUST003224,873,1,0.0,1,1,1,111,Lost Customers
CUST003225,2,20,3098.12,5,3,3,533,Potential Loyalists
CUST003226,6,13,740.14,5,2,2,522,Potential Loyalists
CUST003227,50,36,3534.67,3,4,3,343,Loyal Customers
CUST003228,13,16,1528.86,4,2,2,422,Potential Loyalists
CUST003229,4,156,18869.19,5,5,5,555,Champions
CUST003230,6,74,3561.5299999999997,5,5,3,553,Champions
CUST003231,3,40,8424.82,5,4,4,544,Champions
CUST003232,38,52,4372.58,3,4,3,343,Loyal Customers
CUST003233,8,56,3253.12,5,5,3,553,Champions
CUST003234,680,3,779.86,1,1,2,112,Lost Customers
CUST003235,49,12,45.42,3,2,1,321,Needs Attention
CUST003236,8,23,4044.04,5,3,3,533,Potential Loyalists
CUST003237,3,62,8048.04,5,5,4,554,Champions
CUST003239,65,8,1000.52,2,1,2,212,Lost Customers
CUST003240,33,10,3788.6800000000003,3,1,3,313,Needs Attention
CUST003241,4,30,606.14,5,3,1,531,Potential Loyalists
CUST003242,286,13,676.55,1,2,2,122,Lost Customers
CUST003243,6,115,8178.92,5,5,4,554,Champions
CUST003244,29,8,1701.1,3,1,2,312,Needs Attention
CUST003245,21,59,11354.39,4,5,5,455,Champions
CUST003246,10,118,19064.19,4,5,5,455,Champions
CUST003247,5,168,30363.56,5,5,5,555,Champions
CUST003248,17,17,1253.12,4,2,2,422,Potential Loyalists
CUST003249,58,52,8994.48,2,4,5,245,At Risk
CUST003250,12,53,5857.1900000000005,4,5,4,454,Champions
CUST003252,315,20,3644.2000000000003,1,3,3,133,Needs Attention
CUST003253,22,43,5756.049999999999,4,4,4,444,Champions
CUST003254,218,2,0.0,2,1,1,211,Lost Customers
CUST003255,16,42,7496.969999999999,4,4,4,444,Champions
CUST003256,812,11,0.0,1,2,1,121,Lost Customers
CUST003257,32,41,4703.7,3,4,4,344,Loyal Customers
CUST003258,10,167,39682.97,4,5,5,455,Champions
CUST003259,60,25,1432.63,2,3,2,232,Needs Attention
CUST003260,79,22,5956.030000000001,2,3,4,234,Needs Attention
CUST003261,4,136,18976.21,5,5,5,555,Champions
CUST003262,81,19,5166.13,2,2,4,224,Lost Customers
CUST003263,36,11,3191.6,3,2,3,323,Needs Attention
CUST003264,9,29,3485.35,4,3,3,433,Potential Loyalists
CUST003265,1,52,14049.22,5,4,5,545,Champions
CUST003266,158,41,3107.41,2,4,3,243,At Risk
CUST003267,210,11,1653.23,2,2,2,222,Lost Customers
CUST003268,55,18,4582.96,3,2,4,324,Needs Attention
CUST003269,53,8,0.0,3,1,1,311,Needs Attention
CUST003270,20,27,4825.02,4,3,4,434,Potential Loyalists
CUST003271,4,35,3121.0,5,4,3,543,Champions
CUST003273,175,7,157.95,2,1,1,211,Lost Customers
CUST003274,21,52,12846.5,4,4,5,445,Champions
CUST003275,715,9,943.92,1,1,2,112,Lost Customers
CUST003276,263,84,7583.84,1,5,4,154,At Risk
CUST003277,1,27,7806.02,5,3,4,534,Potential Loyalists
CUST003278,554,22,3038.5,1,3,3,133,Needs Attention
CUST003279,467,14,997.72,1,2,2,122,Lost Customers
CUST003280,1,69,7386.3,5,5,4,554,Champions
CUST003281,23,59,19843.08,3,5,5,355,Loyal Customers
CUST003282,14,33,6485.99,4,4,4,444,Champions
CUST003283,5,141,21224.2,5,5,5,555,Champions
CUST003284,2,77,6071.54,5,5,4,554,Champions
CUST003285,219,48,8737.79,2,4,5,245,At Risk
CUST003286,211,6,215.32,2,1,1,211,Lost Customers
CUST003287,94,16,8214.94,2,2,4,224,Lost Customers
CUST003288,17,42,9465.47,4,4,5,445,Champions
CUST003289,285,28,1974.84,1,3,2,132,Needs Attention
CUST003290,24,25,1523.48,3,3,2,332,Needs Attention
CUST003291,49,36,2901.59,3,4,3,343,Loyal Customers
CUST003292,9,107,19579.62,4,5,5,455,Champions
CUST003293,554,19,2611.04,1,2,3,123,Lost Customers
CUST003294,60,15,217.98,2,2,1,221,Lost Customers
CUST003295,569,6,242.04,1,1,1,111,Lost Customers
CUST003296,47,11,2984.1099999999997,3,2,3,323,Needs Attention
CUST003297,8,20,2233.8599999999997,5,3,3,533,Potential Loyalists
CUST003298,822,1,0.0,1,1,1,111,Lost Customers
CUST003299,46,19,754.8199999999999,3,2,2,322,Needs Attention
CUST003300,542,9,762.32,1,1,2,112,Lost Customers
CUST003301,3,29,1861.63,5,3,2,532,Potential Loyalists
CUST003302,74,23,1304.62,2,3,2,232,Needs Attention
CUST003303,371,4,0.0,1,1,1,111,Lost Customers
CUST003304,6,130,8699.26,5,5,5,555,Champions
CUST003305,9,63,5971.72,4,5,4,454,Champions
CUST003306,26,17,400.2,3,2,1,321,Needs Attention
CUST003307,12,37,5787.97,4,4,4,444,Champions
CUST003308,112,12,1400.63,2,2,2,222,Lost Customers
CUST003309,6,158,21601.08,5,5,5,555,Champions
CUST003311,36,28,6921.02,3,3,4,334,Needs Attention
CUST003312,21,56,4608.4,4,5,4,454,Champions
CUST003313,11,48,3895.84,4,4,3,443,Champions
CUST003314,22,11,4103.27,4,2,3,423,Potential Loyalists
CUST003315,9,19,6260.18,4,2,4,424,Potential Loyalists
CUST003316,777,8,0.0,1,1,1,111,Lost Customers
CUST003317,35,17,4709.58,3,2,4,324,Needs Attention
CUST003318,31,22,808.09,3,3,2,332,Needs Attention
CUST003320,86,26,1723.03,2,3,2,232,Needs Attention
CUST003321,21,33,9478.22,4,4,5,445,Champions
CUST003322,27,13,5137.01,3,2,4,324,Needs Attention
CUST003323,43,14,972.06,3,2,2,322,Needs Attention
CUST003324,33,13,1516.75,3,2,2,322,Needs Attention
CUST003325,16,66,11369.56,4,5,5,455,Champions
CUST003326,118,9,47.62,2,1,1,211,Lost Customers
CUST003327,16,78,2251.46,4,5,3,453,Champions
CUST003328,997,1,0.0,1,1,1,111,Lost Customers
CUST003329,621,6,1747.42,1,1,2,112,Lost Customers
CUST003330,15,3,0.0,4,1,1,411,Needs Attention
CUST003331,21,15,1445.76,4,2,2,422,Potential Loyalists
CUST003332,63,30,6376.3,2,3,4,234,Needs Attention
CUST003333,64,7,1033.43,2,1,2,212,Lost Customers
CUST003334,36,25,1634.23,3,3,2,332,Needs Attention
CUST003335,21,122,24097.68,4,5,5,455,Champions
CUST003336,367,33,1440.22,1,4,2,142,At Risk
CUST003337,872,5,867.11,1,1,2,112,Lost Customers
CUST003338,22,9,1086.38,4,1,2,412,Needs Attention
CUST003339,32,16,3438.95,3,2,3,323,Needs Attention
CUST003340,56,14,1447.61,3,2,2,322,Needs Attention
CUST003341,45,42,4760.49,3,4,4,344,Loyal Customers
CUST003342,55,27,5066.96,3,3,4,334,Needs Attention
CUST003343,26,48,3479.53,3,4,3,343,Loyal Customers
CUST003344,6,146,21819.37,5,5,5,555,Champions
CUST003345,39,63,15435.92,3,5,5,355,Loyal Customers
CUST003346,9,30,1589.46,4,3,2,432,Potential Loyalists
CUST003348,766,6,0.0,1,1,1,111,Lost Customers
CUST003349,540,28,573.0500000000001,1,3,1,131,Needs Attention
CUST003350,836,4,0.0,1,1,1,111,Lost Customers
CUST003351,78,27,5051.16,2,3,4,234,Needs Attention
CUST003352,1,22,8738.19,5,3,5,535,Potential Loyalists
CUST003353,106,19,1124.59,2,2,2,222,Lost Customers
CUST003354,70,11,0.0,2,2,1,221,Lost Customers
CUST003355,14,53,4886.86,4,5,4,454,Champions
CUST003356,6,30,3566.15,5,3,3,533,Potential Loyalists
CUST003357,6,27,2096.8,5,3,2,532,Potential Loyalists
CUST003358,3,17,2514.79,5,2,3,523,Potential Loyalists
CUST003359,23,67,10736.449999999999,3,5,5,355,Loyal Customers
CUST003360,701,1,0.0,1,1,1,111,Lost Customers
CUST003361,797,10,249.09,1,1,1,111,Lost Customers
CUST003362,323,7,1048.8400000000001,1,1,2,112,Lost Customers
CUST003363,521,18,7425.610000000001,1,2,4,124,Lost Customers
CUST003364,929,2,0.0,1,1,1,111,Lost Customers
CUST003365,10,13,572.49,4,2,1,421,Potential Loyalists
CUST003366,26,42,8741.9,3,4,5,345,Loyal Customers
CUST003367,784,12,3360.96,1,2,3,123,Lost Customers
CUST003368,302,2,0.0,1,1,1,111,Lost Customers
CUST003370,172,6,3492.76,2,1,3,213,Lost Customers
CUST003371,76,14,389.11,2,2,1,221,Lost Customers
CUST003372,596,33,1090.29,1,4,2,142,At Risk
CUST003373,752,6,0.0,1,1,1,111,Lost Customers
CUST003374,42,13,123.05,3,2,1,321,Needs Attention
CUST003375,17,23,1391.62,4,3,2,432,Potential Loyalists
CUST003376,2,111,27338.82,5,5,5,555,Champions
CUST003377,595,1,0.0,1,1,1,111,Lost Customers
CUST003378,822,3,978.47,1,1,2,112,Lost Customers
CUST003379,23,73,4035.24,3,5,3,353,Loyal Customers
CUST003380,871,13,693.5799999999999,1,2,2,122,Lost Customers
CUST003381,3,38,3000.81,5,4,3,543,Champions
CUST003382,195,5,127.86,2,1,1,211,Lost Customers
CUST003383,22,116,17195.27,4,5,5,455,Champions
CUST003384,14,82,6598.94,4,5,4,454,Champions
CUST003385,37,41,9194.5,3,4,5,345,Loyal Customers
CUST003386,36,22,3823.42,3,3,3,333,Needs Attention
CUST003387,35,45,8362.960000000001,3,4,4,344,Loyal Customers
CUST003388,4,25,862.08,5,3,2,532,Potential Loyalists
CUST003389,12,37,435.3,4,4,1,441,Champions
CUST003390,16,110,7936.86,4,5,4,454,Champions
CUST003391,416,25,12604.880000000001,1,3,5,135,Needs Attention
CUST003392,40,18,1021.55,3,2,2,322,Needs Attention
CUST003393,15,62,15064.599999999999,4,5,5,455,Champions
CUST003394,29,29,1171.82,3,3,2,332,Needs Attention
CUST003395,719,4,1942.62,1,1,2,112,Lost Customers
CUST003396,5,83,7920.8099999999995,5,5,4,554,Champions
CUST003397,48,13,317.18,3,2,1,321,Needs Attention
CUST003398,7,33,6757.16,5,4,4,544,Champions
CUST003399,27,16,0.0,3,2,1,321,Needs Attention
CUST003400,613,3,398.78,1,1,1,111,Lost Customers
CUST003402,5,252,29886.47,5,5,5,555,Champions
CUST003403,112,10,2003.56,2,1,2,212,Lost Customers
CUST003404,40,45,4023.3100000000004,3,4,3,343,Loyal Customers
CUST003405,665,11,358.37,1,2,1,121,Lost Customers
CUST003406,25,27,0.0,3,3,1,331,Needs Attention
CUST003407,30,18,542.27,3,2,1,321,Needs Attention
CUST003408,45,10,0.0,3,1,1,311,Needs Attention
CUST003409,5,38,6341.76,5,4,4,544,Champions
CUST003410,85,12,1717.6100000000001,2,2,2,222,Lost Customers
CUST003411,832,1,0.0,1,1,1,111,Lost Customers
CUST003412,7,58,6905.11,5,5,4,554,Champions
CUST003413,128,43,7847.5,2,4,4,244,At Risk
CUST003414,132,29,14593.73,2,3,5,235,Needs Attention
CUST003415,3,35,4599.610000000001,5,4,4,544,Champions
CUST003416,10,64,4969.9400000000005,4,5,4,454,Champions
CUST003417,812,7,460.5,1,1,1,111,Lost Customers
CUST003418,14,47,3242.26,4,4,3,443,Champions
CUST003419,75,16,1836.4,2,2,2,222,Lost Customers
CUST003421,33,23,7716.86,3,3,4,334,Needs Attention
CUST003422,15,42,4799.59,4,4,4,444,Champions
CUST003424,33,46,8570.380000000001,3,4,5,345,Loyal Customers
CUST003425,247,11,1916.13,2,2,2,222,Lost Customers
CUST003426,43,27,1781.23,3,3,2,332,Needs Attention
CUST003427,256,17,3023.8999999999996,2,2,3,223,Lost Customers
CUST003428,16,11,0.0,4,2,1,421,Potential Loyalists
CUST003429,3,142,40635.4,5,5,5,555,Champions
CUST003430,5,111,10391.47,5,5,5,555,Champions
CUST003431,48,107,8632.39,3,5,5,355,Loyal Customers
CUST003432,27,18,851.31,3,2,2,322,Needs Attention
CUST003433,849,3,0.0,1,1,1,111,Lost Customers
CUST003434,93,13,255.42,2,2,1,221,Lost Customers
CUST003435,4,13,4748.88,5,2,4,524,Potential Loyalists
CUST003436,765,4,688.1,1,1,2,112,Lost Customers
CUST003437,793,21,3608.3,1,3,3,133,Needs Attention
CUST003438,13,23,5130.0,4,3,4,434,Potential Loyalists
CUST003439,1,83,20749.5,5,5,5,555,Champions
CUST003440,41,36,17448.84,3,4,5,345,Loyal Customers
CUST003441,681,17,2296.86,1,2,3,123,Lost Customers
CUST003442,31,8,466.34,3,1,1,311,Needs Attention
CUST003443,20,83,17128.71,4,5,5,455,Champions
CUST003444,894,17,201.26,1,2,1,121,Lost Customers
CUST003446,9,98,15586.32,4,5,5,455,Champions
CUST003447,24,52,6700.9,3,4,4,344,Loyal Customers
CUST003448,25,21,1999.15,3,3,2,332,Needs Attention
CUST003449,153,14,935.27,2,2,2,222,Lost Customers
CUST003450,378,11,1394.78,1,2,2,122,Lost Customers
CUST003451,617,16,66.9,1,2,1,121,Lost Customers
CUST003452,434,11,1034.32,1,2,2,122,Lost Customers
CUST003453,17,60,3871.13,4,5,3,453,Champions
CUST003454,45,10,0.0,3,1,1,311,Needs Attention
CUST003455,513,9,723.88,1,1,2,112,Lost Customers
CUST003456,759,3,0.0,1,1,1,111,Lost Customers
CUST003457,195,12,2425.1299999999997,2,2,3,223,Lost Customers
CUST003458,120,11,4384.799999999999,2,2,3,223,Lost Customers
CUST003459,6,35,6200.6900000000005,5,4,4,544,Champions
CUST003460,666,5,0.0,1,1,1,111,Lost Customers
CUST003462,6,26,4081.77,5,3,3,533,Potential Loyalists
CUST003463,2,56,20870.73,5,5,5,555,Champions
CUST003464,16,47,4175.81,4,4,3,443,Champions
CUST003465,38,11,3491.08,3,2,3,323,Needs Attention
CUST003466,592,17,764.26,1,2,2,122,Lost Customers
CUST003467,196,28,2773.75,2,3,3,233,Needs Attention
CUST003468,1,56,9094.07,5,5,5,555,Champions
CUST003469,22,12,2504.29,4,2,3,423,Potential Loyalists
CUST003470,11,38,2167.69,4,4,2,442,Champions
CUST003471,509,4,0.0,1,1,1,111,Lost Customers
CUST003472,85,40,6697.3099999999995,2,4,4,244,At Risk
CUST003473,1,121,20584.8,5,5,5,555,Champions
CUST003474,46,18,2715.5099999999998,3,2,3,323,Needs Attention
CUST003477,20,10,609.96,4,1,1,411,Needs Attention
CUST003478,36,11,4249.65,3,2,3,323,Needs Attention
CUST003479,5,36,496.6,5,4,1,541,Champions
CUST003480,34,14,630.27,3,2,2,322,Needs Attention
CUST003481,15,27,9278.619999999999,4,3,5,435,Potential Loyalists
CUST003482,4,52,2643.25,5,4,3,543,Champions
CUST003483,518,9,2148.23,1,1,2,112,Lost Customers
CUST003484,45,25,4985.530000000001,3,3,4,334,Needs Attention
CUST003485,96,13,3528.0,2,2,3,223,Lost Customers
CUST003486,13,52,5984.16,4,4,4,444,Champions
CUST003487,4,37,1613.18,5,4,2,542,Champions
CUST003488,603,26,644.12,1,3,2,132,Needs Attention
CUST003489,23,12,0.0,3,2,1,321,Needs Attention
CUST003490,68,26,8265.95,2,3,4,234,Needs Attention
CUST003491,37,17,6870.76,3,2,4,324,Needs Attention
CUST003492,409,12,1056.78,1,2,2,122,Lost Customers
CUST003494,789,4,910.76,1,1,2,112,Lost Customers
CUST003495,21,34,1903.3899999999999,4,4,2,442,Champions
CUST003496,5,20,2415.04,5,3,3,533,Potential Loyalists
CUST003497,66,49,10976.68,2,4,5,245,At Risk
CUST003498,5,26,700.06,5,3,2,532,Potential Loyalists
CUST003499,9,45,6076.29,4,4,4,444,Champions
CUST003500,10,49,3729.2000000000003,4,4,3,443,Champions
CUST003501,35,60,9356.49,3,5,5,355,Loyal Customers
CUST003503,18,35,2656.09,4,4,3,443,Champions
CUST003504,6,33,10427.85,5,4,5,545,Champions
CUST003505,17,27,574.78,4,3,1,431,Potential Loyalists
CUST003507,16,36,4588.54,4,4,4,444,Champions
CUST003508,2,248,27693.3,5,5,5,555,Champions
CUST003509,6,28,3476.6799999999994,5,3,3,533,Potential Loyalists
CUST003510,181,21,434.18,2,3,1,231,Needs Attention
CUST003511,469,31,3357.94,1,3,3,133,Needs Attention
CUST003512,32,40,5049.36,3,4,4,344,Loyal Customers
CUST003513,9,75,11871.9,4,5,5,455,Champions
CUST003514,212,10,0.0,2,1,1,211,Lost Customers
CUST003515,3,45,3813.78,5,4,3,543,Champions
CUST003516,10,55,6945.650000000001,4,5,4,454,Champions
CUST003517,46,18,4210.32,3,2,3,323,Needs Attention
CUST003518,12,57,9257.71,4,5,5,455,Champions
CUST003519,13,65,10978.05,4,5,5,455,Champions
CUST003520,8,59,12171.66,5,5,5,555,Champions
CUST003521,567,9,692.47,1,1,2,112,Lost Customers
CUST003522,843,5,1781.6,1,1,2,112,Lost Customers
CUST003523,24,22,563.51,3,3,1,331,Needs Attention
CUST003524,35,21,2862.72,3,3,3,333,Needs Attention
CUST003525,5,36,3183.91,5,4,3,543,Champions
CUST003526,7,15,3329.17,5,2,3,523,Potential Loyalists
CUST003527,3,58,8488.57,5,5,4,554,Champions
CUST003528,11,37,6371.49,4,4,4,444,Champions
CUST003529,844,3,874.3199999999999,1,1,2,112,Lost Customers
CUST003530,12,16,1741.04,4,2,2,422,Potential Loyalists
CUST003531,30,30,6034.93,3,3,4,334,Needs Attention
CUST003532,862,11,4093.34,1,2,3,123,Lost Customers
CUST003533,5,60,3700.29,5,5,3,553,Champions
CUST003534,33,9,342.9,3,1,1,311,Needs Attention
CUST003536,508,23,1383.99,1,3,2,132,Needs Attention
CUST003537,19,100,24069.07,4,5,5,455,Champions
CUST003538,41,32,3460.48,3,4,3,343,Loyal Customers
CUST003539,3,43,2467.64,5,4,3,543,Champions
CUST003540,21,57,5665.87,4,5,4,454,Champions
CUST003541,22,118,25763.0,4,5,5,455,Champions
CUST003543,3,57,7874.889999999999,5,5,4,554,Champions
CUST003546,18,37,10796.720000000001,4,4,5,445,Champions
CUST003547,331,20,2094.76,1,3,2,132,Needs Attention
CUST003548,123,13,601.31,2,2,1,221,Lost Customers
CUST003549,8,62,6527.2,5,5,4,554,Champions
CUST003550,9,110,23334.37,4,5,5,455,Champions
CUST003551,705,5,0.0,1,1,1,111,Lost Customers
CUST003552,1,20,1823.52,5,3,2,532,Potential Loyalists
CUST003553,147,11,1988.26,2,2,2,222,Lost Customers
CUST003554,23,41,3352.3,3,4,3,343,Loyal Customers
CUST003555,757,8,303.96,1,1,1,111,Lost Customers
CUST003556,17,92,9409.04,4,5,5,455,Champions
CUST003557,28,42,5356.75,3,4,4,344,Loyal Customers
CUST003558,32,18,435.18,3,2,1,321,Needs Attention
CUST003559,39,15,562.19,3,2,1,321,Needs Attention
CUST003560,233,6,6070.0,2,1,4,214,Lost Customers
CUST003561,591,22,0.0,1,3,1,131,Needs Attention
CUST003563,3,85,1786.97,5,5,2,552,Champions
CUST003564,51,17,2857.87,3,2,3,323,Needs Attention
CUST003565,2,342,73568.08,5,5,5,555,Champions
CUST003566,1,222,29482.83,5,5,5,555,Champions
CUST003567,65,17,1496.73,2,2,2,222,Lost Customers
CUST003568,51,26,1995.3,3,3,2,332,Needs Attention
CUST003569,10,86,7520.66,4,5,4,454,Champions
CUST003570,16,125,25389.370000000003,4,5,5,455,Champions
CUST003571,59,7,0.0,2,1,1,211,Lost Customers
CUST003572,8,9,0.0,5,1,1,511,Needs Attention
CUST003573,56,14,3479.36,3,2,3,323,Needs Attention
CUST003574,1,53,11176.49,5,5,5,555,Champions
CUST003575,13,40,4515.3,4,4,4,444,Champions
CUST003576,4,57,5829.349999999999,5,5,4,554,Champions
CUST003577,38,12,383.15999999999997,3,2,1,321,Needs Attention
CUST003578,10,4,0.0,4,1,1,411,Needs Attention
CUST003579,3,50,13309.19,5,4,5,545,Champions
CUST003580,35,19,4900.93,3,2,4,324,Needs Attention
CUST003581,147,7,3137.65,2,1,3,213,Lost Customers
CUST003582,36,26,3730.92,3,3,3,333,Needs Attention
CUST003583,19,58,4793.02,4,5,4,454,Champions
CUST003584,41,33,3140.83,3,4,3,343,Loyal Customers
CUST003585,3,27,6438.22,5,3,4,534,Potential Loyalists
CUST003587,441,5,1021.48,1,1,2,112,Lost Customers
CUST003588,142,11,339.86,2,2,1,221,Lost Customers
CUST003589,118,18,663.6800000000001,2,2,2,222,Lost Customers
CUST003590,18,60,9697.42,4,5,5,455,Champions
CUST003591,434,15,534.72,1,2,1,121,Lost Customers
CUST003592,289,17,1293.3799999999999,1,2,2,122,Lost Customers
CUST003593,5,18,6147.21,5,2,4,524,Potential Loyalists
CUST003594,115,19,4408.46,2,2,3,223,Lost Customers
CUST003596,26,26,5526.51,3,3,4,334,Needs Attention
CUST003597,30,102,15589.56,3,5,5,355,Loyal Customers
CUST003598,79,11,63.53,2,2,1,221,Lost Customers
CUST003599,10,19,223.77,4,2,1,421,Potential Loyalists
CUST003600,5,49,3027.6800000000003,5,4,3,543,Champions
CUST003601,3,90,11309.83,5,5,5,555,Champions
CUST003602,171,18,3172.99,2,2,3,223,Lost Customers
CUST003603,70,24,5700.44,2,3,4,234,Needs Attention
CUST003605,23,43,6890.9400000000005,3,4,4,344,Loyal Customers
CUST003606,4,100,25987.56,5,5,5,555,Champions
CUST003607,42,46,5422.94,3,4,4,344,Loyal Customers
CUST003608,12,30,1983.77,4,3,2,432,Potential Loyalists
CUST003610,34,27,4468.33,3,3,4,334,Needs Attention
CUST003611,2,16,2923.46,5,2,3,523,Potential Loyalists
CUST003612,522,40,1032.3,1,4,2,142,At Risk
CUST003614,15,41,3387.42,4,4,3,443,Champions
CUST003615,142,5,574.01,2,1,1,211,Lost Customers
CUST003616,11,73,9826.39,4,5,5,455,Champions
CUST003617,8,50,6817.12,5,4,4,544,Champions
CUST003618,61,27,3071.5299999999997,2,3,3,233,Needs Attention
CUST003619,4,44,5267.64,5,4,4,544,Champions
CUST003620,139,15,2742.17,2,2,3,223,Lost Customers
CUST003621,210,20,1934.4699999999998,2,3,2,232,Needs Attention
CUST003622,18,15,5884.23,4,2,4,424,Potential Loyalists
CUST003624,123,45,12782.57,2,4,5,245,At Risk
CUST003625,10,6,3455.06,4,1,3,413,Needs Attention
CUST003626,59,5,1241.21,2,1,2,212,Lost Customers
CUST003627,85,4,462.81,2,1,1,211,Lost Customers
CUST003628,2,29,4928.5599999999995,5,3,4,534,Potential Loyalists
CUST003629,73,28,15032.66,2,3,5,235,Needs Attention
CUST003630,16,26,1261.3400000000001,4,3,2,432,Potential Loyalists
CUST003631,6,9,2909.88,5,1,3,513,Needs Attention
CUST003632,746,2,0.0,1,1,1,111,Lost Customers
CUST003633,1,36,11903.95,5,4,5,545,Champions
CUST003634,134,14,498.75,2,2,1,221,Lost Customers
CUST003635,776,11,2465.8900000000003,1,2,3,123,Lost Customers
CUST003638,745,20,207.89,1,3,1,131,Needs Attention
CUST003639,210,33,4528.44,2,4,4,244,At Risk
CUST003640,2,22,2831.29,5,3,3,533,Potential Loyalists
CUST003641,5,44,3973.82,5,4,3,543,Champions
CUST003642,570,8,5074.47,1,1,4,114,Lost Customers
CUST003643,27,25,956.79,3,3,2,332,Needs Attention
CUST003644,19,24,2299.17,4,3,3,433,Potential Loyalists
CUST003645,23,23,2173.53,3,3,2,332,Needs Attention
CUST003646,558,19,0.0,1,2,1,121,Lost Customers
CUST003647,930,1,0.0,1,1,1,111,Lost Customers
CUST003648,28,18,6830.94,3,2,4,324,Needs Attention
CUST003649,4,13,441.98,5,2,1,521,Potential Loyalists
CUST003650,94,4,976.8000000000001,2,1,2,212,Lost Customers
CUST003651,176,12,2108.74,2,2,2,222,Lost Customers
CUST003652,1044,1,0.0,1,1,1,111,Lost Customers
CUST003653,5,18,0.0,5,2,1,521,Potential Loyalists
CUST003655,577,7,2028.08,1,1,2,112,Lost Customers
CUST003656,231,6,299.87,2,1,1,211,Lost Customers
CUST003657,817,2,0.0,1,1,1,111,Lost Customers
CUST003658,15,53,11955.67,4,5,5,455,Champions
CUST003659,235,12,1757.38,2,2,2,222,Lost Customers
CUST003660,454,17,623.01,1,2,1,121,Lost Customers
CUST003661,60,11,7833.51,2,2,4,224,Lost Customers
CUST003662,5,27,2626.9700000000003,5,3,3,533,Potential Loyalists
CUST003663,86,7,0.0,2,1,1,211,Lost Customers
CUST003664,16,6,0.0,4,1,1,411,Needs Attention
CUST003665,75,30,6204.14,2,3,4,234,Needs Attention
CUST003666,77,17,299.74,2,2,1,221,Lost Customers
CUST003667,558,5,0.0,1,1,1,111,Lost Customers
CUST003668,31,7,416.12,3,1,1,311,Needs Attention
CUST003669,890,4,0.0,1,1,1,111,Lost Customers
CUST003670,2,25,4235.08,5,3,3,533,Potential Loyalists
CUST003671,29,19,849.92,3,2,2,322,Needs Attention
CUST003673,51,11,360.35,3,2,1,321,Needs Attention
CUST003674,47,73,8409.91,3,5,4,354,Loyal Customers
CUST003675,109,10,3925.41,2,1,3,213,Lost Customers
CUST003676,116,29,1703.68,2,3,2,232,Needs Attention
CUST003677,15,67,6573.33,4,5,4,454,Champions
CUST003678,46,44,10402.529999999999,3,4,5,345,Loyal Customers
CUST003679,686,6,2181.17,1,1,3,113,Lost Customers
CUST003680,31,13,0.0,3,2,1,321,Needs Attention
CUST003681,3,70,9285.67,5,5,5,555,Champions
CUST003682,85,8,323.29,2,1,1,211,Lost Customers
CUST003683,195,13,2201.68,2,2,3,223,Lost Customers
CUST003684,3,20,2195.61,5,3,3,533,Potential Loyalists
CUST003686,3,38,7101.96,5,4,4,544,Champions
CUST003687,43,11,1770.7,3,2,2,322,Needs Attention
CUST003688,74,35,4294.32,2,4,3,243,At Risk
CUST003690,567,6,2448.19,1,1,3,113,Lost Customers
CUST003692,506,8,314.81,1,1,1,111,Lost Customers
CUST003693,3,110,18558.1,5,5,5,555,Champions
CUST003694,5,73,10378.050000000001,5,5,5,555,Champions
CUST003695,4,71,14577.9,5,5,5,555,Champions
CUST003696,9,17,5229.03,4,2,4,424,Potential Loyalists
CUST003698,25,8,0.0,3,1,1,311,Needs Attention
CUST003699,36,20,6196.85,3,3,4,334,Needs Attention
CUST003700,19,39,4556.09,4,4,4,444,Champions
CUST003701,6,111,15752.88,5,5,5,555,Champions
CUST003702,203,10,0.0,2,1,1,211,Lost Customers
CUST003703,30,19,5415.28,3,2,4,324,Needs Attention
CUST003704,3,37,8434.15,5,4,4,544,Champions
CUST003706,215,40,5706.61,2,4,4,244,At Risk
CUST003707,401,9,410.47,1,1,1,111,Lost Customers
CUST003708,14,28,5319.24,4,3,4,434,Potential Loyalists
CUST003709,30,16,719.12,3,2,2,322,Needs Attention
CUST003710,16,9,329.16999999999996,4,1,1,411,Needs Attention
CUST003711,579,17,3345.7700000000004,1,2,3,123,Lost Customers
CUST003712,653,15,4123.28,1,2,3,123,Lost Customers
CUST003713,29,28,3972.0,3,3,3,333,Needs Attention
CUST003714,3,13,214.59,5,2,1,521,Potential Loyalists
CUST003715,3,40,5788.01,5,4,4,544,Champions
CUST003716,12,107,23777.23,4,5,5,455,Champions
CUST003717,20,35,4472.84,4,4,4,444,Champions
CUST003718,18,61,15920.19,4,5,5,455,Champions
CUST003719,22,7,2296.77,4,1,3,413,Needs Attention
CUST003720,30,41,3985.62,3,4,3,343,Loyal Customers
CUST003721,181,10,2032.02,2,1,2,212,Lost Customers
CUST003722,43,13,325.1,3,2,1,321,Needs Attention
CUST003723,531,10,1167.52,1,1,2,112,Lost Customers
CUST003724,2,46,8898.52,5,4,5,545,Champions
CUST003725,907,4,23.6,1,1,1,111,Lost Customers
CUST003726,38,26,1347.94,3,3,2,332,Needs Attention
CUST003727,664,1,0.0,1,1,1,111,Lost Customers
CUST003728,46,25,3982.5,3,3,3,333,Needs Attention
CUST003729,95,27,3384.1800000000003,2,3,3,233,Needs Attention
CUST003730,15,31,3560.18,4,3,3,433,Potential Loyalists
CUST003731,99,7,0.0,2,1,1,211,Lost Customers
CUST003732,38,15,1401.59,3,2,2,322,Needs Attention
CUST003733,34,30,5139.93,3,3,4,334,Needs Attention
CUST003734,452,21,1349.01,1,3,2,132,Needs Attention
CUST003735,714,4,47.01,1,1,1,111,Lost Customers
CUST003736,31,25,4997.429999999999,3,3,4,334,Needs Attention
CUST003737,11,26,3187.95,4,3,3,433,Potential Loyalists
CUST003739,8,52,11173.85,5,4,5,545,Champions
CUST003741,510,8,386.7,1,1,1,111,Lost Customers
CUST003742,114,8,90.48,2,1,1,211,Lost Customers
CUST003743,71,18,1075.26,2,2,2,222,Lost Customers
CUST003744,1,59,5237.25,5,5,4,554,Champions
CUST003745,27,92,10815.48,3,5,5,355,Loyal Customers
CUST003746,17,62,4816.91,4,5,4,454,Champions
CUST003747,22,31,5227.44,4,4,4,444,Champions
CUST003748,592,11,3835.1400000000003,1,2,3,123,Lost Customers
CUST003749,136,10,1562.23,2,1,2,212,Lost Customers
CUST003750,852,7,2900.6,1,1,3,113,Lost Customers
CUST003751,10,109,19979.489999999998,4,5,5,455,Champions
CUST003752,431,4,913.0,1,1,2,112,Lost Customers
CUST003753,6,80,12522.28,5,5,5,555,Champions
CUST003754,61,19,7411.360000000001,2,2,4,224,Lost Customers
CUST003755,1,109,20375.28,5,5,5,555,Champions
CUST003756,306,3,0.0,1,1,1,111,Lost Customers
CUST003757,37,57,1612.4,3,5,2,352,Loyal Customers
CUST003758,54,16,0.0,3,2,1,321,Needs Attention
CUST003759,22,10,825.64,4,1,2,412,Needs Attention
CUST003760,30,32,7823.46,3,4,4,344,Loyal Customers
CUST003761,8,62,13636.36,5,5,5,555,Champions
CUST003762,46,9,1192.08,3,1,2,312,Needs Attention
CUST003763,10,16,2775.92,4,2,3,423,Potential Loyalists
CUST003764,61,29,4304.6900000000005,2,3,3,233,Needs Attention
CUST003765,8,22,1672.97,5,3,2,532,Potential Loyalists
CUST003766,9,51,12843.12,4,4,5,445,Champions
CUST003767,25,59,5605.92,3,5,4,354,Loyal Customers
CUST003768,4,27,8158.23,5,3,4,534,Potential Loyalists
CUST003769,2,99,10798.64,5,5,5,555,Champions
CUST003770,65,23,9028.38,2,3,5,235,Needs Attention
CUST003771,3,21,12770.58,5,3,5,535,Potential Loyalists
CUST003772,204,4,161.22,2,1,1,211,Lost Customers
CUST003773,145,21,1408.48,2,3,2,232,Needs Attention
CUST003774,10,18,0.0,4,2,1,421,Potential Loyalists
CUST003776,8,54,14203.45,5,5,5,555,Champions
CUST003777,181,4,0.0,2,1,1,211,Lost Customers
CUST003778,17,32,3774.98,4,4,3,443,Champions
CUST003779,12,58,3788.29,4,5,3,453,Champions
CUST003780,30,86,7036.59,3,5,4,354,Loyal Customers
CUST003781,16,55,13679.46,4,5,5,455,Champions
CUST003782,57,47,9791.99,3,4,5,345,Loyal Customers
CUST003783,3,30,2481.8999999999996,5,3,3,533,Potential Loyalists
CUST003784,7,46,6170.46,5,4,4,544,Champions
CUST003785,3,99,14224.98,5,5,5,555,Champions
CUST003786,42,11,1983.6,3,2,2,322,Needs Attention
CUST003787,25,22,1408.9499999999998,3,3,2,332,Needs Attention
CUST003788,6,11,2405.88,5,2,3,523,Potential Loyalists
CUST003789,3,33,2856.35,5,4,3,543,Champions
CUST003790,694,12,2631.47,1,2,3,123,Lost Customers
CUST003791,14,8,132.07,4,1,1,411,Needs Attention
CUST003792,719,1,118.51,1,1,1,111,Lost Customers
CUST003793,4,25,12672.08,5,3,5,535,Potential Loyalists
CUST003794,63,58,336.41,2,5,1,251,At Risk
CUST003795,528,19,2902.2200000000003,1,2,3,123,Lost Customers
CUST003796,26,40,11368.279999999999,3,4,5,345,Loyal Customers
CUST003797,841,7,2447.3799999999997,1,1,3,113,Lost Customers
CUST003798,11,12,6355.39,4,2,4,424,Potential Loyalists
CUST003799,26,52,2960.34,3,4,3,343,Loyal Customers
CUST003800,803,1,0.0,1,1,1,111,Lost Customers
CUST003801,10,155,23975.83,4,5,5,455,Champions
CUST003802,605,11,693.48,1,2,2,122,Lost Customers
CUST003803,55,18,335.64,3,2,1,321,Needs Attention
CUST003804,82,19,2608.36,2,2,3,223,Lost Customers
CUST003805,563,16,1309.6,1,2,2,122,Lost Customers
CUST003806,3,26,5738.97,5,3,4,534,Potential Loyalists
CUST003807,765,26,2419.51,1,3,3,133,Needs Attention
CUST003808,648,13,1072.66,1,2,2,122,Lost Customers
CUST003809,31,9,195.14999999999998,3,1,1,311,Needs Attention
CUST003812,977,8,2355.86,1,1,3,113,Lost Customers
CUST003813,816,3,538.21,1,1,1,111,Lost Customers
CUST003814,90,28,3861.0,2,3,3,233,Needs Attention
CUST003815,122,33,3829.32,2,4,3,243,At Risk
CUST003816,56,4,2293.14,3,1,3,313,Needs Attention
CUST003817,405,94,11125.439999999999,1,5,5,155,At Risk
CUST003818,4,79,12943.300000000001,5,5,5,555,Champions
CUST003819,44,12,7395.88,3,2,4,324,Needs Attention
CUST003820,178,10,1103.26,2,1,2,212,Lost Customers
CUST003821,24,43,9705.08,3,4,5,345,Loyal Customers
CUST003822,342,14,108.22,1,2,1,121,Lost Customers
CUST003823,20,44,6095.98,4,4,4,444,Champions
CUST003824,33,18,2220.9,3,2,3,323,Needs Attention
CUST003825,5,47,9976.69,5,4,5,545,Champions
CUST003826,43,93,10991.92,3,5,5,355,Loyal Customers
CUST003827,25,44,9201.44,3,4,5,345,Loyal Customers
CUST003828,381,11,2787.1800000000003,1,2,3,123,Lost Customers
CUST003829,596,23,1017.79,1,3,2,132,Needs Attention
CUST003830,4,79,14885.960000000001,5,5,5,555,Champions
CUST003831,1,444,71762.07,5,5,5,555,Champions
CUST003833,41,41,4677.26,3,4,4,344,Loyal Customers
CUST003834,548,3,122.36,1,1,1,111,Lost Customers
CUST003835,14,41,4447.29,4,4,4,444,Champions
CUST003836,160,22,1211.9499999999998,2,3,2,232,Needs Attention
CUST003837,160,109,8799.73,2,5,5,255,At Risk
CUST003838,49,17,2482.03,3,2,3,323,Needs Attention
CUST003839,69,5,0.0,2,1,1,211,Lost Customers
CUST003840,26,18,1538.5,3,2,2,322,Needs Attention
CUST003841,140,4,35.66,2,1,1,211,Lost Customers
CUST003842,1,47,5298.08,5,4,4,544,Champions
CUST003843,228,5,207.42,2,1,1,211,Lost Customers
CUST003844,26,26,8994.7,3,3,5,335,Needs Attention
CUST003846,1,21,3617.24,5,3,3,533,Potential Loyalists
CUST003847,167,100,12126.04,2,5,5,255,At Risk
CUST003848,523,7,0.0,1,1,1,111,Lost Customers
CUST003850,10,24,1326.1899999999998,4,3,2,432,Potential Loyalists
CUST003851,12,35,2770.15,4,4,3,443,Champions
CUST003852,31,51,8299.119999999999,3,4,4,344,Loyal Customers
CUST003853,195,9,1808.3400000000001,2,1,2,212,Lost Customers
CUST003854,41,50,6972.03,3,4,4,344,Loyal Customers
CUST003855,71,3,2445.63,2,1,3,213,Lost Customers
CUST003856,4,16,5202.46,5,2,4,524,Potential Loyalists
CUST003857,14,17,3245.3500000000004,4,2,3,423,Potential Loyalists
CUST003858,17,62,4160.84,4,5,3,453,Champions
CUST003859,28,27,2644.21,3,3,3,333,Needs Attention
CUST003860,31,15,4558.7300000000005,3,2,4,324,Needs Attention
CUST003861,5,21,265.76,5,3,1,531,Potential Loyalists
CUST003862,76,38,9842.650000000001,2,4,5,245,At Risk
CUST003863,88,30,5331.47,2,3,4,234,Needs Attention
CUST003864,40,21,1318.63,3,3,2,332,Needs Attention
CUST003865,94,16,1064.73,2,2,2,222,Lost Customers
CUST003866,6,39,6752.63,5,4,4,544,Champions
CUST003867,16,15,0.0,4,2,1,421,Potential Loyalists
CUST003868,628,14,1135.62,1,2,2,122,Lost Customers
CUST003870,34,4,0.0,3,1,1,311,Needs Attention
CUST003873,15,22,5252.870000000001,4,3,4,434,Potential Loyalists
CUST003874,9,23,1091.3400000000001,4,3,2,432,Potential Loyalists
CUST003875,5,27,3224.61,5,3,3,533,Potential Loyalists
CUST003876,50,26,3091.44,3,3,3,333,Needs Attention
CUST003877,10,128,9825.68,4,5,5,455,Champions
CUST003878,13,49,7397.120000000001,4,4,4,444,Champions
CUST003879,3,65,3573.3,5,5,3,553,Champions
CUST003880,26,9,1710.55,3,1,2,312,Needs Attention
CUST003881,13,9,0.0,4,1,1,411,Needs Attention
CUST003882,104,3,0.0,2,1,1,211,Lost Customers
CUST003883,75,15,1482.97,2,2,2,222,Lost Customers
CUST003884,6,51,1218.6,5,4,2,542,Champions
CUST003885,59,37,5672.71,2,4,4,244,At Risk
CUST003886,11,17,3167.12,4,2,3,423,Potential Loyalists
CUST003887,12,27,4573.84,4,3,4,434,Potential Loyalists
CUST003888,132,11,26.58,2,2,1,221,Lost Customers
CUST003889,51,26,2610.7,3,3,3,333,Needs Attention
CUST003890,38,45,3075.7,3,4,3,343,Loyal Customers
CUST003891,114,8,2855.58,2,1,3,213,Lost Customers
CUST003892,9,37,7582.59,4,4,4,444,Champions
CUST003893,17,76,9366.57,4,5,5,455,Champions
CUST003894,9,20,3430.5499999999997,4,3,3,433,Potential Loyalists
CUST003895,8,47,4443.360000000001,5,4,4,544,Champions
CUST003896,7,319,55448.61,5,5,5,555,Champions
CUST003897,31,33,4691.139999999999,3,4,4,344,Loyal Customers
CUST003898,100,30,4279.639999999999,2,3,3,233,Needs Attention
CUST003899,83,23,2470.04,2,3,3,233,Needs Attention
CUST003900,14,30,1421.74,4,3,2,432,Potential Loyalists
CUST003901,598,15,2558.39,1,2,3,123,Lost Customers
CUST003902,907,6,0.0,1,1,1,111,Lost Customers
CUST003903,56,16,3005.71,3,2,3,323,Needs Attention
CUST003904,24,41,6227.79,3,4,4,344,Loyal Customers
CUST003905,5,77,8898.21,5,5,5,555,Champions
CUST003906,1,53,8636.74,5,5,5,555,Champions
CUST003907,622,14,1781.49,1,2,2,122,Lost Customers
CUST003908,18,23,1639.75,4,3,2,432,Potential Loyalists
CUST003909,10,41,1621.22,4,4,2,442,Champions
CUST003910,13,28,9671.660000000002,4,3,5,435,Potential Loyalists
CUST003911,12,15,219.93,4,2,1,421,Potential Loyalists
CUST003912,16,50,13446.7,4,4,5,445,Champions
CUST003914,78,28,5395.64,2,3,4,234,Needs Attention
CUST003915,39,34,6528.29,3,4,4,344,Loyal Customers
CUST003916,443,26,11615.33,1,3,5,135,Needs Attention
CUST003917,80,9,4226.23,2,1,3,213,Lost Customers
CUST003918,9,60,4426.900000000001,4,5,4,454,Champions
CUST003919,26,37,7910.08,3,4,4,344,Loyal Customers
CUST003920,116,9,253.75,2,1,1,211,Lost Customers
CUST003921,718,1,0.0,1,1,1,111,Lost Customers
CUST003922,209,20,1387.69,2,3,2,232,Needs Attention
CUST003923,3,26,2441.45,5,3,3,533,Potential Loyalists
CUST003924,8,26,1940.1,5,3,2,532,Potential Loyalists
CUST003925,86,25,4810.700000000001,2,3,4,234,Needs Attention
CUST003926,715,1,0.0,1,1,1,111,Lost Customers
CUST003927,3,26,2098.48,5,3,2,532,Potential Loyalists
CUST003928,11,24,4543.55,4,3,4,434,Potential Loyalists
CUST003929,20,35,7197.590000000001,4,4,4,444,Champions
CUST003931,15,104,4603.05,4,5,4,454,Champions
CUST003932,26,4,411.84,3,1,1,311,Needs Attention
CUST003933,11,97,7237.5,4,5,4,454,Champions
CUST003934,34,23,1990.03,3,3,2,332,Needs Attention
CUST003935,148,55,8227.32,2,5,4,254,At Risk
CUST003936,75,25,5194.5599999999995,2,3,4,234,Needs Attention
CUST003937,333,58,22426.149999999998,1,5,5,155,At Risk
CUST003938,27,19,4194.58,3,2,3,323,Needs Attention
CUST003939,572,3,0.0,1,1,1,111,Lost Customers
CUST003940,641,25,2813.54,1,3,3,133,Needs Attention
CUST003941,525,10,1104.97,1,1,2,112,Lost Customers
CUST003942,925,3,569.3,1,1,1,111,Lost Customers
CUST003943,261,63,11720.44,2,5,5,255,At Risk
CUST003944,503,4,0.0,1,1,1,111,Lost Customers
CUST003945,11,35,1383.4199999999998,4,4,2,442,Champions
CUST003946,192,13,1504.37,2,2,2,222,Lost Customers
CUST003948,287,21,3417.13,1,3,3,133,Needs Attention
CUST003949,65,11,861.0899999999999,2,2,2,222,Lost Customers
CUST003950,11,16,1237.97,4,2,2,422,Potential Loyalists
CUST003951,8,55,3459.7999999999997,5,5,3,553,Champions
CUST003952,11,40,4612.97,4,4,4,444,Champions
CUST003953,24,35,6756.97,3,4,4,344,Loyal Customers
CUST003954,710,3,1130.36,1,1,2,112,Lost Customers
CUST003955,80,23,942.87,2,3,2,232,Needs Attention
CUST003956,656,31,5141.0599999999995,1,4,4,144,At Risk
CUST003957,15,24,1902.51,4,3,2,432,Potential Loyalists
CUST003958,1,33,4029.66,5,4,3,543,Champions
CUST003959,16,88,10708.51,4,5,5,455,Champions
CUST003960,48,15,0.0,3,2,1,321,Needs Attention
CUST003961,8,138,9037.04,5,5,5,555,Champions
CUST003962,41,9,1602.08,3,1,2,312,Needs Attention
CUST003963,34,63,12140.6,3,5,5,355,Loyal Customers
CUST003964,25,33,4261.17,3,4,3,343,Loyal Customers
CUST003965,83,12,4443.0,2,2,4,224,Lost Customers
CUST003966,494,2,0.0,1,1,1,111,Lost Customers
CUST003968,57,19,4365.81,3,2,3,323,Needs Attention
CUST003969,33,23,2598.1,3,3,3,333,Needs Attention
CUST003970,6,30,3449.29,5,3,3,533,Potential Loyalists
CUST003971,587,7,0.0,1,1,1,111,Lost Customers
CUST003972,252,30,2818.81,2,3,3,233,Needs Attention
CUST003973,1,29,2946.27,5,3,3,533,Potential Loyalists
CUST003974,26,11,0.0,3,2,1,321,Needs Attention
CUST003976,15,122,9391.44,4,5,5,455,Champions
CUST003978,41,119,20148.98,3,5,5,355,Loyal Customers
CUST003979,20,24,8008.94,4,3,4,434,Potential Loyalists
CUST003980,799,7,4120.41,1,1,3,113,Lost Customers
CUST003981,29,41,7685.49,3,4,4,344,Loyal Customers
CUST003982,17,56,8054.97,4,5,4,454,Champions
CUST003983,86,24,2341.06,2,3,3,233,Needs Attention
CUST003984,13,28,12660.439999999999,4,3,5,435,Potential Loyalists
CUST003985,1,27,3582.17,5,3,3,533,Potential Loyalists
CUST003986,8,53,19229.8,5,5,5,555,Champions
CUST003987,1042,2,0.0,1,1,1,111,Lost Customers
CUST003988,48,25,7913.06,3,3,4,334,Needs Attention
CUST003989,19,48,6296.64,4,4,4,444,Champions
CUST003990,331,80,8657.27,1,5,5,155,At Risk
CUST003991,3,37,596.19,5,4,1,541,Champions
CUST003992,689,11,2628.07,1,2,3,123,Lost Customers
CUST003993,126,10,2577.7000000000003,2,1,3,213,Lost Customers
CUST003994,229,5,984.6800000000001,2,1,2,212,Lost Customers
CUST003995,426,23,4169.93,1,3,3,133,Needs Attention
CUST003996,92,25,1814.72,2,3,2,232,Needs Attention
CUST003997,989,1,0.0,1,1,1,111,Lost Customers
CUST003998,3,29,636.82,5,3,2,532,Potential Loyalists
CUST003999,48,33,11851.92,3,4,5,345,Loyal Customers
CUST004000,9,52,13739.83,4,4,5,445,Champions
CUST004001,24,25,5035.88,3,3,4,334,Needs Attention
CUST004002,45,11,181.16,3,2,1,321,Needs Attention
CUST004003,13,66,6764.3099999999995,4,5,4,454,Champions
CUST004004,2,31,2732.23,5,4,3,543,Champions
CUST004006,10,14,4424.05,4,2,4,424,Potential Loyalists
CUST004007,16,17,6771.43,4,2,4,424,Potential Loyalists
CUST004008,61,30,7368.75,2,3,4,234,Needs Attention
CUST004009,53,22,4475.79,3,3,4,334,Needs Attention
CUST004010,3,71,10109.869999999999,5,5,5,555,Champions
CUST004011,17,16,1046.45,4,2,2,422,Potential Loyalists
CUST004012,21,9,477.94,4,1,1,411,Needs Attention
CUST004013,651,4,0.0,1,1,1,111,Lost Customers
CUST004015,53,23,2463.52,3,3,3,333,Needs Attention
CUST004016,26,31,6457.26,3,4,4,344,Loyal Customers
CUST004017,215,40,8836.5,2,4,5,245,At Risk
CUST004018,8,24,1316.51,5,3,2,532,Potential Loyalists
CUST004019,148,13,2147.98,2,2,2,222,Lost Customers
CUST004021,24,13,344.05,3,2,1,321,Needs Attention
CUST004023,555,19,4439.7,1,2,4,124,Lost Customers
CUST004024,64,45,6579.3099999999995,2,4,4,244,At Risk
CUST004025,42,28,1428.4099999999999,3,3,2,332,Needs Attention
CUST004026,112,37,960.44,2,4,2,242,At Risk
CUST004027,19,138,25451.71,4,5,5,455,Champions
CUST004028,50,29,5061.82,3,3,4,334,Needs Attention
CUST004029,14,35,2479.5299999999997,4,4,3,443,Champions
CUST004030,156,21,827.5699999999999,2,3,2,232,Needs Attention
CUST004031,605,2,0.0,1,1,1,111,Lost Customers
CUST004032,726,2,0.0,1,1,1,111,Lost Customers
CUST004033,172,15,6558.15,2,2,4,224,Lost Customers
CUST004034,49,42,5743.01,3,4,4,344,Loyal Customers
CUST004035,10,181,44218.06,4,5,5,455,Champions
CUST004036,43,23,1819.37,3,3,2,332,Needs Attention
CUST004037,869,6,191.4,1,1,1,111,Lost Customers
CUST004038,48,22,3045.0299999999997,3,3,3,333,Needs Attention
CUST004039,28,61,14484.32,3,5,5,355,Loyal Customers
CUST004040,33,39,5902.98,3,4,4,344,Loyal Customers
CUST004041,2,93,10023.16,5,5,5,555,Champions
CUST004043,138,3,0.0,2,1,1,211,Lost Customers
CUST004044,350,15,113.28,1,2,1,121,Lost Customers
CUST004045,6,94,10024.51,5,5,5,555,Champions
CUST004046,54,8,996.0,3,1,2,312,Needs Attention
CUST004047,163,3,0.0,2,1,1,211,Lost Customers
CUST004048,332,37,7696.74,1,4,4,144,At Risk
CUST004049,32,34,12790.26,3,4,5,345,Loyal Customers
CUST004050,48,12,0.0,3,2,1,321,Needs Attention
CUST004051,25,9,6411.95,3,1,4,314,Needs Attention
CUST004052,120,12,1472.43,2,2,2,222,Lost Customers
CUST004053,537,9,0.0,1,1,1,111,Lost Customers
CUST004054,13,17,1173.63,4,2,2,422,Potential Loyalists
CUST004055,2,43,4071.3199999999997,5,4,3,543,Champions
CUST004056,931,1,0.0,1,1,1,111,Lost Customers
CUST004057,18,13,5132.56,4,2,4,424,Potential Loyalists
CUST004058,56,13,683.39,3,2,2,322,Needs Attention
CUST004059,2,22,299.04,5,3,1,531,Potential Loyalists
CUST004060,10,16,5345.41,4,2,4,424,Potential Loyalists
CUST004061,67,63,1835.47,2,5,2,252,At Risk
CUST004063,243,22,1432.9799999999998,2,3,2,232,Needs Attention
CUST004064,449,22,2476.7,1,3,3,133,Needs Attention
CUST004065,1,101,27306.8,5,5,5,555,Champions
CUST004066,113,24,2779.57,2,3,3,233,Needs Attention
CUST004067,16,32,3739.31,4,4,3,443,Champions
CUST004069,111,4,3567.04,2,1,3,213,Lost Customers
CUST004070,667,27,2230.04,1,3,3,133,Needs Attention
CUST004071,22,20,2694.8,4,3,3,433,Potential Loyalists
CUST004072,227,38,4187.42,2,4,3,243,At Risk
CUST004074,708,2,434.94,1,1,1,111,Lost Customers
CUST004075,2,108,13343.74,5,5,5,555,Champions
CUST004076,3,27,4602.61,5,3,4,534,Potential Loyalists
CUST004077,17,33,2993.8799999999997,4,4,3,443,Champions
CUST004078,21,29,1787.26,4,3,2,432,Potential Loyalists
CUST004079,9,10,0.0,4,1,1,411,Needs Attention
CUST004080,300,50,6877.05,1,4,4,144,At Risk
CUST004081,185,15,2695.97,2,2,3,223,Lost Customers
CUST004082,22,51,5870.83,4,4,4,444,Champions
CUST004083,154,9,758.59,2,1,2,212,Lost Customers
CUST004084,683,2,0.0,1,1,1,111,Lost Customers
CUST004085,426,38,7647.55,1,4,4,144,At Risk
CUST004087,907,11,5177.51,1,2,4,124,Lost Customers
CUST004088,12,24,1661.01,4,3,2,432,Potential Loyalists
CUST004090,26,64,12927.19,3,5,5,355,Loyal Customers
CUST004091,90,17,2297.13,2,2,3,223,Lost Customers
CUST004092,10,52,4275.36,4,4,3,443,Champions
CUST004093,2,30,763.79,5,3,2,532,Potential Loyalists
CUST004094,25,13,3117.47,3,2,3,323,Needs Attention
CUST004095,18,14,5766.1900000000005,4,2,4,424,Potential Loyalists
CUST004096,5,205,26308.920000000002,5,5,5,555,Champions
CUST004097,6,32,2610.29,5,4,3,543,Champions
CUST004098,14,28,4825.639999999999,4,3,4,434,Potential Loyalists
CUST004099,18,67,7860.49,4,5,4,454,Champions
CUST004100,106,32,2260.18,2,4,3,243,At Risk
CUST004101,24,31,4425.87,3,4,4,344,Loyal Customers
CUST004102,31,22,820.8900000000001,3,3,2,332,Needs Attention
CUST004103,364,34,1090.88,1,4,2,142,At Risk
CUST004104,15,41,8164.66,4,4,4,444,Champions
CUST004105,369,8,0.0,1,1,1,111,Lost Customers
CUST004106,14,100,20981.38,4,5,5,455,Champions
CUST004107,5,26,7281.74,5,3,4,534,Potential Loyalists
CUST004108,24,16,9929.56,3,2,5,325,Needs Attention
CUST004109,11,82,11497.03,4,5,5,455,Champions
CUST004110,15,17,1423.99,4,2,2,422,Potential Loyalists
CUST004111,23,60,12181.75,3,5,5,355,Loyal Customers
CUST004112,14,30,2447.32,4,3,3,433,Potential Loyalists
CUST004113,30,31,1963.54,3,4,2,342,Loyal Customers
CUST004114,20,58,7901.62,4,5,4,454,Champions
CUST004115,2,32,13925.07,5,4,5,545,Champions
CUST004116,183,4,0.0,2,1,1,211,Lost Customers
CUST004117,31,16,2521.11,3,2,3,323,Needs Attention
CUST004118,942,1,0.0,1,1,1,111,Lost Customers
CUST004120,30,17,423.76,3,2,1,321,Needs Attention
CUST004121,73,7,1036.36,2,1,2,212,Lost Customers
CUST004123,166,3,0.0,2,1,1,211,Lost Customers
CUST004124,45,27,850.15,3,3,2,332,Needs Attention
CUST004125,91,17,2874.2599999999998,2,2,3,223,Lost Customers
CUST004126,101,14,1262.38,2,2,2,222,Lost Customers
CUST004127,12,41,10053.98,4,4,5,445,Champions
CUST004129,7,158,13092.67,5,5,5,555,Champions
CUST004130,388,10,2520.7200000000003,1,1,3,113,Lost Customers
CUST004131,2,65,3846.3500000000004,5,5,3,553,Champions
CUST004132,55,67,7013.19,3,5,4,354,Loyal Customers
CUST004133,118,12,246.61,2,2,1,221,Lost Customers
CUST004134,25,37,1945.48,3,4,2,342,Loyal Customers
CUST004135,24,13,2014.54,3,2,2,322,Needs Attention
CUST004136,5,39,6374.76,5,4,4,544,Champions
CUST004137,23,88,10397.3,3,5,5,355,Loyal Customers
CUST004138,4,49,2448.98,5,4,3,543,Champions
CUST004139,191,27,1540.93,2,3,2,232,Needs Attention
CUST004140,565,13,1485.83,1,2,2,122,Lost Customers
CUST004141,57,7,1272.58,3,1,2,312,Needs Attention
CUST004142,56,41,4391.88,3,4,3,343,Loyal Customers
CUST004143,54,83,2267.82,3,5,3,353,Loyal Customers
CUST004144,317,6,0.0,1,1,1,111,Lost Customers
CUST004146,67,26,7435.16,2,3,4,234,Needs Attention
CUST004147,94,9,826.0,2,1,2,212,Lost Customers
CUST004148,602,7,0.0,1,1,1,111,Lost Customers
CUST004150,244,8,156.04,2,1,1,211,Lost Customers
CUST004151,84,17,4633.73,2,2,4,224,Lost Customers
CUST004152,10,48,15873.119999999999,4,4,5,445,Champions
CUST004154,102,14,382.17,2,2,1,221,Lost Customers
CUST004155,24,25,1137.31,3,3,2,332,Needs Attention
CUST004156,22,83,15394.99,4,5,5,455,Champions
CUST004157,58,22,5426.84,2,3,4,234,Needs Attention
CUST004158,104,10,308.98,2,1,1,211,Lost Customers
CUST004159,474,19,7808.25,1,2,4,124,Lost Customers
CUST004160,105,9,5616.75,2,1,4,214,Lost Customers
CUST004161,489,13,1905.57,1,2,2,122,Lost Customers
CUST004162,467,11,557.76,1,2,1,121,Lost Customers
CUST004163,48,23,3487.2799999999997,3,3,3,333,Needs Attention
CUST004164,611,25,2340.98,1,3,3,133,Needs Attention
CUST004166,6,87,17256.46,5,5,5,555,Champions
CUST004167,43,20,4942.58,3,3,4,334,Needs Attention
CUST004168,634,12,0.0,1,2,1,121,Lost Customers
CUST004169,7,26,874.12,5,3,2,532,Potential Loyalists
CUST004170,10,22,2943.51,4,3,3,433,Potential Loyalists
CUST004171,11,85,18233.96,4,5,5,455,Champions
CUST004172,38,8,85.55,3,1,1,311,Needs Attention
CUST004174,4,88,17304.24,5,5,5,555,Champions
CUST004175,317,14,0.0,1,2,1,121,Lost Customers
CUST004176,196,50,14270.4,2,4,5,245,At Risk
CUST004177,3,132,29177.370000000003,5,5,5,555,Champions
CUST004178,430,11,4808.92,1,2,4,124,Lost Customers
CUST004179,12,31,4883.92,4,4,4,444,Champions
CUST004180,730,3,2640.08,1,1,3,113,Lost Customers
CUST004181,8,45,7972.34,5,4,4,544,Champions
CUST004182,24,33,10603.07,3,4,5,345,Loyal Customers
CUST004183,21,46,2013.12,4,4,2,442,Champions
CUST004184,28,25,4105.27,3,3,3,333,Needs Attention
CUST004185,19,7,1019.06,4,1,2,412,Needs Attention
CUST004186,342,27,4892.02,1,3,4,134,Needs Attention
CUST004187,412,3,0.0,1,1,1,111,Lost Customers
CUST004188,42,18,0.0,3,2,1,321,Needs Attention
CUST004190,18,42,4915.47,4,4,4,444,Champions
CUST004191,18,117,27500.61,4,5,5,455,Champions
CUST004192,9,46,3329.61,4,4,3,443,Champions
CUST004193,57,21,4020.6499999999996,3,3,3,333,Needs Attention
CUST004194,39,28,4124.7,3,3,3,333,Needs Attention
CUST004195,88,37,2011.42,2,4,2,242,At Risk
CUST004197,86,7,3243.08,2,1,3,213,Lost Customers
CUST004198,88,14,367.04,2,2,1,221,Lost Customers
CUST004199,86,2,0.0,2,1,1,211,Lost Customers
CUST004200,36,34,12143.43,3,4,5,345,Loyal Customers
CUST004201,865,8,868.56,1,1,2,112,Lost Customers
CUST004202,103,6,0.0,2,1,1,211,Lost Customers
CUST004203,8,34,14373.0,5,4,5,545,Champions
CUST004204,11,52,9866.61,4,4,5,445,Champions
CUST004205,59,32,6479.12,2,4,4,244,At Risk
CUST004207,873,7,3153.2799999999997,1,1,3,113,Lost Customers
CUST004208,25,49,3684.65,3,4,3,343,Loyal Customers
CUST004209,6,31,3768.13,5,4,3,543,Champions
CUST004210,20,23,1767.51,4,3,2,432,Potential Loyalists
CUST004211,5,42,7805.18,5,4,4,544,Champions
CUST004212,525,44,10699.15,1,4,5,145,At Risk
CUST004213,178,17,936.54,2,2,2,222,Lost Customers
CUST004214,11,153,11623.44,4,5,5,455,Champions
CUST004215,37,15,1081.15,3,2,2,322,Needs Attention
CUST004216,1,31,5950.61,5,4,4,544,Champions
CUST004217,731,3,605.1500000000001,1,1,1,111,Lost Customers
CUST004218,334,14,4075.6,1,2,3,123,Lost Customers
CUST004219,398,2,0.0,1,1,1,111,Lost Customers
CUST004220,49,25,1215.06,3,3,2,332,Needs Attention
CUST004221,15,7,1070.15,4,1,2,412,Needs Attention
CUST004222,10,38,8349.599999999999,4,4,4,444,Champions
CUST004223,50,71,6050.42,3,5,4,354,Loyal Customers
CUST004224,536,22,6018.31,1,3,4,134,Needs Attention
CUST004225,691,1,0.0,1,1,1,111,Lost Customers
CUST004226,13,124,11086.199999999999,4,5,5,455,Champions
CUST004227,60,27,8995.93,2,3,5,235,Needs Attention
CUST004228,29,16,2087.63,3,2,2,322,Needs Attention
CUST004229,19,24,1122.17,4,3,2,432,Potential Loyalists
CUST004230,14,52,4877.15,4,5,4,454,Champions
CUST004231,94,16,1777.74,2,2,2,222,Lost Customers
CUST004232,810,11,501.75,1,2,1,121,Lost Customers
CUST004234,288,24,1661.75,1,3,2,132,Needs Attention
CUST004235,246,16,0.0,2,2,1,221,Lost Customers
CUST004237,236,15,4569.0,2,2,4,224,Lost Customers
CUST004238,41,65,11887.039999999999,3,5,5,355,Loyal Customers
CUST004239,8,44,7182.05,5,4,4,544,Champions
CUST004240,5,51,6884.4,5,4,4,544,Champions
CUST004241,88,39,2198.2000000000003,2,4,3,243,At Risk
CUST004242,28,19,4648.24,3,2,4,324,Needs Attention
CUST004244,73,9,4285.09,2,1,3,213,Lost Customers
CUST004245,15,28,1759.97,4,3,2,432,Potential Loyalists
CUST004246,19,12,608.54,4,2,1,421,Potential Loyalists
CUST004247,4,63,4060.9,5,5,3,553,Champions
CUST004248,24,41,1097.49,3,4,2,342,Loyal Customers
CUST004249,34,39,912.77,3,4,2,342,Loyal Customers
CUST004250,2,67,12873.52,5,5,5,555,Champions
CUST004251,6,13,0.0,5,2,1,521,Potential Loyalists
CUST004252,372,30,4007.1499999999996,1,3,3,133,Needs Attention
CUST004253,158,28,4940.18,2,3,4,234,Needs Attention
CUST004254,891,17,1446.97,1,2,2,122,Lost Customers
CUST004255,1,23,2200.98,5,3,3,533,Potential Loyalists
CUST004256,19,17,656.8199999999999,4,2,2,422,Potential Loyalists
CUST004257,31,42,7547.51,3,4,4,344,Loyal Customers
CUST004258,1,60,3468.9500000000003,5,5,3,553,Champions
CUST004259,185,25,4111.2,2,3,3,233,Needs Attention
CUST004260,18,28,5928.23,4,3,4,434,Potential Loyalists
CUST004261,25,12,1583.94,3,2,2,322,Needs Attention
CUST004262,199,3,0.0,2,1,1,211,Lost Customers
CUST004263,422,24,2283.0499999999997,1,3,3,133,Needs Attention
CUST004264,21,33,1516.59,4,4,2,442,Champions
CUST004265,414,18,241.41,1,2,1,121,Lost Customers
CUST004266,75,5,856.46,2,1,2,212,Lost Customers
CUST004267,726,2,0.0,1,1,1,111,Lost Customers
CUST004268,129,4,0.0,2,1,1,211,Lost Customers
CUST004269,1,83,7741.74,5,5,4,554,Champions
CUST004270,389,7,632.71,1,1,2,112,Lost Customers
CUST004271,10,77,6839.85,4,5,4,454,Champions
CUST004272,10,55,7405.24,4,5,4,454,Champions
CUST004273,40,11,3522.66,3,2,3,323,Needs Attention
CUST004274,135,14,929.0,2,2,2,222,Lost Customers
CUST004275,343,31,4315.35,1,4,3,143,At Risk
CUST004276,903,3,724.9100000000001,1,1,2,112,Lost Customers
CUST004277,86,26,2635.44,2,3,3,233,Needs Attention
CUST004278,409,14,2364.51,1,2,3,123,Lost Customers
CUST004279,291,12,68.78,1,2,1,121,Lost Customers
CUST004280,526,2,1065.38,1,1,2,112,Lost Customers
CUST004281,138,22,1461.23,2,3,2,232,Needs Attention
CUST004282,41,14,5350.76,3,2,4,324,Needs Attention
CUST004283,68,24,448.38,2,3,1,231,Needs Attention
CUST004284,4,61,9732.01,5,5,5,555,Champions
CUST004285,414,46,13590.39,1,4,5,145,At Risk
CUST004286,57,24,3096.4700000000003,3,3,3,333,Needs Attention
CUST004287,62,30,2549.5899999999997,2,3,3,233,Needs Attention
CUST004288,365,31,5811.88,1,4,4,144,At Risk
CUST004289,20,19,1007.33,4,2,2,422,Potential Loyalists
CUST004290,46,48,7969.51,3,4,4,344,Loyal Customers
CUST004291,31,40,2666.04,3,4,3,343,Loyal Customers
CUST004292,6,78,12139.14,5,5,5,555,Champions
CUST004294,19,18,10679.130000000001,4,2,5,425,Potential Loyalists
CUST004295,16,13,7497.75,4,2,4,424,Potential Loyalists
CUST004296,20,38,2036.72,4,4,2,442,Champions
CUST004297,19,39,1678.0,4,4,2,442,Champions
CUST004298,23,126,26455.42,3,5,5,355,Loyal Customers
CUST004299,534,9,1830.98,1,1,2,112,Lost Customers
CUST004300,11,21,2880.9399999999996,4,3,3,433,Potential Loyalists
CUST004301,18,92,3797.44,4,5,3,453,Champions
CUST004302,6,30,4380.16,5,3,3,533,Potential Loyalists
CUST004303,7,70,16513.059999999998,5,5,5,555,Champions
CUST004304,674,3,0.0,1,1,1,111,Lost Customers
CUST004305,4,9,606.04,5,1,1,511,Needs Attention
CUST004306,193,8,2243.35,2,1,3,213,Lost Customers
CUST004308,492,21,2007.73,1,3,2,132,Needs Attention
CUST004309,145,76,8011.99,2,5,4,254,At Risk
CUST004310,129,96,27784.72,2,5,5,255,At Risk
CUST004311,8,57,6533.92,5,5,4,554,Champions
CUST004312,556,34,1478.62,1,4,2,142,At Risk
CUST004313,64,15,3960.82,2,2,3,223,Lost Customers
CUST004314,3,8,2315.65,5,1,3,513,Needs Attention
CUST004315,18,51,2782.64,4,4,3,443,Champions
CUST004316,49,41,4963.42,3,4,4,344,Loyal Customers
CUST004317,685,4,2872.53,1,1,3,113,Lost Customers
CUST004318,196,35,6305.04,2,4,4,244,At Risk
CUST004319,32,36,11651.06,3,4,5,345,Loyal Customers
CUST004320,283,74,19784.45,1,5,5,155,At Risk
CUST004321,10,76,18440.48,4,5,5,455,Champions
CUST004322,773,8,4293.85,1,1,3,113,Lost Customers
CUST004323,774,15,5831.27,1,2,4,124,Lost Customers
CUST004325,263,22,4007.51,1,3,3,133,Needs Attention
CUST004326,21,40,5660.26,4,4,4,444,Champions
CUST004327,231,7,801.42,2,1,2,212,Lost Customers
CUST004328,38,71,12999.77,3,5,5,355,Loyal Customers
CUST004329,747,7,0.0,1,1,1,111,Lost Customers
CUST004330,3,27,5074.2699999999995,5,3,4,534,Potential Loyalists
CUST004331,230,17,1766.62,2,2,2,222,Lost Customers
CUST004333,38,22,628.29,3,3,2,332,Needs Attention
CUST004334,49,3,0.0,3,1,1,311,Needs Attention
CUST004335,12,43,5223.44,4,4,4,444,Champions
CUST004336,36,14,2260.0099999999998,3,2,3,323,Needs Attention
CUST004337,865,10,0.0,1,1,1,111,Lost Customers
CUST004338,1,22,5996.8,5,3,4,534,Potential Loyalists
CUST004339,1,40,2128.13,5,4,2,542,Champions
CUST004340,90,10,1322.47,2,1,2,212,Lost Customers
CUST004341,21,13,1424.0,4,2,2,422,Potential Loyalists
CUST004342,14,15,212.21,4,2,1,421,Potential Loyalists
CUST004343,16,50,20302.43,4,4,5,445,Champions
CUST004344,5,87,12996.53,5,5,5,555,Champions
CUST004345,204,20,4684.02,2,3,4,234,Needs Attention
CUST004346,392,29,2988.7099999999996,1,3,3,133,Needs Attention
CUST004347,92,3,0.0,2,1,1,211,Lost Customers
CUST004348,77,9,542.97,2,1,1,211,Lost Customers
CUST004349,47,20,7630.68,3,3,4,334,Needs Attention
CUST004350,13,4,0.0,4,1,1,411,Needs Attention
CUST004351,48,7,726.73,3,1,2,312,Needs Attention
CUST004352,27,28,9261.25,3,3,5,335,Needs Attention
CUST004353,10,21,481.29,4,3,1,431,Potential Loyalists
CUST004354,8,34,4509.71,5,4,4,544,Champions
CUST004355,30,54,21360.04,3,5,5,355,Loyal Customers
CUST004356,31,43,1373.08,3,4,2,342,Loyal Customers
CUST004357,23,35,5077.38,3,4,4,344,Loyal Customers
CUST004358,105,21,3588.8,2,3,3,233,Needs Attention
CUST004359,30,18,2855.57,3,2,3,323,Needs Attention
CUST004360,174,76,15486.24,2,5,5,255,At Risk
CUST004361,415,8,0.0,1,1,1,111,Lost Customers
CUST004362,69,17,2597.4,2,2,3,223,Lost Customers
CUST004363,392,14,3076.64,1,2,3,123,Lost Customers
CUST004364,15,16,1886.29,4,2,2,422,Potential Loyalists
CUST004365,17,20,4650.87,4,3,4,434,Potential Loyalists
CUST004366,12,38,7175.72,4,4,4,444,Champions
CUST004367,11,43,4262.45,4,4,3,443,Champions
CUST004368,253,9,3651.0699999999997,2,1,3,213,Lost Customers
CUST004369,54,24,5783.42,3,3,4,334,Needs Attention
CUST004370,1,91,11540.18,5,5,5,555,Champions
CUST004371,17,47,2086.23,4,4,2,442,Champions
CUST004372,8,143,30247.49,5,5,5,555,Champions
CUST004373,306,53,3590.19,1,5,3,153,At Risk
CUST004374,14,65,3587.37,4,5,3,453,Champions
CUST004375,41,15,1112.59,3,2,2,322,Needs Attention
CUST004376,22,54,7331.09,4,5,4,454,Champions
CUST004377,875,6,701.22,1,1,2,112,Lost Customers
CUST004378,12,21,2624.34,4,3,3,433,Potential Loyalists
CUST004379,347,25,2643.9,1,3,3,133,Needs Attention
CUST004380,12,53,7460.61,4,5,4,454,Champions
CUST004381,19,52,10853.18,4,5,5,455,Champions
CUST004382,35,20,1571.38,3,3,2,332,Needs Attention
CUST004383,136,37,11839.58,2,4,5,245,At Risk
CUST004384,141,23,6118.74,2,3,4,234,Needs Attention
CUST004385,693,3,0.0,1,1,1,111,Lost Customers
CUST004386,38,15,985.6,3,2,2,322,Needs Attention
CUST004387,14,19,372.82,4,2,1,421,Potential Loyalists
CUST004388,1,49,5968.5199999999995,5,4,4,544,Champions
CUST004389,26,10,616.78,3,1,1,311,Needs Attention
CUST004390,5,142,13037.11,5,5,5,555,Champions
CUST004391,12,9,0.0,4,1,1,411,Needs Attention
CUST004392,179,8,0.0,2,1,1,211,Lost Customers
CUST004393,13,35,8733.67,4,4,5,445,Champions
CUST004394,1,43,7915.34,5,4,4,544,Champions
CUST004395,1031,2,283.63,1,1,1,111,Lost Customers
CUST004396,8,38,1020.08,5,4,2,542,Champions
CUST004397,20,34,9092.550000000001,4,4,5,445,Champions
CUST004398,524,7,0.0,1,1,1,111,Lost Customers
CUST004399,9,116,8943.59,4,5,5,455,Champions
CUST004400,18,65,3674.83,4,5,3,453,Champions
CUST004401,2,63,10806.74,5,5,5,555,Champions
CUST004402,892,4,0.0,1,1,1,111,Lost Customers
CUST004403,43,19,10781.27,3,2,5,325,Needs Attention
CUST004404,511,5,0.0,1,1,1,111,Lost Customers
CUST004405,4,14,4735.45,5,2,4,524,Potential Loyalists
CUST004406,2,34,1499.3899999999999,5,4,2,542,Champions
CUST004407,6,12,1532.3899999999999,5,2,2,522,Potential Loyalists
CUST004408,5,44,7103.3,5,4,4,544,Champions
CUST004409,541,4,0.0,1,1,1,111,Lost Customers
CUST004410,25,91,15420.199999999999,3,5,5,355,Loyal Customers
CUST004411,1,14,1213.62,5,2,2,522,Potential Loyalists
CUST004412,8,47,6849.549999999999,5,4,4,544,Champions
CUST004413,18,42,11365.390000000001,4,4,5,445,Champions
CUST004414,668,4,471.73999999999995,1,1,1,111,Lost Customers
CUST004415,3,51,1911.19,5,4,2,542,Champions
CUST004417,8,97,24144.52,5,5,5,555,Champions
CUST004418,15,22,1420.59,4,3,2,432,Potential Loyalists
CUST004419,78,17,4181.3099999999995,2,2,3,223,Lost Customers
CUST004420,54,25,1342.24,3,3,2,332,Needs Attention
CUST004421,1,53,6709.7300000000005,5,5,4,554,Champions
CUST004422,36,12,0.0,3,2,1,321,Needs Attention
CUST004425,83,9,141.04,2,1,1,211,Lost Customers
CUST004426,17,126,17967.32,4,5,5,455,Champions
CUST004427,44,22,3759.79,3,3,3,333,Needs Attention
CUST004428,243,37,4861.88,2,4,4,244,At Risk
CUST004430,304,11,210.58,1,2,1,121,Lost Customers
CUST004431,1,21,863.16,5,3,2,532,Potential Loyalists
CUST004432,3,49,3170.24,5,4,3,543,Champions
CUST004433,17,24,780.3,4,3,2,432,Potential Loyalists
CUST004434,11,82,6115.39,4,5,4,454,Champions
CUST004435,4,43,2209.09,5,4,3,543,Champions
CUST004436,24,72,21368.29,3,5,5,355,Loyal Customers
CUST004437,25,19,212.61,3,2,1,321,Needs Attention
CUST004439,159,18,3638.8199999999997,2,2,3,223,Lost Customers
CUST004440,62,33,0.0,2,4,1,241,At Risk
CUST004441,23,51,5472.01,3,4,4,344,Loyal Customers
CUST004442,314,5,112.51,1,1,1,111,Lost Customers
CUST004443,17,34,5512.469999999999,4,4,4,444,Champions
CUST004444,673,13,555.5600000000001,1,2,1,121,Lost Customers
CUST004445,57,15,2119.3,3,2,2,322,Needs Attention
CUST004446,10,90,21524.78,4,5,5,455,Champions
CUST004447,8,37,7003.43,5,4,4,544,Champions
CUST004448,19,56,10108.2,4,5,5,455,Champions
CUST004449,606,3,397.46,1,1,1,111,Lost Customers
CUST004450,14,60,8007.5199999999995,4,5,4,454,Champions
CUST004451,17,116,26265.38,4,5,5,455,Champions
CUST004453,678,4,0.0,1,1,1,111,Lost Customers
CUST004454,17,21,3322.7799999999997,4,3,3,433,Potential Loyalists
CUST004455,769,4,1150.17,1,1,2,112,Lost Customers
CUST004456,39,34,8704.1,3,4,5,345,Loyal Customers
CUST004457,3,29,9523.34,5,3,5,535,Potential Loyalists
CUST004458,138,10,1680.6,2,1,2,212,Lost Customers
CUST004459,16,26,1950.05,4,3,2,432,Potential Loyalists
CUST004460,16,7,0.0,4,1,1,411,Needs Attention
CUST004461,2,137,18899.2,5,5,5,555,Champions
CUST004462,104,16,4736.9,2,2,4,224,Lost Customers
CUST004463,91,32,1451.45,2,4,2,242,At Risk
CUST004464,12,24,20182.11,4,3,5,435,Potential Loyalists
CUST004465,5,54,7648.27,5,5,4,554,Champions
CUST004466,71,4,127.97,2,1,1,211,Lost Customers
CUST004467,12,37,6220.67,4,4,4,444,Champions
CUST004468,615,9,760.3,1,1,2,112,Lost Customers
CUST004469,27,22,3159.23,3,3,3,333,Needs Attention
CUST004470,7,116,12659.93,5,5,5,555,Champions
CUST004471,99,11,9445.05,2,2,5,225,Lost Customers
CUST004472,6,90,4313.92,5,5,3,553,Champions
CUST004473,43,56,4505.639999999999,3,5,4,354,Loyal Customers
CUST004474,31,73,13480.31,3,5,5,355,Loyal Customers
CUST004475,25,13,6547.98,3,2,4,324,Needs Attention
CUST004476,45,12,2981.41,3,2,3,323,Needs Attention
CUST004477,18,64,16935.23,4,5,5,455,Champions
CUST004478,16,57,2621.4,4,5,3,453,Champions
CUST004479,462,6,0.0,1,1,1,111,Lost Customers
CUST004480,10,25,3518.84,4,3,3,433,Potential Loyalists
CUST004481,42,43,12287.31,3,4,5,345,Loyal Customers
CUST004482,2,74,10040.35,5,5,5,555,Champions
CUST004483,6,22,950.36,5,3,2,532,Potential Loyalists
CUST004484,296,4,0.0,1,1,1,111,Lost Customers
CUST004485,4,34,4508.88,5,4,4,544,Champions
CUST004486,47,8,3141.6400000000003,3,1,3,313,Needs Attention
CUST004487,107,12,1223.22,2,2,2,222,Lost Customers
CUST004488,752,1,0.0,1,1,1,111,Lost Customers
CUST004489,7,51,3309.94,5,4,3,543,Champions
CUST004490,629,21,2748.7299999999996,1,3,3,133,Needs Attention
CUST004491,17,35,1410.83,4,4,2,442,Champions
CUST004492,3,75,8551.35,5,5,5,555,Champions
CUST004494,308,81,9385.49,1,5,5,155,At Risk
CUST004495,84,17,1609.5,2,2,2,222,Lost Customers
CUST004496,24,29,3329.79,3,3,3,333,Needs Attention
CUST004497,227,5,0.0,2,1,1,211,Lost Customers
CUST004498,526,17,2241.94,1,2,3,123,Lost Customers
CUST004499,53,36,14916.3,3,4,5,345,Loyal Customers
CUST004500,2,52,6812.1900000000005,5,5,4,554,Champions
CUST004501,781,3,0.0,1,1,1,111,Lost Customers
CUST004502,613,23,1793.22,1,3,2,132,Needs Attention
CUST004503,26,55,7632.85,3,5,4,354,Loyal Customers
CUST004504,716,39,3755.09,1,4,3,143,At Risk
CUST004505,721,6,1272.84,1,1,2,112,Lost Customers
CUST004506,80,19,4528.85,2,2,4,224,Lost Customers
CUST004507,46,36,3132.63,3,4,3,343,Loyal Customers
CUST004508,33,12,942.31,3,2,2,322,Needs Attention
CUST004509,6,66,9508.17,5,5,5,555,Champions
CUST004511,60,15,1961.79,2,2,2,222,Lost Customers
CUST004512,102,15,3320.24,2,2,3,223,Lost Customers
CUST004513,3,51,17783.510000000002,5,4,5,545,Champions
CUST004514,14,27,3710.85,4,3,3,433,Potential Loyalists
CUST004515,7,28,2802.19,5,3,3,533,Potential Loyalists
CUST004516,6,122,12471.92,5,5,5,555,Champions
CUST004517,10,19,1831.69,4,2,2,422,Potential Loyalists
CUST004518,17,25,4903.25,4,3,4,434,Potential Loyalists
CUST004519,13,52,2608.43,4,5,3,453,Champions
CUST004520,509,2,0.0,1,1,1,111,Lost Customers
CUST004521,748,12,0.0,1,2,1,121,Lost Customers
CUST004522,46,11,2186.16,3,2,3,323,Needs Attention
CUST004523,39,43,10955.98,3,4,5,345,Loyal Customers
CUST004524,8,17,3310.0,5,2,3,523,Potential Loyalists
CUST004525,14,68,7646.360000000001,4,5,4,454,Champions
CUST004526,10,76,21942.62,4,5,5,455,Champions
CUST004527,29,61,11448.400000000001,3,5,5,355,Loyal Customers
CUST004528,19,26,1642.8200000000002,4,3,2,432,Potential Loyalists
CUST004529,6,18,851.29,5,2,2,522,Potential Loyalists
CUST004530,21,25,3092.1800000000003,4,3,3,433,Potential Loyalists
CUST004531,2,103,15110.640000000001,5,5,5,555,Champions
CUST004532,81,26,3392.94,2,3,3,233,Needs Attention
CUST004533,480,2,0.0,1,1,1,111,Lost Customers
CUST004534,1,73,11169.45,5,5,5,555,Champions
CUST004536,1040,1,0.0,1,1,1,111,Lost Customers
CUST004537,47,13,0.0,3,2,1,321,Needs Attention
CUST004538,126,16,6681.25,2,2,4,224,Lost Customers
CUST004539,7,27,11837.880000000001,5,3,5,535,Potential Loyalists
CUST004540,25,40,5200.26,3,4,4,344,Loyal Customers
CUST004541,29,63,17223.33,3,5,5,355,Loyal Customers
CUST004542,2,39,3869.0499999999997,5,4,3,543,Champions
CUST004543,25,30,616.92,3,3,1,331,Needs Attention
CUST004544,654,1,0.0,1,1,1,111,Lost Customers
CUST004545,9,30,2563.3,4,3,3,433,Potential Loyalists
CUST004546,12,73,11366.94,4,5,5,455,Champions
CUST004547,136,24,789.79,2,3,2,232,Needs Attention
CUST004548,30,22,3403.6,3,3,3,333,Needs Attention
CUST004549,41,11,5607.889999999999,3,2,4,324,Needs Attention
CUST004550,334,9,0.0,1,1,1,111,Lost Customers
CUST004551,2,57,11714.41,5,5,5,555,Champions
CUST004552,26,50,7160.34,3,4,4,344,Loyal Customers
CUST004553,737,19,3202.71,1,2,3,123,Lost Customers
CUST004554,709,9,0.0,1,1,1,111,Lost Customers
CUST004555,10,74,9474.89,4,5,5,455,Champions
CUST004556,426,11,4329.139999999999,1,2,3,123,Lost Customers
CUST004557,13,86,11114.31,4,5,5,455,Champions
CUST004559,10,20,2038.42,4,3,2,432,Potential Loyalists
CUST004561,2,22,394.97,5,3,1,531,Potential Loyalists
CUST004562,72,31,5714.63,2,4,4,244,At Risk
CUST004563,18,23,618.7,4,3,1,431,Potential Loyalists
CUST004564,518,10,0.0,1,1,1,111,Lost Customers
CUST004565,3,172,25800.71,5,5,5,555,Champions
CUST004566,10,85,11915.72,4,5,5,455,Champions
CUST004567,529,28,1136.4099999999999,1,3,2,132,Needs Attention
CUST004568,70,33,11647.77,2,4,5,245,At Risk
CUST004569,13,70,6905.299999999999,4,5,4,454,Champions
CUST004570,332,29,4500.67,1,3,4,134,Needs Attention
CUST004571,14,29,7442.55,4,3,4,434,Potential Loyalists
CUST004572,322,13,3184.38,1,2,3,123,Lost Customers
CUST004573,308,20,2781.61,1,3,3,133,Needs Attention
CUST004574,379,3,0.0,1,1,1,111,Lost Customers
CUST004575,1,32,8286.8,5,4,4,544,Champions
CUST004577,12,91,11166.39,4,5,5,455,Champions
CUST004578,1,31,4992.75,5,4,4,544,Champions
CUST004579,34,12,879.09,3,2,2,322,Needs Attention
CUST004580,917,3,534.15,1,1,1,111,Lost Customers
CUST004581,5,14,5674.4,5,2,4,524,Potential Loyalists
CUST004582,11,30,4133.53,4,3,3,433,Potential Loyalists
CUST004583,5,18,7050.6,5,2,4,524,Potential Loyalists
CUST004584,299,58,7695.64,1,5,4,154,At Risk
CUST004585,163,16,941.02,2,2,2,222,Lost Customers
CUST004586,1,20,0.0,5,3,1,531,Potential Loyalists
CUST004587,544,5,212.48,1,1,1,111,Lost Customers
CUST004588,17,62,5859.55,4,5,4,454,Champions
CUST004589,22,33,8342.6,4,4,4,444,Champions
CUST004590,12,46,10733.4,4,4,5,445,Champions
CUST004591,332,29,8086.150000000001,1,3,4,134,Needs Attention
CUST004592,7,53,5626.17,5,5,4,554,Champions
CUST004593,816,16,3600.24,1,2,3,123,Lost Customers
CUST004594,518,13,519.73,1,2,1,121,Lost Customers
CUST004595,54,28,3860.55,3,3,3,333,Needs Attention
CUST004596,662,2,0.0,1,1,1,111,Lost Customers
CUST004597,92,10,7028.41,2,1,4,214,Lost Customers
CUST004598,753,3,211.97,1,1,1,111,Lost Customers
CUST004599,22,57,12370.29,4,5,5,455,Champions
CUST004600,29,27,1971.36,3,3,2,332,Needs Attention
CUST004601,47,26,3776.8599999999997,3,3,3,333,Needs Attention
CUST004602,97,18,2858.49,2,2,3,223,Lost Customers
CUST004603,24,17,1454.44,3,2,2,322,Needs Attention
CUST004604,10,39,2484.7400000000002,4,4,3,443,Champions
CUST004605,226,5,0.0,2,1,1,211,Lost Customers
CUST004606,196,55,12903.71,2,5,5,255,At Risk
CUST004607,91,19,890.81,2,2,2,222,Lost Customers
CUST004608,77,32,3563.39,2,4,3,243,At Risk
CUST004609,2,19,7233.48,5,2,4,524,Potential Loyalists
CUST004610,7,44,1333.77,5,4,2,542,Champions
CUST004611,561,16,688.75,1,2,2,122,Lost Customers
CUST004612,820,7,2528.72,1,1,3,113,Lost Customers
CUST004613,331,16,2130.29,1,2,2,122,Lost Customers
CUST004614,4,41,3962.01,5,4,3,543,Champions
CUST004615,88,12,2690.14,2,2,3,223,Lost Customers
CUST004616,229,14,2311.4,2,2,3,223,Lost Customers
CUST004617,16,57,7971.5199999999995,4,5,4,454,Champions
CUST004618,23,66,17011.04,3,5,5,355,Loyal Customers
CUST004619,521,19,3692.5,1,2,3,123,Lost Customers
CUST004620,16,13,518.74,4,2,1,421,Potential Loyalists
CUST004622,430,9,493.05,1,1,1,111,Lost Customers
CUST004623,119,3,138.38,2,1,1,211,Lost Customers
CUST004624,295,38,6277.04,1,4,4,144,At Risk
CUST004626,3,43,4500.639999999999,5,4,4,544,Champions
CUST004627,56,13,976.97,3,2,2,322,Needs Attention
CUST004628,292,4,252.42,1,1,1,111,Lost Customers
CUST004629,44,52,10289.64,3,5,5,355,Loyal Customers
CUST004630,12,29,343.56,4,3,1,431,Potential Loyalists
CUST004631,192,5,935.31,2,1,2,212,Lost Customers
CUST004632,9,18,1283.6100000000001,4,2,2,422,Potential Loyalists
CUST004633,619,108,12047.07,1,5,5,155,At Risk
CUST004634,4,18,3508.66,5,2,3,523,Potential Loyalists
CUST004636,42,12,0.0,3,2,1,321,Needs Attention
CUST004637,406,5,0.0,1,1,1,111,Lost Customers
CUST004638,21,33,7415.09,4,4,4,444,Champions
CUST004639,37,22,2704.5099999999998,3,3,3,333,Needs Attention
CUST004640,17,18,1694.33,4,2,2,422,Potential Loyalists
CUST004641,9,21,441.66,4,3,1,431,Potential Loyalists
CUST004642,803,7,288.15,1,1,1,111,Lost Customers
CUST004643,15,32,0.0,4,4,1,441,Champions
CUST004644,19,12,66.9,4,2,1,421,Potential Loyalists
CUST004645,790,19,444.85,1,2,1,121,Lost Customers
CUST004646,258,6,1211.92,2,1,2,212,Lost Customers
CUST004647,40,4,0.0,3,1,1,311,Needs Attention
CUST004648,31,45,6877.3099999999995,3,4,4,344,Loyal Customers
CUST004649,3,63,4348.91,5,5,3,553,Champions
CUST004650,5,30,4700.639999999999,5,3,4,534,Potential Loyalists
CUST004651,244,6,772.3600000000001,2,1,2,212,Lost Customers
CUST004652,13,17,7959.709999999999,4,2,4,424,Potential Loyalists
CUST004654,19,8,4718.95,4,1,4,414,Needs Attention
CUST004655,33,23,3452.33,3,3,3,333,Needs Attention
CUST004656,19,49,11186.05,4,4,5,445,Champions
CUST004657,2,87,11484.5,5,5,5,555,Champions
CUST004658,1,24,2818.64,5,3,3,533,Potential Loyalists
CUST004659,558,17,5717.24,1,2,4,124,Lost Customers
CUST004660,12,8,183.66,4,1,1,411,Needs Attention
CUST004661,9,43,8316.81,4,4,4,444,Champions
CUST004662,29,11,927.13,3,2,2,322,Needs Attention
CUST004663,21,37,5615.92,4,4,4,444,Champions
CUST004664,225,22,6734.96,2,3,4,234,Needs Attention
CUST004665,37,79,6145.24,3,5,4,354,Loyal Customers
CUST004666,477,6,2099.44,1,1,2,112,Lost Customers
CUST004667,80,37,6835.5,2,4,4,244,At Risk
CUST004668,27,28,1384.75,3,3,2,332,Needs Attention
CUST004669,247,28,804.91,2,3,2,232,Needs Attention
CUST004670,5,26,65.13,5,3,1,531,Potential Loyalists
CUST004671,33,14,902.07,3,2,2,322,Needs Attention
CUST004672,2,29,2237.54,5,3,3,533,Potential Loyalists
CUST004673,19,19,1911.53,4,2,2,422,Potential Loyalists
CUST004674,22,27,7329.65,4,3,4,434,Potential Loyalists
CUST004675,914,1,0.0,1,1,1,111,Lost Customers
CUST004676,3,82,13171.98,5,5,5,555,Champions
CUST004677,15,78,6697.76,4,5,4,454,Champions
CUST004679,23,74,10519.25,3,5,5,355,Loyal Customers
CUST004680,56,14,2887.65,3,2,3,323,Needs Attention
CUST004681,505,22,8312.960000000001,1,3,4,134,Needs Attention
CUST004682,23,37,10606.39,3,4,5,345,Loyal Customers
CUST004683,167,9,5162.16,2,1,4,214,Lost Customers
CUST004684,2,37,6465.63,5,4,4,544,Champions
CUST004685,158,18,3940.99,2,2,3,223,Lost Customers
CUST004686,65,9,0.0,2,1,1,211,Lost Customers
CUST004687,6,77,22042.41,5,5,5,555,Champions
CUST004688,121,12,1487.62,2,2,2,222,Lost Customers
CUST004689,878,5,2159.75,1,1,2,112,Lost Customers
CUST004690,21,34,2644.82,4,4,3,443,Champions
CUST004691,418,22,1355.05,1,3,2,132,Needs Attention
CUST004692,7,31,3524.45,5,4,3,543,Champions
CUST004693,14,91,9939.46,4,5,5,455,Champions
CUST004694,433,18,1936.45,1,2,2,122,Lost Customers
CUST004695,948,1,0.0,1,1,1,111,Lost Customers
CUST004698,8,50,12666.42,5,4,5,545,Champions
CUST004699,366,3,1061.14,1,1,2,112,Lost Customers
CUST004700,3,247,24176.079999999998,5,5,5,555,Champions
CUST004701,17,42,3428.2200000000003,4,4,3,443,Champions
CUST004702,53,33,2672.11,3,4,3,343,Loyal Customers
CUST004703,799,21,3360.1400000000003,1,3,3,133,Needs Attention
CUST004704,242,126,18890.29,2,5,5,255,At Risk
CUST004705,431,28,708.74,1,3,2,132,Needs Attention
CUST004706,798,14,96.64,1,2,1,121,Lost Customers
CUST004707,21,36,5218.91,4,4,4,444,Champions
CUST004709,95,28,1284.9499999999998,2,3,2,232,Needs Attention
CUST004710,20,9,2331.48,4,1,3,413,Needs Attention
CUST004711,387,21,3565.71,1,3,3,133,Needs Attention
CUST004712,2,10,1694.57,5,1,2,512,Needs Attention
CUST004713,517,7,2209.46,1,1,3,113,Lost Customers
CUST004714,113,2,553.95,2,1,1,211,Lost Customers
CUST004716,137,14,1411.15,2,2,2,222,Lost Customers
CUST004717,39,31,5198.05,3,4,4,344,Loyal Customers
CUST004718,324,17,3462.5299999999997,1,2,3,123,Lost Customers
CUST004719,142,221,28519.35,2,5,5,255,At Risk
CUST004720,12,84,18043.4,4,5,5,455,Champions
CUST004721,115,9,2676.28,2,1,3,213,Lost Customers
CUST004722,8,33,8112.7300000000005,5,4,4,544,Champions
CUST004723,12,17,0.0,4,2,1,421,Potential Loyalists
CUST004724,66,14,4113.650000000001,2,2,3,223,Lost Customers
CUST004725,662,2,33.51,1,1,1,111,Lost Customers
CUST004726,13,57,4050.78,4,5,3,453,Champions
CUST004727,111,11,3727.7,2,2,3,223,Lost Customers
CUST004728,2,76,10381.2,5,5,5,555,Champions
CUST004729,95,39,7222.43,2,4,4,244,At Risk
CUST004730,241,58,7280.54,2,5,4,254,At Risk
CUST004731,26,10,494.0,3,1,1,311,Needs Attention
CUST004732,18,44,13359.59,4,4,5,445,Champions
CUST004733,5,56,5626.96,5,5,4,554,Champions
CUST004734,30,23,10659.380000000001,3,3,5,335,Needs Attention
CUST004735,30,6,214.59,3,1,1,311,Needs Attention
CUST004736,3,129,15679.06,5,5,5,555,Champions
CUST004737,26,52,5042.65,3,5,4,354,Loyal Customers
CUST004738,12,52,9499.85,4,5,5,455,Champions
CUST004739,622,11,222.06,1,2,1,121,Lost Customers
CUST004740,59,8,809.55,2,1,2,212,Lost Customers
CUST004741,46,15,3526.51,3,2,3,323,Needs Attention
CUST004742,705,11,982.3799999999999,1,2,2,122,Lost Customers
CUST004743,703,4,0.0,1,1,1,111,Lost Customers
CUST004744,609,7,3954.56,1,1,3,113,Lost Customers
CUST004745,171,7,0.0,2,1,1,211,Lost Customers
CUST004746,127,12,0.0,2,2,1,221,Lost Customers
CUST004747,495,11,3327.2799999999997,1,2,3,123,Lost Customers
CUST004748,37,44,4980.53,3,4,4,344,Loyal Customers
CUST004749,274,10,0.0,1,1,1,111,Lost Customers
CUST004750,54,15,1425.06,3,2,2,322,Needs Attention
CUST004751,242,5,0.0,2,1,1,211,Lost Customers
CUST004752,15,24,1555.9099999999999,4,3,2,432,Potential Loyalists
CUST004753,858,5,67.11,1,1,1,111,Lost Customers
CUST004754,39,52,2326.71,3,5,3,353,Loyal Customers
CUST004755,43,21,1279.99,3,3,2,332,Needs Attention
CUST004756,225,7,0.0,2,1,1,211,Lost Customers
CUST004757,43,29,6435.16,3,3,4,334,Needs Attention
CUST004758,67,10,1074.86,2,1,2,212,Lost Customers
CUST004759,70,26,115.47,2,3,1,231,Needs Attention
CUST004760,4,74,6083.61,5,5,4,554,Champions
CUST004761,4,72,12562.07,5,5,5,555,Champions
CUST004762,110,41,6026.549999999999,2,4,4,244,At Risk
CUST004763,111,13,6159.3099999999995,2,2,4,224,Lost Customers
CUST004765,1,81,5538.49,5,5,4,554,Champions
CUST004766,12,30,6424.610000000001,4,3,4,434,Potential Loyalists
CUST004767,316,47,11416.85,1,4,5,145,At Risk
CUST004768,22,82,9005.72,4,5,5,455,Champions
CUST004769,1,92,8346.16,5,5,4,554,Champions
CUST004770,318,16,288.68,1,2,1,121,Lost Customers
CUST004771,5,59,10485.91,5,5,5,555,Champions
CUST004772,5,117,32191.45,5,5,5,555,Champions
CUST004773,33,24,10916.0,3,3,5,335,Needs Attention
CUST004774,49,14,3420.2000000000003,3,2,3,323,Needs Attention
CUST004775,21,26,3013.0299999999997,4,3,3,433,Potential Loyalists
CUST004776,5,43,4224.1,5,4,3,543,Champions
CUST004777,35,8,2973.02,3,1,3,313,Needs Attention
CUST004778,91,21,7875.36,2,3,4,234,Needs Attention
CUST004780,116,5,1124.5900000000001,2,1,2,212,Lost Customers
CUST004781,11,100,8371.29,4,5,4,454,Champions
CUST004782,558,22,2047.3600000000001,1,3,2,132,Needs Attention
CUST004783,48,20,1199.09,3,3,2,332,Needs Attention
CUST004784,1,50,3018.9,5,4,3,543,Champions
CUST004785,41,20,3213.02,3,3,3,333,Needs Attention
CUST004786,2,76,15890.189999999999,5,5,5,555,Champions
CUST004787,22,62,10579.289999999999,4,5,5,455,Champions
CUST004788,8,11,792.5899999999999,5,2,2,522,Potential Loyalists
CUST004789,98,40,12656.31,2,4,5,245,At Risk
CUST004790,91,30,2991.39,2,3,3,233,Needs Attention
CUST004791,14,28,5063.8,4,3,4,434,Potential Loyalists
CUST004792,1,22,2726.54,5,3,3,533,Potential Loyalists
CUST004793,382,93,13064.1,1,5,5,155,At Risk
CUST004794,2,70,9803.63,5,5,5,555,Champions
CUST004795,7,15,8084.8099999999995,5,2,4,524,Potential Loyalists
CUST004796,56,11,504.23,3,2,1,321,Needs Attention
CUST004798,13,56,13703.619999999999,4,5,5,455,Champions
CUST004799,511,10,996.74,1,1,2,112,Lost Customers
CUST004800,3,65,10251.39,5,5,5,555,Champions
CUST004801,22,61,10347.619999999999,4,5,5,455,Champions
CUST004802,3,71,8137.889999999999,5,5,4,554,Champions
CUST004804,136,12,1146.74,2,2,2,222,Lost Customers
CUST004805,148,22,1732.47,2,3,2,232,Needs Attention
CUST004806,387,38,18037.51,1,4,5,145,At Risk
CUST004807,5,16,1828.25,5,2,2,522,Potential Loyalists
CUST004808,13,48,7785.62,4,4,4,444,Champions
CUST004809,83,51,3771.3599999999997,2,4,3,243,At Risk
CUST004810,825,2,0.0,1,1,1,111,Lost Customers
CUST004811,19,27,5797.74,4,3,4,434,Potential Loyalists
CUST004812,29,37,2005.98,3,4,2,342,Loyal Customers
CUST004813,14,24,260.22,4,3,1,431,Potential Loyalists
CUST004814,98,19,2383.8,2,2,3,223,Lost Customers
CUST004815,343,6,599.26,1,1,1,111,Lost Customers
CUST004816,4,87,13143.07,5,5,5,555,Champions
CUST004817,68,18,2763.49,2,2,3,223,Lost Customers
CUST004818,13,97,12982.72,4,5,5,455,Champions
CUST004819,2,90,9528.939999999999,5,5,5,555,Champions
CUST004820,8,22,604.86,5,3,1,531,Potential Loyalists
CUST004821,91,20,1058.8700000000001,2,3,2,232,Needs Attention
CUST004822,23,8,830.0,3,1,2,312,Needs Attention
CUST004823,58,7,67.59,2,1,1,211,Lost Customers
CUST004824,589,5,66.48,1,1,1,111,Lost Customers
CUST004825,459,50,5914.36,1,4,4,144,At Risk
CUST004826,19,23,2759.71,4,3,3,433,Potential Loyalists
CUST004827,977,3,224.47,1,1,1,111,Lost Customers
CUST004828,15,3,0.0,4,1,1,411,Needs Attention
CUST004829,42,11,0.0,3,2,1,321,Needs Attention
CUST004830,714,8,1832.42,1,1,2,112,Lost Customers
CUST004831,766,19,2306.35,1,2,3,123,Lost Customers
CUST004832,5,27,906.6,5,3,2,532,Potential Loyalists
CUST004833,2,40,6454.21,5,4,4,544,Champions
CUST004834,7,93,13578.81,5,5,5,555,Champions
CUST004835,23,21,913.6099999999999,3,3,2,332,Needs Attention
CUST004836,114,27,10717.199999999999,2,3,5,235,Needs Attention
CUST004837,12,29,1248.43,4,3,2,432,Potential Loyalists
CUST004838,9,210,53248.0,4,5,5,455,Champions
CUST004839,97,6,171.87,2,1,1,211,Lost Customers
CUST004840,277,28,11080.369999999999,1,3,5,135,Needs Attention
CUST004841,463,8,3839.0699999999997,1,1,3,113,Lost Customers
CUST004842,9,50,1817.66,4,4,2,442,Champions
CUST004843,234,13,174.6,2,2,1,221,Lost Customers
CUST004844,74,28,2149.2,2,3,2,232,Needs Attention
CUST004845,564,16,5673.71,1,2,4,124,Lost Customers
CUST004846,1,353,42963.07,5,5,5,555,Champions
CUST004847,13,50,5125.75,4,4,4,444,Champions
CUST004848,5,17,1563.71,5,2,2,522,Potential Loyalists
CUST004849,27,17,3244.98,3,2,3,323,Needs Attention
CUST004850,5,23,1938.0699999999997,5,3,2,532,Potential Loyalists
CUST004851,577,3,0.0,1,1,1,111,Lost Customers
CUST004852,71,20,4315.23,2,3,3,233,Needs Attention
CUST004853,31,45,7482.280000000001,3,4,4,344,Loyal Customers
CUST004854,93,5,0.0,2,1,1,211,Lost Customers
CUST004855,12,82,12211.32,4,5,5,455,Champions
CUST004856,11,65,8407.83,4,5,4,454,Champions
CUST004857,161,16,878.5699999999999,2,2,2,222,Lost Customers
CUST004858,50,32,726.0899999999999,3,4,2,342,Loyal Customers
CUST004859,7,95,10978.74,5,5,5,555,Champions
CUST004860,380,18,898.23,1,2,2,122,Lost Customers
CUST004861,117,23,2248.3199999999997,2,3,3,233,Needs Attention
CUST004862,50,25,4079.1400000000003,3,3,3,333,Needs Attention
CUST004863,88,35,4424.73,2,4,4,244,At Risk
CUST004864,809,5,0.0,1,1,1,111,Lost Customers
CUST004865,187,5,0.0,2,1,1,211,Lost Customers
CUST004866,3,113,26980.68,5,5,5,555,Champions
CUST004867,17,33,5495.75,4,4,4,444,Champions
CUST004868,371,31,1146.49,1,4,2,142,At Risk
CUST004869,8,27,1365.1,5,3,2,532,Potential Loyalists
CUST004870,39,24,4084.94,3,3,3,333,Needs Attention
CUST004871,17,33,5164.71,4,4,4,444,Champions
CUST004872,160,5,1019.06,2,1,2,212,Lost Customers
CUST004873,1,183,18691.64,5,5,5,555,Champions
CUST004874,956,2,495.5,1,1,1,111,Lost Customers
CUST004875,33,6,0.0,3,1,1,311,Needs Attention
CUST004876,15,14,8007.050000000001,4,2,4,424,Potential Loyalists
CUST004878,32,18,1691.7199999999998,3,2,2,322,Needs Attention
CUST004879,606,2,0.0,1,1,1,111,Lost Customers
CUST004880,5,93,16849.12,5,5,5,555,Champions
CUST004881,20,36,5510.0,4,4,4,444,Champions
CUST004882,11,33,1104.09,4,4,2,442,Champions
CUST004883,29,64,5496.94,3,5,4,354,Loyal Customers
CUST004884,6,201,26927.54,5,5,5,555,Champions
CUST004885,3,143,11370.48,5,5,5,555,Champions
CUST004886,30,16,259.32,3,2,1,321,Needs Attention
CUST004887,861,14,1052.32,1,2,2,122,Lost Customers
CUST004888,2,37,6672.93,5,4,4,544,Champions
CUST004889,26,42,14358.56,3,4,5,345,Loyal Customers
CUST004890,1,4,0.0,5,1,1,511,Needs Attention
CUST004891,2,18,2439.79,5,2,3,523,Potential Loyalists
CUST004892,939,1,0.0,1,1,1,111,Lost Customers
CUST004893,34,54,9248.56,3,5,5,355,Loyal Customers
CUST004894,306,34,4248.86,1,4,3,143,At Risk
CUST004895,83,4,0.0,2,1,1,211,Lost Customers
CUST004897,2,59,7512.42,5,5,4,554,Champions
CUST004898,5,27,113.28,5,3,1,531,Potential Loyalists
CUST004900,885,12,3970.96,1,2,3,123,Lost Customers
CUST004901,11,31,6342.09,4,4,4,444,Champions
CUST004902,33,29,11768.43,3,3,5,335,Needs Attention
CUST004903,144,8,0.0,2,1,1,211,Lost Customers
CUST004904,293,9,0.0,1,1,1,111,Lost Customers
CUST004906,189,30,2800.1800000000003,2,3,3,233,Needs Attention
CUST004907,56,35,2409.29,3,4,3,343,Loyal Customers
CUST004908,9,23,8107.450000000001,4,3,4,434,Potential Loyalists
CUST004909,21,25,203.12,4,3,1,431,Potential Loyalists
CUST004910,1043,2,212.9,1,1,1,111,Lost Customers
CUST004911,146,26,2573.36,2,3,3,233,Needs Attention
CUST004912,501,5,182.7,1,1,1,111,Lost Customers
CUST004913,5,52,13508.96,5,5,5,555,Champions
CUST004914,268,14,1429.27,1,2,2,122,Lost Customers
CUST004916,4,122,9308.72,5,5,5,555,Champions
CUST004917,197,24,1465.67,2,3,2,232,Needs Attention
CUST004918,33,35,8970.3,3,4,5,345,Loyal Customers
CUST004919,45,16,1222.4,3,2,2,322,Needs Attention
CUST004920,30,30,2066.02,3,3,2,332,Needs Attention
CUST004921,30,38,804.5600000000001,3,4,2,342,Loyal Customers
CUST004922,85,11,2945.56,2,2,3,223,Lost Customers
CUST004923,12,30,5852.32,4,3,4,434,Potential Loyalists
CUST004924,555,12,686.97,1,2,2,122,Lost Customers
CUST004925,19,44,9783.06,4,4,5,445,Champions
CUST004926,3,86,7309.73,5,5,4,554,Champions
CUST004927,26,33,1503.16,3,4,2,342,Loyal Customers
CUST004928,21,73,7784.78,4,5,4,454,Champions
CUST004929,12,16,4125.8,4,2,3,423,Potential Loyalists
CUST004930,51,26,8459.38,3,3,4,334,Needs Attention
CUST004931,5,37,7157.29,5,4,4,544,Champions
CUST004932,1,14,249.42,5,2,1,521,Potential Loyalists
CUST004933,2,69,3211.73,5,5,3,553,Champions
CUST004935,15,27,1792.1499999999999,4,3,2,432,Potential Loyalists
CUST004936,10,37,6081.0199999999995,4,4,4,444,Champions
CUST004937,377,17,2100.44,1,2,2,122,Lost Customers
CUST004938,95,15,937.8100000000001,2,2,2,222,Lost Customers
CUST004939,68,10,89.84,2,1,1,211,Lost Customers
CUST004940,39,23,465.05,3,3,1,331,Needs Attention
CUST004941,981,4,0.0,1,1,1,111,Lost Customers
CUST004942,612,22,1893.31,1,3,2,132,Needs Attention
CUST004944,1,15,452.9,5,2,1,521,Potential Loyalists
CUST004945,24,49,1812.1599999999999,3,4,2,342,Loyal Customers
CUST004946,84,8,2834.08,2,1,3,213,Lost Customers
CUST004947,78,10,712.6700000000001,2,1,2,212,Lost Customers
CUST004948,17,36,1344.27,4,4,2,442,Champions
CUST004949,1,86,9443.24,5,5,5,555,Champions
CUST004950,5,36,4590.03,5,4,4,544,Champions
CUST004951,281,19,1420.33,1,2,2,122,Lost Customers
CUST004953,33,21,1173.9,3,3,2,332,Needs Attention
CUST004954,155,27,1910.22,2,3,2,232,Needs Attention
CUST004955,37,18,468.58,3,2,1,321,Needs Attention
CUST004956,119,35,1546.25,2,4,2,242,At Risk
CUST004957,80,11,937.7,2,2,2,222,Lost Customers
CUST004958,34,38,13691.560000000001,3,4,5,345,Loyal Customers
CUST004959,4,24,15244.77,5,3,5,535,Potential Loyalists
CUST004960,7,187,27716.12,5,5,5,555,Champions
CUST004961,3,34,9059.31,5,4,5,545,Champions
CUST004962,445,4,0.0,1,1,1,111,Lost Customers
CUST004964,439,27,8733.72,1,3,5,135,Needs Attention
CUST004965,541,21,2902.3,1,3,3,133,Needs Attention
CUST004966,3,23,1180.8799999999999,5,3,2,532,Potential Loyalists
CUST004967,19,7,88.33,4,1,1,411,Needs Attention
CUST004968,97,58,6627.299999999999,2,5,4,254,At Risk
CUST004969,117,11,0.0,2,2,1,221,Lost Customers
CUST004970,47,20,2297.33,3,3,3,333,Needs Attention
CUST004971,32,34,7090.1900000000005,3,4,4,344,Loyal Customers
CUST004972,10,30,6519.389999999999,4,3,4,434,Potential Loyalists
CUST004973,14,45,10303.01,4,4,5,445,Champions
CUST004974,133,19,3941.66,2,2,3,223,Lost Customers
CUST004975,8,33,7632.05,5,4,4,544,Champions
CUST004976,131,30,1612.89,2,3,2,232,Needs Attention
CUST004977,10,29,4019.0400000000004,4,3,3,433,Potential Loyalists
CUST004978,17,33,5272.98,4,4,4,444,Champions
CUST004979,23,36,1900.37,3,4,2,342,Loyal Customers
CUST004980,31,63,12714.07,3,5,5,355,Loyal Customers
CUST004981,14,35,3488.5,4,4,3,443,Champions
CUST004982,31,37,1237.56,3,4,2,342,Loyal Customers
CUST004983,78,12,600.53,2,2,1,221,Lost Customers
CUST004984,75,37,14900.09,2,4,5,245,At Risk
CUST004985,1,42,5954.26,5,4,4,544,Champions
CUST004986,68,42,5321.01,2,4,4,244,At Risk
CUST004988,905,6,1488.1999999999998,1,1,2,112,Lost Customers
CUST004989,37,25,7837.42,3,3,4,334,Needs Attention
CUST004990,29,42,3422.45,3,4,3,343,Loyal Customers
CUST004991,9,66,7342.8,4,5,4,454,Champions
CUST004992,16,25,897.74,4,3,2,432,Potential Loyalists
CUST004993,20,54,3895.76,4,5,3,453,Champions
CUST004994,24,24,4550.45,3,3,4,334,Needs Attention
CUST004995,70,28,3819.79,2,3,3,233,Needs Attention
CUST004996,129,28,3067.7400000000002,2,3,3,233,Needs Attention
CUST004997,14,51,2689.07,4,4,3,443,Champions
CUST004998,2,33,2080.31,5,4,2,542,Champions
CUST004999,484,110,17539.22,1,5,5,155,At Risk
CUST005000,734,1,0.0,1,1,1,111,Lost Customers
CUST005001,373,35,4614.21,1,4,4,144,At Risk
CUST005002,13,17,1645.9499999999998,4,2,2,422,Potential Loyalists
CUST005003,15,12,1237.77,4,2,2,422,Potential Loyalists
CUST005005,11,29,1704.12,4,3,2,432,Potential Loyalists
CUST005006,618,91,13451.28,1,5,5,155,At Risk
CUST005007,55,36,9187.800000000001,3,4,5,345,Loyal Customers
CUST005008,1,14,8114.64,5,2,4,524,Potential Loyalists
CUST005009,29,23,3199.63,3,3,3,333,Needs Attention
CUST005010,254,2,0.0,2,1,1,211,Lost Customers
CUST005011,7,23,8968.77,5,3,5,535,Potential Loyalists
CUST005012,12,34,2835.19,4,4,3,443,Champions
CUST005013,43,62,18212.24,3,5,5,355,Loyal Customers
CUST005014,36,59,5534.59,3,5,4,354,Loyal Customers
CUST005015,14,22,2030.79,4,3,2,432,Potential Loyalists
CUST005016,8,31,3102.75,5,4,3,543,Champions
CUST005017,434,12,2976.09,1,2,3,123,Lost Customers
CUST005019,28,53,2632.08,3,5,3,353,Loyal Customers
CUST005020,57,8,1145.04,3,1,2,312,Needs Attention
CUST005023,32,55,5507.82,3,5,4,354,Loyal Customers
CUST005024,99,110,24235.82,2,5,5,255,At Risk
CUST005025,235,7,0.0,2,1,1,211,Lost Customers
CUST005026,206,6,455.24,2,1,1,211,Lost Customers
CUST005027,569,9,0.0,1,1,1,111,Lost Customers
CUST005028,10,21,903.48,4,3,2,432,Potential Loyalists
CUST005029,20,37,9141.75,4,4,5,445,Champions
CUST005030,84,25,2322.62,2,3,3,233,Needs Attention
CUST005031,294,21,3764.5499999999997,1,3,3,133,Needs Attention
CUST005032,3,26,2237.1000000000004,5,3,3,533,Potential Loyalists
CUST005033,1,62,1220.71,5,5,2,552,Champions
CUST005034,197,6,0.0,2,1,1,211,Lost Customers
CUST005035,545,13,1233.66,1,2,2,122,Lost Customers
CUST005036,14,38,7085.86,4,4,4,444,Champions
CUST005037,12,9,516.22,4,1,1,411,Needs Attention
CUST005038,81,117,10991.75,2,5,5,255,At Risk
CUST005039,18,13,116.93,4,2,1,421,Potential Loyalists
CUST005040,8,36,2769.26,5,4,3,543,Champions
CUST005041,14,46,3157.65,4,4,3,443,Champions
CUST005042,6,13,3916.5,5,2,3,523,Potential Loyalists
CUST005043,13,10,3611.53,4,1,3,413,Needs Attention
CUST005044,159,15,580.88,2,2,1,221,Lost Customers
CUST005045,809,4,570.76,1,1,1,111,Lost Customers
CUST005047,111,12,7793.4400000000005,2,2,4,224,Lost Customers
CUST005048,311,44,14671.14,1,4,5,145,At Risk
CUST005049,619,13,3390.38,1,2,3,123,Lost Customers
CUST005050,4,14,3000.37,5,2,3,523,Potential Loyalists
CUST005051,469,18,0.0,1,2,1,121,Lost Customers
CUST005052,707,12,896.39,1,2,2,122,Lost Customers
CUST005053,1,242,23882.06,5,5,5,555,Champions
CUST005054,27,60,3651.04,3,5,3,353,Loyal Customers
CUST005055,30,100,11962.56,3,5,5,355,Loyal Customers
CUST005056,431,23,4501.84,1,3,4,134,Needs Attention
CUST005057,165,9,93.76,2,1,1,211,Lost Customers
CUST005058,5,27,4505.64,5,3,4,534,Potential Loyalists
CUST005059,5,31,7675.080000000001,5,4,4,544,Champions
CUST005060,54,11,338.0,3,2,1,321,Needs Attention
CUST005061,7,26,34.72,5,3,1,531,Potential Loyalists
CUST005062,44,34,2333.51,3,4,3,343,Loyal Customers
CUST005063,12,40,1670.7,4,4,2,442,Champions
CUST005064,11,44,509.16,4,4,1,441,Champions
CUST005065,30,45,11077.29,3,4,5,345,Loyal Customers
CUST005066,189,14,4227.030000000001,2,2,3,223,Lost Customers
CUST005067,35,23,7147.22,3,3,4,334,Needs Attention
CUST005068,41,11,5067.389999999999,3,2,4,324,Needs Attention
CUST005069,386,76,13240.19,1,5,5,155,At Risk
CUST005070,52,36,3756.61,3,4,3,343,Loyal Customers
CUST005071,93,11,1951.1799999999998,2,2,2,222,Lost Customers
CUST005073,194,203,27252.7,2,5,5,255,At Risk
CUST005074,581,5,3410.81,1,1,3,113,Lost Customers
CUST005075,99,16,64.38,2,2,1,221,Lost Customers
CUST005076,4,37,17913.18,5,4,5,545,Champions
CUST005077,1,59,4663.86,5,5,4,554,Champions
CUST005078,18,68,10939.45,4,5,5,455,Champions
CUST005079,1,194,32345.83,5,5,5,555,Champions
CUST005080,8,41,343.06,5,4,1,541,Champions
CUST005081,31,14,3665.7,3,2,3,323,Needs Attention
CUST005082,758,5,571.7,1,1,1,111,Lost Customers
CUST005083,7,32,1451.42,5,4,2,542,Champions
CUST005084,12,156,9576.45,4,5,5,455,Champions
CUST005086,28,68,7010.11,3,5,4,354,Loyal Customers
CUST005087,51,33,6324.37,3,4,4,344,Loyal Customers
CUST005088,3,72,18207.18,5,5,5,555,Champions
CUST005089,15,34,10157.49,4,4,5,445,Champions
CUST005090,16,15,103.85,4,2,1,421,Potential Loyalists
CUST005091,20,61,9909.65,4,5,5,455,Champions
CUST005092,306,37,6173.459999999999,1,4,4,144,At Risk
CUST005093,36,77,22053.18,3,5,5,355,Loyal Customers
CUST005094,544,10,246.41,1,1,1,111,Lost Customers
CUST005095,20,20,4528.89,4,3,4,434,Potential Loyalists
CUST005096,39,11,573.46,3,2,1,321,Needs Attention
CUST005097,8,61,23656.96,5,5,5,555,Champions
CUST005098,20,27,764.38,4,3,2,432,Potential Loyalists
CUST005099,166,17,1326.98,2,2,2,222,Lost Customers
CUST005100,10,11,0.0,4,2,1,421,Potential Loyalists
CUST005101,10,23,1764.51,4,3,2,432,Potential Loyalists
CUST005102,86,7,288.45,2,1,1,211,Lost Customers
CUST005103,51,19,4851.8,3,2,4,324,Needs Attention
CUST005104,98,13,2167.15,2,2,2,222,Lost Customers
CUST005105,131,15,1674.01,2,2,2,222,Lost Customers
CUST005106,121,13,927.13,2,2,2,222,Lost Customers
CUST005107,112,8,972.19,2,1,2,212,Lost Customers
CUST005108,6,95,15989.05,5,5,5,555,Champions
CUST005109,6,71,13278.46,5,5,5,555,Champions
CUST005110,95,11,5841.09,2,2,4,224,Lost Customers
CUST005111,5,39,6954.02,5,4,4,544,Champions
CUST005112,8,51,5183.21,5,4,4,544,Champions
CUST005113,20,77,7217.780000000001,4,5,4,454,Champions
CUST005114,101,19,2943.94,2,2,3,223,Lost Customers
CUST005115,13,57,7747.58,4,5,4,454,Champions
CUST005116,141,11,830.62,2,2,2,222,Lost Customers
CUST005117,104,12,896.85,2,2,2,222,Lost Customers
CUST005118,46,41,9746.880000000001,3,4,5,345,Loyal Customers
CUST005119,20,81,15670.78,4,5,5,455,Champions
CUST005120,3,270,39677.08,5,5,5,555,Champions
CUST005121,27,10,2113.06,3,1,2,312,Needs Attention
CUST005122,24,49,8074.3,3,4,4,344,Loyal Customers
CUST005123,17,33,6397.68,4,4,4,444,Champions
CUST005124,44,49,7764.58,3,4,4,344,Loyal Customers
CUST005125,18,6,1161.76,4,1,2,412,Needs Attention
CUST005126,184,11,1795.24,2,2,2,222,Lost Customers
CUST005127,560,5,2181.4,1,1,3,113,Lost Customers
CUST005128,810,1,0.0,1,1,1,111,Lost Customers
CUST005129,52,9,688.1,3,1,2,312,Needs Attention
CUST005130,257,31,1953.93,2,4,2,242,At Risk
CUST005132,105,58,23682.96,2,5,5,255,At Risk
CUST005133,3,67,9551.92,5,5,5,555,Champions
CUST005134,16,33,3677.66,4,4,3,443,Champions
CUST005135,115,13,556.21,2,2,1,221,Lost Customers
CUST005136,729,7,987.49,1,1,2,112,Lost Customers
CUST005137,213,16,5930.83,2,2,4,224,Lost Customers
CUST005138,822,14,498.53,1,2,1,121,Lost Customers
CUST005140,40,41,4095.18,3,4,3,343,Loyal Customers
CUST005142,149,17,5472.53,2,2,4,224,Lost Customers
CUST005143,15,76,12287.23,4,5,5,455,Champions
CUST005144,714,5,1094.8,1,1,2,112,Lost Customers
CUST005145,9,34,1057.45,4,4,2,442,Champions
CUST005146,67,37,14301.3,2,4,5,245,At Risk
CUST005147,3,49,2813.3,5,4,3,543,Champions
CUST005148,123,38,3234.56,2,4,3,243,At Risk
CUST005149,3,31,3608.87,5,4,3,543,Champions
CUST005150,19,23,2246.58,4,3,3,433,Potential Loyalists
CUST005151,22,52,6642.02,4,5,4,454,Champions
CUST005152,3,56,10542.68,5,5,5,555,Champions
CUST005153,522,7,573.62,1,1,1,111,Lost Customers
CUST005154,3,64,4230.82,5,5,3,553,Champions
CUST005156,11,11,3087.5,4,2,3,423,Potential Loyalists
CUST005157,215,11,508.04999999999995,2,2,1,221,Lost Customers
CUST005158,22,18,0.0,4,2,1,421,Potential Loyalists
CUST005159,77,36,1769.61,2,4,2,242,At Risk
CUST005160,566,34,14776.769999999999,1,4,5,145,At Risk
CUST005161,13,12,2051.34,4,2,2,422,Potential Loyalists
CUST005162,8,33,2784.72,5,4,3,543,Champions
CUST005164,12,24,1942.64,4,3,2,432,Potential Loyalists
CUST005166,10,26,5476.04,4,3,4,434,Potential Loyalists
CUST005167,156,19,4159.97,2,2,3,223,Lost Customers
CUST005168,53,46,7221.68,3,4,4,344,Loyal Customers
CUST005169,42,38,7005.5199999999995,3,4,4,344,Loyal Customers
CUST005171,596,17,458.67999999999995,1,2,1,121,Lost Customers
CUST005172,5,41,4231.66,5,4,3,543,Champions
CUST005173,30,26,14404.93,3,3,5,335,Needs Attention
CUST005174,12,37,8198.1,4,4,4,444,Champions
CUST005175,536,6,794.92,1,1,2,112,Lost Customers
CUST005176,93,24,132.36,2,3,1,231,Needs Attention
CUST005177,373,30,10527.3,1,3,5,135,Needs Attention
CUST005178,123,9,0.0,2,1,1,211,Lost Customers
CUST005179,25,26,2174.08,3,3,2,332,Needs Attention
CUST005180,5,14,2548.4800000000005,5,2,3,523,Potential Loyalists
CUST005181,23,41,9108.91,3,4,5,345,Loyal Customers
CUST005182,823,18,417.71000000000004,1,2,1,121,Lost Customers
CUST005183,24,17,4221.54,3,2,3,323,Needs Attention
CUST005184,40,14,2251.9,3,2,3,323,Needs Attention
CUST005185,1,20,1569.4299999999998,5,3,2,532,Potential Loyalists
CUST005186,2,16,2781.2799999999997,5,2,3,523,Potential Loyalists
CUST005187,11,20,5875.8,4,3,4,434,Potential Loyalists
CUST005188,12,60,5826.82,4,5,4,454,Champions
CUST005189,197,18,1018.44,2,2,2,222,Lost Customers
CUST005191,923,1,0.0,1,1,1,111,Lost Customers
CUST005193,22,20,4158.68,4,3,3,433,Potential Loyalists
CUST005194,2,83,10474.82,5,5,5,555,Champions
CUST005195,22,15,8134.0,4,2,4,424,Potential Loyalists
CUST005198,121,18,405.12,2,2,1,221,Lost Customers
CUST005199,11,46,11861.26,4,4,5,445,Champions
CUST005200,22,41,5275.1,4,4,4,444,Champions
CUST005201,28,39,5090.59,3,4,4,344,Loyal Customers
CUST005202,11,97,12764.36,4,5,5,455,Champions
CUST005203,10,31,1442.5700000000002,4,4,2,442,Champions
CUST005204,5,38,3848.84,5,4,3,543,Champions
CUST005205,40,8,742.01,3,1,2,312,Needs Attention
CUST005206,18,10,1258.3700000000001,4,1,2,412,Needs Attention
CUST005207,79,5,4252.09,2,1,3,213,Lost Customers
CUST005208,579,9,0.0,1,1,1,111,Lost Customers
CUST005209,931,4,0.0,1,1,1,111,Lost Customers
CUST005210,26,36,259.51,3,4,1,341,Loyal Customers
CUST005211,365,33,9845.51,1,4,5,145,At Risk
CUST005212,103,11,2009.23,2,2,2,222,Lost Customers
CUST005214,270,5,0.0,1,1,1,111,Lost Customers
CUST005215,962,7,1697.85,1,1,2,112,Lost Customers
CUST005217,1,23,8213.99,5,3,4,534,Potential Loyalists
CUST005218,13,101,13352.81,4,5,5,455,Champions
CUST005219,30,12,200.24,3,2,1,321,Needs Attention
CUST005220,623,5,0.0,1,1,1,111,Lost Customers
CUST005221,54,14,4558.01,3,2,4,324,Needs Attention
CUST005222,499,9,1293.03,1,1,2,112,Lost Customers
CUST005223,35,28,5070.07,3,3,4,334,Needs Attention
CUST005224,26,57,7460.59,3,5,4,354,Loyal Customers
CUST005225,4,231,26788.56,5,5,5,555,Champions
CUST005226,16,4,0.0,4,1,1,411,Needs Attention
CUST005227,66,55,3786.26,2,5,3,253,At Risk
CUST005228,10,18,2136.83,4,2,2,422,Potential Loyalists
CUST005229,63,24,5003.75,2,3,4,234,Needs Attention
CUST005230,67,12,1214.52,2,2,2,222,Lost Customers
CUST005232,11,89,4427.99,4,5,4,454,Champions
CUST005233,7,56,3620.52,5,5,3,553,Champions
CUST005234,62,25,1212.95,2,3,2,232,Needs Attention
CUST005235,7,100,29272.11,5,5,5,555,Champions
CUST005236,23,7,630.3,3,1,2,312,Needs Attention
CUST005237,334,12,1580.57,1,2,2,122,Lost Customers
CUST005238,859,1,0.0,1,1,1,111,Lost Customers
CUST005239,57,11,1103.88,3,2,2,322,Needs Attention
CUST005240,253,24,5605.47,2,3,4,234,Needs Attention
CUST005241,24,27,6125.86,3,3,4,334,Needs Attention
CUST005242,28,28,2808.4700000000003,3,3,3,333,Needs Attention
CUST005243,184,4,0.0,2,1,1,211,Lost Customers
CUST005244,3,41,3952.13,5,4,3,543,Champions
CUST005245,10,40,13394.27,4,4,5,445,Champions
CUST005246,1005,1,1029.56,1,1,2,112,Lost Customers
CUST005247,401,6,0.0,1,1,1,111,Lost Customers
CUST005248,12,42,7014.8,4,4,4,444,Champions
CUST005249,36,9,730.8,3,1,2,312,Needs Attention
CUST005250,497,8,1080.69,1,1,2,112,Lost Customers
CUST005251,20,38,0.0,4,4,1,441,Champions
CUST005252,18,34,12396.56,4,4,5,445,Champions
CUST005253,505,17,326.04999999999995,1,2,1,121,Lost Customers
CUST005254,233,15,6159.860000000001,2,2,4,224,Lost Customers
CUST005255,551,11,0.0,1,2,1,121,Lost Customers
CUST005256,13,60,2237.51,4,5,3,453,Champions
CUST005257,778,4,0.0,1,1,1,111,Lost Customers
CUST005258,783,5,1057.3400000000001,1,1,2,112,Lost Customers
CUST005259,68,22,2519.6499999999996,2,3,3,233,Needs Attention
CUST005260,31,22,3858.2799999999997,3,3,3,333,Needs Attention
CUST005261,121,12,2400.0699999999997,2,2,3,223,Lost Customers
CUST005262,443,20,724.8900000000001,1,3,2,132,Needs Attention
CUST005263,79,15,7886.01,2,2,4,224,Lost Customers
CUST005264,514,15,4100.63,1,2,3,123,Lost Customers
CUST005265,19,29,967.9,4,3,2,432,Potential Loyalists
CUST005266,519,5,1033.43,1,1,2,112,Lost Customers
CUST005267,37,33,3407.76,3,4,3,343,Loyal Customers
CUST005268,43,10,1384.8600000000001,3,1,2,312,Needs Attention
CUST005269,32,34,1762.43,3,4,2,342,Loyal Customers
CUST005270,762,1,0.0,1,1,1,111,Lost Customers
CUST005271,667,5,787.9300000000001,1,1,2,112,Lost Customers
CUST005273,943,8,252.96,1,1,1,111,Lost Customers
CUST005274,21,31,2297.35,4,4,3,443,Champions
CUST005275,794,18,918.63,1,2,2,122,Lost Customers
CUST005277,74,13,70.52,2,2,1,221,Lost Customers
CUST005278,35,4,3960.43,3,1,3,313,Needs Attention
CUST005279,9,13,4493.72,4,2,4,424,Potential Loyalists
CUST005280,55,21,5722.9,3,3,4,334,Needs Attention
CUST005281,29,25,3082.77,3,3,3,333,Needs Attention
CUST005282,48,16,768.21,3,2,2,322,Needs Attention
CUST005283,966,4,632.42,1,1,2,112,Lost Customers
CUST005284,60,26,1009.49,2,3,2,232,Needs Attention
CUST005285,419,8,1536.29,1,1,2,112,Lost Customers
CUST005286,643,15,2038.52,1,2,2,122,Lost Customers
CUST005287,226,21,33.51,2,3,1,231,Needs Attention
CUST005288,991,1,0.0,1,1,1,111,Lost Customers
CUST005289,10,20,2046.23,4,3,2,432,Potential Loyalists
CUST005290,5,16,1004.88,5,2,2,522,Potential Loyalists
CUST005291,108,19,1540.92,2,2,2,222,Lost Customers
CUST005292,136,13,5595.379999999999,2,2,4,224,Lost Customers
CUST005293,34,65,3644.7799999999997,3,5,3,353,Loyal Customers
CUST005294,46,18,8927.710000000001,3,2,5,325,Needs Attention
CUST005295,703,1,0.0,1,1,1,111,Lost Customers
CUST005296,4,126,27893.89,5,5,5,555,Champions
CUST005297,851,1,0.0,1,1,1,111,Lost Customers
CUST005299,42,16,1112.13,3,2,2,322,Needs Attention
CUST005301,7,115,20159.09,5,5,5,555,Champions
CUST005302,809,4,0.0,1,1,1,111,Lost Customers
CUST005303,23,60,14702.58,3,5,5,355,Loyal Customers
CUST005304,3,99,7534.06,5,5,4,554,Champions
CUST005305,331,5,2635.65,1,1,3,113,Lost Customers
CUST005306,601,11,1903.6,1,2,2,122,Lost Customers
CUST005307,93,9,1869.76,2,1,2,212,Lost Customers
CUST005308,82,16,496.84999999999997,2,2,1,221,Lost Customers
CUST005309,2,24,3918.79,5,3,3,533,Potential Loyalists
CUST005310,22,43,10418.45,4,4,5,445,Champions
CUST005311,9,68,21480.33,4,5,5,455,Champions
CUST005312,35,22,6171.28,3,3,4,334,Needs Attention
CUST005314,2,26,3585.49,5,3,3,533,Potential Loyalists
CUST005315,281,22,2209.7,1,3,3,133,Needs Attention
CUST005316,11,21,2436.96,4,3,3,433,Potential Loyalists
CUST005318,3,25,2239.93,5,3,3,533,Potential Loyalists
CUST005319,88,73,18339.23,2,5,5,255,At Risk
CUST005320,35,60,3039.65,3,5,3,353,Loyal Customers
CUST005321,219,14,587.73,2,2,1,221,Lost Customers
CUST005322,12,36,10793.62,4,4,5,445,Champions
CUST005323,787,3,0.0,1,1,1,111,Lost Customers
CUST005324,5,91,15035.26,5,5,5,555,Champions
CUST005325,1,28,1660.96,5,3,2,532,Potential Loyalists
CUST005326,6,29,712.1600000000001,5,3,2,532,Potential Loyalists
CUST005327,119,10,214.56,2,1,1,211,Lost Customers
CUST005328,9,66,6184.389999999999,4,5,4,454,Champions
CUST005329,1,121,20570.42,5,5,5,555,Champions
CUST005330,12,61,9294.82,4,5,5,455,Champions
CUST005331,581,8,9709.69,1,1,5,115,Lost Customers
CUST005333,166,6,1616.06,2,1,2,212,Lost Customers
CUST005334,336,31,2588.42,1,4,3,143,At Risk
CUST005335,16,29,1309.31,4,3,2,432,Potential Loyalists
CUST005336,4,37,5550.889999999999,5,4,4,544,Champions
CUST005337,19,15,34.68,4,2,1,421,Potential Loyalists
CUST005338,14,21,1333.12,4,3,2,432,Potential Loyalists
CUST005339,461,10,2075.59,1,1,2,112,Lost Customers
CUST005340,777,19,6190.040000000001,1,2,4,124,Lost Customers
CUST005341,16,24,5659.99,4,3,4,434,Potential Loyalists
CUST005342,14,157,28238.51,4,5,5,455,Champions
CUST005343,1030,1,0.0,1,1,1,111,Lost Customers
CUST005344,425,5,0.0,1,1,1,111,Lost Customers
CUST005345,875,2,0.0,1,1,1,111,Lost Customers
CUST005346,18,12,0.0,4,2,1,421,Potential Loyalists
CUST005347,65,6,0.0,2,1,1,211,Lost Customers
CUST005348,11,119,22805.06,4,5,5,455,Champions
CUST005349,31,52,9356.59,3,5,5,355,Loyal Customers
CUST005350,30,28,6629.5,3,3,4,334,Needs Attention
CUST005351,6,25,5274.36,5,3,4,534,Potential Loyalists
CUST005352,368,6,85.8,1,1,1,111,Lost Customers
CUST005353,112,21,3213.87,2,3,3,233,Needs Attention
CUST005354,40,50,12491.59,3,4,5,345,Loyal Customers
CUST005355,7,13,233.03,5,2,1,521,Potential Loyalists
CUST005356,401,2,2182.48,1,1,3,113,Lost Customers
CUST005357,2,20,1104.0900000000001,5,3,2,532,Potential Loyalists
CUST005360,4,62,5528.5,5,5,4,554,Champions
CUST005361,15,48,10171.99,4,4,5,445,Champions
CUST005362,677,13,1368.0,1,2,2,122,Lost Customers
CUST005363,15,92,14125.66,4,5,5,455,Champions
CUST005364,108,4,0.0,2,1,1,211,Lost Customers
CUST005365,18,37,18820.98,4,4,5,445,Champions
CUST005366,721,20,10558.55,1,3,5,135,Needs Attention
CUST005367,453,3,0.0,1,1,1,111,Lost Customers
CUST005368,109,10,480.53000000000003,2,1,1,211,Lost Customers
CUST005369,46,10,2341.44,3,1,3,313,Needs Attention
CUST005370,178,12,634.19,2,2,2,222,Lost Customers
CUST005371,263,48,7064.71,1,4,4,144,At Risk
CUST005372,17,19,933.13,4,2,2,422,Potential Loyalists
CUST005373,294,16,2307.77,1,2,3,123,Lost Customers
CUST005374,236,19,1919.04,2,2,2,222,Lost Customers
CUST005375,51,72,12937.41,3,5,5,355,Loyal Customers
CUST005376,17,28,5029.7,4,3,4,434,Potential Loyalists
CUST005377,95,26,641.66,2,3,2,232,Needs Attention
CUST005378,19,31,2437.39,4,4,3,443,Champions
CUST005379,9,90,17527.61,4,5,5,455,Champions
CUST005380,106,25,1598.22,2,3,2,232,Needs Attention
CUST005381,890,14,1033.3600000000001,1,2,2,122,Lost Customers
CUST005383,26,33,5176.610000000001,3,4,4,344,Loyal Customers
CUST005384,3,144,14019.05,5,5,5,555,Champions
CUST005385,183,8,1500.51,2,1,2,212,Lost Customers
CUST005386,49,19,2945.96,3,2,3,323,Needs Attention
CUST005387,324,4,931.76,1,1,2,112,Lost Customers
CUST005388,9,54,6684.860000000001,4,5,4,454,Champions
CUST005389,9,118,8230.789999999999,4,5,4,454,Champions
CUST005390,12,101,12359.85,4,5,5,455,Champions
CUST005391,8,87,18824.82,5,5,5,555,Champions
CUST005392,52,19,531.04,3,2,1,321,Needs Attention
CUST005393,126,30,8780.05,2,3,5,235,Needs Attention
CUST005394,45,8,0.0,3,1,1,311,Needs Attention
CUST005395,1,196,35488.6,5,5,5,555,Champions
CUST005396,326,22,2384.94,1,3,3,133,Needs Attention
CUST005397,141,5,0.0,2,1,1,211,Lost Customers
CUST005399,795,3,465.65,1,1,1,111,Lost Customers
CUST005400,511,29,2140.45,1,3,2,132,Needs Attention
CUST005401,1,14,410.59000000000003,5,2,1,521,Potential Loyalists
CUST005402,9,43,7910.96,4,4,4,444,Champions
CUST005403,17,32,7770.65,4,4,4,444,Champions
CUST005404,47,5,0.0,3,1,1,311,Needs Attention
CUST005405,161,31,1072.78,2,4,2,242,At Risk
CUST005406,594,14,1176.13,1,2,2,122,Lost Customers
CUST005407,62,24,718.4,2,3,2,232,Needs Attention
CUST005408,34,75,20488.4,3,5,5,355,Loyal Customers
CUST005409,57,17,2254.7,3,2,3,323,Needs Attention
CUST005410,8,22,3647.07,5,3,3,533,Potential Loyalists
CUST005411,162,5,0.0,2,1,1,211,Lost Customers
CUST005412,311,26,695.89,1,3,2,132,Needs Attention
CUST005413,30,44,4952.889999999999,3,4,4,344,Loyal Customers
CUST005414,19,46,3826.71,4,4,3,443,Champions
CUST005415,31,41,10984.55,3,4,5,345,Loyal Customers
CUST005416,21,51,4857.65,4,4,4,444,Champions
CUST005417,19,45,2332.45,4,4,3,443,Champions
CUST005418,1,12,2210.16,5,2,3,523,Potential Loyalists
CUST005419,141,15,2186.2200000000003,2,2,3,223,Lost Customers
CUST005420,2,19,263.06,5,2,1,521,Potential Loyalists
CUST005421,88,19,1945.6100000000001,2,2,2,222,Lost Customers
CUST005422,11,19,4634.51,4,2,4,424,Potential Loyalists
CUST005423,293,17,5944.72,1,2,4,124,Lost Customers
CUST005424,206,5,0.0,2,1,1,211,Lost Customers
CUST005425,482,6,0.0,1,1,1,111,Lost Customers
CUST005426,28,33,11434.69,3,4,5,345,Loyal Customers
CUST005428,22,30,7325.45,4,3,4,434,Potential Loyalists
CUST005429,8,142,20928.59,5,5,5,555,Champions
CUST005430,205,39,8282.82,2,4,4,244,At Risk
CUST005432,1,25,3297.56,5,3,3,533,Potential Loyalists
CUST005433,1,99,10887.83,5,5,5,555,Champions
CUST005434,135,18,4419.47,2,2,4,224,Lost Customers
CUST005435,63,22,3368.62,2,3,3,233,Needs Attention
CUST005436,196,1,399.02,2,1,1,211,Lost Customers
CUST005437,10,54,9343.24,4,5,5,455,Champions
CUST005438,5,118,18958.2,5,5,5,555,Champions
CUST005439,13,17,975.03,4,2,2,422,Potential Loyalists
CUST005440,553,10,0.0,1,1,1,111,Lost Customers
CUST005441,7,21,1515.59,5,3,2,532,Potential Loyalists
CUST005442,2,41,5428.24,5,4,4,544,Champions
CUST005443,23,54,7431.61,3,5,4,354,Loyal Customers
CUST005444,473,3,0.0,1,1,1,111,Lost Customers
CUST005445,410,9,2349.3599999999997,1,1,3,113,Lost Customers
CUST005446,549,8,270.67,1,1,1,111,Lost Customers
CUST005447,28,37,1416.32,3,4,2,342,Loyal Customers
CUST005448,12,63,15982.42,4,5,5,455,Champions
CUST005450,390,16,0.0,1,2,1,121,Lost Customers
CUST005451,23,30,8873.8,3,3,5,335,Needs Attention
CUST005452,22,72,11517.169999999998,4,5,5,455,Champions
CUST005453,7,31,3057.65,5,4,3,543,Champions
CUST005454,4,27,3160.43,5,3,3,533,Potential Loyalists
CUST005455,69,8,913.0,2,1,2,212,Lost Customers
CUST005456,324,21,2726.86,1,3,3,133,Needs Attention
CUST005457,12,66,8505.51,4,5,4,454,Champions
CUST005458,273,22,4415.55,1,3,4,134,Needs Attention
CUST005459,51,68,6144.349999999999,3,5,4,354,Loyal Customers
CUST005460,169,114,21807.920000000002,2,5,5,255,At Risk
CUST005461,14,63,7214.200000000001,4,5,4,454,Champions
CUST005462,3,39,3768.9700000000003,5,4,3,543,Champions
CUST005463,83,18,1369.64,2,2,2,222,Lost Customers
CUST005464,94,3,0.0,2,1,1,211,Lost Customers
CUST005465,1,32,3896.57,5,4,3,543,Champions
CUST005466,9,22,205.01,4,3,1,431,Potential Loyalists
CUST005467,503,21,7616.9,1,3,4,134,Needs Attention
CUST005468,46,32,4977.41,3,4,4,344,Loyal Customers
CUST005469,27,18,293.65999999999997,3,2,1,321,Needs Attention
CUST005470,28,5,66.52,3,1,1,311,Needs Attention
CUST005471,293,12,1683.11,1,2,2,122,Lost Customers
CUST005472,700,15,328.71000000000004,1,2,1,121,Lost Customers
CUST005473,3,145,23748.34,5,5,5,555,Champions
CUST005474,4,36,8610.77,5,4,5,545,Champions
CUST005475,585,24,1811.5199999999998,1,3,2,132,Needs Attention
CUST005476,7,59,2175.25,5,5,2,552,Champions
CUST005477,25,11,50.37,3,2,1,321,Needs Attention
CUST005478,892,6,1372.3500000000001,1,1,2,112,Lost Customers
CUST005479,730,3,0.0,1,1,1,111,Lost Customers
CUST005480,77,36,3889.74,2,4,3,243,At Risk
CUST005481,340,19,4057.29,1,2,3,123,Lost Customers
CUST005482,9,43,6096.7300000000005,4,4,4,444,Champions
CUST005484,5,46,6043.139999999999,5,4,4,544,Champions
CUST005485,1,142,21033.93,5,5,5,555,Champions
CUST005486,33,11,1113.0700000000002,3,2,2,322,Needs Attention
CUST005487,12,21,696.73,4,3,2,432,Potential Loyalists
CUST005488,37,28,4421.91,3,3,4,334,Needs Attention
CUST005489,26,47,5403.53,3,4,4,344,Loyal Customers
CUST005490,26,22,3478.3100000000004,3,3,3,333,Needs Attention
CUST005491,105,4,435.6,2,1,1,211,Lost Customers
CUST005492,542,20,1546.57,1,3,2,132,Needs Attention
CUST005493,5,51,11061.98,5,4,5,545,Champions
CUST005494,823,1,0.0,1,1,1,111,Lost Customers
CUST005495,135,7,478.53,2,1,1,211,Lost Customers
CUST005496,4,111,26688.5,5,5,5,555,Champions
CUST005497,263,75,8135.25,1,5,4,154,At Risk
CUST005498,6,63,3194.15,5,5,3,553,Champions
CUST005499,10,13,1697.02,4,2,2,422,Potential Loyalists
CUST005500,30,25,4388.49,3,3,3,333,Needs Attention
CUST005502,22,82,11549.99,4,5,5,455,Champions
CUST005503,110,18,1435.3,2,2,2,222,Lost Customers
CUST005504,49,18,1681.8799999999999,3,2,2,322,Needs Attention
CUST005505,927,6,910.02,1,1,2,112,Lost Customers
CUST005506,27,31,9764.77,3,4,5,345,Loyal Customers
CUST005507,1,89,15819.42,5,5,5,555,Champions
CUST005508,23,21,5303.53,3,3,4,334,Needs Attention
CUST005509,19,25,787.19,4,3,2,432,Potential Loyalists
CUST005510,12,10,10372.59,4,1,5,415,Needs Attention
CUST005511,34,48,3421.7400000000002,3,4,3,343,Loyal Customers
CUST005512,43,9,2400.54,3,1,3,313,Needs Attention
CUST005513,9,34,14967.72,4,4,5,445,Champions
CUST005514,296,6,23.53,1,1,1,111,Lost Customers
CUST005515,447,29,3402.5,1,3,3,133,Needs Attention
CUST005517,25,10,0.0,3,1,1,311,Needs Attention
CUST005518,21,76,9953.35,4,5,5,455,Champions
CUST005519,513,79,9887.449999999999,1,5,5,155,At Risk
CUST005520,112,35,7227.16,2,4,4,244,At Risk
CUST005521,931,2,203.54,1,1,1,111,Lost Customers
CUST005522,14,178,25492.77,4,5,5,455,Champions
CUST005523,401,6,0.0,1,1,1,111,Lost Customers
CUST005524,72,19,5803.12,2,2,4,224,Lost Customers
CUST005525,22,47,4780.7699999999995,4,4,4,444,Champions
CUST005526,1,104,9573.859999999999,5,5,5,555,Champions
CUST005527,31,26,5375.83,3,3,4,334,Needs Attention
CUST005529,34,8,128.76,3,1,1,311,Needs Attention
CUST005530,631,9,626.4000000000001,1,1,1,111,Lost Customers
CUST005531,124,13,2199.71,2,2,3,223,Lost Customers
CUST005532,58,27,1731.81,2,3,2,232,Needs Attention
CUST005533,20,16,2713.79,4,2,3,423,Potential Loyalists
CUST005534,304,6,2084.5,1,1,2,112,Lost Customers
CUST005535,3,97,13235.98,5,5,5,555,Champions
CUST005536,6,26,93.97,5,3,1,531,Potential Loyalists
CUST005538,17,29,1432.99,4,3,2,432,Potential Loyalists
CUST005539,53,37,2152.37,3,4,2,342,Loyal Customers
CUST005540,1,10,46.1,5,1,1,511,Needs Attention
CUST005541,680,6,0.0,1,1,1,111,Lost Customers
CUST005542,323,11,0.0,1,2,1,121,Lost Customers
CUST005543,442,64,15544.62,1,5,5,155,At Risk
CUST005544,68,34,3545.89,2,4,3,243,At Risk
CUST005545,95,16,1034.8,2,2,2,222,Lost Customers
CUST005546,8,12,169.78,5,2,1,521,Potential Loyalists
CUST005547,28,30,5043.6,3,3,4,334,Needs Attention
CUST005548,32,33,7023.71,3,4,4,344,Loyal Customers
CUST005549,31,16,4681.84,3,2,4,324,Needs Attention
CUST005550,45,21,2566.66,3,3,3,333,Needs Attention
CUST005551,21,28,5357.54,4,3,4,434,Potential Loyalists
CUST005552,5,11,5345.41,5,2,4,524,Potential Loyalists
CUST005553,53,24,3287.79,3,3,3,333,Needs Attention
CUST005555,18,54,10768.630000000001,4,5,5,455,Champions
CUST005556,5,45,8753.1,5,4,5,545,Champions
CUST005557,48,14,2501.88,3,2,3,323,Needs Attention
CUST005558,1,147,11675.630000000001,5,5,5,555,Champions
CUST005559,377,28,12452.48,1,3,5,135,Needs Attention
CUST005560,60,11,0.0,2,2,1,221,Lost Customers
CUST005561,792,11,1227.76,1,2,2,122,Lost Customers
CUST005562,807,12,913.9000000000001,1,2,2,122,Lost Customers
CUST005563,3,31,5690.92,5,4,4,544,Champions
CUST005564,141,23,953.06,2,3,2,232,Needs Attention
CUST005565,11,47,4356.2,4,4,3,443,Champions
CUST005566,23,21,8164.8099999999995,3,3,4,334,Needs Attention
CUST005568,225,8,162.26,2,1,1,211,Lost Customers
CUST005569,32,16,4178.29,3,2,3,323,Needs Attention
CUST005570,8,119,31054.32,5,5,5,555,Champions
CUST005571,10,30,5121.33,4,3,4,434,Potential Loyalists
CUST005572,11,20,5284.719999999999,4,3,4,434,Potential Loyalists
CUST005573,10,30,4954.56,4,3,4,434,Potential Loyalists
CUST005574,84,8,895.79,2,1,2,212,Lost Customers
CUST005575,18,8,37.66,4,1,1,411,Needs Attention
CUST005576,74,18,6873.25,2,2,4,224,Lost Customers
CUST005577,1,36,4438.42,5,4,4,544,Champions
CUST005578,19,24,10458.119999999999,4,3,5,435,Potential Loyalists
CUST005579,7,30,8306.84,5,3,4,534,Potential Loyalists
CUST005580,101,25,915.55,2,3,2,232,Needs Attention
CUST005581,542,9,1106.11,1,1,2,112,Lost Customers
CUST005582,15,36,5930.860000000001,4,4,4,444,Champions
CUST005583,63,21,196.8,2,3,1,231,Needs Attention
CUST005584,24,23,2353.72,3,3,3,333,Needs Attention
CUST005585,23,40,5569.18,3,4,4,344,Loyal Customers
CUST005586,2,117,13821.26,5,5,5,555,Champions
CUST005587,179,27,6274.95,2,3,4,234,Needs Attention
CUST005588,11,34,1459.83,4,4,2,442,Champions
CUST005589,13,36,6706.58,4,4,4,444,Champions
CUST005590,50,14,0.0,3,2,1,321,Needs Attention
CUST005591,1,31,7305.17,5,4,4,544,Champions
CUST005592,6,19,868.68,5,2,2,522,Potential Loyalists
CUST005593,87,7,3958.28,2,1,3,213,Lost Customers
CUST005594,927,6,0.0,1,1,1,111,Lost Customers
CUST005595,739,6,161.74,1,1,1,111,Lost Customers
CUST005596,37,34,1891.8300000000002,3,4,2,342,Loyal Customers
CUST005597,4,28,6628.07,5,3,4,534,Potential Loyalists
CUST005598,27,14,1535.1,3,2,2,322,Needs Attention
CUST005599,17,30,992.08,4,3,2,432,Potential Loyalists
CUST005600,82,5,0.0,2,1,1,211,Lost Customers
CUST005601,430,49,3986.1800000000003,1,4,3,143,At Risk
CUST005602,45,13,1233.68,3,2,2,322,Needs Attention
CUST005603,10,19,762.04,4,2,2,422,Potential Loyalists
CUST005604,371,4,400.2,1,1,1,111,Lost Customers
CUST005605,16,30,2512.3900000000003,4,3,3,433,Potential Loyalists
CUST005606,30,19,3327.5,3,2,3,323,Needs Attention
CUST005607,126,15,845.39,2,2,2,222,Lost Customers
CUST005608,912,3,3559.1699999999996,1,1,3,113,Lost Customers
CUST005609,10,35,6472.6900000000005,4,4,4,444,Champions
CUST005611,12,10,423.66,4,1,1,411,Needs Attention
CUST005613,61,37,5123.75,2,4,4,244,At Risk
CUST005614,103,22,2108.5,2,3,2,232,Needs Attention
CUST005615,2,37,6329.01,5,4,4,544,Champions
CUST005616,34,23,1639.98,3,3,2,332,Needs Attention
CUST005617,23,33,8002.099999999999,3,4,4,344,Loyal Customers
CUST005618,65,14,1106.8400000000001,2,2,2,222,Lost Customers
CUST005619,231,140,10599.36,2,5,5,255,At Risk
CUST005620,10,22,561.53,4,3,1,431,Potential Loyalists
CUST005621,30,49,12410.54,3,4,5,345,Loyal Customers
CUST005623,2,29,4604.82,5,3,4,534,Potential Loyalists
CUST005624,430,9,220.88,1,1,1,111,Lost Customers
CUST005625,6,43,4289.59,5,4,3,543,Champions
CUST005626,72,19,132.96,2,2,1,221,Lost Customers
CUST005627,11,35,2512.18,4,4,3,443,Champions
CUST005628,42,56,8520.31,3,5,5,355,Loyal Customers
CUST005629,5,14,3170.56,5,2,3,523,Potential Loyalists
CUST005630,9,16,1374.92,4,2,2,422,Potential Loyalists
CUST005631,26,41,12685.49,3,4,5,345,Loyal Customers
CUST005632,4,198,55835.28,5,5,5,555,Champions
CUST005633,12,25,1526.99,4,3,2,432,Potential Loyalists
CUST005634,10,38,15899.67,4,4,5,445,Champions
CUST005635,30,26,4165.24,3,3,3,333,Needs Attention
CUST005636,14,133,27591.579999999998,4,5,5,455,Champions
CUST005637,767,2,0.0,1,1,1,111,Lost Customers
CUST005638,35,27,2151.0699999999997,3,3,2,332,Needs Attention
CUST005639,105,17,2310.21,2,2,3,223,Lost Customers
CUST005640,276,6,158.78,1,1,1,111,Lost Customers
CUST005642,35,33,4399.87,3,4,3,343,Loyal Customers
CUST005643,15,26,2104.82,4,3,2,432,Potential Loyalists
CUST005644,108,16,1399.27,2,2,2,222,Lost Customers
CUST005645,3,303,30143.47,5,5,5,555,Champions
CUST005646,9,27,1013.57,4,3,2,432,Potential Loyalists
CUST005647,42,26,372.29,3,3,1,331,Needs Attention
CUST005648,35,7,250.72,3,1,1,311,Needs Attention
CUST005649,28,51,7995.66,3,4,4,344,Loyal Customers
CUST005650,23,20,460.72,3,3,1,331,Needs Attention
CUST005651,99,19,5252.18,2,2,4,224,Lost Customers
CUST005652,12,121,17537.67,4,5,5,455,Champions
CUST005653,21,64,9985.02,4,5,5,455,Champions
CUST005654,33,23,4974.73,3,3,4,334,Needs Attention
CUST005655,142,3,0.0,2,1,1,211,Lost Customers
CUST005656,62,23,2968.74,2,3,3,233,Needs Attention
CUST005657,1,316,50085.26,5,5,5,555,Champions
CUST005658,541,6,1243.68,1,1,2,112,Lost Customers
CUST005659,10,90,14041.24,4,5,5,455,Champions
CUST005660,617,29,0.0,1,3,1,131,Needs Attention
CUST005661,805,8,916.88,1,1,2,112,Lost Customers
CUST005662,730,5,182.52,1,1,1,111,Lost Customers
CUST005663,661,1,0.0,1,1,1,111,Lost Customers
CUST005664,27,31,5623.4400000000005,3,4,4,344,Loyal Customers
CUST005665,667,7,465.65,1,1,1,111,Lost Customers
CUST005666,30,42,6055.98,3,4,4,344,Loyal Customers
CUST005667,155,9,1484.02,2,1,2,212,Lost Customers
CUST005668,201,10,2402.27,2,1,3,213,Lost Customers
CUST005669,2,20,3046.9,5,3,3,533,Potential Loyalists
CUST005670,79,30,2662.0499999999997,2,3,3,233,Needs Attention
CUST005671,73,11,3549.08,2,2,3,223,Lost Customers
CUST005672,1,88,5782.25,5,5,4,554,Champions
CUST005673,708,6,1010.9,1,1,2,112,Lost Customers
CUST005674,137,6,0.0,2,1,1,211,Lost Customers
CUST005676,19,20,6451.97,4,3,4,434,Potential Loyalists
CUST005677,14,21,1372.87,4,3,2,432,Potential Loyalists
CUST005678,174,65,2594.61,2,5,3,253,At Risk
CUST005679,963,4,0.0,1,1,1,111,Lost Customers
CUST005680,11,32,1466.82,4,4,2,442,Champions
CUST005681,85,13,1917.04,2,2,2,222,Lost Customers
CUST005682,1,39,4199.35,5,4,3,543,Champions
CUST005683,72,30,6234.639999999999,2,3,4,234,Needs Attention
CUST005684,30,16,1922.72,3,2,2,322,Needs Attention
CUST005685,89,5,3804.88,2,1,3,213,Lost Customers
CUST005686,7,108,22633.56,5,5,5,555,Champions
CUST005687,126,4,0.0,2,1,1,211,Lost Customers
CUST005688,46,16,596.85,3,2,1,321,Needs Attention
CUST005689,504,6,2062.84,1,1,2,112,Lost Customers
CUST005690,96,16,3478.06,2,2,3,223,Lost Customers
CUST005691,359,5,0.0,1,1,1,111,Lost Customers
CUST005692,302,5,1655.57,1,1,2,112,Lost Customers
CUST005693,12,46,2094.48,4,4,2,442,Champions
CUST005694,46,21,9501.01,3,3,5,335,Needs Attention
CUST005695,1,326,41331.48,5,5,5,555,Champions
CUST005696,1,23,559.59,5,3,1,531,Potential Loyalists
CUST005697,739,5,0.0,1,1,1,111,Lost Customers
CUST005698,77,16,2347.96,2,2,3,223,Lost Customers
CUST005699,64,36,1748.01,2,4,2,242,At Risk
CUST005700,850,1,0.0,1,1,1,111,Lost Customers
CUST005701,30,39,4117.1,3,4,3,343,Loyal Customers
CUST005702,178,10,2824.5,2,1,3,213,Lost Customers
CUST005703,204,7,508.91999999999996,2,1,1,211,Lost Customers
CUST005704,44,13,4830.77,3,2,4,324,Needs Attention
CUST005705,245,4,0.0,2,1,1,211,Lost Customers
CUST005707,8,16,2065.34,5,2,2,522,Potential Loyalists
CUST005708,3,15,376.90999999999997,5,2,1,521,Potential Loyalists
CUST005709,35,62,12628.42,3,5,5,355,Loyal Customers
CUST005710,17,103,7866.96,4,5,4,454,Champions
CUST005711,12,15,397.29,4,2,1,421,Potential Loyalists
CUST005712,97,15,0.0,2,2,1,221,Lost Customers
CUST005713,651,8,1689.5400000000002,1,1,2,112,Lost Customers
CUST005714,78,13,474.82000000000005,2,2,1,221,Lost Customers
CUST005715,154,26,1960.44,2,3,2,232,Needs Attention
CUST005716,6,23,5143.700000000001,5,3,4,534,Potential Loyalists
CUST005717,619,4,3972.57,1,1,3,113,Lost Customers
CUST005718,163,21,3899.56,2,3,3,233,Needs Attention
CUST005719,55,24,2770.84,3,3,3,333,Needs Attention
CUST005721,31,45,3917.86,3,4,3,343,Loyal Customers
CUST005722,53,16,6360.25,3,2,4,324,Needs Attention
CUST005723,6,120,18597.01,5,5,5,555,Champions
CUST005724,24,22,3776.51,3,3,3,333,Needs Attention
CUST005725,24,10,3060.35,3,1,3,313,Needs Attention
CUST005726,9,61,13630.96,4,5,5,455,Champions
CUST005727,22,17,7895.450000000001,4,2,4,424,Potential Loyalists
CUST005728,27,31,5094.88,3,4,4,344,Loyal Customers
CUST005729,583,2,0.0,1,1,1,111,Lost Customers
CUST005730,2,108,21720.4,5,5,5,555,Champions
CUST005731,12,35,3210.58,4,4,3,443,Champions
CUST005732,5,7,503.16,5,1,1,511,Needs Attention
CUST005733,153,11,1040.55,2,2,2,222,Lost Customers
CUST005734,795,32,3761.35,1,4,3,143,At Risk
CUST005735,104,22,155.7,2,3,1,231,Needs Attention
CUST005736,655,4,433.17,1,1,1,111,Lost Customers
CUST005737,791,1,0.0,1,1,1,111,Lost Customers
CUST005739,2,20,2817.23,5,3,3,533,Potential Loyalists
CUST005740,5,68,9108.4,5,5,5,555,Champions
CUST005741,96,4,171.1,2,1,1,211,Lost Customers
CUST005742,36,5,0.0,3,1,1,311,Needs Attention
CUST005743,23,53,3962.43,3,5,3,353,Loyal Customers
CUST005746,60,68,10826.27,2,5,5,255,At Risk
CUST005747,28,20,3228.9,3,3,3,333,Needs Attention
CUST005748,6,78,8286.33,5,5,4,554,Champions
CUST005749,22,18,635.3199999999999,4,2,2,422,Potential Loyalists
CUST005750,154,7,367.32,2,1,1,211,Lost Customers
CUST005752,4,64,6730.71,5,5,4,554,Champions
CUST005753,470,8,10576.14,1,1,5,115,Lost Customers
CUST005754,77,24,4214.47,2,3,3,233,Needs Attention
CUST005755,82,34,4008.32,2,4,3,243,At Risk
CUST005757,636,10,2732.98,1,1,3,113,Lost Customers
CUST005758,1,6,0.0,5,1,1,511,Needs Attention
CUST005759,26,63,6857.0,3,5,4,354,Loyal Customers
CUST005760,1,27,1842.52,5,3,2,532,Potential Loyalists
CUST005761,15,67,6084.61,4,5,4,454,Champions
CUST005762,19,34,3903.86,4,4,3,443,Champions
CUST005764,76,16,943.6500000000001,2,2,2,222,Lost Customers
CUST005765,12,38,4680.849999999999,4,4,4,444,Champions
CUST005766,53,7,0.0,3,1,1,311,Needs Attention
CUST005767,46,83,12806.85,3,5,5,355,Loyal Customers
CUST005768,114,16,4469.14,2,2,4,224,Lost Customers
CUST005769,4,89,5528.01,5,5,4,554,Champions
CUST005770,37,32,7406.63,3,4,4,344,Loyal Customers
CUST005771,105,42,1072.53,2,4,2,242,At Risk
CUST005772,1,30,10763.09,5,3,5,535,Potential Loyalists
CUST005773,113,6,0.0,2,1,1,211,Lost Customers
CUST005774,41,10,48.32,3,1,1,311,Needs Attention
CUST005776,430,21,1990.82,1,3,2,132,Needs Attention
CUST005777,4,65,10104.890000000001,5,5,5,555,Champions
CUST005778,4,52,13027.11,5,5,5,555,Champions
CUST005779,4,9,1894.06,5,1,2,512,Needs Attention
CUST005780,22,20,2837.17,4,3,3,433,Potential Loyalists
CUST005781,3,35,9848.050000000001,5,4,5,545,Champions
CUST005783,4,100,14543.75,5,5,5,555,Champions
CUST005784,622,5,0.0,1,1,1,111,Lost Customers
CUST005785,11,73,4353.85,4,5,3,453,Champions
CUST005786,90,7,0.0,2,1,1,211,Lost Customers
CUST005787,5,68,15407.35,5,5,5,555,Champions
CUST005788,395,152,20872.43,1,5,5,155,At Risk
CUST005789,72,11,1791.58,2,2,2,222,Lost Customers
CUST005790,18,61,4691.78,4,5,4,454,Champions
CUST005791,10,45,17223.04,4,4,5,445,Champions
CUST005792,119,6,2447.94,2,1,3,213,Lost Customers
CUST005793,48,43,15081.02,3,4,5,345,Loyal Customers
CUST005794,12,43,15791.2,4,4,5,445,Champions
CUST005796,2,60,14438.17,5,5,5,555,Champions
CUST005797,65,11,1428.54,2,2,2,222,Lost Customers
CUST005798,23,6,0.0,3,1,1,311,Needs Attention
CUST005799,26,44,6017.01,3,4,4,344,Loyal Customers
CUST005800,1,33,4551.61,5,4,4,544,Champions
CUST005801,21,22,5544.75,4,3,4,434,Potential Loyalists
CUST005802,385,34,654.25,1,4,2,142,At Risk
CUST005803,9,41,8580.45,4,4,5,445,Champions
CUST005804,3,50,4261.01,5,4,3,543,Champions
CUST005805,832,4,227.23,1,1,1,111,Lost Customers
CUST005806,21,51,8819.69,4,4,5,445,Champions
CUST005807,11,21,2007.08,4,3,2,432,Potential Loyalists
CUST005808,372,97,17767.07,1,5,5,155,At Risk
CUST005809,19,10,0.0,4,1,1,411,Needs Attention
CUST005810,1,111,20637.7,5,5,5,555,Champions
CUST005811,21,26,573.92,4,3,1,431,Potential Loyalists
CUST005812,65,12,2363.04,2,2,3,223,Lost Customers
CUST005813,16,72,14307.51,4,5,5,455,Champions
CUST005814,58,29,2974.18,2,3,3,233,Needs Attention
CUST005816,58,108,15712.27,2,5,5,255,At Risk
CUST005817,201,25,920.51,2,3,2,232,Needs Attention
CUST005818,29,27,6535.38,3,3,4,334,Needs Attention
CUST005819,3,52,5293.66,5,5,4,554,Champions
CUST005820,79,26,6945.08,2,3,4,234,Needs Attention
CUST005821,30,46,15434.67,3,4,5,345,Loyal Customers
CUST005822,90,11,640.9,2,2,2,222,Lost Customers
CUST005823,10,47,3022.51,4,4,3,443,Champions
CUST005825,5,134,26172.66,5,5,5,555,Champions
CUST005826,9,49,10194.74,4,4,5,445,Champions
CUST005827,12,32,8011.410000000001,4,4,4,444,Champions
CUST005828,34,44,14672.5,3,4,5,345,Loyal Customers
CUST005829,17,16,2241.66,4,2,3,423,Potential Loyalists
CUST005830,10,84,29487.91,4,5,5,455,Champions
CUST005831,12,142,14005.419999999998,4,5,5,455,Champions
CUST005832,5,41,3486.68,5,4,3,543,Champions
CUST005833,4,107,9028.47,5,5,5,555,Champions
CUST005834,618,7,713.47,1,1,2,112,Lost Customers
CUST005835,56,19,1687.53,3,2,2,322,Needs Attention
CUST005836,5,39,7202.39,5,4,4,544,Champions
CUST005837,2,56,18713.21,5,5,5,555,Champions
CUST005838,25,22,2689.58,3,3,3,333,Needs Attention
CUST005839,9,39,9650.3,4,4,5,445,Champions
CUST005840,20,38,5211.83,4,4,4,444,Champions
CUST005841,12,14,3930.67,4,2,3,423,Potential Loyalists
CUST005842,1,55,4629.46,5,5,4,554,Champions
CUST005843,8,51,6659.210000000001,5,4,4,544,Champions
CUST005844,7,32,6278.29,5,4,4,544,Champions
CUST005845,6,71,19064.63,5,5,5,555,Champions
CUST005846,126,8,1565.82,2,1,2,212,Lost Customers
CUST005847,10,49,4099.24,4,4,3,443,Champions
CUST005850,868,2,363.83,1,1,1,111,Lost Customers
CUST005851,10,9,242.98,4,1,1,411,Needs Attention
CUST005852,2,23,2273.3,5,3,3,533,Potential Loyalists
CUST005853,524,13,2585.94,1,2,3,123,Lost Customers
CUST005854,248,29,8187.77,2,3,4,234,Needs Attention
CUST005855,11,29,4974.48,4,3,4,434,Potential Loyalists
CUST005856,75,8,885.76,2,1,2,212,Lost Customers
CUST005857,12,77,11603.4,4,5,5,455,Champions
CUST005858,501,4,482.82,1,1,1,111,Lost Customers
CUST005859,233,14,5058.23,2,2,4,224,Lost Customers
CUST005860,163,34,11898.76,2,4,5,245,At Risk
CUST005861,170,25,4234.6,2,3,3,233,Needs Attention
CUST005862,726,21,3296.3,1,3,3,133,Needs Attention
CUST005863,5,43,3567.5499999999997,5,4,3,543,Champions
CUST005864,1,22,850.0999999999999,5,3,2,532,Potential Loyalists
CUST005865,1,170,24415.64,5,5,5,555,Champions
CUST005866,82,32,3574.4,2,4,3,243,At Risk
CUST005867,29,23,2936.21,3,3,3,333,Needs Attention
CUST005868,4,48,1983.73,5,4,2,542,Champions
CUST005869,13,30,2682.81,4,3,3,433,Potential Loyalists
CUST005870,44,35,350.09000000000003,3,4,1,341,Loyal Customers
CUST005871,4,270,45290.45,5,5,5,555,Champions
CUST005872,120,15,499.68,2,2,1,221,Lost Customers
CUST005873,7,25,6796.28,5,3,4,534,Potential Loyalists
CUST005874,177,33,2919.11,2,4,3,243,At Risk
CUST005875,212,34,969.62,2,4,2,242,At Risk
CUST005876,217,9,401.01,2,1,1,211,Lost Customers
CUST005877,65,8,120.0,2,1,1,211,Lost Customers
CUST005878,6,23,1537.43,5,3,2,532,Potential Loyalists
CUST005879,253,7,268.27,2,1,1,211,Lost Customers
CUST005880,152,10,757.81,2,1,2,212,Lost Customers
CUST005881,239,22,2866.88,2,3,3,233,Needs Attention
CUST005882,143,15,3108.04,2,2,3,223,Lost Customers
CUST005883,31,5,0.0,3,1,1,311,Needs Attention
CUST005884,693,13,311.29,1,2,1,121,Lost Customers
CUST005885,64,55,8136.98,2,5,4,254,At Risk
CUST005886,56,5,235.16,3,1,1,311,Needs Attention
CUST005887,846,6,0.0,1,1,1,111,Lost Customers
CUST005888,738,5,121.3,1,1,1,111,Lost Customers
CUST005889,8,68,19005.24,5,5,5,555,Champions
CUST005890,269,39,8876.01,1,4,5,145,At Risk
CUST005891,1,155,12850.05,5,5,5,555,Champions
CUST005892,906,1,0.0,1,1,1,111,Lost Customers
CUST005893,10,29,2418.87,4,3,3,433,Potential Loyalists
CUST005894,290,21,916.55,1,3,2,132,Needs Attention
CUST005895,657,9,199.63,1,1,1,111,Lost Customers
CUST005896,4,115,40529.06,5,5,5,555,Champions
CUST005897,118,15,4559.76,2,2,4,224,Lost Customers
CUST005898,279,18,1056.54,1,2,2,122,Lost Customers
CUST005899,16,73,24349.5,4,5,5,455,Champions
CUST005900,3,86,15563.23,5,5,5,555,Champions
CUST005901,96,15,538.69,2,2,1,221,Lost Customers
CUST005902,386,34,3217.46,1,4,3,143,At Risk
CUST005903,253,21,2055.82,2,3,2,232,Needs Attention
CUST005904,18,98,21159.74,4,5,5,455,Champions
CUST005905,707,7,6122.5,1,1,4,114,Lost Customers
CUST005906,7,64,19026.420000000002,5,5,5,555,Champions
CUST005907,2,298,45653.55,5,5,5,555,Champions
CUST005908,662,10,975.0600000000001,1,1,2,112,Lost Customers
CUST005909,23,40,4115.15,3,4,3,343,Loyal Customers
CUST005910,5,52,4160.55,5,5,3,553,Champions
CUST005911,682,9,1970.15,1,1,2,112,Lost Customers
CUST005912,2,163,23883.32,5,5,5,555,Champions
CUST005913,12,30,4142.44,4,3,3,433,Potential Loyalists
CUST005914,19,17,2207.0,4,2,3,423,Potential Loyalists
CUST005915,19,7,0.0,4,1,1,411,Needs Attention
CUST005916,20,50,12425.92,4,4,5,445,Champions
CUST005917,8,48,8831.33,5,4,5,545,Champions
CUST005918,159,17,742.1700000000001,2,2,2,222,Lost Customers
CUST005919,11,41,5269.610000000001,4,4,4,444,Champions
CUST005920,226,4,2228.34,2,1,3,213,Lost Customers
CUST005921,74,19,3777.58,2,2,3,223,Lost Customers
CUST005922,376,33,793.71,1,4,2,142,At Risk
CUST005923,6,130,16913.67,5,5,5,555,Champions
CUST005924,480,13,990.05,1,2,2,122,Lost Customers
CUST005925,96,6,0.0,2,1,1,211,Lost Customers
CUST005926,10,13,1789.89,4,2,2,422,Potential Loyalists
CUST005928,9,96,20374.45,4,5,5,455,Champions
CUST005929,158,106,11480.14,2,5,5,255,At Risk
CUST005931,1,81,18193.66,5,5,5,555,Champions
CUST005932,26,44,3831.09,3,4,3,343,Loyal Customers
CUST005933,68,31,1722.75,2,4,2,242,At Risk
CUST005934,1,24,13456.75,5,3,5,535,Potential Loyalists
CUST005935,897,7,0.0,1,1,1,111,Lost Customers
CUST005936,51,9,343.13,3,1,1,311,Needs Attention
CUST005937,1,35,4247.68,5,4,3,543,Champions
CUST005938,552,22,5871.22,1,3,4,134,Needs Attention
CUST005939,1,45,15824.78,5,4,5,545,Champions
CUST005940,4,43,5541.88,5,4,4,544,Champions
CUST005941,848,3,0.0,1,1,1,111,Lost Customers
CUST005942,89,13,326.56,2,2,1,221,Lost Customers
CUST005943,24,42,3088.68,3,4,3,343,Loyal Customers
CUST005944,9,46,3932.72,4,4,3,443,Champions
CUST005946,1,22,1014.6200000000001,5,3,2,532,Potential Loyalists
CUST005947,54,56,6166.860000000001,3,5,4,354,Loyal Customers
CUST005948,6,11,1818.3999999999999,5,2,2,522,Potential Loyalists
CUST005949,40,16,1399.55,3,2,2,322,Needs Attention
CUST005950,16,29,518.34,4,3,1,431,Potential Loyalists
CUST005951,31,15,2108.83,3,2,2,322,Needs Attention
CUST005952,9,45,1341.69,4,4,2,442,Champions
CUST005953,85,17,2588.7,2,2,3,223,Lost Customers
CUST005954,15,43,2117.67,4,4,2,442,Champions
CUST005955,4,220,33717.979999999996,5,5,5,555,Champions
CUST005956,122,13,1149.35,2,2,2,222,Lost Customers
CUST005957,298,24,2138.52,1,3,2,132,Needs Attention
CUST005958,534,7,474.27,1,1,1,111,Lost Customers
CUST005959,14,51,3237.46,4,4,3,443,Champions
CUST005960,119,8,0.0,2,1,1,211,Lost Customers
CUST005961,15,27,2624.86,4,3,3,433,Potential Loyalists
CUST005962,96,14,2739.7200000000003,2,2,3,223,Lost Customers
CUST005963,3,27,4287.11,5,3,3,533,Potential Loyalists
CUST005964,51,10,1600.76,3,1,2,312,Needs Attention
CUST005965,2,35,7926.14,5,4,4,544,Champions
CUST005966,884,1,0.0,1,1,1,111,Lost Customers
CUST005967,473,22,11906.929999999998,1,3,5,135,Needs Attention
CUST005968,99,19,2928.81,2,2,3,223,Lost Customers
CUST005969,808,1,0.0,1,1,1,111,Lost Customers
CUST005970,20,42,7652.78,4,4,4,444,Champions
CUST005971,649,13,4061.29,1,2,3,123,Lost Customers
CUST005972,78,33,6162.3,2,4,4,244,At Risk
CUST005973,5,124,8264.92,5,5,4,554,Champions
CUST005974,15,17,0.0,4,2,1,421,Potential Loyalists
CUST005975,7,59,5444.6,5,5,4,554,Champions
CUST005976,10,69,6695.74,4,5,4,454,Champions
CUST005978,46,10,0.0,3,1,1,311,Needs Attention
CUST005979,789,7,2864.5299999999997,1,1,3,113,Lost Customers
CUST005980,40,29,2272.29,3,3,3,333,Needs Attention
CUST005981,4,102,20980.06,5,5,5,555,Champions
CUST005982,660,13,1034.51,1,2,2,122,Lost Customers
CUST005983,5,22,2229.15,5,3,3,533,Potential Loyalists
CUST005984,549,9,2896.53,1,1,3,113,Lost Customers
CUST005985,3,62,12328.26,5,5,5,555,Champions
CUST005986,64,14,238.32,2,2,1,221,Lost Customers
CUST005987,12,34,8120.58,4,4,4,444,Champions
CUST005988,704,15,1198.25,1,2,2,122,Lost Customers
CUST005989,175,12,129.79,2,2,1,221,Lost Customers
CUST005990,6,33,4385.700000000001,5,4,3,543,Champions
CUST005991,5,29,2372.5,5,3,3,533,Potential Loyalists
CUST005992,30,43,10801.39,3,4,5,345,Loyal Customers
CUST005994,30,28,3947.4200000000005,3,3,3,333,Needs Attention
CUST005995,108,38,5538.69,2,4,4,244,At Risk
CUST005996,11,29,3863.26,4,3,3,433,Potential Loyalists
CUST005997,16,12,0.0,4,2,1,421,Potential Loyalists
CUST005998,32,35,704.78,3,4,2,342,Loyal Customers
CUST005999,1,132,27073.47,5,5,5,555,Champions
CUST006000,53,13,1253.34,3,2,2,322,Needs Attention
CUST006001,575,10,0.0,1,1,1,111,Lost Customers
CUST006002,20,17,684.84,4,2,2,422,Potential Loyalists
CUST006003,29,33,9533.880000000001,3,4,5,345,Loyal Customers
CUST006004,542,28,5811.52,1,3,4,134,Needs Attention
CUST006005,1,34,4133.96,5,4,3,543,Champions
CUST006006,26,12,324.34000000000003,3,2,1,321,Needs Attention
CUST006007,55,29,3132.41,3,3,3,333,Needs Attention
CUST006008,296,3,103.85999999999999,1,1,1,111,Lost Customers
CUST006009,8,16,6659.08,5,2,4,524,Potential Loyalists
CUST006010,3,56,5161.02,5,5,4,554,Champions
CUST006011,241,8,922.1100000000001,2,1,2,212,Lost Customers
CUST006012,192,7,1178.02,2,1,2,212,Lost Customers
CUST006013,994,10,1255.02,1,1,2,112,Lost Customers
CUST006014,4,22,3580.09,5,3,3,533,Potential Loyalists
CUST006015,10,106,32819.02,4,5,5,455,Champions
CUST006016,76,17,5967.32,2,2,4,224,Lost Customers
CUST006017,57,20,1652.68,3,3,2,332,Needs Attention
CUST006019,3,7,0.0,5,1,1,511,Needs Attention
CUST006020,22,43,2233.05,4,4,3,443,Champions
CUST006022,13,16,1279.4,4,2,2,422,Potential Loyalists
CUST006023,1011,4,266.12,1,1,1,111,Lost Customers
CUST006024,7,30,12547.07,5,3,5,535,Potential Loyalists
CUST006025,442,14,2853.12,1,2,3,123,Lost Customers
CUST006026,53,11,1126.56,3,2,2,322,Needs Attention
CUST006027,5,97,11141.29,5,5,5,555,Champions
CUST006028,17,50,7843.5199999999995,4,4,4,444,Champions
CUST006029,36,83,5974.81,3,5,4,354,Loyal Customers
CUST006030,44,28,6147.79,3,3,4,334,Needs Attention
CUST006031,203,7,131.54,2,1,1,211,Lost Customers
CUST006032,361,82,16533.79,1,5,5,155,At Risk
CUST006033,10,38,1324.3999999999999,4,4,2,442,Champions
CUST006034,2,14,214.05,5,2,1,521,Potential Loyalists
CUST006035,328,10,951.53,1,1,2,112,Lost Customers
CUST006036,17,58,10294.6,4,5,5,455,Champions
CUST006037,27,16,532.9,3,2,1,321,Needs Attention
CUST006039,3,48,5653.36,5,4,4,544,Champions
CUST006040,27,11,1179.88,3,2,2,322,Needs Attention
CUST006041,20,7,0.0,4,1,1,411,Needs Attention
CUST006042,10,60,2682.76,4,5,3,453,Champions
CUST006043,45,3,991.97,3,1,2,312,Needs Attention
CUST006044,294,13,4104.7,1,2,3,123,Lost Customers
CUST006045,18,15,2740.95,4,2,3,423,Potential Loyalists
CUST006046,15,18,227.13,4,2,1,421,Potential Loyalists
CUST006047,48,13,2725.32,3,2,3,323,Needs Attention
CUST006048,358,16,4340.2300000000005,1,2,3,123,Lost Customers
CUST006049,78,9,41.46,2,1,1,211,Lost Customers
CUST006050,88,8,0.0,2,1,1,211,Lost Customers
CUST006051,21,154,23455.48,4,5,5,455,Champions
CUST006052,58,103,12762.07,2,5,5,255,At Risk
CUST006053,475,8,241.41,1,1,1,111,Lost Customers
CUST006054,769,20,2371.77,1,3,3,133,Needs Attention
CUST006055,37,30,3235.48,3,3,3,333,Needs Attention
CUST006056,703,4,607.73,1,1,1,111,Lost Customers
CUST006057,967,2,1057.48,1,1,2,112,Lost Customers
CUST006058,109,11,1904.09,2,2,2,222,Lost Customers
CUST006059,707,22,1384.21,1,3,2,132,Needs Attention
CUST006061,673,6,0.0,1,1,1,111,Lost Customers
CUST006062,20,14,1332.05,4,2,2,422,Potential Loyalists
CUST006063,700,1,0.0,1,1,1,111,Lost Customers
CUST006064,251,4,1360.2,2,1,2,212,Lost Customers
CUST006065,9,31,2442.27,4,4,3,443,Champions
CUST006066,359,10,321.01,1,1,1,111,Lost Customers
CUST006067,139,27,957.7,2,3,2,232,Needs Attention
CUST006068,14,80,10261.72,4,5,5,455,Champions
CUST006069,30,59,19845.309999999998,3,5,5,355,Loyal Customers
CUST006070,301,28,3224.12,1,3,3,133,Needs Attention
CUST006071,683,6,2958.0,1,1,3,113,Lost Customers
CUST006072,4,115,9144.45,5,5,5,555,Champions
CUST006073,25,26,7031.379999999999,3,3,4,334,Needs Attention
CUST006074,51,22,1466.04,3,3,2,332,Needs Attention
CUST006075,144,6,903.26,2,1,2,212,Lost Customers
CUST006076,21,48,4930.29,4,4,4,444,Champions
CUST006077,19,69,4477.46,4,5,4,454,Champions
CUST006078,108,12,0.0,2,2,1,221,Lost Customers
CUST006079,26,52,6089.91,3,5,4,354,Loyal Customers
CUST006080,852,4,0.0,1,1,1,111,Lost Customers
CUST006081,269,21,3427.55,1,3,3,133,Needs Attention
CUST006082,414,5,1013.78,1,1,2,112,Lost Customers
CUST006083,373,16,4843.679999999999,1,2,4,124,Lost Customers
CUST006084,10,68,6126.28,4,5,4,454,Champions
CUST006085,43,19,7857.860000000001,3,2,4,324,Needs Attention
CUST006086,2,30,7514.48,5,3,4,534,Potential Loyalists
CUST006087,12,5,0.0,4,1,1,411,Needs Attention
CUST006088,1,52,6758.46,5,5,4,554,Champions
CUST006089,1,32,7536.16,5,4,4,544,Champions
CUST006091,17,70,8451.31,4,5,4,454,Champions
CUST006092,2,70,22596.0,5,5,5,555,Champions
CUST006093,18,16,500.86,4,2,1,421,Potential Loyalists
CUST006094,12,34,4587.5199999999995,4,4,4,444,Champions
CUST006095,44,35,9751.05,3,4,5,345,Loyal Customers
CUST006096,34,46,5505.75,3,4,4,344,Loyal Customers
CUST006097,301,5,0.0,1,1,1,111,Lost Customers
CUST006098,13,88,13672.699999999999,4,5,5,455,Champions
CUST006099,15,12,238.59,4,2,1,421,Potential Loyalists
CUST006100,22,25,3538.94,4,3,3,433,Potential Loyalists
CUST006101,2,194,24688.09,5,5,5,555,Champions
CUST006102,127,31,7919.97,2,4,4,244,At Risk
CUST006103,37,19,1794.3000000000002,3,2,2,322,Needs Attention
CUST006104,155,2,0.0,2,1,1,211,Lost Customers
CUST006105,4,110,22598.62,5,5,5,555,Champions
CUST006106,81,12,7353.91,2,2,4,224,Lost Customers
CUST006107,85,10,1066.26,2,1,2,212,Lost Customers
CUST006108,11,27,5415.1,4,3,4,434,Potential Loyalists
CUST006110,851,5,125.33,1,1,1,111,Lost Customers
CUST006111,544,5,290.29,1,1,1,111,Lost Customers
CUST006112,10,34,801.87,4,4,2,442,Champions
CUST006113,1,16,0.0,5,2,1,521,Potential Loyalists
CUST006114,7,55,5786.27,5,5,4,554,Champions
CUST006115,21,30,3949.37,4,3,3,433,Potential Loyalists
CUST006116,2,72,6058.9800000000005,5,5,4,554,Champions
CUST006117,13,63,8093.39,4,5,4,454,Champions
CUST006118,51,53,7251.259999999999,3,5,4,354,Loyal Customers
CUST006120,3,42,5172.34,5,4,4,544,Champions
CUST006121,29,19,4694.08,3,2,4,324,Needs Attention
CUST006122,36,7,0.0,3,1,1,311,Needs Attention
CUST006123,615,13,1025.91,1,2,2,122,Lost Customers
CUST006124,44,27,6259.21,3,3,4,334,Needs Attention
CUST006125,12,61,31358.49,4,5,5,455,Champions
CUST006126,29,25,4567.88,3,3,4,334,Needs Attention
CUST006127,124,10,3533.49,2,1,3,213,Lost Customers
CUST006128,22,20,793.46,4,3,2,432,Potential Loyalists
CUST006129,14,38,4658.99,4,4,4,444,Champions
CUST006130,1,32,2467.02,5,4,3,543,Champions
CUST006131,9,64,6326.43,4,5,4,454,Champions
CUST006132,7,85,7462.080000000001,5,5,4,554,Champions
CUST006133,24,12,3279.46,3,2,3,323,Needs Attention
CUST006134,3,14,2103.08,5,2,2,522,Potential Loyalists
CUST006135,23,8,1003.53,3,1,2,312,Needs Attention
CUST006136,2,62,4513.28,5,5,4,554,Champions
CUST006137,5,88,14333.88,5,5,5,555,Champions
CUST006138,72,26,5954.17,2,3,4,234,Needs Attention
CUST006139,67,24,1149.8400000000001,2,3,2,232,Needs Attention
CUST006141,460,24,6849.46,1,3,4,134,Needs Attention
CUST006142,69,37,7680.139999999999,2,4,4,244,At Risk
CUST006143,118,13,8688.04,2,2,5,225,Lost Customers
CUST006144,15,48,7874.139999999999,4,4,4,444,Champions
CUST006145,41,13,373.5,3,2,1,321,Needs Attention
CUST006146,67,10,1161.33,2,1,2,212,Lost Customers
CUST006147,21,26,5885.48,4,3,4,434,Potential Loyalists
CUST006148,3,18,6361.83,5,2,4,524,Potential Loyalists
CUST006149,68,20,11197.670000000002,2,3,5,235,Needs Attention
CUST006151,3,46,7319.5199999999995,5,4,4,544,Champions
CUST006152,631,7,133.81,1,1,1,111,Lost Customers
CUST006154,6,60,4051.9,5,5,3,553,Champions
CUST006155,1,23,1835.08,5,3,2,532,Potential Loyalists
CUST006156,525,25,9123.11,1,3,5,135,Needs Attention
CUST006157,195,24,2575.28,2,3,3,233,Needs Attention
CUST006158,12,29,2268.6,4,3,3,433,Potential Loyalists
CUST006159,21,22,2085.03,4,3,2,432,Potential Loyalists
CUST006160,7,71,8973.029999999999,5,5,5,555,Champions
CUST006162,2,55,9789.36,5,5,5,555,Champions
CUST006163,2,54,7789.5,5,5,4,554,Champions
CUST006164,46,39,9904.87,3,4,5,345,Loyal Customers
CUST006165,7,249,57439.6,5,5,5,555,Champions
CUST006166,16,20,2605.5899999999997,4,3,3,433,Potential Loyalists
CUST006167,23,60,5084.02,3,5,4,354,Loyal Customers
CUST006168,84,18,5537.07,2,2,4,224,Lost Customers
CUST006169,20,73,9560.400000000001,4,5,5,455,Champions
CUST006170,14,25,3422.0299999999997,4,3,3,433,Potential Loyalists
CUST006171,26,26,1162.79,3,3,2,332,Needs Attention
CUST006172,11,103,13048.0,4,5,5,455,Champions
CUST006173,59,12,0.0,2,2,1,221,Lost Customers
CUST006174,9,8,2982.88,4,1,3,413,Needs Attention
CUST006175,3,19,1495.6799999999998,5,2,2,522,Potential Loyalists
CUST006176,1,41,1628.69,5,4,2,542,Champions
CUST006177,5,74,10324.47,5,5,5,555,Champions
CUST006178,36,35,3319.68,3,4,3,343,Loyal Customers
CUST006179,8,86,4371.36,5,5,3,553,Champions
CUST006180,110,9,446.28999999999996,2,1,1,211,Lost Customers
CUST006181,1,13,1706.85,5,2,2,522,Potential Loyalists
CUST006182,9,11,169.72,4,2,1,421,Potential Loyalists
CUST006183,32,24,1924.92,3,3,2,332,Needs Attention
CUST006184,654,8,1195.92,1,1,2,112,Lost Customers
CUST006185,5,50,3920.11,5,4,3,543,Champions
CUST006186,3,23,601.01,5,3,1,531,Potential Loyalists
CUST006187,38,38,11659.36,3,4,5,345,Loyal Customers
CUST006188,805,5,981.35,1,1,2,112,Lost Customers
CUST006189,37,21,7508.82,3,3,4,334,Needs Attention
CUST006190,20,31,2260.08,4,4,3,443,Champions
CUST006191,112,23,4525.7699999999995,2,3,4,234,Needs Attention
CUST006192,83,30,5688.33,2,3,4,234,Needs Attention
CUST006193,12,29,9744.02,4,3,5,435,Potential Loyalists
CUST006194,71,33,6156.06,2,4,4,244,At Risk
CUST006195,21,11,0.0,4,2,1,421,Potential Loyalists
CUST006196,8,118,13400.08,5,5,5,555,Champions
CUST006197,25,13,581.25,3,2,1,321,Needs Attention
CUST006198,45,24,1351.26,3,3,2,332,Needs Attention
CUST006199,1,310,40327.07,5,5,5,555,Champions
CUST006200,869,1,0.0,1,1,1,111,Lost Customers
CUST006201,24,8,0.0,3,1,1,311,Needs Attention
CUST006202,3,48,2742.12,5,4,3,543,Champions
CUST006203,253,8,1801.74,2,1,2,212,Lost Customers
CUST006204,22,28,26088.57,4,3,5,435,Potential Loyalists
CUST006205,2,152,24807.260000000002,5,5,5,555,Champions
CUST006206,279,6,374.22,1,1,1,111,Lost Customers
CUST006207,76,7,4103.05,2,1,3,213,Lost Customers
CUST006208,329,6,2430.8999999999996,1,1,3,113,Lost Customers
CUST006209,2,77,21622.63,5,5,5,555,Champions
CUST006210,2,77,8509.38,5,5,4,554,Champions
CUST006211,96,13,1480.5100000000002,2,2,2,222,Lost Customers
CUST006212,58,46,7689.6900000000005,2,4,4,244,At Risk
CUST006213,6,90,11583.0,5,5,5,555,Champions
CUST006214,7,160,26379.08,5,5,5,555,Champions
CUST006215,35,34,3020.17,3,4,3,343,Loyal Customers
CUST006217,282,8,362.5,1,1,1,111,Lost Customers
CUST006218,11,30,6289.879999999999,4,3,4,434,Potential Loyalists
CUST006219,338,14,4800.56,1,2,4,124,Lost Customers
CUST006220,2,26,2871.6600000000003,5,3,3,533,Potential Loyalists
CUST006221,4,56,5866.48,5,5,4,554,Champions
CUST006222,435,30,8470.12,1,3,4,134,Needs Attention
CUST006223,102,23,248.79,2,3,1,231,Needs Attention
CUST006224,760,29,4180.84,1,3,3,133,Needs Attention
CUST006225,58,47,12138.89,2,4,5,245,At Risk
CUST006226,32,29,4715.12,3,3,4,334,Needs Attention
CUST006227,12,71,8993.16,4,5,5,455,Champions
CUST006228,13,38,149.7,4,4,1,441,Champions
CUST006229,19,178,23939.27,4,5,5,455,Champions
CUST006230,22,9,309.13,4,1,1,411,Needs Attention
CUST006231,187,22,11215.86,2,3,5,235,Needs Attention
CUST006232,16,30,3035.21,4,3,3,433,Potential Loyalists
CUST006233,15,39,13031.7,4,4,5,445,Champions
CUST006234,8,65,11564.51,5,5,5,555,Champions
CUST006235,671,8,893.69,1,1,2,112,Lost Customers
CUST006236,19,5,0.0,4,1,1,411,Needs Attention
CUST006237,2,59,8680.2,5,5,5,555,Champions
CUST006238,563,24,2795.82,1,3,3,133,Needs Attention
CUST006239,44,5,0.0,3,1,1,311,Needs Attention
CUST006240,5,29,3452.38,5,3,3,533,Potential Loyalists
CUST006242,46,24,8507.39,3,3,4,334,Needs Attention
CUST006243,81,8,183.82,2,1,1,211,Lost Customers
CUST006244,7,87,12751.02,5,5,5,555,Champions
CUST006245,25,24,9404.12,3,3,5,335,Needs Attention
CUST006246,205,6,0.0,2,1,1,211,Lost Customers
CUST006247,356,16,1352.85,1,2,2,122,Lost Customers
CUST006249,622,20,479.28,1,3,1,131,Needs Attention
CUST006251,319,13,0.0,1,2,1,121,Lost Customers
CUST006252,18,48,8342.529999999999,4,4,4,444,Champions
CUST006253,11,33,1481.6399999999999,4,4,2,442,Champions
CUST006254,2,79,4623.77,5,5,4,554,Champions
CUST006255,16,34,4417.72,4,4,4,444,Champions
CUST006256,22,51,2873.1000000000004,4,4,3,443,Champions
CUST006257,14,24,8783.089999999998,4,3,5,435,Potential Loyalists
CUST006258,120,26,3816.88,2,3,3,233,Needs Attention
CUST006259,273,26,3119.56,1,3,3,133,Needs Attention
CUST006260,1,35,4033.4,5,4,3,543,Champions
CUST006261,26,6,0.0,3,1,1,311,Needs Attention
CUST006262,676,9,730.69,1,1,2,112,Lost Customers
CUST006263,855,8,1457.97,1,1,2,112,Lost Customers
CUST006264,42,17,2823.06,3,2,3,323,Needs Attention
CUST006265,96,17,3279.77,2,2,3,223,Lost Customers
CUST006266,13,83,6133.35,4,5,4,454,Champions
CUST006267,17,40,5052.68,4,4,4,444,Champions
CUST006268,18,17,2447.08,4,2,3,423,Potential Loyalists
CUST006269,103,20,3438.76,2,3,3,233,Needs Attention
CUST006271,17,71,3609.76,4,5,3,453,Champions
CUST006272,864,5,532.48,1,1,1,111,Lost Customers
CUST006273,75,16,4612.26,2,2,4,224,Lost Customers
CUST006274,20,34,8519.369999999999,4,4,5,445,Champions
CUST006275,27,16,1925.78,3,2,2,322,Needs Attention
CUST006276,34,113,14289.800000000001,3,5,5,355,Loyal Customers
CUST006277,22,83,14562.59,4,5,5,455,Champions
CUST006278,33,13,0.0,3,2,1,321,Needs Attention
CUST006279,42,10,603.9,3,1,1,311,Needs Attention
CUST006280,361,3,0.0,1,1,1,111,Lost Customers
CUST006281,8,10,1009.53,5,1,2,512,Needs Attention
CUST006282,40,7,179.68,3,1,1,311,Needs Attention
CUST006283,23,29,7774.31,3,3,4,334,Needs Attention
CUST006284,621,6,2024.1,1,1,2,112,Lost Customers
CUST006286,415,17,2752.06,1,2,3,123,Lost Customers
CUST006287,32,36,1070.43,3,4,2,342,Loyal Customers
CUST006288,5,63,4254.15,5,5,3,553,Champions
CUST006289,125,11,6826.05,2,2,4,224,Lost Customers
CUST006290,45,24,3819.81,3,3,3,333,Needs Attention
CUST006291,313,4,0.0,1,1,1,111,Lost Customers
CUST006292,1,39,7170.47,5,4,4,544,Champions
CUST006293,670,12,3138.53,1,2,3,123,Lost Customers
CUST006294,9,15,503.74,4,2,1,421,Potential Loyalists
CUST006295,27,13,597.5,3,2,1,321,Needs Attention
CUST006296,456,13,4154.21,1,2,3,123,Lost Customers
CUST006297,495,5,0.0,1,1,1,111,Lost Customers
CUST006298,32,39,3091.08,3,4,3,343,Loyal Customers
CUST006299,95,29,3950.47,2,3,3,233,Needs Attention
CUST006300,548,17,1974.19,1,2,2,122,Lost Customers
CUST006301,83,10,858.85,2,1,2,212,Lost Customers
CUST006302,521,10,1462.76,1,1,2,112,Lost Customers
CUST006303,354,6,215.4,1,1,1,111,Lost Customers
CUST006304,47,18,1724.47,3,2,2,322,Needs Attention
CUST006305,525,5,0.0,1,1,1,111,Lost Customers
CUST006306,33,53,4958.82,3,5,4,354,Loyal Customers
CUST006308,26,31,1508.75,3,4,2,342,Loyal Customers
CUST006309,451,12,1697.72,1,2,2,122,Lost Customers
CUST006310,14,6,214.38,4,1,1,411,Needs Attention
CUST006311,6,24,1922.67,5,3,2,532,Potential Loyalists
CUST006312,40,41,2683.11,3,4,3,343,Loyal Customers
CUST006313,327,12,2326.24,1,2,3,123,Lost Customers
CUST006314,3,41,3927.34,5,4,3,543,Champions
CUST006315,80,20,1317.1999999999998,2,3,2,232,Needs Attention
CUST006316,14,14,2240.45,4,2,3,423,Potential Loyalists
CUST006317,139,39,1796.25,2,4,2,242,At Risk
CUST006318,8,10,0.0,5,1,1,511,Needs Attention
CUST006319,75,22,1510.1,2,3,2,232,Needs Attention
CUST006320,55,14,317.56,3,2,1,321,Needs Attention
CUST006321,462,22,1389.7400000000002,1,3,2,132,Needs Attention
CUST006322,256,6,2808.24,2,1,3,213,Lost Customers
CUST006323,55,7,120.91,3,1,1,311,Needs Attention
CUST006324,12,50,17503.47,4,4,5,445,Champions
CUST006326,519,6,418.0,1,1,1,111,Lost Customers
CUST006327,104,17,720.0,2,2,2,222,Lost Customers
CUST006328,2,41,6874.780000000001,5,4,4,544,Champions
CUST006329,8,59,4676.17,5,5,4,554,Champions
CUST006330,127,6,0.0,2,1,1,211,Lost Customers
CUST006331,1,17,2595.04,5,2,3,523,Potential Loyalists
CUST006332,45,30,1284.64,3,3,2,332,Needs Attention
CUST006333,3,50,2149.84,5,4,2,542,Champions
CUST006334,192,119,12337.09,2,5,5,255,At Risk
CUST006335,6,30,2778.95,5,3,3,533,Potential Loyalists
CUST006336,83,7,400.2,2,1,1,211,Lost Customers
CUST006337,195,35,1775.23,2,4,2,242,At Risk
CUST006338,764,9,1491.9,1,1,2,112,Lost Customers
CUST006339,343,13,860.02,1,2,2,122,Lost Customers
CUST006340,793,3,1098.54,1,1,2,112,Lost Customers
CUST006341,13,52,8260.85,4,5,4,454,Champions
CUST006342,148,33,15450.5,2,4,5,245,At Risk
CUST006343,254,12,3487.9399999999996,2,2,3,223,Lost Customers
CUST006344,4,46,3743.09,5,4,3,543,Champions
CUST006345,269,64,9875.54,1,5,5,155,At Risk
CUST006346,317,50,2972.16,1,4,3,143,At Risk
CUST006347,189,18,2580.92,2,2,3,223,Lost Customers
CUST006348,125,22,1941.52,2,3,2,232,Needs Attention
CUST006349,11,75,6649.0199999999995,4,5,4,454,Champions
CUST006350,103,14,2348.77,2,2,3,223,Lost Customers
CUST006351,741,8,18894.21,1,1,5,115,Lost Customers
CUST006352,48,6,697.23,3,1,2,312,Needs Attention
CUST006353,23,54,4972.26,3,5,4,354,Loyal Customers
CUST006354,46,27,2688.81,3,3,3,333,Needs Attention
CUST006355,369,38,3761.13,1,4,3,143,At Risk
CUST006356,15,60,4818.59,4,5,4,454,Champions
CUST006357,939,4,727.11,1,1,2,112,Lost Customers
CUST006358,2,110,15513.140000000001,5,5,5,555,Champions
CUST006359,6,109,19734.73,5,5,5,555,Champions
CUST006360,14,72,11274.33,4,5,5,455,Champions
CUST006361,493,7,1007.27,1,1,2,112,Lost Customers
CUST006362,45,15,5917.87,3,2,4,324,Needs Attention
CUST006363,22,41,12102.880000000001,4,4,5,445,Champions
CUST006364,7,15,242.2,5,2,1,521,Potential Loyalists
CUST006365,4,130,21284.829999999998,5,5,5,555,Champions
CUST006366,24,30,4578.96,3,3,4,334,Needs Attention
CUST006367,182,1,0.0,2,1,1,211,Lost Customers
CUST006368,7,31,4266.31,5,4,3,543,Champions
CUST006369,499,10,1066.26,1,1,2,112,Lost Customers
CUST006370,16,36,4229.17,4,4,3,443,Champions
CUST006371,70,13,2956.51,2,2,3,223,Lost Customers
CUST006372,11,53,2279.62,4,5,3,453,Champions
CUST006373,12,86,10145.43,4,5,5,455,Champions
CUST006374,2,48,5445.51,5,4,4,544,Champions
CUST006375,804,1,0.0,1,1,1,111,Lost Customers
CUST006376,1,37,8806.99,5,4,5,545,Champions
CUST006377,72,31,4347.26,2,4,3,243,At Risk
CUST006378,41,25,5661.860000000001,3,3,4,334,Needs Attention
CUST006379,30,51,3495.46,3,4,3,343,Loyal Customers
CUST006380,378,17,3883.7300000000005,1,2,3,123,Lost Customers
CUST006381,201,61,4816.0,2,5,4,254,At Risk
CUST006382,879,8,1036.37,1,1,2,112,Lost Customers
CUST006383,188,15,1139.8600000000001,2,2,2,222,Lost Customers
CUST006384,677,13,786.0,1,2,2,122,Lost Customers
CUST006385,8,11,1024.46,5,2,2,522,Potential Loyalists
CUST006386,2,36,6699.59,5,4,4,544,Champions
CUST006387,34,33,7843.98,3,4,4,344,Loyal Customers
CUST006388,2,9,209.2,5,1,1,511,Needs Attention
CUST006389,3,32,211.88,5,4,1,541,Champions
CUST006390,287,2,622.71,1,1,1,111,Lost Customers
CUST006391,168,6,0.0,2,1,1,211,Lost Customers
CUST006392,1,36,4474.22,5,4,4,544,Champions
CUST006394,31,33,3778.31,3,4,3,343,Loyal Customers
CUST006395,110,6,4918.5,2,1,4,214,Lost Customers
CUST006396,282,11,8015.2,1,2,4,124,Lost Customers
CUST006397,31,29,1227.2,3,3,2,332,Needs Attention
CUST006398,32,38,5812.65,3,4,4,344,Loyal Customers
CUST006399,9,22,2217.44,4,3,3,433,Potential Loyalists
CUST006400,362,47,6641.62,1,4,4,144,At Risk
CUST006401,3,48,20805.620000000003,5,4,5,545,Champions
CUST006402,65,29,9416.59,2,3,5,235,Needs Attention
CUST006403,22,33,4693.5,4,4,4,444,Champions
CUST006404,50,11,126.66,3,2,1,321,Needs Attention
CUST006405,811,7,5032.96,1,1,4,114,Lost Customers
CUST006406,15,86,6611.29,4,5,4,454,Champions
CUST006407,9,55,11385.04,4,5,5,455,Champions
CUST006408,638,37,3442.0099999999998,1,4,3,143,At Risk
CUST006409,663,6,0.0,1,1,1,111,Lost Customers
CUST006410,4,68,5139.46,5,5,4,554,Champions
CUST006411,1,29,493.49,5,3,1,531,Potential Loyalists
CUST006412,4,113,16210.62,5,5,5,555,Champions
CUST006413,39,37,10728.76,3,4,5,345,Loyal Customers
CUST006414,273,30,8959.13,1,3,5,135,Needs Attention
CUST006415,848,17,2233.2200000000003,1,2,3,123,Lost Customers
CUST006416,231,28,2614.73,2,3,3,233,Needs Attention
CUST006417,2,27,8273.31,5,3,4,534,Potential Loyalists
CUST006418,449,32,4916.21,1,4,4,144,At Risk
CUST006419,37,29,1886.16,3,3,2,332,Needs Attention
CUST006420,114,10,1887.34,2,1,2,212,Lost Customers
CUST006421,11,132,18801.61,4,5,5,455,Champions
CUST006422,116,19,3100.77,2,2,3,223,Lost Customers
CUST006423,24,32,1266.5,3,4,2,342,Loyal Customers
CUST006424,1,60,2846.3900000000003,5,5,3,553,Champions
CUST006425,81,24,7869.01,2,3,4,234,Needs Attention
CUST006426,74,13,1225.28,2,2,2,222,Lost Customers
CUST006428,37,9,217.3,3,1,1,311,Needs Attention
CUST006429,4,26,2140.95,5,3,2,532,Potential Loyalists
CUST006430,25,47,2532.4,3,4,3,343,Loyal Customers
CUST006431,70,21,3384.38,2,3,3,233,Needs Attention
CUST006432,98,11,4019.97,2,2,3,223,Lost Customers
CUST006433,12,91,16238.189999999999,4,5,5,455,Champions
CUST006434,33,46,3460.73,3,4,3,343,Loyal Customers
CUST006435,6,66,5637.65,5,5,4,554,Champions
CUST006436,433,9,0.0,1,1,1,111,Lost Customers
CUST006437,50,18,0.0,3,2,1,321,Needs Attention
CUST006438,14,34,2251.36,4,4,3,443,Champions
CUST006439,337,24,1464.84,1,3,2,132,Needs Attention
CUST006440,27,13,2379.2,3,2,3,323,Needs Attention
CUST006441,15,113,13512.279999999999,4,5,5,455,Champions
CUST006442,155,11,564.61,2,2,1,221,Lost Customers
CUST006443,68,8,0.0,2,1,1,211,Lost Customers
CUST006444,387,51,13451.82,1,4,5,145,At Risk
CUST006445,2,23,2248.27,5,3,3,533,Potential Loyalists
CUST006446,22,19,1560.9199999999998,4,2,2,422,Potential Loyalists
CUST006447,65,7,646.27,2,1,2,212,Lost Customers
CUST006448,519,46,11358.23,1,4,5,145,At Risk
CUST006449,401,7,653.64,1,1,2,112,Lost Customers
CUST006450,9,35,7350.37,4,4,4,444,Champions
CUST006451,3,54,6901.09,5,5,4,554,Champions
CUST006452,511,12,2172.94,1,2,2,122,Lost Customers
CUST006453,24,36,1114.99,3,4,2,342,Loyal Customers
CUST006454,63,6,2541.55,2,1,3,213,Lost Customers
CUST006455,153,15,222.36,2,2,1,221,Lost Customers
CUST006456,2,42,8597.87,5,4,5,545,Champions
CUST006457,6,27,1845.39,5,3,2,532,Potential Loyalists
CUST006459,17,78,10653.51,4,5,5,455,Champions
CUST006460,23,63,7461.77,3,5,4,354,Loyal Customers
CUST006461,105,10,1452.2,2,1,2,212,Lost Customers
CUST006462,12,221,49978.42,4,5,5,455,Champions
CUST006463,5,40,10798.49,5,4,5,545,Champions
CUST006464,286,21,5684.77,1,3,4,134,Needs Attention
CUST006465,401,37,4713.08,1,4,4,144,At Risk
CUST006468,20,23,1502.27,4,3,2,432,Potential Loyalists
CUST006469,3,3,882.11,5,1,2,512,Needs Attention
CUST006470,31,39,2795.76,3,4,3,343,Loyal Customers
CUST006471,131,37,20584.87,2,4,5,245,At Risk
CUST006472,93,22,2262.86,2,3,3,233,Needs Attention
CUST006473,2,27,3399.67,5,3,3,533,Potential Loyalists
CUST006474,56,5,361.87,3,1,1,311,Needs Attention
CUST006475,2,41,4448.18,5,4,4,544,Champions
CUST006476,10,95,9729.33,4,5,5,455,Champions
CUST006477,11,12,2908.92,4,2,3,423,Potential Loyalists
CUST006478,91,33,9790.35,2,4,5,245,At Risk
CUST006479,135,5,0.0,2,1,1,211,Lost Customers
CUST006480,39,23,2246.68,3,3,3,333,Needs Attention
CUST006481,12,26,3042.09,4,3,3,433,Potential Loyalists
CUST006482,553,8,1661.08,1,1,2,112,Lost Customers
CUST006484,40,30,7937.04,3,3,4,334,Needs Attention
CUST006486,18,11,708.22,4,2,2,422,Potential Loyalists
CUST006487,13,26,1611.43,4,3,2,432,Potential Loyalists
CUST006488,92,27,8249.43,2,3,4,234,Needs Attention
CUST006489,119,8,965.04,2,1,2,212,Lost Customers
CUST006490,27,112,11901.02,3,5,5,355,Loyal Customers
CUST006492,58,15,0.0,2,2,1,221,Lost Customers
CUST006493,21,13,3445.67,4,2,3,423,Potential Loyalists
CUST006495,4,63,5288.56,5,5,4,554,Champions
CUST006496,3,19,768.4000000000001,5,2,2,522,Potential Loyalists
CUST006497,442,42,14355.85,1,4,5,145,At Risk
CUST006498,225,34,3630.5299999999997,2,4,3,243,At Risk
CUST006499,45,37,6224.78,3,4,4,344,Loyal Customers
CUST006500,708,3,831.74,1,1,2,112,Lost Customers
CUST006501,27,18,450.18,3,2,1,321,Needs Attention
CUST006502,40,36,7359.65,3,4,4,344,Loyal Customers
CUST006503,52,20,13934.43,3,3,5,335,Needs Attention
CUST006504,1,136,15395.82,5,5,5,555,Champions
CUST006505,42,5,3072.94,3,1,3,313,Needs Attention
CUST006506,242,76,7275.91,2,5,4,254,At Risk
CUST006507,67,21,2185.4399999999996,2,3,3,233,Needs Attention
CUST006508,24,19,540.06,3,2,1,321,Needs Attention
CUST006509,19,43,16418.41,4,4,5,445,Champions
CUST006510,718,6,1326.44,1,1,2,112,Lost Customers
CUST006511,11,42,6651.79,4,4,4,444,Champions
CUST006512,202,4,940.21,2,1,2,212,Lost Customers
CUST006513,18,15,4848.72,4,2,4,424,Potential Loyalists
CUST006514,646,4,0.0,1,1,1,111,Lost Customers
CUST006515,285,5,118.51,1,1,1,111,Lost Customers
CUST006516,87,11,588.52,2,2,1,221,Lost Customers
CUST006517,5,54,3051.61,5,5,3,553,Champions
CUST006518,6,47,7390.64,5,4,4,544,Champions
CUST006519,747,1,0.0,1,1,1,111,Lost Customers
CUST006520,30,9,78.75,3,1,1,311,Needs Attention
CUST006521,18,59,20499.06,4,5,5,455,Champions
CUST006522,16,31,5958.59,4,4,4,444,Champions
CUST006523,407,27,1586.32,1,3,2,132,Needs Attention
CUST006524,44,59,5056.62,3,5,4,354,Loyal Customers
CUST006525,747,2,0.0,1,1,1,111,Lost Customers
CUST006526,36,12,255.94,3,2,1,321,Needs Attention
CUST006527,20,16,7989.400000000001,4,2,4,424,Potential Loyalists
CUST006528,135,11,1769.8600000000001,2,2,2,222,Lost Customers
CUST006529,14,26,2525.51,4,3,3,433,Potential Loyalists
CUST006530,13,28,9394.17,4,3,5,435,Potential Loyalists
CUST006531,29,49,3886.83,3,4,3,343,Loyal Customers
CUST006532,143,24,5328.5199999999995,2,3,4,234,Needs Attention
CUST006533,17,30,3040.55,4,3,3,433,Potential Loyalists
CUST006534,24,34,2003.2399999999998,3,4,2,342,Loyal Customers
CUST006535,223,16,4486.91,2,2,4,224,Lost Customers
CUST006536,69,12,882.1199999999999,2,2,2,222,Lost Customers
CUST006537,692,3,0.0,1,1,1,111,Lost Customers
CUST006538,22,22,4851.51,4,3,4,434,Potential Loyalists
CUST006539,38,45,6493.43,3,4,4,344,Loyal Customers
CUST006540,116,14,781.02,2,2,2,222,Lost Customers
CUST006541,151,18,769.1299999999999,2,2,2,222,Lost Customers
CUST006542,3,51,8382.49,5,4,4,544,Champions
CUST006543,13,43,14909.970000000001,4,4,5,445,Champions
CUST006544,306,5,0.0,1,1,1,111,Lost Customers
CUST006545,22,55,5326.29,4,5,4,454,Champions
CUST006546,24,95,15170.54,3,5,5,355,Loyal Customers
CUST006547,221,11,1582.68,2,2,2,222,Lost Customers
CUST006548,366,8,431.28999999999996,1,1,1,111,Lost Customers
CUST006549,378,44,9541.6,1,4,5,145,At Risk
CUST006550,67,21,4386.71,2,3,3,233,Needs Attention
CUST006551,159,12,5656.56,2,2,4,224,Lost Customers
CUST006552,19,14,353.99,4,2,1,421,Potential Loyalists
CUST006553,15,27,1634.79,4,3,2,432,Potential Loyalists
CUST006554,693,6,0.0,1,1,1,111,Lost Customers
CUST006555,9,19,0.0,4,2,1,421,Potential Loyalists
CUST006556,17,44,4492.76,4,4,4,444,Champions
CUST006557,6,87,26120.379999999997,5,5,5,555,Champions
CUST006558,106,18,7612.06,2,2,4,224,Lost Customers
CUST006559,57,56,8109.91,3,5,4,354,Loyal Customers
CUST006560,584,32,5477.14,1,4,4,144,At Risk
CUST006561,2,93,10358.4,5,5,5,555,Champions
CUST006563,45,8,0.0,3,1,1,311,Needs Attention
CUST006564,38,27,525.36,3,3,1,331,Needs Attention
CUST006565,7,75,11459.55,5,5,5,555,Champions
CUST006566,237,14,3495.7700000000004,2,2,3,223,Lost Customers
CUST006567,4,136,9992.04,5,5,5,555,Champions
CUST006568,17,72,8964.75,4,5,5,455,Champions
CUST006569,828,9,5423.16,1,1,4,114,Lost Customers
CUST006570,2,61,9984.09,5,5,5,555,Champions
CUST006571,329,20,1009.1,1,3,2,132,Needs Attention
CUST006572,279,4,636.4,1,1,2,112,Lost Customers
CUST006573,103,15,213.45,2,2,1,221,Lost Customers
CUST006574,2,96,19826.21,5,5,5,555,Champions
CUST006575,61,14,921.87,2,2,2,222,Lost Customers
CUST006576,178,21,684.65,2,3,2,232,Needs Attention
CUST006577,185,16,3869.3199999999997,2,2,3,223,Lost Customers
CUST006578,6,116,10719.9,5,5,5,555,Champions
CUST006579,319,60,7243.22,1,5,4,154,At Risk
CUST006580,819,2,0.0,1,1,1,111,Lost Customers
CUST006581,191,37,5592.32,2,4,4,244,At Risk
CUST006582,61,20,939.66,2,3,2,232,Needs Attention
CUST006583,124,53,15176.37,2,5,5,255,At Risk
CUST006584,35,51,4645.03,3,4,4,344,Loyal Customers
CUST006585,21,59,10569.44,4,5,5,455,Champions
CUST006586,6,36,9982.57,5,4,5,545,Champions
CUST006588,204,7,5473.18,2,1,4,214,Lost Customers
CUST006589,71,14,0.0,2,2,1,221,Lost Customers
CUST006590,433,13,1996.4299999999998,1,2,2,122,Lost Customers
CUST006591,91,10,118.66,2,1,1,211,Lost Customers
CUST006592,85,11,0.0,2,2,1,221,Lost Customers
CUST006593,100,11,2838.3,2,2,3,223,Lost Customers
CUST006594,47,11,363.98,3,2,1,321,Needs Attention
CUST006595,234,9,1317.44,2,1,2,212,Lost Customers
CUST006596,5,25,20763.43,5,3,5,535,Potential Loyalists
CUST006597,53,18,4008.75,3,2,3,323,Needs Attention
CUST006598,32,33,1463.27,3,4,2,342,Loyal Customers
CUST006599,255,31,4439.32,2,4,4,244,At Risk
CUST006600,64,17,4632.49,2,2,4,224,Lost Customers
CUST006601,859,1,0.0,1,1,1,111,Lost Customers
CUST006602,498,12,5390.969999999999,1,2,4,124,Lost Customers
CUST006603,136,5,2879.87,2,1,3,213,Lost Customers
CUST006604,165,5,67.36,2,1,1,211,Lost Customers
CUST006605,462,12,897.62,1,2,2,122,Lost Customers
CUST006606,36,45,11504.72,3,4,5,345,Loyal Customers
CUST006608,594,6,726.12,1,1,2,112,Lost Customers
CUST006609,26,47,5396.49,3,4,4,344,Loyal Customers
CUST006610,321,22,4441.6,1,3,4,134,Needs Attention
CUST006611,39,28,3488.1,3,3,3,333,Needs Attention
CUST006612,3,107,18789.11,5,5,5,555,Champions
CUST006613,770,3,0.0,1,1,1,111,Lost Customers
CUST006614,80,54,6034.99,2,5,4,254,At Risk
CUST006615,3,152,26862.920000000002,5,5,5,555,Champions
CUST006616,849,1,0.0,1,1,1,111,Lost Customers
CUST006617,2,77,9417.86,5,5,5,555,Champions
CUST006618,76,13,5169.570000000001,2,2,4,224,Lost Customers
CUST006619,42,31,3355.42,3,4,3,343,Loyal Customers
CUST006620,28,46,5692.339999999999,3,4,4,344,Loyal Customers
CUST006621,13,5,1447.77,4,1,2,412,Needs Attention
CUST006622,35,13,710.25,3,2,2,322,Needs Attention
CUST006623,20,7,1870.62,4,1,2,412,Needs Attention
CUST006624,683,7,1319.42,1,1,2,112,Lost Customers
CUST006625,4,55,11205.369999999999,5,5,5,555,Champions
CUST006627,3,56,6611.93,5,5,4,554,Champions
CUST006628,65,23,7665.45,2,3,4,234,Needs Attention
CUST006629,41,80,15441.619999999999,3,5,5,355,Loyal Customers
CUST006631,17,30,3898.28,4,3,3,433,Potential Loyalists
CUST006632,3,16,1676.5500000000002,5,2,2,522,Potential Loyalists
CUST006633,25,48,9979.33,3,4,5,345,Loyal Customers
CUST006634,8,19,4347.88,5,2,3,523,Potential Loyalists
CUST006635,20,39,4560.88,4,4,4,444,Champions
CUST006637,7,14,0.0,5,2,1,521,Potential Loyalists
CUST006638,10,58,2124.43,4,5,2,452,Champions
CUST006639,395,16,981.71,1,2,2,122,Lost Customers
CUST006640,17,16,2386.02,4,2,3,423,Potential Loyalists
CUST006641,1,46,4955.62,5,4,4,544,Champions
CUST006642,528,7,85.78,1,1,1,111,Lost Customers
CUST006643,20,26,69.24,4,3,1,431,Potential Loyalists
CUST006644,3,80,8732.46,5,5,5,555,Champions
CUST006645,6,82,18776.09,5,5,5,555,Champions
CUST006646,2,93,7560.75,5,5,4,554,Champions
CUST006647,53,28,2966.65,3,3,3,333,Needs Attention
CUST006648,37,75,6198.99,3,5,4,354,Loyal Customers
CUST006649,116,13,296.57,2,2,1,221,Lost Customers
CUST006650,436,13,238.92,1,2,1,121,Lost Customers
CUST006651,243,2,65.35,2,1,1,211,Lost Customers
CUST006652,2,132,31014.68,5,5,5,555,Champions
CUST006653,12,10,3006.69,4,1,3,413,Needs Attention
CUST006654,2,30,1591.38,5,3,2,532,Potential Loyalists
CUST006655,65,17,731.66,2,2,2,222,Lost Customers
CUST006656,244,47,4649.5,2,4,4,244,At Risk
CUST006657,372,7,970.1,1,1,2,112,Lost Customers
CUST006658,31,6,260.84,3,1,1,311,Needs Attention
CUST006659,27,36,2167.41,3,4,2,342,Loyal Customers
CUST006660,625,3,0.0,1,1,1,111,Lost Customers
CUST006661,207,11,1992.0,2,2,2,222,Lost Customers
CUST006662,171,8,482.54,2,1,1,211,Lost Customers
CUST006663,22,7,0.0,4,1,1,411,Needs Attention
CUST006664,80,36,4392.05,2,4,3,243,At Risk
CUST006665,153,7,1545.99,2,1,2,212,Lost Customers
CUST006666,82,9,1040.62,2,1,2,212,Lost Customers
CUST006667,633,7,126.48,1,1,1,111,Lost Customers
CUST006668,124,15,0.0,2,2,1,221,Lost Customers
CUST006669,8,124,28226.08,5,5,5,555,Champions
CUST006670,2,138,26664.21,5,5,5,555,Champions
CUST006671,221,5,1543.58,2,1,2,212,Lost Customers
CUST006672,681,18,2370.25,1,2,3,123,Lost Customers
CUST006673,3,40,9426.49,5,4,5,545,Champions
CUST006674,25,20,225.42,3,3,1,331,Needs Attention
CUST006675,174,7,2330.41,2,1,3,213,Lost Customers
CUST006676,10,35,16698.51,4,4,5,445,Champions
CUST006677,16,13,732.46,4,2,2,422,Potential Loyalists
CUST006678,13,23,2652.16,4,3,3,433,Potential Loyalists
CUST006679,26,36,17985.84,3,4,5,345,Loyal Customers
CUST006680,63,15,4220.55,2,2,3,223,Lost Customers
CUST006681,13,9,4095.3,4,1,3,413,Needs Attention
CUST006682,47,24,1673.48,3,3,2,332,Needs Attention
CUST006683,54,36,1373.71,3,4,2,342,Loyal Customers
CUST006684,37,16,1387.06,3,2,2,322,Needs Attention
CUST006685,23,81,4414.18,3,5,4,354,Loyal Customers
CUST006686,70,6,0.0,2,1,1,211,Lost Customers
CUST006687,67,13,200.77,2,2,1,221,Lost Customers
CUST006688,15,23,3075.44,4,3,3,433,Potential Loyalists
CUST006689,508,13,1066.26,1,2,2,122,Lost Customers
CUST006690,199,25,2741.01,2,3,3,233,Needs Attention
CUST006691,8,83,11046.11,5,5,5,555,Champions
CUST006692,36,15,2787.6,3,2,3,323,Needs Attention
CUST006693,8,199,27380.57,5,5,5,555,Champions
CUST006694,16,46,5033.42,4,4,4,444,Champions
CUST006695,21,34,2380.26,4,4,3,443,Champions
CUST006697,5,193,21468.5,5,5,5,555,Champions
CUST006698,28,17,3816.16,3,2,3,323,Needs Attention
CUST006699,174,3,0.0,2,1,1,211,Lost Customers
CUST006700,10,16,1579.2499999999998,4,2,2,422,Potential Loyalists
CUST006701,5,24,2343.09,5,3,3,533,Potential Loyalists
CUST006702,93,9,1073.82,2,1,2,212,Lost Customers
CUST006703,38,33,0.0,3,4,1,341,Loyal Customers
CUST006704,16,93,8985.51,4,5,5,455,Champions
CUST006705,3,31,2639.94,5,4,3,543,Champions
CUST006706,540,11,340.66,1,2,1,121,Lost Customers
CUST006707,184,18,1456.21,2,2,2,222,Lost Customers
CUST006708,18,63,10989.89,4,5,5,455,Champions
CUST006709,90,7,0.0,2,1,1,211,Lost Customers
CUST006710,7,128,27186.06,5,5,5,555,Champions
CUST006711,9,170,28927.78,4,5,5,455,Champions
CUST006712,29,30,904.04,3,3,2,332,Needs Attention
CUST006713,42,26,2733.73,3,3,3,333,Needs Attention
CUST006714,241,67,4033.81,2,5,3,253,At Risk
CUST006715,2,49,5440.16,5,4,4,544,Champions
CUST006716,19,20,691.42,4,3,2,432,Potential Loyalists
CUST006717,42,14,1056.0700000000002,3,2,2,322,Needs Attention
CUST006718,614,2,0.0,1,1,1,111,Lost Customers
CUST006719,12,49,1951.61,4,4,2,442,Champions
CUST006720,9,55,3912.38,4,5,3,453,Champions
CUST006721,25,9,0.0,3,1,1,311,Needs Attention
CUST006722,225,12,368.7,2,2,1,221,Lost Customers
CUST006723,54,4,0.0,3,1,1,311,Needs Attention
CUST006724,215,13,3334.72,2,2,3,223,Lost Customers
CUST006725,13,44,2263.01,4,4,3,443,Champions
CUST006727,28,23,5753.34,3,3,4,334,Needs Attention
CUST006728,179,8,209.0,2,1,1,211,Lost Customers
CUST006729,891,7,2102.21,1,1,2,112,Lost Customers
CUST006730,562,18,569.3,1,2,1,121,Lost Customers
CUST006731,4,18,449.28,5,2,1,521,Potential Loyalists
CUST006732,482,15,4890.65,1,2,4,124,Lost Customers
CUST006733,43,29,9804.73,3,3,5,335,Needs Attention
CUST006734,155,9,1800.25,2,1,2,212,Lost Customers
CUST006735,43,15,0.0,3,2,1,321,Needs Attention
CUST006736,725,40,4951.89,1,4,4,144,At Risk
CUST006737,28,19,3770.63,3,2,3,323,Needs Attention
CUST006738,75,20,853.94,2,3,2,232,Needs Attention
CUST006739,1,76,4360.83,5,5,3,553,Champions
CUST006740,1,366,59945.96,5,5,5,555,Champions
CUST006741,156,12,3606.2200000000003,2,2,3,223,Lost Customers
CUST006743,40,20,3622.17,3,3,3,333,Needs Attention
CUST006744,61,15,800.01,2,2,2,222,Lost Customers
CUST006745,17,13,1037.74,4,2,2,422,Potential Loyalists
CUST006746,103,11,0.0,2,2,1,221,Lost Customers
CUST006747,36,21,4098.99,3,3,3,333,Needs Attention
CUST006748,33,15,238.56,3,2,1,321,Needs Attention
CUST006749,41,51,10165.99,3,4,5,345,Loyal Customers
CUST006750,4,36,5487.69,5,4,4,544,Champions
CUST006751,11,40,3614.27,4,4,3,443,Champions
CUST006752,113,13,0.0,2,2,1,221,Lost Customers
CUST006753,36,18,2563.3199999999997,3,2,3,323,Needs Attention
CUST006754,35,37,1909.46,3,4,2,342,Loyal Customers
CUST006755,275,9,822.71,1,1,2,112,Lost Customers
CUST006757,172,9,1302.57,2,1,2,212,Lost Customers
CUST006758,484,6,200.77,1,1,1,111,Lost Customers
CUST006759,117,6,356.15999999999997,2,1,1,211,Lost Customers
CUST006760,7,93,12333.63,5,5,5,555,Champions
CUST006761,47,30,4403.33,3,3,3,333,Needs Attention
CUST006762,28,58,6598.65,3,5,4,354,Loyal Customers
CUST006763,517,31,9292.539999999999,1,4,5,145,At Risk
CUST006764,30,13,723.8599999999999,3,2,2,322,Needs Attention
CUST006765,38,12,3794.01,3,2,3,323,Needs Attention
CUST006766,2,177,26731.670000000002,5,5,5,555,Champions
CUST006767,5,147,40262.62,5,5,5,555,Champions
CUST006768,5,26,4377.33,5,3,3,533,Potential Loyalists
CUST006769,95,45,5535.1900000000005,2,4,4,244,At Risk
CUST006770,5,14,5920.14,5,2,4,524,Potential Loyalists
CUST006771,6,49,11686.47,5,4,5,545,Champions
CUST006774,149,14,0.0,2,2,1,221,Lost Customers
CUST006775,71,30,3078.16,2,3,3,233,Needs Attention
CUST006776,35,9,356.35,3,1,1,311,Needs Attention
CUST006777,5,33,8292.6,5,4,4,544,Champions
CUST006778,8,8,367.9,5,1,1,511,Needs Attention
CUST006779,758,4,458.44,1,1,1,111,Lost Customers
CUST006780,2,64,11045.06,5,5,5,555,Champions
CUST006781,33,27,10271.5,3,3,5,335,Needs Attention
CUST006782,31,27,2726.5299999999997,3,3,3,333,Needs Attention
CUST006783,820,4,522.72,1,1,1,111,Lost Customers
CUST006784,343,26,5092.25,1,3,4,134,Needs Attention
CUST006785,884,8,2018.5700000000002,1,1,2,112,Lost Customers
CUST006786,310,9,3617.73,1,1,3,113,Lost Customers
CUST006787,20,12,526.17,4,2,1,421,Potential Loyalists
CUST006788,113,14,7240.610000000001,2,2,4,224,Lost Customers
CUST006789,58,26,11497.45,2,3,5,235,Needs Attention
CUST006790,758,1,0.0,1,1,1,111,Lost Customers
CUST006791,77,78,13689.38,2,5,5,255,At Risk
CUST006792,106,41,9476.210000000001,2,4,5,245,At Risk
CUST006793,168,9,2179.61,2,1,2,212,Lost Customers
CUST006794,11,108,15420.17,4,5,5,455,Champions
CUST006795,168,6,0.0,2,1,1,211,Lost Customers
CUST006796,6,74,1890.1399999999999,5,5,2,552,Champions
CUST006797,567,4,0.0,1,1,1,111,Lost Customers
CUST006798,6,56,4354.0199999999995,5,5,3,553,Champions
CUST006799,546,3,1178.06,1,1,2,112,Lost Customers
CUST006800,528,41,3011.42,1,4,3,143,At Risk
CUST006802,16,21,6765.849999999999,4,3,4,434,Potential Loyalists
CUST006803,37,13,8902.97,3,2,5,325,Needs Attention
CUST006804,63,6,628.04,2,1,2,212,Lost Customers
CUST006805,2,36,805.3000000000001,5,4,2,542,Champions
CUST006806,8,141,25282.170000000002,5,5,5,555,Champions
CUST006807,1,246,41399.26,5,5,5,555,Champions
CUST006808,29,40,3190.57,3,4,3,343,Loyal Customers
CUST006809,585,10,550.39,1,1,1,111,Lost Customers
CUST006810,3,24,2746.37,5,3,3,533,Potential Loyalists
CUST006811,449,22,2155.82,1,3,2,132,Needs Attention
CUST006812,122,27,10322.4,2,3,5,235,Needs Attention
CUST006813,5,34,4991.349999999999,5,4,4,544,Champions
CUST006814,2,35,14875.26,5,4,5,545,Champions
CUST006815,415,13,1556.31,1,2,2,122,Lost Customers
CUST006816,24,18,218.52,3,2,1,321,Needs Attention
CUST006817,139,34,2520.14,2,4,3,243,At Risk
CUST006818,884,6,843.57,1,1,2,112,Lost Customers
CUST006819,117,11,960.61,2,2,2,222,Lost Customers
CUST006820,234,24,6715.700000000001,2,3,4,234,Needs Attention
CUST006821,2,125,13037.6,5,5,5,555,Champions
CUST006822,217,52,9755.67,2,5,5,255,At Risk
CUST006823,3,70,11258.34,5,5,5,555,Champions
CUST006824,574,14,3034.9700000000003,1,2,3,123,Lost Customers
CUST006825,9,33,9873.34,4,4,5,445,Champions
CUST006826,3,66,13270.34,5,5,5,555,Champions
CUST006827,15,99,18186.43,4,5,5,455,Champions
CUST006828,11,8,361.88,4,1,1,411,Needs Attention
CUST006829,83,15,5991.530000000001,2,2,4,224,Lost Customers
CUST006830,47,99,12003.66,3,5,5,355,Loyal Customers
CUST006831,8,30,4576.2,5,3,4,534,Potential Loyalists
CUST006832,105,15,1242.32,2,2,2,222,Lost Customers
CUST006833,207,8,227.13,2,1,1,211,Lost Customers
CUST006834,31,14,1500.69,3,2,2,322,Needs Attention
CUST006835,628,4,0.0,1,1,1,111,Lost Customers
CUST006836,1,157,19899.71,5,5,5,555,Champions
CUST006838,640,1,0.0,1,1,1,111,Lost Customers
CUST006839,20,49,2458.5699999999997,4,4,3,443,Champions
CUST006840,9,49,8151.76,4,4,4,444,Champions
CUST006842,5,69,7767.2,5,5,4,554,Champions
CUST006843,46,10,3916.9900000000002,3,1,3,313,Needs Attention
CUST006844,2,18,0.0,5,2,1,521,Potential Loyalists
CUST006845,35,50,8695.65,3,4,5,345,Loyal Customers
CUST006846,36,15,1338.01,3,2,2,322,Needs Attention
CUST006847,560,8,5022.91,1,1,4,114,Lost Customers
CUST006848,2,45,4154.43,5,4,3,543,Champions
CUST006849,3,46,10599.5,5,4,5,545,Champions
CUST006850,393,4,3000.02,1,1,3,113,Lost Customers
CUST006851,27,49,4545.48,3,4,4,344,Loyal Customers
CUST006852,54,20,2458.23,3,3,3,333,Needs Attention
CUST006853,11,65,19006.75,4,5,5,455,Champions
CUST006854,20,53,8425.39,4,5,4,454,Champions
CUST006855,7,89,18991.53,5,5,5,555,Champions
CUST006856,8,67,5872.639999999999,5,5,4,554,Champions
CUST006857,351,52,4114.68,1,5,3,153,At Risk
CUST006858,12,94,17089.48,4,5,5,455,Champions
CUST006859,30,41,5992.54,3,4,4,344,Loyal Customers
CUST006860,10,30,2955.05,4,3,3,433,Potential Loyalists
CUST006861,7,45,9520.69,5,4,5,545,Champions
CUST006862,8,61,10301.09,5,5,5,555,Champions
CUST006863,23,30,6373.0199999999995,3,3,4,334,Needs Attention
CUST006864,108,28,8999.41,2,3,5,235,Needs Attention
CUST006865,5,33,4246.07,5,4,3,543,Champions
CUST006866,10,25,447.02,4,3,1,431,Potential Loyalists
CUST006867,2,78,8381.8,5,5,4,554,Champions
CUST006868,21,48,2937.21,4,4,3,443,Champions
CUST006869,467,58,13350.84,1,5,5,155,At Risk
CUST006870,2,10,0.0,5,1,1,511,Needs Attention
CUST006871,175,8,0.0,2,1,1,211,Lost Customers
CUST006872,599,13,441.98,1,2,1,121,Lost Customers
CUST006873,5,85,10903.99,5,5,5,555,Champions
CUST006874,1,42,2272.94,5,4,3,543,Champions
CUST006875,54,51,5881.37,3,4,4,344,Loyal Customers
CUST006876,217,10,0.0,2,1,1,211,Lost Customers
CUST006877,32,9,927.74,3,1,2,312,Needs Attention
CUST006878,27,24,3808.16,3,3,3,333,Needs Attention
CUST006879,420,9,507.04,1,1,1,111,Lost Customers
CUST006880,40,14,187.76,3,2,1,321,Needs Attention
CUST006881,2,53,4177.51,5,5,3,553,Champions
CUST006882,262,8,2179.43,2,1,2,212,Lost Customers
CUST006884,2,85,10485.94,5,5,5,555,Champions
CUST006885,2,16,3929.03,5,2,3,523,Potential Loyalists
CUST006887,28,7,4006.62,3,1,3,313,Needs Attention
CUST006890,774,14,3664.96,1,2,3,123,Lost Customers
CUST006891,10,67,8457.36,4,5,4,454,Champions
CUST006892,2,7,2192.4900000000002,5,1,3,513,Needs Attention
CUST006893,720,12,674.5699999999999,1,2,2,122,Lost Customers
CUST006894,67,19,3576.7200000000003,2,2,3,223,Lost Customers
CUST006895,30,31,7857.5599999999995,3,4,4,344,Loyal Customers
CUST006896,13,21,622.51,4,3,1,431,Potential Loyalists
CUST006897,706,1,0.0,1,1,1,111,Lost Customers
CUST006898,159,8,1112.98,2,1,2,212,Lost Customers
CUST006899,10,53,15988.02,4,5,5,455,Champions
CUST006900,10,33,5186.530000000001,4,4,4,444,Champions
CUST006901,241,55,3241.94,2,5,3,253,At Risk
CUST006902,625,20,90.48,1,3,1,131,Needs Attention
CUST006904,146,4,3015.2599999999998,2,1,3,213,Lost Customers
CUST006905,15,30,5263.41,4,3,4,434,Potential Loyalists
CUST006906,9,34,646.88,4,4,2,442,Champions
CUST006907,2,143,21717.760000000002,5,5,5,555,Champions
CUST006908,2,48,2326.77,5,4,3,543,Champions
CUST006909,14,85,10707.69,4,5,5,455,Champions
CUST006910,15,40,2440.08,4,4,3,443,Champions
CUST006911,9,10,0.0,4,1,1,411,Needs Attention
CUST006912,47,41,9351.46,3,4,5,345,Loyal Customers
CUST006913,543,23,5112.58,1,3,4,134,Needs Attention
CUST006914,318,12,2863.12,1,2,3,123,Lost Customers
CUST006915,165,12,1996.4099999999999,2,2,2,222,Lost Customers
CUST006916,45,20,2522.74,3,3,3,333,Needs Attention
CUST006917,2,103,11144.42,5,5,5,555,Champions
CUST006918,77,6,0.0,2,1,1,211,Lost Customers
CUST006919,217,63,5864.21,2,5,4,254,At Risk
CUST006920,607,11,2716.1,1,2,3,123,Lost Customers
CUST006921,28,12,5505.8099999999995,3,2,4,324,Needs Attention
CUST006922,29,65,10742.22,3,5,5,355,Loyal Customers
CUST006923,363,23,3396.59,1,3,3,133,Needs Attention
CUST006924,510,26,1038.74,1,3,2,132,Needs Attention
CUST006925,3,73,3288.8999999999996,5,5,3,553,Champions
CUST006926,523,76,5614.51,1,5,4,154,At Risk
CUST006927,10,42,9281.43,4,4,5,445,Champions
CUST006928,996,1,0.0,1,1,1,111,Lost Customers
CUST006929,25,31,3935.42,3,4,3,343,Loyal Customers
CUST006930,8,80,11640.7,5,5,5,555,Champions
CUST006931,2,15,4962.65,5,2,4,524,Potential Loyalists
CUST006932,56,21,3179.75,3,3,3,333,Needs Attention
CUST006933,128,30,8009.09,2,3,4,234,Needs Attention
CUST006934,220,7,240.16,2,1,1,211,Lost Customers
CUST006935,2,34,5536.110000000001,5,4,4,544,Champions
CUST006936,308,8,0.0,1,1,1,111,Lost Customers
CUST006937,50,23,5668.88,3,3,4,334,Needs Attention
CUST006938,100,57,12950.57,2,5,5,255,At Risk
CUST006939,222,18,4405.9,2,2,3,223,Lost Customers
CUST006940,5,85,6273.96,5,5,4,554,Champions
CUST006942,678,22,3228.56,1,3,3,133,Needs Attention
CUST006943,7,63,11938.16,5,5,5,555,Champions
CUST006944,26,5,0.0,3,1,1,311,Needs Attention
CUST006946,78,25,3762.94,2,3,3,233,Needs Attention
CUST006947,63,11,2142.2799999999997,2,2,2,222,Lost Customers
CUST006948,45,8,0.0,3,1,1,311,Needs Attention
CUST006949,29,23,10196.64,3,3,5,335,Needs Attention
CUST006950,60,21,1115.31,2,3,2,232,Needs Attention
CUST006951,571,8,237.98,1,1,1,111,Lost Customers
CUST006952,291,17,2309.81,1,2,3,123,Lost Customers
CUST006953,3,52,6711.71,5,5,4,554,Champions
CUST006954,10,27,8359.44,4,3,4,434,Potential Loyalists
CUST006955,1,8,0.0,5,1,1,511,Needs Attention
CUST006956,618,7,723.25,1,1,2,112,Lost Customers
CUST006957,643,2,182.7,1,1,1,111,Lost Customers
CUST006958,4,27,4738.12,5,3,4,534,Potential Loyalists
CUST006960,1,24,3527.4700000000003,5,3,3,533,Potential Loyalists
CUST006961,14,89,13583.32,4,5,5,455,Champions
CUST006962,667,4,0.0,1,1,1,111,Lost Customers
CUST006963,2,50,3134.6,5,4,3,543,Champions
CUST006965,941,16,950.22,1,2,2,122,Lost Customers
CUST006966,67,21,4473.32,2,3,4,234,Needs Attention
CUST006967,105,11,2124.27,2,2,2,222,Lost Customers
CUST006968,878,8,0.0,1,1,1,111,Lost Customers
CUST006969,185,11,377.87,2,2,1,221,Lost Customers
CUST006970,86,17,4216.38,2,2,3,223,Lost Customers
CUST006971,725,2,0.0,1,1,1,111,Lost Customers
CUST006972,36,28,7501.23,3,3,4,334,Needs Attention
CUST006973,6,73,12326.4,5,5,5,555,Champions
CUST006974,178,8,4888.86,2,1,4,214,Lost Customers
CUST006975,45,23,5401.27,3,3,4,334,Needs Attention
CUST006976,31,72,11223.84,3,5,5,355,Loyal Customers
CUST006977,23,35,6660.72,3,4,4,344,Loyal Customers
CUST006978,13,106,19356.34,4,5,5,455,Champions
CUST006979,797,5,0.0,1,1,1,111,Lost Customers
CUST006980,550,4,417.6,1,1,1,111,Lost Customers
CUST006981,33,52,1930.9,3,5,2,352,Loyal Customers
CUST006982,113,26,10968.63,2,3,5,235,Needs Attention
CUST006983,318,15,0.0,1,2,1,121,Lost Customers
CUST006984,51,48,8310.95,3,4,4,344,Loyal Customers
CUST006985,135,16,2374.41,2,2,3,223,Lost Customers
CUST006986,313,12,3359.6,1,2,3,123,Lost Customers
CUST006987,4,21,5944.650000000001,5,3,4,534,Potential Loyalists
CUST006988,2,84,9967.24,5,5,5,555,Champions
CUST006989,232,3,176.66,2,1,1,211,Lost Customers
CUST006991,410,24,2508.95,1,3,3,133,Needs Attention
CUST006992,56,8,403.78,3,1,1,311,Needs Attention
CUST006993,12,30,5034.98,4,3,4,434,Potential Loyalists
CUST006994,12,44,2526.97,4,4,3,443,Champions
CUST006995,10,48,7873.58,4,4,4,444,Champions
CUST006996,273,4,752.16,1,1,2,112,Lost Customers
CUST006997,902,1,0.0,1,1,1,111,Lost Customers
CUST006999,18,57,10664.77,4,5,5,455,Champions
CUST007000,4,64,13612.57,5,5,5,555,Champions
CUST007001,194,8,955.66,2,1,2,212,Lost Customers
CUST007002,22,49,9985.15,4,4,5,445,Champions
CUST007003,50,13,1647.6,3,2,2,322,Needs Attention
CUST007004,478,6,1334.4099999999999,1,1,2,112,Lost Customers
CUST007005,657,29,1198.34,1,3,2,132,Needs Attention
CUST007006,79,12,2202.0,2,2,3,223,Lost Customers
CUST007007,223,14,3561.5200000000004,2,2,3,223,Lost Customers
CUST007008,187,13,634.16,2,2,2,222,Lost Customers
CUST007009,10,26,3087.79,4,3,3,433,Potential Loyalists
CUST007010,473,24,2315.82,1,3,3,133,Needs Attention
CUST007011,240,43,5924.58,2,4,4,244,At Risk
CUST007012,68,6,0.0,2,1,1,211,Lost Customers
CUST007013,287,5,0.0,1,1,1,111,Lost Customers
CUST007014,27,27,260.84,3,3,1,331,Needs Attention
CUST007015,1,111,17821.989999999998,5,5,5,555,Champions
CUST007016,65,29,1025.96,2,3,2,232,Needs Attention
CUST007017,900,9,528.74,1,1,1,111,Lost Customers
CUST007018,398,25,3979.23,1,3,3,133,Needs Attention
CUST007019,482,9,244.85,1,1,1,111,Lost Customers
CUST007020,366,11,1365.07,1,2,2,122,Lost Customers
CUST007021,18,31,2604.75,4,4,3,443,Champions
CUST007022,175,42,2722.04,2,4,3,243,At Risk
CUST007023,13,100,17138.43,4,5,5,455,Champions
CUST007024,12,49,5966.82,4,4,4,444,Champions
CUST007025,883,1,0.0,1,1,1,111,Lost Customers
CUST007026,55,11,242.46,3,2,1,321,Needs Attention
CUST007027,22,24,1814.9199999999998,4,3,2,432,Potential Loyalists
CUST007028,469,9,1140.81,1,1,2,112,Lost Customers
CUST007029,25,36,2087.6,3,4,2,342,Loyal Customers
CUST007030,17,16,3548.64,4,2,3,423,Potential Loyalists
CUST007031,157,46,9097.119999999999,2,4,5,245,At Risk
CUST007032,911,1,410.3,1,1,1,111,Lost Customers
CUST007033,104,30,4821.0,2,3,4,234,Needs Attention
CUST007034,27,31,4464.95,3,4,4,344,Loyal Customers
CUST007035,58,11,3735.02,2,2,3,223,Lost Customers
CUST007036,2,137,13846.220000000001,5,5,5,555,Champions
CUST007037,20,18,4041.31,4,2,3,423,Potential Loyalists
CUST007038,582,4,0.0,1,1,1,111,Lost Customers
CUST007039,450,20,4898.59,1,3,4,134,Needs Attention
CUST007040,417,10,0.0,1,1,1,111,Lost Customers
CUST007041,64,22,4353.05,2,3,3,233,Needs Attention
CUST007042,10,45,7267.37,4,4,4,444,Champions
CUST007043,4,47,7661.16,5,4,4,544,Champions
CUST007044,39,30,5730.34,3,3,4,334,Needs Attention
CUST007045,22,46,5798.5599999999995,4,4,4,444,Champions
CUST007046,10,27,2113.11,4,3,2,432,Potential Loyalists
CUST007047,24,97,11852.63,3,5,5,355,Loyal Customers
CUST007048,742,4,35.0,1,1,1,111,Lost Customers
CUST007049,2,39,7737.86,5,4,4,544,Champions
CUST007050,641,8,0.0,1,1,1,111,Lost Customers
CUST007051,75,40,14144.74,2,4,5,245,At Risk
CUST007052,33,16,10678.23,3,2,5,325,Needs Attention
CUST007053,15,8,0.0,4,1,1,411,Needs Attention
CUST007054,15,38,1281.9499999999998,4,4,2,442,Champions
CUST007055,145,40,11717.97,2,4,5,245,At Risk
CUST007056,44,110,8117.03,3,5,4,354,Loyal Customers
CUST007057,768,4,479.28,1,1,1,111,Lost Customers
CUST007058,950,12,1252.72,1,2,2,122,Lost Customers
CUST007059,7,159,19767.48,5,5,5,555,Champions
CUST007060,252,13,12303.52,2,2,5,225,Lost Customers
CUST007061,35,9,714.08,3,1,2,312,Needs Attention
CUST007062,23,22,2931.8,3,3,3,333,Needs Attention
CUST007063,84,21,4344.17,2,3,3,233,Needs Attention
CUST007064,115,34,5058.63,2,4,4,244,At Risk
CUST007065,102,28,1727.6499999999999,2,3,2,232,Needs Attention
CUST007066,8,136,31058.33,5,5,5,555,Champions
CUST007067,20,17,4718.6,4,2,4,424,Potential Loyalists
CUST007068,52,7,965.04,3,1,2,312,Needs Attention
CUST007069,7,62,16251.720000000001,5,5,5,555,Champions
CUST007070,283,2,0.0,1,1,1,111,Lost Customers
CUST007071,66,24,5779.63,2,3,4,234,Needs Attention
CUST007072,680,128,16546.42,1,5,5,155,At Risk
CUST007073,85,33,412.82000000000005,2,4,1,241,At Risk
CUST007074,91,17,0.0,2,2,1,221,Lost Customers
CUST007075,56,30,9108.64,3,3,5,335,Needs Attention
CUST007076,2,34,12345.76,5,4,5,545,Champions
CUST007077,7,40,3477.63,5,4,3,543,Champions
CUST007078,7,52,12717.86,5,5,5,555,Champions
CUST007080,1,102,13024.64,5,5,5,555,Champions
CUST007081,13,37,7886.46,4,4,4,444,Champions
CUST007082,684,13,2478.39,1,2,3,123,Lost Customers
CUST007084,225,71,15181.869999999999,2,5,5,255,At Risk
CUST007085,676,7,398.24,1,1,1,111,Lost Customers
CUST007086,17,34,2894.88,4,4,3,443,Champions
CUST007088,80,7,0.0,2,1,1,211,Lost Customers
CUST007089,16,56,7488.860000000001,4,5,4,454,Champions
CUST007091,23,9,0.0,3,1,1,311,Needs Attention
CUST007093,10,24,3714.5,4,3,3,433,Potential Loyalists
CUST007094,326,16,404.89,1,2,1,121,Lost Customers
CUST007095,9,28,2898.22,4,3,3,433,Potential Loyalists
CUST007096,14,42,2757.98,4,4,3,443,Champions
CUST007097,880,1,3955.64,1,1,3,113,Lost Customers
CUST007098,839,2,0.0,1,1,1,111,Lost Customers
CUST007099,3,32,4374.12,5,4,3,543,Champions
CUST007101,355,46,19285.99,1,4,5,145,At Risk
CUST007102,469,26,580.37,1,3,1,131,Needs Attention
CUST007103,23,55,9932.140000000001,3,5,5,355,Loyal Customers
CUST007104,11,88,15125.61,4,5,5,455,Champions
CUST007105,49,30,7284.53,3,3,4,334,Needs Attention
CUST007106,5,68,16804.25,5,5,5,555,Champions
CUST007107,150,10,680.47,2,1,2,212,Lost Customers
CUST007108,2,225,22474.48,5,5,5,555,Champions
CUST007109,3,134,11403.3,5,5,5,555,Champions
CUST007110,903,2,0.0,1,1,1,111,Lost Customers
CUST007111,6,31,9351.86,5,4,5,545,Champions
CUST007112,17,84,6081.17,4,5,4,454,Champions
CUST007113,33,19,5269.22,3,3,4,334,Needs Attention
CUST007115,26,64,6445.099999999999,3,5,4,354,Loyal Customers
CUST007116,63,35,3460.2200000000003,2,4,3,243,At Risk
CUST007117,2,30,5480.51,5,3,4,534,Potential Loyalists
CUST007118,54,16,1297.52,3,2,2,322,Needs Attention
CUST007119,4,5,218.23,5,1,1,511,Needs Attention
CUST007120,7,22,2615.77,5,3,3,533,Potential Loyalists
CUST007122,696,8,0.0,1,1,1,111,Lost Customers
CUST007123,16,108,10003.4,4,5,5,455,Champions
CUST007124,22,25,9705.380000000001,4,3,5,435,Potential Loyalists
CUST007125,55,13,1124.32,3,2,2,322,Needs Attention
CUST007126,39,20,2232.2799999999997,3,3,3,333,Needs Attention
CUST007127,83,31,2576.32,2,4,3,243,At Risk
CUST007128,15,57,3982.4100000000003,4,5,3,453,Champions
CUST007129,9,14,1118.3600000000001,4,2,2,422,Potential Loyalists
CUST007130,213,64,10628.95,2,5,5,255,At Risk
CUST007132,26,24,1314.94,3,3,2,332,Needs Attention
CUST007133,32,89,15666.58,3,5,5,355,Loyal Customers
CUST007134,18,14,3490.0,4,2,3,423,Potential Loyalists
CUST007135,775,8,123.47,1,1,1,111,Lost Customers
CUST007136,489,33,4992.5599999999995,1,4,4,144,At Risk
CUST007137,261,64,17088.600000000002,2,5,5,255,At Risk
CUST007138,10,29,1596.4,4,3,2,432,Potential Loyalists
CUST007139,5,3,0.0,5,1,1,511,Needs Attention
CUST007140,55,17,871.01,3,2,2,322,Needs Attention
CUST007141,140,7,1085.9099999999999,2,1,2,212,Lost Customers
CUST007142,65,14,3143.72,2,2,3,223,Lost Customers
CUST007143,2,20,7117.54,5,3,4,534,Potential Loyalists
CUST007144,17,19,412.5,4,3,1,431,Potential Loyalists
CUST007145,371,6,276.03,1,1,1,111,Lost Customers
CUST007146,201,6,83.84,2,1,1,211,Lost Customers
CUST007147,181,9,1034.1100000000001,2,1,2,212,Lost Customers
CUST007148,39,63,11746.77,3,5,5,355,Loyal Customers
CUST007149,16,19,4837.5,4,3,4,434,Potential Loyalists
CUST007150,2,23,1484.48,5,3,2,532,Potential Loyalists
CUST007151,45,32,5613.58,3,4,4,344,Loyal Customers
CUST007152,865,3,0.0,1,1,1,111,Lost Customers
CUST007153,11,28,1332.97,4,3,2,432,Potential Loyalists
CUST007155,10,73,11342.14,4,5,5,455,Champions
CUST007156,226,58,5127.8099999999995,2,5,4,254,At Risk
CUST007157,735,1,0.0,1,1,1,111,Lost Customers
CUST007158,85,8,0.0,2,1,1,211,Lost Customers
CUST007159,26,33,8976.449999999999,3,4,5,345,Loyal Customers
CUST007160,51,13,994.7199999999999,3,2,2,322,Needs Attention
CUST007161,415,10,6229.120000000001,1,1,4,114,Lost Customers
CUST007162,220,5,0.0,2,1,1,211,Lost Customers
CUST007163,88,11,1299.36,2,2,2,222,Lost Customers
CUST007166,6,66,12552.390000000001,5,5,5,555,Champions
CUST007167,24,37,2092.28,3,4,2,342,Loyal Customers
CUST007168,129,3,0.0,2,1,1,211,Lost Customers
CUST007169,19,66,1985.26,4,5,2,452,Champions
CUST007170,26,29,2001.97,3,3,2,332,Needs Attention
CUST007171,695,11,284.03,1,2,1,121,Lost Customers
CUST007172,605,8,1218.34,1,1,2,112,Lost Customers
CUST007173,542,14,808.34,1,2,2,122,Lost Customers
CUST007174,4,58,9215.82,5,5,5,555,Champions
CUST007175,6,78,10203.77,5,5,5,555,Champions
CUST007176,28,36,8699.64,3,4,5,345,Loyal Customers
CUST007177,253,8,2958.3900000000003,2,1,3,213,Lost Customers
CUST007178,125,13,866.7,2,2,2,222,Lost Customers
CUST007179,820,16,2494.62,1,2,3,123,Lost Customers
CUST007180,10,76,2913.0,4,5,3,453,Champions
CUST007181,870,4,609.84,1,1,1,111,Lost Customers
CUST007182,15,57,7944.86,4,5,4,454,Champions
CUST007183,26,44,1045.74,3,4,2,342,Loyal Customers
CUST007184,1048,3,2902.7799999999997,1,1,3,113,Lost Customers
CUST007185,58,19,5618.36,2,3,4,234,Needs Attention
CUST007186,12,5,445.1,4,1,1,411,Needs Attention
CUST007187,695,2,2155.1,1,1,2,112,Lost Customers
CUST007188,128,81,10131.88,2,5,5,255,At Risk
CUST007189,35,21,4012.4500000000003,3,3,3,333,Needs Attention
CUST007190,4,34,8420.92,5,4,4,544,Champions
CUST007191,1,54,13089.76,5,5,5,555,Champions
CUST007192,158,12,1486.02,2,2,2,222,Lost Customers
CUST007193,83,18,1830.13,2,2,2,222,Lost Customers
CUST007194,108,15,2221.25,2,2,3,223,Lost Customers
CUST007195,207,10,0.0,2,1,1,211,Lost Customers
CUST007196,746,1,0.0,1,1,1,111,Lost Customers
CUST007197,28,13,1066.08,3,2,2,322,Needs Attention
CUST007198,315,67,9534.2,1,5,5,155,At Risk
CUST007199,9,15,0.0,4,2,1,421,Potential Loyalists
CUST007200,23,35,153.36,3,4,1,341,Loyal Customers
CUST007201,31,19,1277.92,3,3,2,332,Needs Attention
CUST007202,14,100,7137.7,4,5,4,454,Champions
CUST007203,867,9,0.0,1,1,1,111,Lost Customers
CUST007204,27,43,6892.19,3,4,4,344,Loyal Customers
CUST007205,11,49,10967.4,4,4,5,445,Champions
CUST007206,39,18,886.81,3,2,2,322,Needs Attention
CUST007207,39,7,4467.63,3,1,4,314,Needs Attention
CUST007208,220,119,33123.2,2,5,5,255,At Risk
CUST007209,24,20,1758.95,3,3,2,332,Needs Attention
CUST007210,59,37,1235.82,2,4,2,242,At Risk
CUST007211,12,65,11586.07,4,5,5,455,Champions
CUST007212,85,18,3072.94,2,2,3,223,Lost Customers
CUST007213,21,65,9949.34,4,5,5,455,Champions
CUST007214,2,44,4007.58,5,4,3,543,Champions
CUST007215,1,141,32513.33,5,5,5,555,Champions
CUST007216,36,26,2286.94,3,3,3,333,Needs Attention
CUST007217,223,11,2143.44,2,2,2,222,Lost Customers
CUST007218,173,27,4786.31,2,3,4,234,Needs Attention
CUST007220,21,32,3846.18,4,4,3,443,Champions
CUST007221,897,7,0.0,1,1,1,111,Lost Customers
CUST007222,119,9,25.42,2,1,1,211,Lost Customers
CUST007223,649,7,406.97,1,1,1,111,Lost Customers
CUST007224,529,80,10365.8,1,5,5,155,At Risk
CUST007225,25,40,3685.31,3,4,3,343,Loyal Customers
CUST007226,133,42,1561.53,2,4,2,242,At Risk
CUST007227,2,43,3372.49,5,4,3,543,Champions
CUST007228,720,9,0.0,1,1,1,111,Lost Customers
CUST007229,8,58,6738.719999999999,5,5,4,554,Champions
CUST007230,6,32,2996.4300000000003,5,4,3,543,Champions
CUST007231,27,18,2621.56,3,2,3,323,Needs Attention
CUST007232,64,11,0.0,2,2,1,221,Lost Customers
CUST007233,1,17,4928.780000000001,5,2,4,524,Potential Loyalists
CUST007234,39,46,7011.19,3,4,4,344,Loyal Customers
CUST007235,585,4,1321.22,1,1,2,112,Lost Customers
CUST007236,1,33,5211.33,5,4,4,544,Champions
CUST007237,22,41,5214.86,4,4,4,444,Champions
CUST007238,16,53,5330.38,4,5,4,454,Champions
CUST007239,6,62,6719.55,5,5,4,554,Champions
CUST007240,10,33,115.49,4,4,1,441,Champions
CUST007242,2,22,3952.95,5,3,3,533,Potential Loyalists
CUST007243,9,29,1470.66,4,3,2,432,Potential Loyalists
CUST007244,94,6,131.21,2,1,1,211,Lost Customers
CUST007245,1,79,5603.8,5,5,4,554,Champions
CUST007246,18,27,3117.47,4,3,3,433,Potential Loyalists
CUST007247,67,37,9477.1,2,4,5,245,At Risk
CUST007248,3,92,13105.44,5,5,5,555,Champions
CUST007249,617,6,168.11,1,1,1,111,Lost Customers
CUST007250,20,51,8328.98,4,4,4,444,Champions
CUST007251,1064,2,0.0,1,1,1,111,Lost Customers
CUST007252,27,25,3567.9,3,3,3,333,Needs Attention
CUST007253,2,9,1018.6299999999999,5,1,2,512,Needs Attention
CUST007254,3,98,5220.76,5,5,4,554,Champions
CUST007255,8,23,2592.93,5,3,3,533,Potential Loyalists
CUST007256,153,40,6531.48,2,4,4,244,At Risk
CUST007258,20,60,8363.54,4,5,4,454,Champions
CUST007259,7,47,6560.75,5,4,4,544,Champions
CUST007260,555,12,1111.1,1,2,2,122,Lost Customers
CUST007261,18,29,815.4000000000001,4,3,2,432,Potential Loyalists
CUST007262,6,50,5139.15,5,4,4,544,Champions
CUST007263,4,206,47664.07,5,5,5,555,Champions
CUST007264,340,7,1237.96,1,1,2,112,Lost Customers
CUST007265,7,60,7089.28,5,5,4,554,Champions
CUST007266,81,15,5584.42,2,2,4,224,Lost Customers
CUST007268,759,3,225.32,1,1,1,111,Lost Customers
CUST007269,69,20,953.9499999999999,2,3,2,232,Needs Attention
CUST007270,20,44,3552.83,4,4,3,443,Champions
CUST007271,36,12,153.91,3,2,1,321,Needs Attention
CUST007272,18,94,13557.54,4,5,5,455,Champions
CUST007273,868,1,240.2,1,1,1,111,Lost Customers
CUST007275,9,26,1086.8600000000001,4,3,2,432,Potential Loyalists
CUST007276,58,13,2484.93,2,2,3,223,Lost Customers
CUST007277,1,40,4258.83,5,4,3,543,Champions
CUST007278,119,11,0.0,2,2,1,221,Lost Customers
CUST007279,190,26,8475.87,2,3,4,234,Needs Attention
CUST007280,202,6,0.0,2,1,1,211,Lost Customers
CUST007282,709,7,1953.12,1,1,2,112,Lost Customers
CUST007283,15,29,36.4,4,3,1,431,Potential Loyalists
CUST007284,1,37,8188.8099999999995,5,4,4,544,Champions
CUST007285,30,18,94.47,3,2,1,321,Needs Attention
CUST007286,10,27,6053.23,4,3,4,434,Potential Loyalists
CUST007287,327,6,979.36,1,1,2,112,Lost Customers
CUST007288,50,57,2426.55,3,5,3,353,Loyal Customers
CUST007289,5,142,13567.72,5,5,5,555,Champions
CUST007290,8,265,43449.08,5,5,5,555,Champions
CUST007291,58,22,1870.8,2,3,2,232,Needs Attention
CUST007292,1,48,14966.44,5,4,5,545,Champions
CUST007293,150,4,227.16,2,1,1,211,Lost Customers
CUST007294,286,73,14866.36,1,5,5,155,At Risk
CUST007295,34,69,3701.07,3,5,3,353,Loyal Customers
CUST007296,1040,1,34.53,1,1,1,111,Lost Customers
CUST007297,482,46,7238.46,1,4,4,144,At Risk
CUST007299,74,25,2730.08,2,3,3,233,Needs Attention
CUST007300,33,50,3523.31,3,4,3,343,Loyal Customers
CUST007301,127,14,5482.73,2,2,4,224,Lost Customers
CUST007302,8,51,3567.63,5,4,3,543,Champions
CUST007303,19,17,2503.1600000000003,4,2,3,423,Potential Loyalists
CUST007304,9,8,773.83,4,1,2,412,Needs Attention
CUST007305,68,13,6426.25,2,2,4,224,Lost Customers
CUST007306,14,84,4725.26,4,5,4,454,Champions
CUST007307,33,8,377.37,3,1,1,311,Needs Attention
CUST007308,18,13,1165.74,4,2,2,422,Potential Loyalists
CUST007309,193,15,12993.97,2,2,5,225,Lost Customers
CUST007310,721,10,135.92,1,1,1,111,Lost Customers
CUST007311,26,9,0.0,3,1,1,311,Needs Attention
CUST007312,586,2,0.0,1,1,1,111,Lost Customers
CUST007313,6,157,34460.57,5,5,5,555,Champions
CUST007315,158,22,2828.48,2,3,3,233,Needs Attention
CUST007316,80,12,1710.8100000000002,2,2,2,222,Lost Customers
CUST007317,41,24,1319.0,3,3,2,332,Needs Attention
CUST007318,5,33,4926.5599999999995,5,4,4,544,Champions
CUST007319,300,36,4733.52,1,4,4,144,At Risk
CUST007320,409,25,8466.51,1,3,4,134,Needs Attention
CUST007321,30,7,0.0,3,1,1,311,Needs Attention
CUST007322,8,80,4994.0599999999995,5,5,4,554,Champions
CUST007324,6,157,24734.28,5,5,5,555,Champions
CUST007325,14,4,68.64,4,1,1,411,Needs Attention
CUST007326,20,38,12977.27,4,4,5,445,Champions
CUST007327,10,103,13035.84,4,5,5,455,Champions
CUST007328,208,14,4394.35,2,2,3,223,Lost Customers
CUST007330,79,26,954.04,2,3,2,232,Needs Attention
CUST007331,101,13,2062.81,2,2,2,222,Lost Customers
CUST007332,175,18,2304.57,2,2,3,223,Lost Customers
CUST007333,26,27,3685.95,3,3,3,333,Needs Attention
CUST007334,17,16,4203.719999999999,4,2,3,423,Potential Loyalists
CUST007336,613,15,1086.65,1,2,2,122,Lost Customers
CUST007337,44,47,11752.26,3,4,5,345,Loyal Customers
CUST007338,22,50,3509.49,4,4,3,443,Champions
CUST007339,8,36,1820.46,5,4,2,542,Champions
CUST007340,489,5,0.0,1,1,1,111,Lost Customers
CUST007341,28,22,1245.37,3,3,2,332,Needs Attention
CUST007342,732,2,0.0,1,1,1,111,Lost Customers
CUST007343,37,15,4609.02,3,2,4,324,Needs Attention
CUST007344,31,21,4442.07,3,3,4,334,Needs Attention
CUST007345,51,26,1758.1,3,3,2,332,Needs Attention
CUST007346,495,43,1970.52,1,4,2,142,At Risk
CUST007347,829,1,0.0,1,1,1,111,Lost Customers
CUST007348,340,18,3655.83,1,2,3,123,Lost Customers
CUST007349,2,118,7163.28,5,5,4,554,Champions
CUST007351,5,47,2023.3,5,4,2,542,Champions
CUST007352,96,26,4457.57,2,3,4,234,Needs Attention
CUST007353,100,12,4677.24,2,2,4,224,Lost Customers
CUST007354,33,5,2727.08,3,1,3,313,Needs Attention
CUST007355,30,35,14266.19,3,4,5,345,Loyal Customers
CUST007356,594,2,0.0,1,1,1,111,Lost Customers
CUST007358,148,21,2125.6499999999996,2,3,2,232,Needs Attention
CUST007359,708,26,8964.33,1,3,5,135,Needs Attention
CUST007360,5,151,27018.87,5,5,5,555,Champions
CUST007361,12,52,7454.64,4,5,4,454,Champions
CUST007363,11,16,2211.71,4,2,3,423,Potential Loyalists
CUST007364,30,29,11531.189999999999,3,3,5,335,Needs Attention
CUST007365,9,147,15303.47,4,5,5,455,Champions
CUST007366,10,36,1857.75,4,4,2,442,Champions
CUST007367,631,2,0.0,1,1,1,111,Lost Customers
CUST007368,31,58,4588.42,3,5,4,354,Loyal Customers
CUST007369,2,71,2635.38,5,5,3,553,Champions
CUST007370,21,11,0.0,4,2,1,421,Potential Loyalists
CUST007371,83,25,4692.610000000001,2,3,4,234,Needs Attention
CUST007372,18,47,4924.26,4,4,4,444,Champions
CUST007373,50,25,1502.08,3,3,2,332,Needs Attention
CUST007374,58,7,943.31,2,1,2,212,Lost Customers
CUST007375,564,37,1323.91,1,4,2,142,At Risk
CUST007376,32,31,6801.26,3,4,4,344,Loyal Customers
CUST007377,38,10,620.54,3,1,1,311,Needs Attention
CUST007378,75,10,832.89,2,1,2,212,Lost Customers
CUST007379,4,89,10678.02,5,5,5,555,Champions
CUST007380,3,24,248.07,5,3,1,531,Potential Loyalists
CUST007381,324,16,207.5,1,2,1,121,Lost Customers
CUST007382,3,36,10831.380000000001,5,4,5,545,Champions
CUST007383,278,13,2301.0299999999997,1,2,3,123,Lost Customers
CUST007384,37,7,160.28,3,1,1,311,Needs Attention
CUST007385,29,22,804.14,3,3,2,332,Needs Attention
CUST007386,262,5,0.0,2,1,1,211,Lost Customers
CUST007387,7,20,2917.31,5,3,3,533,Potential Loyalists
CUST007388,13,27,509.31,4,3,1,431,Potential Loyalists
CUST007389,48,52,5025.45,3,5,4,354,Loyal Customers
CUST007390,902,5,1370.79,1,1,2,112,Lost Customers
CUST007391,19,45,4555.64,4,4,4,444,Champions
CUST007392,11,103,12720.92,4,5,5,455,Champions
CUST007393,6,48,3517.76,5,4,3,543,Champions
CUST007394,24,39,246.1,3,4,1,341,Loyal Customers
CUST007395,10,30,2467.8100000000004,4,3,3,433,Potential Loyalists
CUST007396,17,14,2168.44,4,2,2,422,Potential Loyalists
CUST007397,21,49,7488.95,4,4,4,444,Champions
CUST007399,8,44,13492.2,5,4,5,545,Champions
CUST007400,83,140,16153.58,2,5,5,255,At Risk
CUST007401,70,8,4145.01,2,1,3,213,Lost Customers
CUST007402,43,12,1651.81,3,2,2,322,Needs Attention
CUST007403,49,51,11288.6,3,4,5,345,Loyal Customers
CUST007404,2,20,879.92,5,3,2,532,Potential Loyalists
CUST007405,814,11,0.0,1,2,1,121,Lost Customers
CUST007406,7,22,1023.55,5,3,2,532,Potential Loyalists
CUST007407,37,16,718.21,3,2,2,322,Needs Attention
CUST007408,28,42,5488.59,3,4,4,344,Loyal Customers
CUST007409,103,17,134.18,2,2,1,221,Lost Customers
CUST007410,90,11,0.0,2,2,1,221,Lost Customers
CUST007411,50,61,8681.51,3,5,5,355,Loyal Customers
CUST007412,41,40,1433.49,3,4,2,342,Loyal Customers
CUST007413,2,42,1654.81,5,4,2,542,Champions
CUST007414,704,3,632.09,1,1,2,112,Lost Customers
CUST007415,32,27,1720.8600000000001,3,3,2,332,Needs Attention
CUST007416,65,6,0.0,2,1,1,211,Lost Customers
CUST007417,4,55,8301.67,5,5,4,554,Champions
CUST007418,26,16,3044.11,3,2,3,323,Needs Attention
CUST007420,582,6,234.29,1,1,1,111,Lost Customers
CUST007421,214,29,2268.37,2,3,3,233,Needs Attention
CUST007422,17,141,21939.2,4,5,5,455,Champions
CUST007423,20,20,1775.45,4,3,2,432,Potential Loyalists
CUST007424,48,7,3429.53,3,1,3,313,Needs Attention
CUST007426,26,36,10866.62,3,4,5,345,Loyal Customers
CUST007427,22,21,3998.2700000000004,4,3,3,433,Potential Loyalists
CUST007428,391,3,1132.58,1,1,2,112,Lost Customers
CUST007429,9,79,8280.8,4,5,4,454,Champions
CUST007430,4,51,6807.3099999999995,5,4,4,544,Champions
CUST007431,298,20,0.0,1,3,1,131,Needs Attention
CUST007432,336,57,6951.54,1,5,4,154,At Risk
CUST007433,25,42,3734.79,3,4,3,343,Loyal Customers
CUST007434,14,17,1857.83,4,2,2,422,Potential Loyalists
CUST007435,73,21,1083.35,2,3,2,232,Needs Attention
CUST007436,171,56,6867.5,2,5,4,254,At Risk
CUST007437,9,37,8314.03,4,4,4,444,Champions
CUST007438,583,13,404.17,1,2,1,121,Lost Customers
CUST007439,30,10,3236.4300000000003,3,1,3,313,Needs Attention
CUST007441,45,16,1909.5,3,2,2,322,Needs Attention
CUST007442,18,26,448.90999999999997,4,3,1,431,Potential Loyalists
CUST007443,6,97,13633.42,5,5,5,555,Champions
CUST007444,83,23,2594.27,2,3,3,233,Needs Attention
CUST007445,175,8,344.05,2,1,1,211,Lost Customers
CUST007446,49,16,6505.490000000001,3,2,4,324,Needs Attention
CUST007447,24,54,4407.15,3,5,3,353,Loyal Customers
CUST007448,895,5,657.37,1,1,2,112,Lost Customers
CUST007449,31,38,2207.25,3,4,3,343,Loyal Customers
CUST007450,92,16,1166.98,2,2,2,222,Lost Customers
CUST007451,27,53,13120.130000000001,3,5,5,355,Loyal Customers
CUST007452,114,19,1016.7700000000001,2,3,2,232,Needs Attention
CUST007453,1,38,5485.389999999999,5,4,4,544,Champions
CUST007454,141,18,547.44,2,2,1,221,Lost Customers
CUST007455,71,15,3429.8,2,2,3,223,Lost Customers
CUST007457,63,23,390.6,2,3,1,231,Needs Attention
CUST007458,470,12,4688.12,1,2,4,124,Lost Customers
CUST007459,720,8,353.8,1,1,1,111,Lost Customers
CUST007461,283,7,3679.76,1,1,3,113,Lost Customers
CUST007462,149,35,3229.12,2,4,3,243,At Risk
CUST007463,709,21,1504.09,1,3,2,132,Needs Attention
CUST007464,2,16,1453.66,5,2,2,522,Potential Loyalists
CUST007465,2,32,6072.64,5,4,4,544,Champions
CUST007466,153,92,15252.03,2,5,5,255,At Risk
CUST007467,86,10,521.11,2,1,1,211,Lost Customers
CUST007468,3,39,2224.62,5,4,3,543,Champions
CUST007469,36,14,2875.35,3,2,3,323,Needs Attention
CUST007470,31,21,5236.4,3,3,4,334,Needs Attention
CUST007471,234,15,1251.6200000000001,2,2,2,222,Lost Customers
CUST007472,477,9,3378.65,1,1,3,113,Lost Customers
CUST007473,5,349,47005.5,5,5,5,555,Champions
CUST007474,3,49,3214.79,5,4,3,543,Champions
CUST007475,2,96,17946.89,5,5,5,555,Champions
CUST007476,38,37,4745.43,3,4,4,344,Loyal Customers
CUST007478,766,15,2061.49,1,2,2,122,Lost Customers
CUST007479,506,47,9991.3,1,4,5,145,At Risk
CUST007480,31,18,0.0,3,2,1,321,Needs Attention
CUST007481,949,5,257.22,1,1,1,111,Lost Customers
CUST007482,7,40,4758.95,5,4,4,544,Champions
CUST007483,1,147,19354.35,5,5,5,555,Champions
CUST007484,830,1,933.81,1,1,2,112,Lost Customers
CUST007485,54,11,447.98,3,2,1,321,Needs Attention
CUST007486,949,3,0.0,1,1,1,111,Lost Customers
CUST007487,710,36,3844.0,1,4,3,143,At Risk
CUST007488,208,4,0.0,2,1,1,211,Lost Customers
CUST007489,27,5,1570.32,3,1,2,312,Needs Attention
CUST007490,32,25,3453.94,3,3,3,333,Needs Attention
CUST007491,418,7,364.07,1,1,1,111,Lost Customers
CUST007492,645,4,121.49,1,1,1,111,Lost Customers
CUST007493,10,80,6180.57,4,5,4,454,Champions
CUST007494,30,13,314.78999999999996,3,2,1,321,Needs Attention
CUST007495,176,9,477.18,2,1,1,211,Lost Customers
CUST007496,2,128,15545.54,5,5,5,555,Champions
CUST007497,879,1,0.0,1,1,1,111,Lost Customers
CUST007498,892,1,0.0,1,1,1,111,Lost Customers
CUST007499,401,66,6640.09,1,5,4,154,At Risk
CUST007500,471,7,0.0,1,1,1,111,Lost Customers
CUST007501,38,23,2655.2,3,3,3,333,Needs Attention
CUST007502,953,4,0.0,1,1,1,111,Lost Customers
CUST007503,21,87,8424.42,4,5,4,454,Champions
CUST007504,15,29,3781.05,4,3,3,433,Potential Loyalists
CUST007505,1,89,14249.18,5,5,5,555,Champions
CUST007506,24,4,0.0,3,1,1,311,Needs Attention
CUST007507,738,27,0.0,1,3,1,131,Needs Attention
CUST007508,38,20,2692.2400000000002,3,3,3,333,Needs Attention
CUST007509,685,30,5901.45,1,3,4,134,Needs Attention
CUST007510,54,23,1407.3600000000001,3,3,2,332,Needs Attention
CUST007511,34,14,1349.54,3,2,2,322,Needs Attention
CUST007512,822,5,221.9,1,1,1,111,Lost Customers
CUST007513,31,55,7245.8,3,5,4,354,Loyal Customers
CUST007514,643,27,5644.25,1,3,4,134,Needs Attention
CUST007515,41,13,3082.2799999999997,3,2,3,323,Needs Attention
CUST007516,56,13,1878.94,3,2,2,322,Needs Attention
CUST007517,56,21,1471.0700000000002,3,3,2,332,Needs Attention
CUST007518,889,2,0.0,1,1,1,111,Lost Customers
CUST007519,4,63,6545.35,5,5,4,554,Champions
CUST007520,380,4,124.56,1,1,1,111,Lost Customers
CUST007522,609,6,0.0,1,1,1,111,Lost Customers
CUST007523,1,10,179.13,5,1,1,511,Needs Attention
CUST007524,249,13,359.35,2,2,1,221,Lost Customers
CUST007525,61,33,1962.4299999999998,2,4,2,242,At Risk
CUST007527,20,17,454.26,4,2,1,421,Potential Loyalists
CUST007528,655,2,3055.06,1,1,3,113,Lost Customers
CUST007529,6,58,6799.639999999999,5,5,4,554,Champions
CUST007531,555,14,3372.81,1,2,3,123,Lost Customers
CUST007532,31,80,16542.87,3,5,5,355,Loyal Customers
CUST007533,1,66,7862.05,5,5,4,554,Champions
CUST007534,12,68,7899.21,4,5,4,454,Champions
CUST007535,858,3,0.0,1,1,1,111,Lost Customers
CUST007536,6,35,4901.91,5,4,4,544,Champions
CUST007537,79,23,3251.72,2,3,3,233,Needs Attention
CUST007538,24,21,5986.59,3,3,4,334,Needs Attention
CUST007539,3,31,5375.32,5,4,4,544,Champions
CUST007540,340,15,773.57,1,2,2,122,Lost Customers
CUST007541,6,115,5909.57,5,5,4,554,Champions
CUST007542,52,21,4914.64,3,3,4,334,Needs Attention
CUST007543,284,27,3109.02,1,3,3,133,Needs Attention
CUST007544,774,14,764.9,1,2,2,122,Lost Customers
CUST007545,701,2,0.0,1,1,1,111,Lost Customers
CUST007546,9,14,946.64,4,2,2,422,Potential Loyalists
CUST007547,14,42,3332.67,4,4,3,443,Champions
CUST007549,7,66,5718.84,5,5,4,554,Champions
CUST007550,151,21,6713.84,2,3,4,234,Needs Attention
CUST007551,19,19,2022.8799999999999,4,3,2,432,Potential Loyalists
CUST007552,33,48,9131.09,3,4,5,345,Loyal Customers
CUST007554,7,30,4607.22,5,3,4,534,Potential Loyalists
CUST007555,11,92,14152.720000000001,4,5,5,455,Champions
CUST007556,600,12,609.9399999999999,1,2,1,121,Lost Customers
CUST007557,26,12,2514.7799999999997,3,2,3,323,Needs Attention
CUST007558,109,7,2116.61,2,1,2,212,Lost Customers
CUST007559,8,28,1487.22,5,3,2,532,Potential Loyalists
CUST007561,64,23,1868.43,2,3,2,232,Needs Attention
CUST007562,756,5,995.32,1,1,2,112,Lost Customers
CUST007563,12,98,14311.57,4,5,5,455,Champions
CUST007564,71,49,4101.35,2,4,3,243,At Risk
CUST007565,55,9,0.0,3,1,1,311,Needs Attention
CUST007566,6,88,14146.73,5,5,5,555,Champions
CUST007567,282,14,724.62,1,2,2,122,Lost Customers
CUST007568,149,6,0.0,2,1,1,211,Lost Customers
CUST007569,138,24,1095.37,2,3,2,232,Needs Attention
CUST007570,19,82,12905.47,4,5,5,455,Champions
CUST007571,561,11,1836.84,1,2,2,122,Lost Customers
CUST007572,235,21,1390.99,2,3,2,232,Needs Attention
CUST007573,12,112,19573.01,4,5,5,455,Champions
CUST007574,39,12,1872.42,3,2,2,322,Needs Attention
CUST007575,119,13,754.97,2,2,2,222,Lost Customers
CUST007576,149,9,2813.7400000000002,2,1,3,213,Lost Customers
CUST007577,26,29,808.5,3,3,2,332,Needs Attention
CUST007578,5,31,732.25,5,4,2,542,Champions
CUST007579,3,92,4535.04,5,5,4,554,Champions
CUST007580,741,3,690.35,1,1,2,112,Lost Customers
CUST007581,57,29,1369.96,3,3,2,332,Needs Attention
CUST007582,83,27,462.14,2,3,1,231,Needs Attention
CUST007583,28,26,3843.01,3,3,3,333,Needs Attention
CUST007584,67,11,4520.79,2,2,4,224,Lost Customers
CUST007585,3,272,48042.84,5,5,5,555,Champions
CUST007586,19,56,6842.93,4,5,4,454,Champions
CUST007587,480,12,5042.91,1,2,4,124,Lost Customers
CUST007588,351,23,1592.78,1,3,2,132,Needs Attention
CUST007589,35,40,3222.2999999999997,3,4,3,343,Loyal Customers
CUST007590,2,37,1132.2,5,4,2,542,Champions
CUST007591,86,17,244.44,2,2,1,221,Lost Customers
CUST007592,15,39,449.75,4,4,1,441,Champions
CUST007593,1,50,5789.0599999999995,5,4,4,544,Champions
CUST007594,13,16,124.56,4,2,1,421,Potential Loyalists
CUST007595,3,77,15917.449999999999,5,5,5,555,Champions
CUST007596,3,61,2789.17,5,5,3,553,Champions
CUST007597,4,53,12420.990000000002,5,5,5,555,Champions
CUST007598,17,88,10998.82,4,5,5,455,Champions
CUST007599,16,29,3020.98,4,3,3,433,Potential Loyalists
CUST007601,59,47,4262.77,2,4,3,243,At Risk
CUST007602,5,13,744.08,5,2,2,522,Potential Loyalists
CUST007603,57,32,8301.14,3,4,4,344,Loyal Customers
CUST007604,773,3,0.0,1,1,1,111,Lost Customers
CUST007605,573,6,0.0,1,1,1,111,Lost Customers
CUST007606,8,211,35610.6,5,5,5,555,Champions
CUST007607,64,18,2247.89,2,2,3,223,Lost Customers
CUST007608,16,7,688.26,4,1,2,412,Needs Attention
CUST007609,12,96,15393.98,4,5,5,455,Champions
CUST007610,4,44,3721.33,5,4,3,543,Champions
CUST007611,244,9,526.19,2,1,1,211,Lost Customers
CUST007612,3,61,9478.37,5,5,5,555,Champions
CUST007613,1,144,17670.15,5,5,5,555,Champions
CUST007614,251,24,1816.59,2,3,2,232,Needs Attention
CUST007615,3,278,41670.86,5,5,5,555,Champions
CUST007616,14,4,0.0,4,1,1,411,Needs Attention
CUST007617,12,59,3722.16,4,5,3,453,Champions
CUST007618,2,62,5365.4400000000005,5,5,4,554,Champions
CUST007619,1,64,12186.73,5,5,5,555,Champions
CUST007620,46,30,5592.92,3,3,4,334,Needs Attention
CUST007621,9,32,6405.72,4,4,4,444,Champions
CUST007622,12,54,12355.77,4,5,5,455,Champions
CUST007623,21,59,7310.01,4,5,4,454,Champions
CUST007624,565,15,155.59,1,2,1,121,Lost Customers
CUST007625,7,72,10024.27,5,5,5,555,Champions
CUST007626,86,10,245.42,2,1,1,211,Lost Customers
CUST007627,516,14,2562.54,1,2,3,123,Lost Customers
CUST007628,124,13,305.71000000000004,2,2,1,221,Lost Customers
CUST007629,51,28,3111.3700000000003,3,3,3,333,Needs Attention
CUST007630,14,39,6715.53,4,4,4,444,Champions
CUST007631,5,50,5301.2699999999995,5,4,4,544,Champions
CUST007632,313,210,32717.21,1,5,5,155,At Risk
CUST007633,481,14,2253.87,1,2,3,123,Lost Customers
CUST007634,9,30,11528.98,4,3,5,435,Potential Loyalists
CUST007635,822,9,0.0,1,1,1,111,Lost Customers
CUST007636,14,10,0.0,4,1,1,411,Needs Attention
CUST007637,23,29,1095.47,3,3,2,332,Needs Attention
CUST007638,5,63,11727.46,5,5,5,555,Champions
CUST007639,6,30,18145.87,5,3,5,535,Potential Loyalists
CUST007640,208,9,936.1800000000001,2,1,2,212,Lost Customers
CUST007641,27,14,228.0,3,2,1,321,Needs Attention
CUST007642,4,22,8676.91,5,3,5,535,Potential Loyalists
CUST007643,5,28,2070.9900000000002,5,3,2,532,Potential Loyalists
CUST007644,413,25,1009.39,1,3,2,132,Needs Attention
CUST007645,16,10,691.63,4,1,2,412,Needs Attention
CUST007646,56,26,7288.12,3,3,4,334,Needs Attention
CUST007647,295,25,4282.94,1,3,3,133,Needs Attention
CUST007648,144,9,0.0,2,1,1,211,Lost Customers
CUST007649,31,18,4171.150000000001,3,2,3,323,Needs Attention
CUST007650,3,20,6804.74,5,3,4,534,Potential Loyalists
CUST007652,443,13,2638.14,1,2,3,123,Lost Customers
CUST007653,50,40,9681.93,3,4,5,345,Loyal Customers
CUST007654,27,14,1493.33,3,2,2,322,Needs Attention
CUST007655,9,40,12599.869999999999,4,4,5,445,Champions
CUST007656,430,65,10572.17,1,5,5,155,At Risk
CUST007657,495,42,6206.88,1,4,4,144,At Risk
CUST007658,166,6,2356.42,2,1,3,213,Lost Customers
CUST007659,56,47,8946.15,3,4,5,345,Loyal Customers
CUST007660,815,2,0.0,1,1,1,111,Lost Customers
CUST007661,4,38,8476.46,5,4,4,544,Champions
CUST007662,48,18,3993.09,3,2,3,323,Needs Attention
CUST007664,587,9,2097.16,1,1,2,112,Lost Customers
CUST007665,84,22,3601.37,2,3,3,233,Needs Attention
CUST007666,102,13,3478.77,2,2,3,223,Lost Customers
CUST007667,115,13,456.64,2,2,1,221,Lost Customers
CUST007668,50,34,5335.179999999999,3,4,4,344,Loyal Customers
CUST007670,88,45,13637.42,2,4,5,245,At Risk
CUST007671,63,21,3593.66,2,3,3,233,Needs Attention
CUST007672,14,36,6653.65,4,4,4,444,Champions
CUST007673,8,55,10830.17,5,5,5,555,Champions
CUST007674,1,56,12428.449999999999,5,5,5,555,Champions
CUST007675,28,34,5612.37,3,4,4,344,Loyal Customers
CUST007676,46,19,1798.28,3,3,2,332,Needs Attention
CUST007677,79,21,10681.37,2,3,5,235,Needs Attention
CUST007678,14,11,1069.78,4,2,2,422,Potential Loyalists
CUST007679,4,14,538.36,5,2,1,521,Potential Loyalists
CUST007680,1,51,8362.029999999999,5,4,4,544,Champions
CUST007681,588,16,1491.47,1,2,2,122,Lost Customers
CUST007682,7,36,4180.54,5,4,3,543,Champions
CUST007683,14,25,0.0,4,3,1,431,Potential Loyalists
CUST007684,90,18,925.46,2,2,2,222,Lost Customers
CUST007685,10,45,6438.07,4,4,4,444,Champions
CUST007686,30,25,4219.870000000001,3,3,3,333,Needs Attention
CUST007687,113,15,1122.91,2,2,2,222,Lost Customers
CUST007688,77,19,9979.0,2,3,5,235,Needs Attention
CUST007689,433,18,2233.83,1,2,3,123,Lost Customers
CUST007690,98,20,2011.56,2,3,2,232,Needs Attention
CUST007691,42,51,2701.87,3,4,3,343,Loyal Customers
CUST007692,69,10,786.79,2,1,2,212,Lost Customers
CUST007693,15,107,5247.3099999999995,4,5,4,454,Champions
CUST007694,2,75,4465.57,5,5,4,554,Champions
CUST007695,238,9,2037.03,2,1,2,212,Lost Customers
CUST007696,15,24,4268.01,4,3,3,433,Potential Loyalists
CUST007697,80,12,1694.22,2,2,2,222,Lost Customers
CUST007698,5,18,2295.84,5,2,3,523,Potential Loyalists
CUST007699,413,59,2854.7,1,5,3,153,At Risk
CUST007700,69,15,4224.17,2,2,3,223,Lost Customers
CUST007701,181,24,3658.26,2,3,3,233,Needs Attention
CUST007702,37,30,7105.85,3,3,4,334,Needs Attention
CUST007703,637,3,6391.6,1,1,4,114,Lost Customers
CUST007704,85,25,4775.0199999999995,2,3,4,234,Needs Attention
CUST007705,404,10,549.27,1,1,1,111,Lost Customers
CUST007706,982,1,3826.16,1,1,3,113,Lost Customers
CUST007707,58,3,205.67,2,1,1,211,Lost Customers
CUST007709,296,81,19095.74,1,5,5,155,At Risk
CUST007710,2,43,3035.5600000000004,5,4,3,543,Champions
CUST007711,82,13,234.9,2,2,1,221,Lost Customers
CUST007712,101,14,875.63,2,2,2,222,Lost Customers
CUST007713,157,22,6640.82,2,3,4,234,Needs Attention
CUST007714,83,13,2693.05,2,2,3,223,Lost Customers
CUST007715,113,39,4143.0,2,4,3,243,At Risk
CUST007716,26,52,19470.5,3,5,5,355,Loyal Customers
CUST007717,891,5,0.0,1,1,1,111,Lost Customers
CUST007718,9,73,9790.5,4,5,5,455,Champions
CUST007719,14,98,18384.21,4,5,5,455,Champions
CUST007720,3,110,12105.61,5,5,5,555,Champions
CUST007721,3,344,44531.83,5,5,5,555,Champions
CUST007722,13,10,0.0,4,1,1,411,Needs Attention
CUST007723,1,295,58574.0,5,5,5,555,Champions
CUST007725,32,15,1714.5,3,2,2,322,Needs Attention
CUST007726,70,30,2464.17,2,3,3,233,Needs Attention
CUST007727,20,15,120.49,4,2,1,421,Potential Loyalists
CUST007728,38,48,9203.51,3,4,5,345,Loyal Customers
CUST007729,118,5,0.0,2,1,1,211,Lost Customers
CUST007730,19,31,3360.29,4,4,3,443,Champions
CUST007731,90,67,9692.25,2,5,5,255,At Risk
CUST007732,6,31,15377.16,5,4,5,545,Champions
CUST007733,44,36,1346.26,3,4,2,342,Loyal Customers
CUST007734,24,47,9559.19,3,4,5,345,Loyal Customers
CUST007735,38,71,9324.23,3,5,5,355,Loyal Customers
CUST007736,179,3,0.0,2,1,1,211,Lost Customers
CUST007737,341,27,11916.7,1,3,5,135,Needs Attention
CUST007738,22,30,1669.56,4,3,2,432,Potential Loyalists
CUST007739,18,32,4162.81,4,4,3,443,Champions
CUST007740,578,46,8123.82,1,4,4,144,At Risk
CUST007741,48,14,19353.739999999998,3,2,5,325,Needs Attention
CUST007742,9,8,0.0,4,1,1,411,Needs Attention
CUST007743,94,6,34.5,2,1,1,211,Lost Customers
CUST007744,1035,1,0.0,1,1,1,111,Lost Customers
CUST007745,25,86,20047.05,3,5,5,355,Loyal Customers
CUST007746,40,27,3742.13,3,3,3,333,Needs Attention
CUST007747,296,8,1127.65,1,1,2,112,Lost Customers
CUST007748,10,15,11100.880000000001,4,2,5,425,Potential Loyalists
CUST007749,2,5,0.0,5,1,1,511,Needs Attention
CUST007750,97,16,5455.75,2,2,4,224,Lost Customers
CUST007751,1007,5,711.25,1,1,2,112,Lost Customers
CUST007752,7,12,2914.96,5,2,3,523,Potential Loyalists
CUST007753,49,59,9617.81,3,5,5,355,Loyal Customers
CUST007754,481,13,1699.45,1,2,2,122,Lost Customers
CUST007755,20,31,2410.7599999999998,4,4,3,443,Champions
CUST007756,15,14,0.0,4,2,1,421,Potential Loyalists
CUST007758,17,65,5948.39,4,5,4,454,Champions
CUST007759,26,36,3042.9700000000003,3,4,3,343,Loyal Customers
CUST007760,9,45,3459.47,4,4,3,443,Champions
CUST007761,32,30,5299.14,3,3,4,334,Needs Attention
CUST007762,6,34,9101.12,5,4,5,545,Champions
CUST007764,125,22,4411.719999999999,2,3,3,233,Needs Attention
CUST007765,4,18,1860.72,5,2,2,522,Potential Loyalists
CUST007766,455,11,2494.94,1,2,3,123,Lost Customers
CUST007768,1,46,5136.530000000001,5,4,4,544,Champions
CUST007769,11,74,7852.4800000000005,4,5,4,454,Champions
CUST007770,9,71,14615.12,4,5,5,455,Champions
CUST007771,7,10,1396.3600000000001,5,1,2,512,Needs Attention
CUST007772,10,121,13611.7,4,5,5,455,Champions
CUST007773,16,21,3268.36,4,3,3,433,Potential Loyalists
CUST007774,27,44,7355.08,3,4,4,344,Loyal Customers
CUST007776,7,38,3949.9900000000002,5,4,3,543,Champions
CUST007777,22,26,4513.9,4,3,4,434,Potential Loyalists
CUST007778,3,9,121.33,5,1,1,511,Needs Attention
CUST007779,6,55,3229.48,5,5,3,553,Champions
CUST007780,807,34,7315.75,1,4,4,144,At Risk
CUST007781,110,21,469.03999999999996,2,3,1,231,Needs Attention
CUST007782,6,95,11436.8,5,5,5,555,Champions
CUST007783,14,22,6029.8,4,3,4,434,Potential Loyalists
CUST007784,12,83,6106.08,4,5,4,454,Champions
CUST007785,600,2,0.0,1,1,1,111,Lost Customers
CUST007786,6,193,20453.37,5,5,5,555,Champions
CUST007788,19,30,4590.75,4,3,4,434,Potential Loyalists
CUST007789,179,6,158.97,2,1,1,211,Lost Customers
CUST007790,1004,5,0.0,1,1,1,111,Lost Customers
CUST007791,150,7,0.0,2,1,1,211,Lost Customers
CUST007792,2,44,18833.24,5,4,5,545,Champions
CUST007793,35,40,5793.5,3,4,4,344,Loyal Customers
CUST007794,157,13,3032.41,2,2,3,223,Lost Customers
CUST007795,14,41,4021.78,4,4,3,443,Champions
CUST007796,121,63,12972.07,2,5,5,255,At Risk
CUST007797,447,41,1766.4099999999999,1,4,2,142,At Risk
CUST007798,28,27,3449.32,3,3,3,333,Needs Attention
CUST007799,53,7,3650.67,3,1,3,313,Needs Attention
CUST007800,3,51,7155.459999999999,5,4,4,544,Champions
CUST007801,54,21,4753.91,3,3,4,334,Needs Attention
CUST007802,15,5,45.11,4,1,1,411,Needs Attention
CUST007803,4,78,17109.9,5,5,5,555,Champions
CUST007804,6,205,44480.56,5,5,5,555,Champions
CUST007805,33,24,240.16,3,3,1,331,Needs Attention
CUST007807,63,30,3335.5499999999997,2,3,3,233,Needs Attention
CUST007808,281,15,1433.79,1,2,2,122,Lost Customers
CUST007809,999,1,0.0,1,1,1,111,Lost Customers
CUST007810,571,36,4976.76,1,4,4,144,At Risk
CUST007811,812,1,0.0,1,1,1,111,Lost Customers
CUST007812,83,66,2716.72,2,5,3,253,At Risk
CUST007813,903,1,0.0,1,1,1,111,Lost Customers
CUST007814,6,18,9781.380000000001,5,2,5,525,Potential Loyalists
CUST007815,4,64,9686.78,5,5,5,555,Champions
CUST007816,16,13,829.0,4,2,2,422,Potential Loyalists
CUST007817,592,5,568.56,1,1,1,111,Lost Customers
CUST007818,336,37,4233.900000000001,1,4,3,143,At Risk
CUST007819,226,96,6963.13,2,5,4,254,At Risk
CUST007820,36,48,2595.03,3,4,3,343,Loyal Customers
CUST007822,113,16,5106.1,2,2,4,224,Lost Customers
CUST007823,448,17,15193.34,1,2,5,125,Lost Customers
CUST007824,7,19,511.40999999999997,5,3,1,531,Potential Loyalists
CUST007825,783,6,1112.34,1,1,2,112,Lost Customers
CUST007826,18,50,15084.73,4,4,5,445,Champions
CUST007827,36,11,854.73,3,2,2,322,Needs Attention
CUST007828,371,8,171.48,1,1,1,111,Lost Customers
CUST007830,13,24,206.54,4,3,1,431,Potential Loyalists
CUST007831,94,21,1062.83,2,3,2,232,Needs Attention
CUST007832,7,100,9301.66,5,5,5,555,Champions
CUST007833,11,30,2858.87,4,3,3,433,Potential Loyalists
CUST007834,56,15,259.23,3,2,1,321,Needs Attention
CUST007836,878,4,245.28,1,1,1,111,Lost Customers
CUST007837,1,42,8540.22,5,4,5,545,Champions
CUST007838,18,47,5168.78,4,4,4,444,Champions
CUST007839,682,39,9936.81,1,4,5,145,At Risk
CUST007840,15,15,1513.6100000000001,4,2,2,422,Potential Loyalists
CUST007841,3,111,11254.619999999999,5,5,5,555,Champions
CUST007842,6,57,6862.94,5,5,4,554,Champions
CUST007843,77,17,344.49,2,2,1,221,Lost Customers
CUST007844,262,105,13834.39,2,5,5,255,At Risk
CUST007845,17,48,4008.6200000000003,4,4,3,443,Champions
CUST007846,556,3,371.84,1,1,1,111,Lost Customers
CUST007847,844,20,2281.2799999999997,1,3,3,133,Needs Attention
CUST007848,9,166,30029.7,4,5,5,455,Champions
CUST007849,15,30,2894.21,4,3,3,433,Potential Loyalists
CUST007850,101,20,2768.31,2,3,3,233,Needs Attention
CUST007851,874,2,0.0,1,1,1,111,Lost Customers
CUST007852,14,52,5897.7699999999995,4,5,4,454,Champions
CUST007853,9,92,10882.33,4,5,5,455,Champions
CUST007854,809,14,1581.6,1,2,2,122,Lost Customers
CUST007855,44,37,2205.6,3,4,3,343,Loyal Customers
CUST007856,584,35,8001.98,1,4,4,144,At Risk
CUST007857,844,2,496.68,1,1,1,111,Lost Customers
CUST007858,1,52,9619.98,5,5,5,555,Champions
CUST007859,11,23,5426.240000000001,4,3,4,434,Potential Loyalists
CUST007860,402,16,0.0,1,2,1,121,Lost Customers
CUST007861,56,35,6595.68,3,4,4,344,Loyal Customers
CUST007862,13,30,3424.69,4,3,3,433,Potential Loyalists
CUST007863,24,24,824.19,3,3,2,332,Needs Attention
CUST007864,2,106,14961.69,5,5,5,555,Champions
CUST007866,18,18,4820.82,4,2,4,424,Potential Loyalists
CUST007867,304,160,13274.89,1,5,5,155,At Risk
CUST007868,12,64,14949.9,4,5,5,455,Champions
CUST007869,74,1,1366.78,2,1,2,212,Lost Customers
CUST007870,657,9,0.0,1,1,1,111,Lost Customers
CUST007871,205,9,451.22,2,1,1,211,Lost Customers
CUST007872,19,11,212.8,4,2,1,421,Potential Loyalists
CUST007873,150,2,0.0,2,1,1,211,Lost Customers
CUST007874,83,32,6643.47,2,4,4,244,At Risk
CUST007875,68,10,2389.45,2,1,3,213,Lost Customers
CUST007876,89,23,4397.25,2,3,3,233,Needs Attention
CUST007877,20,8,501.3,4,1,1,411,Needs Attention
CUST007878,17,27,1257.3400000000001,4,3,2,432,Potential Loyalists
CUST007879,67,17,1614.69,2,2,2,222,Lost Customers
CUST007880,2,79,9640.25,5,5,5,555,Champions
CUST007881,7,60,5775.41,5,5,4,554,Champions
CUST007882,117,40,14227.98,2,4,5,245,At Risk
CUST007883,8,27,7351.21,5,3,4,534,Potential Loyalists
CUST007885,705,2,0.0,1,1,1,111,Lost Customers
CUST007886,76,8,393.98,2,1,1,211,Lost Customers
CUST007887,7,25,1801.18,5,3,2,532,Potential Loyalists
CUST007888,3,150,12382.4,5,5,5,555,Champions
CUST007889,354,12,606.84,1,2,1,121,Lost Customers
CUST007890,22,13,2140.52,4,2,2,422,Potential Loyalists
CUST007891,117,12,251.52,2,2,1,221,Lost Customers
CUST007892,802,10,948.26,1,1,2,112,Lost Customers
CUST007893,8,82,9143.22,5,5,5,555,Champions
CUST007894,45,59,3818.7400000000002,3,5,3,353,Loyal Customers
CUST007895,102,21,9016.43,2,3,5,235,Needs Attention
CUST007896,326,12,0.0,1,2,1,121,Lost Customers
CUST007897,603,5,936.66,1,1,2,112,Lost Customers
CUST007898,27,23,2105.5299999999997,3,3,2,332,Needs Attention
CUST007899,109,15,1772.54,2,2,2,222,Lost Customers
CUST007900,49,8,0.0,3,1,1,311,Needs Attention
CUST007901,1022,3,122.56,1,1,1,111,Lost Customers
CUST007902,67,12,158.78,2,2,1,221,Lost Customers
CUST007903,44,8,937.66,3,1,2,312,Needs Attention
CUST007904,37,30,3207.89,3,3,3,333,Needs Attention
CUST007905,61,30,2094.4700000000003,2,3,2,232,Needs Attention
CUST007906,25,29,4049.71,3,3,3,333,Needs Attention
CUST007907,8,38,6633.38,5,4,4,544,Champions
CUST007908,58,9,0.0,2,1,1,211,Lost Customers
CUST007909,26,19,11298.43,3,3,5,335,Needs Attention
CUST007911,89,8,1809.9,2,1,2,212,Lost Customers
CUST007912,6,75,16831.53,5,5,5,555,Champions
CUST007913,28,7,0.0,3,1,1,311,Needs Attention
CUST007914,22,34,7309.55,4,4,4,444,Champions
CUST007915,352,55,4589.84,1,5,4,154,At Risk
CUST007916,20,57,8307.21,4,5,4,454,Champions
CUST007917,650,16,2231.44,1,2,3,123,Lost Customers
CUST007918,49,21,4157.78,3,3,3,333,Needs Attention
CUST007919,15,53,5195.16,4,5,4,454,Champions
CUST007920,6,42,2951.27,5,4,3,543,Champions
CUST007921,12,23,9655.22,4,3,5,435,Potential Loyalists
CUST007922,2,13,1960.6200000000001,5,2,2,522,Potential Loyalists
CUST007923,574,2,0.0,1,1,1,111,Lost Customers
CUST007924,29,39,4916.469999999999,3,4,4,344,Loyal Customers
CUST007925,421,19,4578.27,1,3,4,134,Needs Attention
CUST007926,24,70,11472.42,3,5,5,355,Loyal Customers
CUST007927,20,44,4179.72,4,4,3,443,Champions
CUST007928,2,91,12992.5,5,5,5,555,Champions
CUST007929,7,10,188.31,5,1,1,511,Needs Attention
CUST007930,12,65,9066.06,4,5,5,455,Champions
CUST007931,70,14,301.46999999999997,2,2,1,221,Lost Customers
CUST007932,668,11,1966.92,1,2,2,122,Lost Customers
CUST007933,194,11,856.46,2,2,2,222,Lost Customers
CUST007934,489,20,1899.47,1,3,2,132,Needs Attention
CUST007935,546,3,120.98,1,1,1,111,Lost Customers
CUST007936,270,10,236.5,1,1,1,111,Lost Customers
CUST007937,102,40,3639.6,2,4,3,243,At Risk
CUST007938,19,12,169.38,4,2,1,421,Potential Loyalists
CUST007939,5,20,3985.35,5,3,3,533,Potential Loyalists
CUST007940,17,66,5281.99,4,5,4,454,Champions
CUST007941,7,26,2799.36,5,3,3,533,Potential Loyalists
CUST007942,720,3,135.26,1,1,1,111,Lost Customers
CUST007943,83,23,955.27,2,3,2,232,Needs Attention
CUST007944,7,216,56772.09,5,5,5,555,Champions
CUST007945,2,73,4489.71,5,5,4,554,Champions
CUST007946,721,14,2676.56,1,2,3,123,Lost Customers
CUST007947,16,27,4956.84,4,3,4,434,Potential Loyalists
CUST007948,31,25,4508.4,3,3,4,334,Needs Attention
CUST007949,144,7,468.0,2,1,1,211,Lost Customers
CUST007950,42,18,1278.12,3,2,2,322,Needs Attention
CUST007951,564,24,4231.86,1,3,3,133,Needs Attention
CUST007952,125,12,1293.62,2,2,2,222,Lost Customers
CUST007953,43,12,473.49,3,2,1,321,Needs Attention
CUST007954,304,6,1682.31,1,1,2,112,Lost Customers
CUST007955,167,25,2113.94,2,3,2,232,Needs Attention
CUST007956,47,37,5100.280000000001,3,4,4,344,Loyal Customers
CUST007957,573,9,85.74,1,1,1,111,Lost Customers
CUST007958,4,43,1235.28,5,4,2,542,Champions
CUST007959,7,25,5101.03,5,3,4,534,Potential Loyalists
CUST007960,124,10,83.84,2,1,1,211,Lost Customers
CUST007961,279,2,0.0,1,1,1,111,Lost Customers
CUST007962,48,12,2222.95,3,2,3,323,Needs Attention
CUST007963,171,14,4772.549999999999,2,2,4,224,Lost Customers
CUST007964,593,8,1429.73,1,1,2,112,Lost Customers
CUST007965,16,10,911.12,4,1,2,412,Needs Attention
CUST007966,623,11,2100.4,1,2,2,122,Lost Customers
CUST007967,43,22,162.3,3,3,1,331,Needs Attention
CUST007968,758,8,2372.04,1,1,3,113,Lost Customers
CUST007970,27,11,87.3,3,2,1,321,Needs Attention
CUST007971,5,30,559.72,5,3,1,531,Potential Loyalists
CUST007972,908,10,0.0,1,1,1,111,Lost Customers
CUST007973,42,22,5988.21,3,3,4,334,Needs Attention
CUST007974,5,41,2808.8,5,4,3,543,Champions
CUST007975,429,20,2729.71,1,3,3,133,Needs Attention
CUST007976,24,9,195.85,3,1,1,311,Needs Attention
CUST007977,7,26,4880.88,5,3,4,534,Potential Loyalists
CUST007978,13,37,2268.69,4,4,3,443,Champions
CUST007979,47,26,1621.88,3,3,2,332,Needs Attention
CUST007980,10,34,8388.35,4,4,4,444,Champions
CUST007981,118,38,2115.48,2,4,2,242,At Risk
CUST007982,1,127,12765.359999999999,5,5,5,555,Champions
CUST007983,62,8,1195.74,2,1,2,212,Lost Customers
CUST007984,73,27,3765.66,2,3,3,233,Needs Attention
CUST007985,136,6,3964.48,2,1,3,213,Lost Customers
CUST007986,478,23,5311.99,1,3,4,134,Needs Attention
CUST007987,227,7,614.46,2,1,1,211,Lost Customers
CUST007988,25,39,5636.14,3,4,4,344,Loyal Customers
CUST007989,738,4,0.0,1,1,1,111,Lost Customers
CUST007991,216,10,496.0,2,1,1,211,Lost Customers
CUST007992,22,17,2560.42,4,2,3,423,Potential Loyalists
CUST007993,522,45,5953.49,1,4,4,144,At Risk
CUST007994,32,29,1026.07,3,3,2,332,Needs Attention
CUST007995,709,6,2372.69,1,1,3,113,Lost Customers
CUST007996,862,6,206.42,1,1,1,111,Lost Customers
CUST007997,33,22,494.81,3,3,1,331,Needs Attention
CUST007998,292,14,2134.21,1,2,2,122,Lost Customers
CUST007999,253,35,6548.15,2,4,4,244,At Risk
CUST008001,36,21,3346.06,3,3,3,333,Needs Attention
CUST008002,20,11,68.86,4,2,1,421,Potential Loyalists
CUST008003,744,15,697.8100000000001,1,2,2,122,Lost Customers
CUST008004,20,10,1000.66,4,1,2,412,Needs Attention
CUST008005,127,33,7693.25,2,4,4,244,At Risk
CUST008006,8,14,2472.92,5,2,3,523,Potential Loyalists
CUST008007,9,42,17170.489999999998,4,4,5,445,Champions
CUST008008,6,14,9860.019999999999,5,2,5,525,Potential Loyalists
CUST008009,48,21,3305.3500000000004,3,3,3,333,Needs Attention
CUST008010,3,48,11577.44,5,4,5,545,Champions
CUST008011,16,55,7013.54,4,5,4,454,Champions
CUST008012,69,23,3468.96,2,3,3,233,Needs Attention
CUST008013,647,6,123.78,1,1,1,111,Lost Customers
CUST008014,6,437,71499.34,5,5,5,555,Champions
CUST008015,453,36,965.8600000000001,1,4,2,142,At Risk
CUST008016,8,49,1481.78,5,4,2,542,Champions
CUST008017,71,16,705.1299999999999,2,2,2,222,Lost Customers
CUST008018,38,23,5037.72,3,3,4,334,Needs Attention
CUST008019,55,14,163.45,3,2,1,321,Needs Attention
CUST008020,4,75,5405.47,5,5,4,554,Champions
CUST008021,6,30,6535.83,5,3,4,534,Potential Loyalists
CUST008023,38,25,3382.6400000000003,3,3,3,333,Needs Attention
CUST008024,945,8,2911.1400000000003,1,1,3,113,Lost Customers
CUST008025,2,93,15439.279999999999,5,5,5,555,Champions
CUST008026,3,118,17260.2,5,5,5,555,Champions
CUST008027,181,41,9056.68,2,4,5,245,At Risk
CUST008028,8,23,8709.64,5,3,5,535,Potential Loyalists
CUST008030,875,3,0.0,1,1,1,111,Lost Customers
CUST008031,26,20,1048.15,3,3,2,332,Needs Attention
CUST008032,114,20,2501.1,2,3,3,233,Needs Attention
CUST008033,12,32,4765.87,4,4,4,444,Champions
CUST008034,27,12,351.77,3,2,1,321,Needs Attention
CUST008035,48,43,12138.46,3,4,5,345,Loyal Customers
CUST008036,8,45,3843.45,5,4,3,543,Champions
CUST008037,32,54,2948.94,3,5,3,353,Loyal Customers
CUST008038,1,47,381.94,5,4,1,541,Champions
CUST008039,182,36,2545.2,2,4,3,243,At Risk
CUST008040,13,31,3506.27,4,4,3,443,Champions
CUST008041,9,19,1832.48,4,3,2,432,Potential Loyalists
CUST008042,5,24,2391.8500000000004,5,3,3,533,Potential Loyalists
CUST008044,739,12,0.0,1,2,1,121,Lost Customers
CUST008045,313,33,4167.34,1,4,3,143,At Risk
CUST008046,27,157,28297.78,3,5,5,355,Loyal Customers
CUST008047,459,76,12737.210000000001,1,5,5,155,At Risk
CUST008049,440,3,4753.93,1,1,4,114,Lost Customers
CUST008050,22,80,4321.83,4,5,3,453,Champions
CUST008051,54,11,1140.33,3,2,2,322,Needs Attention
CUST008052,6,20,332.13,5,3,1,531,Potential Loyalists
CUST008053,139,22,2136.16,2,3,2,232,Needs Attention
CUST008054,73,23,4640.01,2,3,4,234,Needs Attention
CUST008055,15,57,6933.6900000000005,4,5,4,454,Champions
CUST008056,620,2,206.25,1,1,1,111,Lost Customers
CUST008057,13,14,3540.79,4,2,3,423,Potential Loyalists
CUST008058,19,43,10172.98,4,4,5,445,Champions
CUST008059,9,29,1778.8999999999999,4,3,2,432,Potential Loyalists
CUST008061,5,19,985.88,5,3,2,532,Potential Loyalists
CUST008062,591,2,2685.82,1,1,3,113,Lost Customers
CUST008063,92,20,894.26,2,3,2,232,Needs Attention
CUST008064,278,37,8879.46,1,4,5,145,At Risk
CUST008065,441,52,11000.09,1,5,5,155,At Risk
CUST008066,186,6,0.0,2,1,1,211,Lost Customers
CUST008067,33,25,2106.1,3,3,2,332,Needs Attention
CUST008068,216,10,4765.389999999999,2,1,4,214,Lost Customers
CUST008069,100,10,893.75,2,1,2,212,Lost Customers
CUST008070,2,70,9131.7,5,5,5,555,Champions
CUST008072,23,39,4504.490000000001,3,4,4,344,Loyal Customers
CUST008073,8,84,12300.26,5,5,5,555,Champions
CUST008074,1,24,6690.57,5,3,4,534,Potential Loyalists
CUST008075,151,10,68.64,2,1,1,211,Lost Customers
CUST008076,107,141,15880.22,2,5,5,255,At Risk
CUST008077,416,12,931.49,1,2,2,122,Lost Customers
CUST008078,60,43,1632.19,2,4,2,242,At Risk
CUST008079,18,31,1283.3899999999999,4,4,2,442,Champions
CUST008081,70,8,1105.53,2,1,2,212,Lost Customers
CUST008082,19,22,3162.84,4,3,3,433,Potential Loyalists
CUST008083,11,69,10976.78,4,5,5,455,Champions
CUST008084,13,46,12850.1,4,4,5,445,Champions
CUST008085,373,39,2725.57,1,4,3,143,At Risk
CUST008086,19,13,25.42,4,2,1,421,Potential Loyalists
CUST008087,2,115,22360.99,5,5,5,555,Champions
CUST008088,86,15,1069.76,2,2,2,222,Lost Customers
CUST008090,59,24,4459.52,2,3,4,234,Needs Attention
CUST008091,16,30,8564.48,4,3,5,435,Potential Loyalists
CUST008092,8,72,7102.84,5,5,4,554,Champions
CUST008093,25,11,925.4100000000001,3,2,2,322,Needs Attention
CUST008094,5,12,2069.24,5,2,2,522,Potential Loyalists
CUST008095,5,38,4954.05,5,4,4,544,Champions
CUST008096,22,27,7679.9400000000005,4,3,4,434,Potential Loyalists
CUST008097,6,404,44566.14,5,5,5,555,Champions
CUST008098,296,32,7516.3899999999985,1,4,4,144,At Risk
CUST008100,338,8,4771.17,1,1,4,114,Lost Customers
CUST008101,621,2,0.0,1,1,1,111,Lost Customers
CUST008102,243,7,1426.8200000000002,2,1,2,212,Lost Customers
CUST008103,462,19,5322.68,1,3,4,134,Needs Attention
CUST008104,5,96,12602.85,5,5,5,555,Champions
CUST008105,8,69,9373.07,5,5,5,555,Champions
CUST008106,32,33,9289.42,3,4,5,345,Loyal Customers
CUST008107,936,3,676.49,1,1,2,112,Lost Customers
CUST008108,232,13,1736.06,2,2,2,222,Lost Customers
CUST008109,18,11,0.0,4,2,1,421,Potential Loyalists
CUST008110,11,104,14938.1,4,5,5,455,Champions
CUST008111,13,32,1743.92,4,4,2,442,Champions
CUST008112,8,38,5303.05,5,4,4,544,Champions
CUST008113,332,3,0.0,1,1,1,111,Lost Customers
CUST008114,2,16,0.0,5,2,1,521,Potential Loyalists
CUST008116,8,11,1845.3000000000002,5,2,2,522,Potential Loyalists
CUST008117,46,8,578.76,3,1,1,311,Needs Attention
CUST008118,98,67,7377.0199999999995,2,5,4,254,At Risk
CUST008119,117,7,0.0,2,1,1,211,Lost Customers
CUST008120,10,60,8850.94,4,5,5,455,Champions
CUST008121,152,19,747.98,2,3,2,232,Needs Attention
CUST008122,5,16,507.74,5,2,1,521,Potential Loyalists
CUST008123,611,2,0.0,1,1,1,111,Lost Customers
CUST008124,21,40,6014.68,4,4,4,444,Champions
CUST008125,3,232,27424.4,5,5,5,555,Champions
CUST008126,19,37,3950.17,4,4,3,443,Champions
CUST008127,267,14,845.46,1,2,2,122,Lost Customers
CUST008128,49,58,5539.53,3,5,4,354,Loyal Customers
CUST008129,8,20,2139.11,5,3,2,532,Potential Loyalists
CUST008130,8,89,9290.12,5,5,5,555,Champions
CUST008131,1003,4,0.0,1,1,1,111,Lost Customers
CUST008133,632,4,0.0,1,1,1,111,Lost Customers
CUST008134,13,75,15206.91,4,5,5,455,Champions
CUST008135,264,23,1113.8,1,3,2,132,Needs Attention
CUST008136,26,12,163.01,3,2,1,321,Needs Attention
CUST008137,52,16,1380.17,3,2,2,322,Needs Attention
CUST008138,934,1,0.0,1,1,1,111,Lost Customers
CUST008139,244,19,2693.0,2,3,3,233,Needs Attention
CUST008140,806,16,1848.96,1,2,2,122,Lost Customers
CUST008141,4,39,808.19,5,4,2,542,Champions
CUST008142,7,165,33361.25,5,5,5,555,Champions
CUST008143,29,40,1241.3400000000001,3,4,2,342,Loyal Customers
CUST008144,14,77,9595.94,4,5,5,455,Champions
CUST008145,2,150,23631.71,5,5,5,555,Champions
CUST008146,18,35,8280.35,4,4,4,444,Champions
CUST008147,63,14,0.0,2,2,1,221,Lost Customers
CUST008148,158,55,1576.04,2,5,2,252,At Risk
CUST008149,2,75,18845.2,5,5,5,555,Champions
CUST008150,165,12,928.71,2,2,2,222,Lost Customers
CUST008151,830,4,0.0,1,1,1,111,Lost Customers
CUST008152,621,6,4017.45,1,1,3,113,Lost Customers
CUST008153,10,44,8946.37,4,4,5,445,Champions
CUST008154,2,50,1520.0,5,4,2,542,Champions
CUST008155,21,7,1941.3200000000002,4,1,2,412,Needs Attention
CUST008156,11,155,25497.94,4,5,5,455,Champions
CUST008157,673,3,0.0,1,1,1,111,Lost Customers
CUST008158,31,27,3677.86,3,3,3,333,Needs Attention
CUST008161,17,36,9234.87,4,4,5,445,Champions
CUST008162,193,10,0.0,2,1,1,211,Lost Customers
CUST008163,16,69,11769.76,4,5,5,455,Champions
CUST008164,3,78,9411.0,5,5,5,555,Champions
CUST008165,751,1,0.0,1,1,1,111,Lost Customers
CUST008166,316,18,3932.2799999999997,1,2,3,123,Lost Customers
CUST008167,139,17,254.99,2,2,1,221,Lost Customers
CUST008168,22,12,163.4,4,2,1,421,Potential Loyalists
CUST008169,104,7,1422.57,2,1,2,212,Lost Customers
CUST008170,822,3,0.0,1,1,1,111,Lost Customers
CUST008171,709,22,5010.01,1,3,4,134,Needs Attention
CUST008172,5,102,12410.82,5,5,5,555,Champions
CUST008173,4,45,3992.1400000000003,5,4,3,543,Champions
CUST008174,13,109,11409.82,4,5,5,455,Champions
CUST008175,105,24,3004.2400000000002,2,3,3,233,Needs Attention
CUST008177,473,23,3751.2799999999997,1,3,3,133,Needs Attention
CUST008178,7,27,4536.84,5,3,4,534,Potential Loyalists
CUST008179,46,34,7344.55,3,4,4,344,Loyal Customers
CUST008180,510,14,3790.19,1,2,3,123,Lost Customers
CUST008182,11,59,12169.84,4,5,5,455,Champions
CUST008183,12,63,11621.9,4,5,5,455,Champions
CUST008184,5,37,6175.47,5,4,4,544,Champions
CUST008185,17,14,3620.8599999999997,4,2,3,423,Potential Loyalists
CUST008186,101,13,6001.21,2,2,4,224,Lost Customers
CUST008187,534,17,2322.64,1,2,3,123,Lost Customers
CUST008188,12,25,1987.67,4,3,2,432,Potential Loyalists
CUST008189,23,25,11345.96,3,3,5,335,Needs Attention
CUST008190,27,18,2394.25,3,2,3,323,Needs Attention
CUST008191,3,250,38059.18,5,5,5,555,Champions
CUST008192,439,6,122.22,1,1,1,111,Lost Customers
CUST008193,252,6,0.0,2,1,1,211,Lost Customers
CUST008194,834,2,0.0,1,1,1,111,Lost Customers
CUST008195,6,21,3137.8900000000003,5,3,3,533,Potential Loyalists
CUST008196,813,5,115.51,1,1,1,111,Lost Customers
CUST008197,3,49,7097.63,5,4,4,544,Champions
CUST008198,5,109,29447.45,5,5,5,555,Champions
CUST008199,26,5,207.5,3,1,1,311,Needs Attention
CUST008200,31,23,9212.33,3,3,5,335,Needs Attention
CUST008201,13,33,1773.31,4,4,2,442,Champions
CUST008202,8,53,8298.66,5,5,4,554,Champions
CUST008204,16,51,1445.22,4,4,2,442,Champions
CUST008205,41,33,5653.54,3,4,4,344,Loyal Customers
CUST008206,229,13,196.87,2,2,1,221,Lost Customers
CUST008208,2,19,2406.68,5,3,3,533,Potential Loyalists
CUST008209,689,14,201.93,1,2,1,121,Lost Customers
CUST008210,56,29,9074.189999999999,3,3,5,335,Needs Attention
CUST008211,201,4,205.98,2,1,1,211,Lost Customers
CUST008212,9,22,976.5,4,3,2,432,Potential Loyalists
CUST008213,364,40,7491.75,1,4,4,144,At Risk
CUST008214,36,62,7371.32,3,5,4,354,Loyal Customers
CUST008216,79,41,16615.24,2,4,5,245,At Risk
CUST008217,2,120,5404.08,5,5,4,554,Champions
CUST008218,212,37,13453.62,2,4,5,245,At Risk
CUST008219,78,19,3286.56,2,3,3,233,Needs Attention
CUST008220,18,19,1778.67,4,3,2,432,Potential Loyalists
CUST008221,48,33,7923.89,3,4,4,344,Loyal Customers
CUST008222,934,1,0.0,1,1,1,111,Lost Customers
CUST008223,158,21,3560.0900000000006,2,3,3,233,Needs Attention
CUST008224,106,17,3116.7000000000003,2,2,3,223,Lost Customers
CUST008226,57,13,702.12,3,2,2,322,Needs Attention
CUST008227,26,46,2917.9100000000003,3,4,3,343,Loyal Customers
CUST008228,474,15,1511.92,1,2,2,122,Lost Customers
CUST008229,28,33,5286.72,3,4,4,344,Loyal Customers
CUST008230,248,32,1092.19,2,4,2,242,At Risk
CUST008231,12,23,3400.75,4,3,3,433,Potential Loyalists
CUST008232,483,30,1876.85,1,3,2,132,Needs Attention
CUST008233,6,24,3521.1800000000003,5,3,3,533,Potential Loyalists
CUST008234,1,10,1773.44,5,1,2,512,Needs Attention
CUST008235,4,155,28980.26,5,5,5,555,Champions
CUST008236,6,65,5228.02,5,5,4,554,Champions
CUST008237,260,17,7235.68,2,2,4,224,Lost Customers
CUST008238,17,12,1649.59,4,2,2,422,Potential Loyalists
CUST008239,36,26,5919.650000000001,3,3,4,334,Needs Attention
CUST008240,57,26,4183.33,3,3,3,333,Needs Attention
CUST008241,2,94,12832.5,5,5,5,555,Champions
CUST008242,71,32,1799.92,2,4,2,242,At Risk
CUST008243,14,18,203.12,4,2,1,421,Potential Loyalists
CUST008244,639,37,12808.51,1,4,5,145,At Risk
CUST008245,17,46,4854.48,4,4,4,444,Champions
CUST008246,48,27,6756.87,3,3,4,334,Needs Attention
CUST008247,54,47,2917.6,3,4,3,343,Loyal Customers
CUST008248,14,25,1108.94,4,3,2,432,Potential Loyalists
CUST008249,383,14,1967.4,1,2,2,122,Lost Customers
CUST008250,6,79,12593.39,5,5,5,555,Champions
CUST008251,7,60,6441.700000000001,5,5,4,554,Champions
CUST008252,340,14,3879.1,1,2,3,123,Lost Customers
CUST008253,18,121,25761.32,4,5,5,455,Champions
CUST008254,3,5,1145.49,5,1,2,512,Needs Attention
CUST008255,14,166,17861.32,4,5,5,455,Champions
CUST008256,15,9,417.54,4,1,1,411,Needs Attention
CUST008257,93,22,1608.39,2,3,2,232,Needs Attention
CUST008258,43,34,4408.38,3,4,3,343,Loyal Customers
CUST008259,14,40,4912.91,4,4,4,444,Champions
CUST008260,1,74,14494.56,5,5,5,555,Champions
CUST008261,11,18,0.0,4,2,1,421,Potential Loyalists
CUST008262,6,50,9268.05,5,4,5,545,Champions
CUST008263,4,24,8470.89,5,3,4,534,Potential Loyalists
CUST008264,763,8,1477.9,1,1,2,112,Lost Customers
CUST008265,325,13,0.0,1,2,1,121,Lost Customers
CUST008266,106,13,3568.52,2,2,3,223,Lost Customers
CUST008268,346,6,2631.47,1,1,3,113,Lost Customers
CUST008269,39,40,9543.130000000001,3,4,5,345,Loyal Customers
CUST008270,3,66,9473.92,5,5,5,555,Champions
CUST008271,34,16,3717.02,3,2,3,323,Needs Attention
CUST008273,527,11,2442.6000000000004,1,2,3,123,Lost Customers
CUST008274,20,22,2559.12,4,3,3,433,Potential Loyalists
CUST008275,12,61,6775.03,4,5,4,454,Champions
CUST008276,408,9,1716.13,1,1,2,112,Lost Customers
CUST008279,499,7,90.0,1,1,1,111,Lost Customers
CUST008280,165,16,4175.73,2,2,3,223,Lost Customers
CUST008281,112,21,2775.76,2,3,3,233,Needs Attention
CUST008282,6,54,3400.03,5,5,3,553,Champions
CUST008283,85,14,4377.63,2,2,3,223,Lost Customers
CUST008284,46,27,421.0,3,3,1,331,Needs Attention
CUST008285,23,27,2858.39,3,3,3,333,Needs Attention
CUST008286,23,31,2549.1000000000004,3,4,3,343,Loyal Customers
CUST008287,56,39,6507.93,3,4,4,344,Loyal Customers
CUST008288,102,43,14945.4,2,4,5,245,At Risk
CUST008289,172,8,2213.4,2,1,3,213,Lost Customers
CUST008290,6,81,15971.81,5,5,5,555,Champions
CUST008291,6,21,1627.66,5,3,2,532,Potential Loyalists
CUST008292,40,16,615.96,3,2,1,321,Needs Attention
CUST008293,2,25,3417.77,5,3,3,533,Potential Loyalists
CUST008294,48,17,741.65,3,2,2,322,Needs Attention
CUST008295,716,10,0.0,1,1,1,111,Lost Customers
CUST008296,3,199,18923.02,5,5,5,555,Champions
CUST008297,63,14,686.97,2,2,2,222,Lost Customers
CUST008298,731,12,327.73,1,2,1,121,Lost Customers
CUST008299,13,13,0.0,4,2,1,421,Potential Loyalists
CUST008300,24,60,11885.830000000002,3,5,5,355,Loyal Customers
CUST008301,35,14,211.1,3,2,1,321,Needs Attention
CUST008302,1,20,1687.35,5,3,2,532,Potential Loyalists
CUST008303,78,7,380.84,2,1,1,211,Lost Customers
CUST008304,581,16,3778.9399999999996,1,2,3,123,Lost Customers
CUST008305,562,13,1004.94,1,2,2,122,Lost Customers
CUST008307,151,19,230.28,2,3,1,231,Needs Attention
CUST008308,20,91,9922.73,4,5,5,455,Champions
CUST008309,180,7,6988.43,2,1,4,214,Lost Customers
CUST008310,612,2,0.0,1,1,1,111,Lost Customers
CUST008311,5,40,5640.98,5,4,4,544,Champions
CUST008312,119,12,791.3,2,2,2,222,Lost Customers
CUST008313,20,52,11877.14,4,5,5,455,Champions
CUST008314,68,15,2413.75,2,2,3,223,Lost Customers
CUST008315,5,57,4826.24,5,5,4,554,Champions
CUST008317,136,12,2169.33,2,2,2,222,Lost Customers
CUST008318,47,9,681.3100000000001,3,1,2,312,Needs Attention
CUST008320,5,139,19100.05,5,5,5,555,Champions
CUST008321,77,19,1908.3799999999999,2,3,2,232,Needs Attention
CUST008322,113,19,1568.1,2,3,2,232,Needs Attention
CUST008323,995,1,409.23,1,1,1,111,Lost Customers
CUST008324,6,27,2504.3900000000003,5,3,3,533,Potential Loyalists
CUST008325,35,30,337.94,3,3,1,331,Needs Attention
CUST008326,457,4,925.32,1,1,2,112,Lost Customers
CUST008327,670,56,3774.38,1,5,3,153,At Risk
CUST008328,119,12,223.28,2,2,1,221,Lost Customers
CUST008329,101,20,640.22,2,3,2,232,Needs Attention
CUST008330,59,27,6518.43,2,3,4,234,Needs Attention
CUST008331,2,137,29838.489999999998,5,5,5,555,Champions
CUST008332,517,8,382.24,1,1,1,111,Lost Customers
CUST008333,9,147,14811.79,4,5,5,455,Champions
CUST008334,6,50,14257.93,5,4,5,545,Champions
CUST008335,5,43,6055.4400000000005,5,4,4,544,Champions
CUST008337,21,61,1997.83,4,5,2,452,Champions
CUST008338,93,23,4092.89,2,3,3,233,Needs Attention
CUST008339,23,89,5590.08,3,5,4,354,Loyal Customers
CUST008340,19,19,2474.82,4,3,3,433,Potential Loyalists
CUST008341,620,7,1967.28,1,1,2,112,Lost Customers
CUST008342,38,16,218.11,3,2,1,321,Needs Attention
CUST008343,7,9,4971.7,5,1,4,514,Needs Attention
CUST008344,2,67,12417.390000000001,5,5,5,555,Champions
CUST008345,124,59,13099.749999999998,2,5,5,255,At Risk
CUST008346,12,89,26899.29,4,5,5,455,Champions
CUST008347,93,7,323.35,2,1,1,211,Lost Customers
CUST008348,7,76,6368.73,5,5,4,554,Champions
CUST008349,6,207,19345.64,5,5,5,555,Champions
CUST008350,578,12,5182.469999999999,1,2,4,124,Lost Customers
CUST008351,5,105,10456.16,5,5,5,555,Champions
CUST008352,15,26,625.16,4,3,1,431,Potential Loyalists
CUST008353,49,13,2226.0299999999997,3,2,3,323,Needs Attention
CUST008355,500,47,2017.31,1,4,2,142,At Risk
CUST008356,149,11,374.96000000000004,2,2,1,221,Lost Customers
CUST008357,24,24,4439.08,3,3,4,334,Needs Attention
CUST008358,2,47,11921.57,5,4,5,545,Champions
CUST008359,294,17,4193.59,1,2,3,123,Lost Customers
CUST008360,260,40,10524.289999999999,2,4,5,245,At Risk
CUST008361,29,26,4404.97,3,3,3,333,Needs Attention
CUST008362,40,48,16598.11,3,4,5,345,Loyal Customers
CUST008363,144,17,765.17,2,2,2,222,Lost Customers
CUST008364,37,31,2613.49,3,4,3,343,Loyal Customers
CUST008366,13,73,11104.99,4,5,5,455,Champions
CUST008367,13,17,4238.4400000000005,4,2,3,423,Potential Loyalists
CUST008368,3,77,6850.9,5,5,4,554,Champions
CUST008369,554,6,249.93,1,1,1,111,Lost Customers
CUST008370,280,30,5446.18,1,3,4,134,Needs Attention
CUST008371,2,17,781.58,5,2,2,522,Potential Loyalists
CUST008372,815,5,0.0,1,1,1,111,Lost Customers
CUST008373,535,3,0.0,1,1,1,111,Lost Customers
CUST008374,900,3,0.0,1,1,1,111,Lost Customers
CUST008375,282,17,3225.25,1,2,3,123,Lost Customers
CUST008377,503,26,5509.09,1,3,4,134,Needs Attention
CUST008378,8,16,47.46,5,2,1,521,Potential Loyalists
CUST008379,147,8,324.62,2,1,1,211,Lost Customers
CUST008380,21,6,343.06,4,1,1,411,Needs Attention
CUST008381,10,54,10329.630000000001,4,5,5,455,Champions
CUST008382,371,65,14072.609999999999,1,5,5,155,At Risk
CUST008383,56,65,6526.56,3,5,4,354,Loyal Customers
CUST008384,2,39,7148.29,5,4,4,544,Champions
CUST008385,13,62,12556.32,4,5,5,455,Champions
CUST008387,31,46,16782.579999999998,3,4,5,345,Loyal Customers
CUST008388,2,56,9369.83,5,5,5,555,Champions
CUST008389,115,19,2667.87,2,3,3,233,Needs Attention
CUST008390,58,8,758.86,2,1,2,212,Lost Customers
CUST008391,7,10,1182.95,5,1,2,512,Needs Attention
CUST008392,23,26,6754.78,3,3,4,334,Needs Attention
CUST008393,371,22,2224.4300000000003,1,3,3,133,Needs Attention
CUST008394,2,153,32553.989999999998,5,5,5,555,Champions
CUST008395,29,37,10683.0,3,4,5,345,Loyal Customers
CUST008396,5,82,12291.69,5,5,5,555,Champions
CUST008397,42,26,690.01,3,3,2,332,Needs Attention
CUST008398,14,18,1149.83,4,2,2,422,Potential Loyalists
CUST008399,61,6,343.47999999999996,2,1,1,211,Lost Customers
CUST008400,222,16,0.0,2,2,1,221,Lost Customers
CUST008401,55,40,3210.12,3,4,3,343,Loyal Customers
CUST008402,831,3,224.58,1,1,1,111,Lost Customers
CUST008403,9,85,16458.8,4,5,5,455,Champions
CUST008404,635,3,0.0,1,1,1,111,Lost Customers
CUST008405,96,34,2775.5699999999997,2,4,3,243,At Risk
CUST008406,22,159,15685.11,4,5,5,455,Champions
CUST008407,20,24,5110.17,4,3,4,434,Potential Loyalists
CUST008408,11,53,10399.42,4,5,5,455,Champions
CUST008409,1,25,2980.33,5,3,3,533,Potential Loyalists
CUST008410,32,37,5017.76,3,4,4,344,Loyal Customers
CUST008411,28,60,12593.170000000002,3,5,5,355,Loyal Customers
CUST008412,8,40,8255.25,5,4,4,544,Champions
CUST008413,760,2,0.0,1,1,1,111,Lost Customers
CUST008414,18,29,2656.0,4,3,3,433,Potential Loyalists
CUST008415,4,86,20328.72,5,5,5,555,Champions
CUST008416,12,42,15098.66,4,4,5,445,Champions
CUST008417,9,39,8853.25,4,4,5,445,Champions
CUST008418,658,4,3480.59,1,1,3,113,Lost Customers
CUST008419,75,17,1863.8899999999999,2,2,2,222,Lost Customers
CUST008420,1,49,5000.59,5,4,4,544,Champions
CUST008421,40,46,11483.119999999999,3,4,5,345,Loyal Customers
CUST008422,62,56,11319.1,2,5,5,255,At Risk
CUST008423,5,33,6253.01,5,4,4,544,Champions
CUST008424,44,41,12563.16,3,4,5,345,Loyal Customers
CUST008425,37,24,2710.56,3,3,3,333,Needs Attention
CUST008426,264,12,3808.9700000000003,1,2,3,123,Lost Customers
CUST008427,10,3,1067.56,4,1,2,412,Needs Attention
CUST008428,86,38,7056.75,2,4,4,244,At Risk
CUST008429,8,33,6432.84,5,4,4,544,Champions
CUST008430,95,8,3689.15,2,1,3,213,Lost Customers
CUST008431,169,8,1329.07,2,1,2,212,Lost Customers
CUST008432,64,36,8809.880000000001,2,4,5,245,At Risk
CUST008433,8,32,9947.85,5,4,5,545,Champions
CUST008434,16,52,16461.33,4,5,5,455,Champions
CUST008435,5,133,14841.66,5,5,5,555,Champions
CUST008436,129,5,435.32,2,1,1,211,Lost Customers
CUST008437,18,14,392.57000000000005,4,2,1,421,Potential Loyalists
CUST008438,6,23,1329.5900000000001,5,3,2,532,Potential Loyalists
CUST008439,3,66,5660.3,5,5,4,554,Champions
CUST008440,173,5,0.0,2,1,1,211,Lost Customers
CUST008441,9,150,23726.46,4,5,5,455,Champions
CUST008442,186,16,740.84,2,2,2,222,Lost Customers
CUST008443,550,4,287.25,1,1,1,111,Lost Customers
CUST008445,49,28,5399.93,3,3,4,334,Needs Attention
CUST008447,285,14,7195.009999999999,1,2,4,124,Lost Customers
CUST008448,96,36,3126.75,2,4,3,243,At Risk
CUST008449,770,10,959.84,1,1,2,112,Lost Customers
CUST008450,17,22,2398.17,4,3,3,433,Potential Loyalists
CUST008451,1,269,41258.64,5,5,5,555,Champions
CUST008452,103,32,10134.060000000001,2,4,5,245,At Risk
CUST008453,2,67,13553.0,5,5,5,555,Champions
CUST008454,56,94,19089.05,3,5,5,355,Loyal Customers
CUST008456,98,90,6706.71,2,5,4,254,At Risk
CUST008457,90,4,0.0,2,1,1,211,Lost Customers
CUST008458,3,17,5758.93,5,2,4,524,Potential Loyalists
CUST008460,6,40,10957.71,5,4,5,545,Champions
CUST008461,16,30,5756.87,4,3,4,434,Potential Loyalists
CUST008462,68,28,818.7,2,3,2,232,Needs Attention
CUST008463,12,32,1677.92,4,4,2,442,Champions
CUST008464,8,12,118.44,5,2,1,521,Potential Loyalists
CUST008465,96,7,603.9,2,1,1,211,Lost Customers
CUST008466,41,79,13836.6,3,5,5,355,Loyal Customers
CUST008467,10,57,10816.49,4,5,5,455,Champions
CUST008468,4,97,26990.66,5,5,5,555,Champions
CUST008469,6,18,1072.83,5,2,2,522,Potential Loyalists
CUST008470,5,45,2263.85,5,4,3,543,Champions
CUST008471,146,19,2408.84,2,3,3,233,Needs Attention
CUST008472,27,70,6587.66,3,5,4,354,Loyal Customers
CUST008473,16,58,5235.33,4,5,4,454,Champions
CUST008474,9,35,9002.67,4,4,5,445,Champions
CUST008475,31,22,3553.72,3,3,3,333,Needs Attention
CUST008476,7,48,10851.9,5,4,5,545,Champions
CUST008478,188,17,1999.6599999999999,2,2,2,222,Lost Customers
CUST008479,424,4,564.84,1,1,1,111,Lost Customers
CUST008480,162,17,787.18,2,2,2,222,Lost Customers
CUST008481,19,103,19832.53,4,5,5,455,Champions
CUST008482,89,75,8275.71,2,5,4,254,At Risk
CUST008483,30,10,0.0,3,1,1,311,Needs Attention
CUST008484,30,13,0.0,3,2,1,321,Needs Attention
CUST008485,4,89,14431.27,5,5,5,555,Champions
CUST008486,54,8,212.8,3,1,1,311,Needs Attention
CUST008487,313,21,919.52,1,3,2,132,Needs Attention
CUST008488,21,38,2524.05,4,4,3,443,Champions
CUST008489,20,121,26749.04,4,5,5,455,Champions
CUST008490,3,20,2354.45,5,3,3,533,Potential Loyalists
CUST008491,183,64,4775.38,2,5,4,254,At Risk
CUST008492,25,31,821.1100000000001,3,4,2,342,Loyal Customers
CUST008493,347,37,7778.88,1,4,4,144,At Risk
CUST008494,38,5,913.0,3,1,2,312,Needs Attention
CUST008495,103,4,227.62,2,1,1,211,Lost Customers
CUST008496,936,4,2804.76,1,1,3,113,Lost Customers
CUST008497,19,45,7747.030000000001,4,4,4,444,Champions
CUST008498,193,5,0.0,2,1,1,211,Lost Customers
CUST008499,8,16,615.28,5,2,1,521,Potential Loyalists
CUST008500,552,17,1318.52,1,2,2,122,Lost Customers
CUST008501,18,48,14042.82,4,4,5,445,Champions
CUST008502,42,29,7303.3,3,3,4,334,Needs Attention
CUST008503,6,68,18092.87,5,5,5,555,Champions
CUST008504,156,10,2560.55,2,1,3,213,Lost Customers
CUST008505,821,1,0.0,1,1,1,111,Lost Customers
CUST008506,500,39,7632.0599999999995,1,4,4,144,At Risk
CUST008508,34,29,7412.1,3,3,4,334,Needs Attention
CUST008509,2,154,11538.72,5,5,5,555,Champions
CUST008510,5,8,2797.2799999999997,5,1,3,513,Needs Attention
CUST008511,8,57,4019.66,5,5,3,553,Champions
CUST008513,52,21,403.33,3,3,1,331,Needs Attention
CUST008514,16,57,8753.69,4,5,5,455,Champions
CUST008515,576,4,0.0,1,1,1,111,Lost Customers
CUST008516,115,18,352.14,2,2,1,221,Lost Customers
CUST008517,3,32,3883.25,5,4,3,543,Champions
CUST008518,3,55,6392.17,5,5,4,554,Champions
CUST008519,3,83,8347.220000000001,5,5,4,554,Champions
CUST008520,2,86,6104.2,5,5,4,554,Champions
CUST008521,68,30,934.67,2,3,2,232,Needs Attention
CUST008522,12,92,16947.91,4,5,5,455,Champions
CUST008523,29,34,3854.06,3,4,3,343,Loyal Customers
CUST008524,32,75,9944.95,3,5,5,355,Loyal Customers
CUST008525,1,27,1518.12,5,3,2,532,Potential Loyalists
CUST008526,5,46,11256.17,5,4,5,545,Champions
CUST008527,7,31,633.22,5,4,2,542,Champions
CUST008528,150,11,1377.7,2,2,2,222,Lost Customers
CUST008529,217,7,646.96,2,1,2,212,Lost Customers
CUST008530,513,14,2992.75,1,2,3,123,Lost Customers
CUST008531,233,7,984.8700000000001,2,1,2,212,Lost Customers
CUST008532,9,44,3016.59,4,4,3,443,Champions
CUST008533,18,46,8343.34,4,4,4,444,Champions
CUST008534,7,45,2482.94,5,4,3,543,Champions
CUST008535,9,14,136.84,4,2,1,421,Potential Loyalists
CUST008536,775,12,995.32,1,2,2,122,Lost Customers
CUST008537,493,35,2393.26,1,4,3,143,At Risk
CUST008538,54,33,8903.0,3,4,5,345,Loyal Customers
CUST008539,2,35,4173.87,5,4,3,543,Champions
CUST008540,2,34,2739.57,5,4,3,543,Champions
CUST008541,371,32,6184.669999999999,1,4,4,144,At Risk
CUST008542,4,26,6591.74,5,3,4,534,Potential Loyalists
CUST008543,208,21,1091.24,2,3,2,232,Needs Attention
CUST008544,22,79,7239.1,4,5,4,454,Champions
CUST008545,4,155,16745.6,5,5,5,555,Champions
CUST008546,86,8,1522.6100000000001,2,1,2,212,Lost Customers
CUST008547,6,25,3142.86,5,3,3,533,Potential Loyalists
CUST008548,687,3,0.0,1,1,1,111,Lost Customers
CUST008549,14,111,6564.16,4,5,4,454,Champions
CUST008550,2,17,486.99,5,2,1,521,Potential Loyalists
CUST008551,205,9,8291.9,2,1,4,214,Lost Customers
CUST008552,7,53,7757.700000000001,5,5,4,554,Champions
CUST008553,16,148,18968.5,4,5,5,455,Champions
CUST008554,1,54,24741.18,5,5,5,555,Champions
CUST008555,47,22,128.84,3,3,1,331,Needs Attention
CUST008556,20,25,672.67,4,3,2,432,Potential Loyalists
CUST008558,162,6,872.1299999999999,2,1,2,212,Lost Customers
CUST008559,309,18,7524.110000000001,1,2,4,124,Lost Customers
CUST008560,112,15,3998.0299999999997,2,2,3,223,Lost Customers
CUST008561,72,10,0.0,2,1,1,211,Lost Customers
CUST008562,81,15,5014.030000000001,2,2,4,224,Lost Customers
CUST008563,10,68,4848.03,4,5,4,454,Champions
CUST008564,24,44,6199.0,3,4,4,344,Loyal Customers
CUST008565,9,51,7466.04,4,4,4,444,Champions
CUST008566,13,29,1605.6,4,3,2,432,Potential Loyalists
CUST008567,8,37,7858.56,5,4,4,544,Champions
CUST008568,651,7,1412.51,1,1,2,112,Lost Customers
CUST008569,38,33,5974.3,3,4,4,344,Loyal Customers
CUST008570,2,39,2104.44,5,4,2,542,Champions
CUST008571,2,50,10679.89,5,4,5,545,Champions
CUST008572,787,1,0.0,1,1,1,111,Lost Customers
CUST008573,11,24,2424.5,4,3,3,433,Potential Loyalists
CUST008575,4,488,63379.11,5,5,5,555,Champions
CUST008576,10,53,5567.52,4,5,4,454,Champions
CUST008577,35,50,5358.24,3,4,4,344,Loyal Customers
CUST008578,58,22,2894.32,2,3,3,233,Needs Attention
CUST008579,22,22,1148.71,4,3,2,432,Potential Loyalists
CUST008580,4,37,2728.4300000000003,5,4,3,543,Champions
CUST008581,765,6,0.0,1,1,1,111,Lost Customers
CUST008582,273,3,0.0,1,1,1,111,Lost Customers
CUST008583,6,5,2760.04,5,1,3,513,Needs Attention
CUST008584,278,10,607.73,1,1,1,111,Lost Customers
CUST008585,214,33,1901.77,2,4,2,242,At Risk
CUST008586,17,31,5822.51,4,4,4,444,Champions
CUST008587,11,85,10324.59,4,5,5,455,Champions
CUST008588,17,16,226.24,4,2,1,421,Potential Loyalists
CUST008589,681,3,0.0,1,1,1,111,Lost Customers
CUST008590,4,104,9587.56,5,5,5,555,Champions
CUST008591,86,40,2354.44,2,4,3,243,At Risk
CUST008592,6,56,2495.74,5,5,3,553,Champions
CUST008593,4,163,41515.57,5,5,5,555,Champions
CUST008594,49,10,2275.03,3,1,3,313,Needs Attention
CUST008595,29,17,1949.6000000000001,3,2,2,322,Needs Attention
CUST008596,80,19,7588.25,2,3,4,234,Needs Attention
CUST008597,152,8,477.89,2,1,1,211,Lost Customers
CUST008598,33,22,2254.1499999999996,3,3,3,333,Needs Attention
CUST008599,2,63,9341.7,5,5,5,555,Champions
CUST008600,674,12,126.07,1,2,1,121,Lost Customers
CUST008601,4,47,8030.37,5,4,4,544,Champions
CUST008602,38,31,3692.0800000000004,3,4,3,343,Loyal Customers
CUST008603,135,20,2553.63,2,3,3,233,Needs Attention
CUST008604,3,78,13836.27,5,5,5,555,Champions
CUST008605,129,16,1535.09,2,2,2,222,Lost Customers
CUST008606,726,8,2631.47,1,1,3,113,Lost Customers
CUST008607,920,7,0.0,1,1,1,111,Lost Customers
CUST008608,541,52,3231.76,1,5,3,153,At Risk
CUST008609,3,52,4929.21,5,5,4,554,Champions
CUST008610,385,6,923.74,1,1,2,112,Lost Customers
CUST008611,217,18,4707.76,2,2,4,224,Lost Customers
CUST008612,1,35,5424.1900000000005,5,4,4,544,Champions
CUST008613,3,28,5555.45,5,3,4,534,Potential Loyalists
CUST008614,636,8,2789.68,1,1,3,113,Lost Customers
CUST008615,7,71,7517.84,5,5,4,554,Champions
CUST008616,3,29,3125.08,5,3,3,533,Potential Loyalists
CUST008617,48,40,14261.47,3,4,5,345,Loyal Customers
CUST008618,29,48,11639.63,3,4,5,345,Loyal Customers
CUST008619,494,7,0.0,1,1,1,111,Lost Customers
CUST008620,4,107,19218.93,5,5,5,555,Champions
CUST008621,41,13,1476.74,3,2,2,322,Needs Attention
CUST008622,23,42,5161.06,3,4,4,344,Loyal Customers
CUST008623,31,82,5295.04,3,5,4,354,Loyal Customers
CUST008624,205,5,273.68,2,1,1,211,Lost Customers
CUST008626,18,50,6128.29,4,4,4,444,Champions
CUST008627,1013,1,0.0,1,1,1,111,Lost Customers
CUST008628,378,15,434.18,1,2,1,121,Lost Customers
CUST008629,86,20,5292.389999999999,2,3,4,234,Needs Attention
CUST008630,4,68,10516.86,5,5,5,555,Champions
CUST008631,147,51,4198.71,2,4,3,243,At Risk
CUST008632,5,8,4181.120000000001,5,1,3,513,Needs Attention
CUST008633,257,8,0.0,2,1,1,211,Lost Customers
CUST008634,26,27,677.86,3,3,2,332,Needs Attention
CUST008635,19,43,6002.84,4,4,4,444,Champions
CUST008637,4,52,6006.17,5,5,4,554,Champions
CUST008638,503,4,211.97,1,1,1,111,Lost Customers
CUST008639,40,3,0.0,3,1,1,311,Needs Attention
CUST008640,105,24,2532.56,2,3,3,233,Needs Attention
CUST008641,4,34,841.4399999999999,5,4,2,542,Champions
CUST008642,15,17,1254.1100000000001,4,2,2,422,Potential Loyalists
CUST008643,36,17,2961.3,3,2,3,323,Needs Attention
CUST008644,361,9,4046.89,1,1,3,113,Lost Customers
CUST008645,837,3,922.94,1,1,2,112,Lost Customers
CUST008646,357,31,15076.29,1,4,5,145,At Risk
CUST008647,2,49,16242.17,5,4,5,545,Champions
CUST008648,48,67,8123.030000000001,3,5,4,354,Loyal Customers
CUST008649,91,21,1991.73,2,3,2,232,Needs Attention
CUST008650,6,15,1015.58,5,2,2,522,Potential Loyalists
CUST008651,299,23,813.65,1,3,2,132,Needs Attention
CUST008652,1,59,11569.57,5,5,5,555,Champions
CUST008653,22,35,3791.86,4,4,3,443,Champions
CUST008654,456,3,574.2,1,1,1,111,Lost Customers
CUST008655,26,11,408.59,3,2,1,321,Needs Attention
CUST008656,79,26,14363.619999999999,2,3,5,235,Needs Attention
CUST008657,1,28,1999.01,5,3,2,532,Potential Loyalists
CUST008659,283,30,2499.1400000000003,1,3,3,133,Needs Attention
CUST008660,717,14,3323.88,1,2,3,123,Lost Customers
CUST008661,62,31,7913.97,2,4,4,244,At Risk
CUST008662,320,21,6457.28,1,3,4,134,Needs Attention
CUST008663,4,36,5857.8,5,4,4,544,Champions
CUST008664,3,30,2719.54,5,3,3,533,Potential Loyalists
CUST008665,8,30,581.75,5,3,1,531,Potential Loyalists
CUST008666,29,32,2027.62,3,4,2,342,Loyal Customers
CUST008667,288,38,12474.27,1,4,5,145,At Risk
CUST008668,1,40,4198.47,5,4,3,543,Champions
CUST008670,95,89,7878.03,2,5,4,254,At Risk
CUST008672,5,15,261.25,5,2,1,521,Potential Loyalists
CUST008673,22,65,4553.96,4,5,4,454,Champions
CUST008674,61,4,1038.5,2,1,2,212,Lost Customers
CUST008675,169,10,1647.1100000000001,2,1,2,212,Lost Customers
CUST008676,36,31,5869.389999999999,3,4,4,344,Loyal Customers
CUST008677,5,40,2315.71,5,4,3,543,Champions
CUST008679,26,21,3407.6400000000003,3,3,3,333,Needs Attention
CUST008680,68,15,831.01,2,2,2,222,Lost Customers
CUST008681,20,19,9259.7,4,3,5,435,Potential Loyalists
CUST008682,720,23,5049.1,1,3,4,134,Needs Attention
CUST008683,8,60,15424.88,5,5,5,555,Champions
CUST008684,30,33,9663.220000000001,3,4,5,345,Loyal Customers
CUST008685,726,7,1836.72,1,1,2,112,Lost Customers
CUST008686,52,9,0.0,3,1,1,311,Needs Attention
CUST008687,247,65,7830.51,2,5,4,254,At Risk
CUST008689,29,19,3139.4,3,3,3,333,Needs Attention
CUST008690,265,50,4529.86,1,4,4,144,At Risk
CUST008691,1,31,3811.3700000000003,5,4,3,543,Champions
CUST008692,750,3,0.0,1,1,1,111,Lost Customers
CUST008693,69,42,6549.37,2,4,4,244,At Risk
CUST008694,602,3,0.0,1,1,1,111,Lost Customers
CUST008695,16,26,3710.24,4,3,3,433,Potential Loyalists
CUST008696,75,27,5713.5199999999995,2,3,4,234,Needs Attention
CUST008697,22,26,2964.21,4,3,3,433,Potential Loyalists
CUST008698,5,38,2735.1400000000003,5,4,3,543,Champions
CUST008699,2,126,32904.979999999996,5,5,5,555,Champions
CUST008701,191,9,753.12,2,1,2,212,Lost Customers
CUST008702,624,1,0.0,1,1,1,111,Lost Customers
CUST008703,218,15,1401.56,2,2,2,222,Lost Customers
CUST008704,7,22,3354.48,5,3,3,533,Potential Loyalists
CUST008705,44,30,3506.0,3,3,3,333,Needs Attention
CUST008706,11,36,8733.83,4,4,5,445,Champions
CUST008707,79,9,0.0,2,1,1,211,Lost Customers
CUST008708,281,6,2221.64,1,1,3,113,Lost Customers
CUST008709,36,38,7530.13,3,4,4,344,Loyal Customers
CUST008710,15,44,4092.39,4,4,3,443,Champions
CUST008711,24,23,1385.28,3,3,2,332,Needs Attention
CUST008712,321,10,261.84000000000003,1,1,1,111,Lost Customers
CUST008713,2,43,5113.46,5,4,4,544,Champions
CUST008714,42,98,12808.859999999999,3,5,5,355,Loyal Customers
CUST008715,21,37,4404.27,4,4,3,443,Champions
CUST008716,35,14,1289.02,3,2,2,322,Needs Attention
CUST008717,115,20,2396.09,2,3,3,233,Needs Attention
CUST008718,68,3,83.92,2,1,1,211,Lost Customers
CUST008719,35,95,11068.41,3,5,5,355,Loyal Customers
CUST008720,2,30,0.0,5,3,1,531,Potential Loyalists
CUST008721,484,8,3540.32,1,1,3,113,Lost Customers
CUST008722,97,28,2956.14,2,3,3,233,Needs Attention
CUST008723,7,34,2165.43,5,4,2,542,Champions
CUST008724,47,17,1813.73,3,2,2,322,Needs Attention
CUST008725,221,17,5390.25,2,2,4,224,Lost Customers
CUST008726,9,14,5077.88,4,2,4,424,Potential Loyalists
CUST008727,53,47,13685.11,3,4,5,345,Loyal Customers
CUST008728,91,22,2007.1599999999999,2,3,2,232,Needs Attention
CUST008730,6,28,1405.89,5,3,2,532,Potential Loyalists
CUST008731,14,44,5059.06,4,4,4,444,Champions
CUST008732,369,16,1894.5,1,2,2,122,Lost Customers
CUST008733,8,136,17178.15,5,5,5,555,Champions
CUST008734,2,31,6796.1,5,4,4,544,Champions
CUST008735,5,47,3178.8500000000004,5,4,3,543,Champions
CUST008736,20,25,3694.46,4,3,3,433,Potential Loyalists
CUST008737,25,30,4428.9400000000005,3,3,4,334,Needs Attention
CUST008738,68,25,2987.9700000000003,2,3,3,233,Needs Attention
CUST008739,4,28,793.27,5,3,2,532,Potential Loyalists
CUST008740,2,47,19916.84,5,4,5,545,Champions
CUST008741,508,7,206.25,1,1,1,111,Lost Customers
CUST008742,148,10,1012.69,2,1,2,212,Lost Customers
CUST008743,37,16,2396.0,3,2,3,323,Needs Attention
CUST008744,13,159,27155.84,4,5,5,455,Champions
CUST008745,85,53,10886.51,2,5,5,255,At Risk
CUST008746,5,60,4628.650000000001,5,5,4,554,Champions
CUST008747,34,13,197.22,3,2,1,321,Needs Attention
CUST008749,269,16,4412.650000000001,1,2,3,123,Lost Customers
CUST008750,17,37,3971.9500000000003,4,4,3,443,Champions
CUST008751,293,14,1737.94,1,2,2,122,Lost Customers
CUST008752,9,48,8841.89,4,4,5,445,Champions
CUST008753,218,9,1740.74,2,1,2,212,Lost Customers
CUST008754,4,27,1471.86,5,3,2,532,Potential Loyalists
CUST008755,140,35,1571.1,2,4,2,242,At Risk
CUST008756,4,4,0.0,5,1,1,511,Needs Attention
CUST008757,1,54,5283.51,5,5,4,554,Champions
CUST008758,12,51,3299.97,4,4,3,443,Champions
CUST008759,3,7,988.47,5,1,2,512,Needs Attention
CUST008760,24,16,1885.56,3,2,2,322,Needs Attention
CUST008761,5,20,4987.25,5,3,4,534,Potential Loyalists
CUST008762,13,39,1024.55,4,4,2,442,Champions
CUST008763,83,27,8577.029999999999,2,3,5,235,Needs Attention
CUST008764,3,43,7746.23,5,4,4,544,Champions
CUST008766,78,15,2503.91,2,2,3,223,Lost Customers
CUST008768,22,64,5703.7,4,5,4,454,Champions
CUST008769,3,97,15754.85,5,5,5,555,Champions
CUST008770,8,42,4949.89,5,4,4,544,Champions
CUST008771,26,17,1660.09,3,2,2,322,Needs Attention
CUST008772,63,15,833.2,2,2,2,222,Lost Customers
CUST008773,124,8,1501.23,2,1,2,212,Lost Customers
CUST008774,854,9,118.44,1,1,1,111,Lost Customers
CUST008775,874,4,0.0,1,1,1,111,Lost Customers
CUST008776,2,9,234.78,5,1,1,511,Needs Attention
CUST008777,461,11,290.29,1,2,1,121,Lost Customers
CUST008778,727,9,762.42,1,1,2,112,Lost Customers
CUST008779,476,9,3132.26,1,1,3,113,Lost Customers
CUST008780,9,37,3810.52,4,4,3,443,Champions
CUST008781,1,21,2540.46,5,3,3,533,Potential Loyalists
CUST008782,16,14,7151.46,4,2,4,424,Potential Loyalists
CUST008783,30,39,17596.91,3,4,5,345,Loyal Customers
CUST008784,6,27,965.07,5,3,2,532,Potential Loyalists
CUST008785,16,11,6838.139999999999,4,2,4,424,Potential Loyalists
CUST008786,8,192,30050.5,5,5,5,555,Champions
CUST008787,7,39,2692.05,5,4,3,543,Champions
CUST008788,25,24,11291.78,3,3,5,335,Needs Attention
CUST008789,16,106,12502.93,4,5,5,455,Champions
CUST008790,31,119,16858.65,3,5,5,355,Loyal Customers
CUST008791,36,16,3213.13,3,2,3,323,Needs Attention
CUST008792,19,34,3007.3500000000004,4,4,3,443,Champions
CUST008793,75,20,962.0699999999999,2,3,2,232,Needs Attention
CUST008794,74,23,2862.42,2,3,3,233,Needs Attention
CUST008795,22,20,120.0,4,3,1,431,Potential Loyalists
CUST008796,29,27,1802.56,3,3,2,332,Needs Attention
CUST008797,16,44,13954.87,4,4,5,445,Champions
CUST008798,20,48,10168.880000000001,4,4,5,445,Champions
CUST008799,57,30,8641.07,3,3,5,335,Needs Attention
CUST008800,12,12,2036.4199999999998,4,2,2,422,Potential Loyalists
CUST008801,127,13,826.04,2,2,2,222,Lost Customers
CUST008802,35,17,5501.08,3,2,4,324,Needs Attention
CUST008803,6,26,4901.28,5,3,4,534,Potential Loyalists
CUST008804,30,103,6855.6,3,5,4,354,Loyal Customers
CUST008805,191,7,193.82,2,1,1,211,Lost Customers
CUST008806,341,22,1294.52,1,3,2,132,Needs Attention
CUST008807,33,57,3193.58,3,5,3,353,Loyal Customers
CUST008808,6,19,7486.429999999999,5,3,4,534,Potential Loyalists
CUST008809,15,52,3181.95,4,5,3,453,Champions
CUST008810,191,22,8263.36,2,3,4,234,Needs Attention
CUST008811,31,44,4460.42,3,4,4,344,Loyal Customers
CUST008812,9,34,3198.09,4,4,3,443,Champions
CUST008813,155,39,1423.26,2,4,2,242,At Risk
CUST008814,480,4,0.0,1,1,1,111,Lost Customers
CUST008815,140,21,3130.87,2,3,3,233,Needs Attention
CUST008816,29,32,2490.27,3,4,3,343,Loyal Customers
CUST008817,40,38,7142.67,3,4,4,344,Loyal Customers
CUST008818,14,92,17312.54,4,5,5,455,Champions
CUST008819,832,2,0.0,1,1,1,111,Lost Customers
CUST008820,8,78,7259.96,5,5,4,554,Champions
CUST008821,701,7,637.71,1,1,2,112,Lost Customers
CUST008822,5,102,10732.27,5,5,5,555,Champions
CUST008823,616,7,2149.27,1,1,2,112,Lost Customers
CUST008825,592,18,1661.31,1,2,2,122,Lost Customers
CUST008826,16,28,5347.5,4,3,4,434,Potential Loyalists
CUST008827,6,40,2659.97,5,4,3,543,Champions
CUST008828,700,2,0.0,1,1,1,111,Lost Customers
CUST008830,21,76,10129.32,4,5,5,455,Champions
CUST008831,9,29,2203.61,4,3,3,433,Potential Loyalists
CUST008832,42,51,5573.27,3,4,4,344,Loyal Customers
CUST008833,172,29,4831.0,2,3,4,234,Needs Attention
CUST008834,8,111,16808.94,5,5,5,555,Champions
CUST008835,17,19,1003.4100000000001,4,3,2,432,Potential Loyalists
CUST008836,7,15,4213.59,5,2,3,523,Potential Loyalists
CUST008837,35,109,24506.32,3,5,5,355,Loyal Customers
CUST008838,73,24,3859.7299999999996,2,3,3,233,Needs Attention
CUST008839,577,51,6402.05,1,4,4,144,At Risk
CUST008840,602,25,6949.61,1,3,4,134,Needs Attention
CUST008841,773,1,0.0,1,1,1,111,Lost Customers
CUST008843,11,22,7093.42,4,3,4,434,Potential Loyalists
CUST008844,768,5,0.0,1,1,1,111,Lost Customers
CUST008845,17,51,16142.19,4,4,5,445,Champions
CUST008846,6,95,15177.880000000001,5,5,5,555,Champions
CUST008847,33,14,4544.53,3,2,4,324,Needs Attention
CUST008848,13,40,6472.160000000001,4,4,4,444,Champions
CUST008849,6,45,11353.95,5,4,5,545,Champions
CUST008850,29,70,24234.21,3,5,5,355,Loyal Customers
CUST008851,4,54,8011.450000000001,5,5,4,554,Champions
CUST008853,885,2,0.0,1,1,1,111,Lost Customers
CUST008854,33,11,3379.7700000000004,3,2,3,323,Needs Attention
CUST008855,78,25,7890.74,2,3,4,234,Needs Attention
CUST008856,403,25,1119.71,1,3,2,132,Needs Attention
CUST008857,33,30,6454.57,3,3,4,334,Needs Attention
CUST008858,1,81,9653.94,5,5,5,555,Champions
CUST008859,14,39,4497.76,4,4,4,444,Champions
CUST008860,91,7,0.0,2,1,1,211,Lost Customers
CUST008861,79,2,2071.8,2,1,2,212,Lost Customers
CUST008862,265,19,2650.87,1,3,3,133,Needs Attention
CUST008863,840,2,0.0,1,1,1,111,Lost Customers
CUST008865,483,2,0.0,1,1,1,111,Lost Customers
CUST008866,12,22,2402.79,4,3,3,433,Potential Loyalists
CUST008867,8,22,6239.25,5,3,4,534,Potential Loyalists
CUST008868,19,41,7155.09,4,4,4,444,Champions
CUST008869,16,34,2725.83,4,4,3,443,Champions
CUST008870,9,122,10407.210000000001,4,5,5,455,Champions
CUST008871,17,10,1133.46,4,1,2,412,Needs Attention
CUST008872,45,75,13219.28,3,5,5,355,Loyal Customers
CUST008874,41,35,2822.3900000000003,3,4,3,343,Loyal Customers
CUST008876,12,58,7149.66,4,5,4,454,Champions
CUST008877,499,17,1181.7,1,2,2,122,Lost Customers
CUST008878,358,12,965.11,1,2,2,122,Lost Customers
CUST008879,80,20,3618.64,2,3,3,233,Needs Attention
CUST008880,31,20,2037.3,3,3,2,332,Needs Attention
CUST008881,985,5,247.64,1,1,1,111,Lost Customers
CUST008882,83,15,975.2,2,2,2,222,Lost Customers
CUST008883,54,24,4133.549999999999,3,3,3,333,Needs Attention
CUST008884,604,22,6895.469999999999,1,3,4,134,Needs Attention
CUST008885,610,14,417.48,1,2,1,121,Lost Customers
CUST008886,6,77,7708.96,5,5,4,554,Champions
CUST008887,801,17,104.38,1,2,1,121,Lost Customers
CUST008888,15,31,6119.88,4,4,4,444,Champions
CUST008889,252,21,2375.3199999999997,2,3,3,233,Needs Attention
CUST008890,8,63,9506.18,5,5,5,555,Champions
CUST008891,31,33,2381.93,3,4,3,343,Loyal Customers
CUST008892,43,6,456.0,3,1,1,311,Needs Attention
CUST008893,154,21,1587.4099999999999,2,3,2,232,Needs Attention
CUST008894,338,7,1664.26,1,1,2,112,Lost Customers
CUST008895,4,88,14574.31,5,5,5,555,Champions
CUST008896,5,32,3465.94,5,4,3,543,Champions
CUST008897,30,21,7410.4800000000005,3,3,4,334,Needs Attention
CUST008898,20,67,11540.36,4,5,5,455,Champions
CUST008899,34,51,5152.44,3,4,4,344,Loyal Customers
CUST008900,39,17,844.4,3,2,2,322,Needs Attention
CUST008901,3,33,7789.610000000001,5,4,4,544,Champions
CUST008902,387,14,2736.65,1,2,3,123,Lost Customers
CUST008903,114,3,73.4,2,1,1,211,Lost Customers
CUST008904,330,16,6521.209999999999,1,2,4,124,Lost Customers
CUST008905,12,19,9610.07,4,3,5,435,Potential Loyalists
CUST008906,22,21,4794.76,4,3,4,434,Potential Loyalists
CUST008907,36,8,36.51,3,1,1,311,Needs Attention
CUST008908,6,88,14260.38,5,5,5,555,Champions
CUST008909,208,25,4188.9,2,3,3,233,Needs Attention
CUST008910,12,31,268.88,4,4,1,441,Champions
CUST008911,4,51,5347.36,5,4,4,544,Champions
CUST008912,147,10,2657.2799999999997,2,1,3,213,Lost Customers
CUST008914,36,21,867.11,3,3,2,332,Needs Attention
CUST008915,29,11,110.0,3,2,1,321,Needs Attention
CUST008916,56,40,2357.45,3,4,3,343,Loyal Customers
CUST008917,7,92,16843.59,5,5,5,555,Champions
CUST008918,785,1,570.24,1,1,1,111,Lost Customers
CUST008919,12,84,11564.85,4,5,5,455,Champions
CUST008921,319,10,0.0,1,1,1,111,Lost Customers
CUST008922,6,81,6838.22,5,5,4,554,Champions
CUST008923,1,108,18496.67,5,5,5,555,Champions
CUST008924,10,104,15001.72,4,5,5,455,Champions
CUST008925,89,26,6017.4800000000005,2,3,4,234,Needs Attention
CUST008926,229,9,386.82000000000005,2,1,1,211,Lost Customers
CUST008927,31,10,903.29,3,1,2,312,Needs Attention
CUST008929,74,31,1695.06,2,4,2,242,At Risk
CUST008930,37,118,29022.68,3,5,5,355,Loyal Customers
CUST008931,26,25,6282.21,3,3,4,334,Needs Attention
CUST008933,42,100,10004.25,3,5,5,355,Loyal Customers
CUST008934,161,14,199.39,2,2,1,221,Lost Customers
CUST008935,15,183,51523.54,4,5,5,455,Champions
CUST008936,13,112,14835.31,4,5,5,455,Champions
CUST008937,2,21,4990.88,5,3,4,534,Potential Loyalists
CUST008938,592,4,2809.99,1,1,3,113,Lost Customers
CUST008939,9,61,13449.01,4,5,5,455,Champions
CUST008940,38,26,6120.19,3,3,4,334,Needs Attention
CUST008941,11,7,926.05,4,1,2,412,Needs Attention
CUST008942,2,103,12571.16,5,5,5,555,Champions
CUST008943,6,76,8240.26,5,5,4,554,Champions
CUST008944,765,6,0.0,1,1,1,111,Lost Customers
CUST008945,208,12,3164.91,2,2,3,223,Lost Customers
CUST008946,158,10,804.76,2,1,2,212,Lost Customers
CUST008947,12,38,1519.15,4,4,2,442,Champions
CUST008948,63,20,5522.780000000001,2,3,4,234,Needs Attention
CUST008949,34,29,2747.81,3,3,3,333,Needs Attention
CUST008950,6,65,4388.37,5,5,3,553,Champions
CUST008951,8,57,9604.49,5,5,5,555,Champions
CUST008952,3,94,17374.06,5,5,5,555,Champions
CUST008953,280,10,1459.8,1,1,2,112,Lost Customers
CUST008954,643,8,3259.2799999999997,1,1,3,113,Lost Customers
CUST008955,1,53,7601.91,5,5,4,554,Champions
CUST008956,36,42,5344.0,3,4,4,344,Loyal Customers
CUST008957,2,110,16568.27,5,5,5,555,Champions
CUST008958,24,53,10931.56,3,5,5,355,Loyal Customers
CUST008959,36,109,10370.49,3,5,5,355,Loyal Customers
CUST008960,945,1,0.0,1,1,1,111,Lost Customers
CUST008961,9,60,12509.31,4,5,5,455,Champions
CUST008962,80,22,1431.0,2,3,2,232,Needs Attention
CUST008963,37,28,2678.5,3,3,3,333,Needs Attention
CUST008964,4,51,8887.8,5,4,5,545,Champions
CUST008965,1,132,18502.8,5,5,5,555,Champions
CUST008966,13,28,2768.29,4,3,3,433,Potential Loyalists
CUST008967,30,27,7251.1900000000005,3,3,4,334,Needs Attention
CUST008968,26,74,5254.46,3,5,4,354,Loyal Customers
CUST008969,257,7,0.0,2,1,1,211,Lost Customers
CUST008970,53,6,1090.7,3,1,2,312,Needs Attention
CUST008971,9,61,5770.26,4,5,4,454,Champions
CUST008972,41,20,6311.46,3,3,4,334,Needs Attention
CUST008973,10,63,9840.45,4,5,5,455,Champions
CUST008974,9,33,7039.61,4,4,4,444,Champions
CUST008975,9,67,2888.62,4,5,3,453,Champions
CUST008976,5,20,1699.62,5,3,2,532,Potential Loyalists
CUST008977,22,47,10047.72,4,4,5,445,Champions
CUST008978,3,57,3010.9,5,5,3,553,Champions
CUST008979,17,56,8870.76,4,5,5,455,Champions
CUST008980,13,154,22925.04,4,5,5,455,Champions
CUST008981,24,42,5259.55,3,4,4,344,Loyal Customers
CUST008982,77,47,3719.8300000000004,2,4,3,243,At Risk
CUST008983,206,9,88.33,2,1,1,211,Lost Customers
CUST008984,107,28,2018.38,2,3,2,232,Needs Attention
CUST008985,16,15,344.05,4,2,1,421,Potential Loyalists
CUST008986,6,58,6986.24,5,5,4,554,Champions
CUST008987,4,24,395.88,5,3,1,531,Potential Loyalists
CUST008988,8,54,13354.53,5,5,5,555,Champions
CUST008989,100,26,8069.43,2,3,4,234,Needs Attention
CUST008990,9,37,5891.36,4,4,4,444,Champions
CUST008991,628,26,2165.89,1,3,2,132,Needs Attention
CUST008993,69,19,2765.98,2,3,3,233,Needs Attention
CUST008994,175,5,0.0,2,1,1,211,Lost Customers
CUST008995,10,33,6020.95,4,4,4,444,Champions
CUST008996,83,16,6989.36,2,2,4,224,Lost Customers
CUST008997,46,14,1529.57,3,2,2,322,Needs Attention
CUST008998,26,30,7901.7,3,3,4,334,Needs Attention
CUST008999,21,47,2842.13,4,4,3,443,Champions
CUST009000,30,40,8697.16,3,4,5,345,Loyal Customers
CUST009001,800,8,0.0,1,1,1,111,Lost Customers
CUST009003,37,22,1468.42,3,3,2,332,Needs Attention
CUST009004,90,16,3379.92,2,2,3,223,Lost Customers
CUST009005,454,20,7962.07,1,3,4,134,Needs Attention
CUST009006,630,16,1490.4399999999998,1,2,2,122,Lost Customers
CUST009007,721,9,1918.75,1,1,2,112,Lost Customers
CUST009008,6,107,14172.45,5,5,5,555,Champions
CUST009009,15,27,274.21000000000004,4,3,1,431,Potential Loyalists
CUST009010,64,36,4620.59,2,4,4,244,At Risk
CUST009011,26,46,3229.29,3,4,3,343,Loyal Customers
CUST009012,2,50,545.02,5,4,1,541,Champions
CUST009013,348,30,4845.13,1,3,4,134,Needs Attention
CUST009014,3,22,1767.85,5,3,2,532,Potential Loyalists
CUST009015,63,8,0.0,2,1,1,211,Lost Customers
CUST009016,49,8,1886.67,3,1,2,312,Needs Attention
CUST009017,20,34,4431.889999999999,4,4,4,444,Champions
CUST009018,726,2,0.0,1,1,1,111,Lost Customers
CUST009019,58,15,4655.99,2,2,4,224,Lost Customers
CUST009020,3,41,2747.91,5,4,3,543,Champions
CUST009021,26,52,6692.139999999999,3,5,4,354,Loyal Customers
CUST009022,461,7,5024.38,1,1,4,114,Lost Customers
CUST009023,3,73,3882.65,5,5,3,553,Champions
CUST009024,27,13,1149.75,3,2,2,322,Needs Attention
CUST009025,51,64,9909.869999999999,3,5,5,355,Loyal Customers
CUST009028,1,17,11440.01,5,2,5,525,Potential Loyalists
CUST009029,20,46,2916.3199999999997,4,4,3,443,Champions
CUST009030,58,24,4175.23,2,3,3,233,Needs Attention
CUST009031,5,27,5895.71,5,3,4,534,Potential Loyalists
CUST009032,29,42,3168.7799999999997,3,4,3,343,Loyal Customers
CUST009033,55,35,5229.84,3,4,4,344,Loyal Customers
CUST009034,36,24,678.69,3,3,2,332,Needs Attention
CUST009035,373,4,0.0,1,1,1,111,Lost Customers
CUST009036,144,32,3176.27,2,4,3,243,At Risk
CUST009037,328,21,3682.2,1,3,3,133,Needs Attention
CUST009038,347,56,5011.07,1,5,4,154,At Risk
CUST009039,89,20,1754.54,2,3,2,232,Needs Attention
CUST009040,127,12,483.14,2,2,1,221,Lost Customers
CUST009041,272,42,7158.46,1,4,4,144,At Risk
CUST009042,36,33,5314.17,3,4,4,344,Loyal Customers
CUST009043,91,12,12706.0,2,2,5,225,Lost Customers
CUST009044,4,11,651.0,5,2,2,522,Potential Loyalists
CUST009045,6,91,10189.880000000001,5,5,5,555,Champions
CUST009046,16,66,11636.36,4,5,5,455,Champions
CUST009047,761,1,0.0,1,1,1,111,Lost Customers
CUST009048,49,20,241.54,3,3,1,331,Needs Attention
CUST009049,19,92,16102.7,4,5,5,455,Champions
CUST009050,259,15,3297.55,2,2,3,223,Lost Customers
CUST009051,26,17,2092.58,3,2,2,322,Needs Attention
CUST009052,12,27,1785.1000000000001,4,3,2,432,Potential Loyalists
CUST009053,96,14,1310.18,2,2,2,222,Lost Customers
CUST009054,89,8,4217.02,2,1,3,213,Lost Customers
CUST009055,9,63,6582.68,4,5,4,454,Champions
CUST009056,313,7,351.85,1,1,1,111,Lost Customers
CUST009058,48,58,5582.85,3,5,4,354,Loyal Customers
CUST009059,129,7,446.34000000000003,2,1,1,211,Lost Customers
CUST009060,155,17,2125.07,2,2,2,222,Lost Customers
CUST009061,169,52,4701.91,2,5,4,254,At Risk
CUST009062,33,44,21568.73,3,4,5,345,Loyal Customers
CUST009063,11,14,780.98,4,2,2,422,Potential Loyalists
CUST009064,2,68,6923.46,5,5,4,554,Champions
CUST009065,18,46,20473.68,4,4,5,445,Champions
CUST009067,192,8,0.0,2,1,1,211,Lost Customers
CUST009068,41,25,8019.49,3,3,4,334,Needs Attention
CUST009069,28,28,3987.66,3,3,3,333,Needs Attention
CUST009070,136,20,3501.33,2,3,3,233,Needs Attention
CUST009071,9,58,7839.7699999999995,4,5,4,454,Champions
CUST009072,512,4,63.33,1,1,1,111,Lost Customers
CUST009073,71,7,8393.12,2,1,4,214,Lost Customers
CUST009074,10,31,11770.04,4,4,5,445,Champions
CUST009075,738,4,1505.44,1,1,2,112,Lost Customers
CUST009076,129,24,4224.41,2,3,3,233,Needs Attention
CUST009077,261,2,0.0,2,1,1,211,Lost Customers
CUST009078,8,28,2435.1000000000004,5,3,3,533,Potential Loyalists
CUST009079,38,24,1126.19,3,3,2,332,Needs Attention
CUST009080,27,45,10126.52,3,4,5,345,Loyal Customers
CUST009081,29,35,4699.07,3,4,4,344,Loyal Customers
CUST009082,852,2,1329.4,1,1,2,112,Lost Customers
CUST009083,24,51,3454.5699999999997,3,4,3,343,Loyal Customers
CUST009084,300,7,66.42,1,1,1,111,Lost Customers
CUST009085,14,60,7714.74,4,5,4,454,Champions
CUST009086,114,9,714.2,2,1,2,212,Lost Customers
CUST009087,2,19,2720.94,5,3,3,533,Potential Loyalists
CUST009088,116,11,1282.73,2,2,2,222,Lost Customers
CUST009089,113,43,3219.04,2,4,3,243,At Risk
CUST009090,11,30,7532.93,4,3,4,434,Potential Loyalists
CUST009091,1,43,10261.95,5,4,5,545,Champions
CUST009092,471,7,0.0,1,1,1,111,Lost Customers
CUST009093,523,5,925.32,1,1,2,112,Lost Customers
CUST009094,167,11,3932.58,2,2,3,223,Lost Customers
CUST009095,101,24,0.0,2,3,1,231,Needs Attention
CUST009096,28,15,3169.8700000000003,3,2,3,323,Needs Attention
CUST009097,11,108,30673.76,4,5,5,455,Champions
CUST009098,459,4,1951.16,1,1,2,112,Lost Customers
CUST009100,466,72,9568.89,1,5,5,155,At Risk
CUST009101,531,8,0.0,1,1,1,111,Lost Customers
CUST009102,8,10,756.78,5,1,2,512,Needs Attention
CUST009103,96,38,7367.61,2,4,4,244,At Risk
CUST009104,452,16,493.25,1,2,1,121,Lost Customers
CUST009105,189,11,5163.2,2,2,4,224,Lost Customers
CUST009106,529,6,1918.3799999999999,1,1,2,112,Lost Customers
CUST009107,424,166,22320.66,1,5,5,155,At Risk
CUST009108,23,32,10382.22,3,4,5,345,Loyal Customers
CUST009109,138,6,422.18,2,1,1,211,Lost Customers
CUST009110,2,110,5140.71,5,5,4,554,Champions
CUST009111,37,31,915.9300000000001,3,4,2,342,Loyal Customers
CUST009112,25,10,5655.02,3,2,4,324,Needs Attention
CUST009113,105,8,2254.04,2,1,3,213,Lost Customers
CUST009114,1,52,6023.04,5,5,4,554,Champions
CUST009115,75,19,2097.84,2,3,2,232,Needs Attention
CUST009116,42,7,740.14,3,1,2,312,Needs Attention
CUST009117,9,143,18988.47,4,5,5,455,Champions
CUST009118,643,9,2453.82,1,1,3,113,Lost Customers
CUST009119,3,133,22076.3,5,5,5,555,Champions
CUST009120,10,101,9699.96,4,5,5,455,Champions
CUST009121,327,13,823.62,1,2,2,122,Lost Customers
CUST009122,13,70,11994.74,4,5,5,455,Champions
CUST009123,27,19,2217.9700000000003,3,3,3,333,Needs Attention
CUST009124,455,4,116.47,1,1,1,111,Lost Customers
CUST009125,1,21,10529.95,5,3,5,535,Potential Loyalists
CUST009126,603,16,3010.7,1,2,3,123,Lost Customers
CUST009128,2,30,3687.3999999999996,5,3,3,533,Potential Loyalists
CUST009129,3,74,9185.369999999999,5,5,5,555,Champions
CUST009130,17,30,6697.45,4,3,4,434,Potential Loyalists
CUST009131,8,9,34.5,5,1,1,511,Needs Attention
CUST009132,27,48,508.07000000000005,3,4,1,341,Loyal Customers
CUST009133,969,7,743.86,1,1,2,112,Lost Customers
CUST009134,361,2,270.61,1,1,1,111,Lost Customers
CUST009135,198,29,3036.42,2,3,3,233,Needs Attention
CUST009136,24,47,6619.15,3,4,4,344,Loyal Customers
CUST009137,44,24,2250.98,3,3,3,333,Needs Attention
CUST009138,379,32,3695.92,1,4,3,143,At Risk
CUST009139,40,18,0.0,3,2,1,321,Needs Attention
CUST009140,10,27,4584.03,4,3,4,434,Potential Loyalists
CUST009141,47,9,1923.32,3,1,2,312,Needs Attention
CUST009142,4,34,8488.26,5,4,4,544,Champions
CUST009143,8,135,12333.36,5,5,5,555,Champions
CUST009144,8,9,170.94,5,1,1,511,Needs Attention
CUST009145,13,19,8474.75,4,3,4,434,Potential Loyalists
CUST009146,40,27,4430.889999999999,3,3,4,334,Needs Attention
CUST009147,311,30,6038.37,1,3,4,134,Needs Attention
CUST009148,24,11,969.61,3,2,2,322,Needs Attention
CUST009150,479,34,2737.92,1,4,3,143,At Risk
CUST009151,12,43,3984.06,4,4,3,443,Champions
CUST009152,92,6,425.3,2,1,1,211,Lost Customers
CUST009153,364,52,6142.96,1,5,4,154,At Risk
CUST009154,3,64,15322.19,5,5,5,555,Champions
CUST009155,13,43,8006.72,4,4,4,444,Champions
CUST009156,744,7,0.0,1,1,1,111,Lost Customers
CUST009157,616,9,549.27,1,1,1,111,Lost Customers
CUST009158,683,17,676.26,1,2,2,122,Lost Customers
CUST009159,1,127,9880.9,5,5,5,555,Champions
CUST009160,129,12,2823.34,2,2,3,223,Lost Customers
CUST009161,712,14,0.0,1,2,1,121,Lost Customers
CUST009162,14,34,2284.4,4,4,3,443,Champions
CUST009163,37,32,1936.08,3,4,2,342,Loyal Customers
CUST009164,126,4,35.1,2,1,1,211,Lost Customers
CUST009165,23,27,2799.29,3,3,3,333,Needs Attention
CUST009166,287,13,148.01,1,2,1,121,Lost Customers
CUST009167,16,16,3909.8500000000004,4,2,3,423,Potential Loyalists
CUST009168,78,12,3632.33,2,2,3,223,Lost Customers
CUST009169,12,13,2178.47,4,2,2,422,Potential Loyalists
CUST009170,7,19,1136.94,5,3,2,532,Potential Loyalists
CUST009171,53,28,1802.68,3,3,2,332,Needs Attention
CUST009172,146,7,1034.98,2,1,2,212,Lost Customers
CUST009173,474,7,0.0,1,1,1,111,Lost Customers
CUST009174,15,48,7910.84,4,4,4,444,Champions
CUST009175,201,14,1420.8700000000001,2,2,2,222,Lost Customers
CUST009176,60,75,7443.12,2,5,4,254,At Risk
CUST009177,6,38,89.84,5,4,1,541,Champions
CUST009178,181,25,2592.46,2,3,3,233,Needs Attention
CUST009179,134,85,12410.74,2,5,5,255,At Risk
CUST009180,86,21,2481.0099999999998,2,3,3,233,Needs Attention
CUST009181,425,10,414.01,1,2,1,121,Lost Customers
CUST009182,5,50,8364.16,5,4,4,544,Champions
CUST009183,2,47,6151.99,5,4,4,544,Champions
CUST009184,28,33,5727.400000000001,3,4,4,344,Loyal Customers
CUST009185,7,68,6791.89,5,5,4,554,Champions
CUST009186,49,33,3953.79,3,4,3,343,Loyal Customers
CUST009187,8,36,4977.1,5,4,4,544,Champions
CUST009188,45,28,234.9,3,3,1,331,Needs Attention
CUST009189,213,14,1725.0700000000002,2,2,2,222,Lost Customers
CUST009190,107,27,6755.95,2,3,4,234,Needs Attention
CUST009191,34,101,22448.75,3,5,5,355,Loyal Customers
CUST009192,1,59,7437.42,5,5,4,554,Champions
CUST009193,4,36,2620.67,5,4,3,543,Champions
CUST009194,9,26,605.78,4,3,1,431,Potential Loyalists
CUST009195,43,28,4059.13,3,3,3,333,Needs Attention
CUST009196,3,60,9559.06,5,5,5,555,Champions
CUST009197,4,64,4591.150000000001,5,5,4,554,Champions
CUST009199,9,43,4850.9800000000005,4,4,4,444,Champions
CUST009200,3,35,4134.63,5,4,3,543,Champions
CUST009201,29,11,718.23,3,2,2,322,Needs Attention
CUST009202,14,32,2776.27,4,4,3,443,Champions
CUST009203,119,3,0.0,2,1,1,211,Lost Customers
CUST009204,81,56,4471.8,2,5,4,254,At Risk
CUST009205,818,9,1657.99,1,1,2,112,Lost Customers
CUST009206,141,29,2641.12,2,3,3,233,Needs Attention
CUST009207,79,17,421.35,2,2,1,221,Lost Customers
CUST009208,7,32,2281.0,5,4,3,543,Champions
CUST009209,9,117,13953.95,4,5,5,455,Champions
CUST009210,185,65,2188.49,2,5,3,253,At Risk
CUST009211,32,29,1801.61,3,3,2,332,Needs Attention
CUST009212,2,38,6584.03,5,4,4,544,Champions
CUST009213,869,14,119.28,1,2,1,121,Lost Customers
CUST009214,124,8,4923.3,2,1,4,214,Lost Customers
CUST009215,19,11,1564.8600000000001,4,2,2,422,Potential Loyalists
CUST009216,6,75,16582.64,5,5,5,555,Champions
CUST009217,11,64,10343.86,4,5,5,455,Champions
CUST009218,35,45,8437.869999999999,3,4,4,344,Loyal Customers
CUST009219,90,10,1333.97,2,2,2,222,Lost Customers
CUST009220,3,35,2478.1,5,4,3,543,Champions
CUST009221,303,10,237.25,1,2,1,121,Lost Customers
CUST009223,16,14,722.6,4,2,2,422,Potential Loyalists
CUST009224,160,7,3621.88,2,1,3,213,Lost Customers
CUST009225,86,4,2463.26,2,1,3,213,Lost Customers
CUST009226,13,95,13419.98,4,5,5,455,Champions
CUST009227,22,26,3661.56,4,3,3,433,Potential Loyalists
CUST009228,33,29,5992.6900000000005,3,3,4,334,Needs Attention
CUST009229,26,26,931.0,3,3,2,332,Needs Attention
CUST009230,386,8,1914.9099999999999,1,1,2,112,Lost Customers
CUST009231,65,9,2779.08,2,1,3,213,Lost Customers
CUST009232,617,5,2061.6,1,1,2,112,Lost Customers
CUST009233,1069,1,0.0,1,1,1,111,Lost Customers
CUST009234,59,50,2483.69,2,4,3,243,At Risk
CUST009237,1,93,12259.28,5,5,5,555,Champions
CUST009238,1,52,4455.5,5,5,4,554,Champions
CUST009239,481,16,7042.8,1,2,4,124,Lost Customers
CUST009240,3,104,7777.63,5,5,4,554,Champions
CUST009241,270,10,3104.38,1,2,3,123,Lost Customers
CUST009242,4,33,2221.2799999999997,5,4,3,543,Champions
CUST009243,36,25,7565.88,3,3,4,334,Needs Attention
CUST009244,15,51,4957.83,4,4,4,444,Champions
CUST009245,529,18,2420.62,1,2,3,123,Lost Customers
CUST009246,166,21,1160.24,2,3,2,232,Needs Attention
CUST009247,105,14,1860.0700000000002,2,2,2,222,Lost Customers
CUST009248,4,56,11438.19,5,5,5,555,Champions
CUST009249,4,58,6054.1,5,5,4,554,Champions
CUST009250,55,13,470.21,3,2,1,321,Needs Attention
CUST009251,255,3,0.0,2,1,1,211,Lost Customers
CUST009252,252,19,1949.3799999999999,2,3,2,232,Needs Attention
CUST009253,6,50,3784.45,5,4,3,543,Champions
CUST009254,1,99,14965.74,5,5,5,555,Champions
CUST009255,118,9,218.52,2,1,1,211,Lost Customers
CUST009257,13,20,1687.61,4,3,2,432,Potential Loyalists
CUST009258,4,85,6266.5,5,5,4,554,Champions
CUST009259,24,23,5470.31,3,3,4,334,Needs Attention
CUST009260,635,12,3994.35,1,2,3,123,Lost Customers
CUST009261,14,54,5140.76,4,5,4,454,Champions
CUST009262,72,16,3396.33,2,2,3,223,Lost Customers
CUST009263,88,7,334.82,2,1,1,211,Lost Customers
CUST009264,26,9,1726.1599999999999,3,1,2,312,Needs Attention
CUST009265,442,89,9612.15,1,5,5,155,At Risk
CUST009266,3,38,1671.36,5,4,2,542,Champions
CUST009267,46,39,7398.0599999999995,3,4,4,344,Loyal Customers
CUST009268,17,37,5386.3,4,4,4,444,Champions
CUST009269,5,45,5722.09,5,4,4,544,Champions
CUST009270,4,42,1701.72,5,4,2,542,Champions
CUST009272,537,10,1168.4,1,2,2,122,Lost Customers
CUST009273,31,73,17839.08,3,5,5,355,Loyal Customers
CUST009274,678,4,417.6,1,1,1,111,Lost Customers
CUST009275,30,7,811.6800000000001,3,1,2,312,Needs Attention
CUST009277,331,5,0.0,1,1,1,111,Lost Customers
CUST009278,7,110,10343.41,5,5,5,555,Champions
CUST009280,53,16,4048.17,3,2,3,323,Needs Attention
CUST009281,11,31,1614.48,4,4,2,442,Champions
CUST009282,3,7,3139.55,5,1,3,513,Needs Attention
CUST009283,252,94,13067.88,2,5,5,255,At Risk
CUST009284,333,12,1379.47,1,2,2,122,Lost Customers
CUST009285,349,24,2142.7200000000003,1,3,2,132,Needs Attention
CUST009286,27,30,3115.15,3,3,3,333,Needs Attention
CUST009287,10,69,9728.5,4,5,5,455,Champions
CUST009288,14,26,2183.91,4,3,3,433,Potential Loyalists
CUST009289,209,6,413.48,2,1,1,211,Lost Customers
CUST009290,541,13,324.49,1,2,1,121,Lost Customers
CUST009291,16,14,2540.9,4,2,3,423,Potential Loyalists
CUST009292,7,52,1568.59,5,5,2,552,Champions
CUST009293,8,78,16164.81,5,5,5,555,Champions
CUST009294,86,4,955.66,2,1,2,212,Lost Customers
CUST009295,215,8,445.16,2,1,1,211,Lost Customers
CUST009296,47,23,4501.76,3,3,4,334,Needs Attention
CUST009297,3,20,1927.1100000000001,5,3,2,532,Potential Loyalists
CUST009298,3,36,2209.82,5,4,3,543,Champions
CUST009299,134,22,134.86,2,3,1,231,Needs Attention
CUST009300,45,42,10079.09,3,4,5,345,Loyal Customers
CUST009302,186,29,4081.5200000000004,2,3,3,233,Needs Attention
CUST009304,1,19,2315.18,5,3,3,533,Potential Loyalists
CUST009305,40,47,5837.06,3,4,4,344,Loyal Customers
CUST009306,126,15,3280.8500000000004,2,2,3,223,Lost Customers
CUST009307,8,61,3157.52,5,5,3,553,Champions
CUST009308,1,16,0.0,5,2,1,521,Potential Loyalists
CUST009309,15,53,5045.8099999999995,4,5,4,454,Champions
CUST009310,606,12,5299.63,1,2,4,124,Lost Customers
CUST009311,69,25,946.16,2,3,2,232,Needs Attention
CUST009312,53,36,2801.7,3,4,3,343,Loyal Customers
CUST009314,566,6,819.9599999999999,1,1,2,112,Lost Customers
CUST009315,1,74,14453.599999999999,5,5,5,555,Champions
CUST009316,172,4,0.0,2,1,1,211,Lost Customers
CUST009317,6,21,4739.92,5,3,4,534,Potential Loyalists
CUST009318,23,22,1285.5700000000002,3,3,2,332,Needs Attention
CUST009319,815,14,933.5799999999999,1,2,2,122,Lost Customers
CUST009320,6,120,14486.82,5,5,5,555,Champions
CUST009321,94,3,0.0,2,1,1,211,Lost Customers
CUST009322,716,6,998.5200000000001,1,1,2,112,Lost Customers
CUST009323,12,11,402.82,4,2,1,421,Potential Loyalists
CUST009324,28,24,3776.2400000000002,3,3,3,333,Needs Attention
CUST009325,16,33,6449.030000000001,4,4,4,444,Champions
CUST009326,531,34,6716.099999999999,1,4,4,144,At Risk
CUST009327,10,27,4073.6,4,3,3,433,Potential Loyalists
CUST009328,19,60,18979.28,4,5,5,455,Champions
CUST009329,45,59,11969.59,3,5,5,355,Loyal Customers
CUST009331,73,9,3323.9,2,1,3,213,Lost Customers
CUST009332,9,31,3690.2,4,4,3,443,Champions
CUST009333,55,11,1162.8899999999999,3,2,2,322,Needs Attention
CUST009334,8,65,12145.31,5,5,5,555,Champions
CUST009335,612,10,1685.6699999999998,1,2,2,122,Lost Customers
CUST009336,15,81,8830.96,4,5,5,455,Champions
CUST009337,871,6,291.59000000000003,1,1,1,111,Lost Customers
CUST009338,12,44,4447.16,4,4,4,444,Champions
CUST009339,98,36,7773.5,2,4,4,244,At Risk
CUST009340,1,25,325.35,5,3,1,531,Potential Loyalists
CUST009342,6,42,2570.53,5,4,3,543,Champions
CUST009343,182,14,2558.48,2,2,3,223,Lost Customers
CUST009344,27,11,70.14,3,2,1,321,Needs Attention
CUST009345,8,93,18890.64,5,5,5,555,Champions
CUST009346,14,53,1647.85,4,5,2,452,Champions
CUST009347,24,25,1403.99,3,3,2,332,Needs Attention
CUST009348,379,42,7857.19,1,4,4,144,At Risk
CUST009350,4,96,32234.69,5,5,5,555,Champions
CUST009351,20,28,5908.349999999999,4,3,4,434,Potential Loyalists
CUST009352,445,6,2565.48,1,1,3,113,Lost Customers
CUST009353,233,134,27089.050000000003,2,5,5,255,At Risk
CUST009355,44,26,137.56,3,3,1,331,Needs Attention
CUST009356,361,34,984.0,1,4,2,142,At Risk
CUST009357,62,21,19798.32,2,3,5,235,Needs Attention
CUST009358,2,51,2540.6,5,4,3,543,Champions
CUST009359,14,7,446.0300000000001,4,1,1,411,Needs Attention
CUST009360,40,18,1384.21,3,2,2,322,Needs Attention
CUST009361,20,59,7599.58,4,5,4,454,Champions
CUST009362,9,29,5119.98,4,3,4,434,Potential Loyalists
CUST009364,163,11,448.23,2,2,1,221,Lost Customers
CUST009365,6,85,13981.63,5,5,5,555,Champions
CUST009366,177,59,15970.11,2,5,5,255,At Risk
CUST009367,626,12,3055.22,1,2,3,123,Lost Customers
CUST009368,28,18,4443.39,3,2,4,324,Needs Attention
CUST009369,2,56,3898.44,5,5,3,553,Champions
CUST009370,2,153,12701.59,5,5,5,555,Champions
CUST009371,16,62,14392.060000000001,4,5,5,455,Champions
CUST009372,4,120,30406.44,5,5,5,555,Champions
CUST009374,158,10,577.63,2,2,1,221,Lost Customers
CUST009375,615,5,1393.3600000000001,1,1,2,112,Lost Customers
CUST009376,194,47,3522.2200000000003,2,4,3,243,At Risk
CUST009377,869,3,0.0,1,1,1,111,Lost Customers
CUST009378,47,19,339.17,3,3,1,331,Needs Attention
CUST009379,23,49,15253.279999999999,3,4,5,345,Loyal Customers
CUST009381,24,8,126.0,3,1,1,311,Needs Attention
CUST009382,211,17,3758.05,2,2,3,223,Lost Customers
CUST009383,20,44,2178.1499999999996,4,4,2,442,Champions
CUST009384,52,17,246.7,3,2,1,321,Needs Attention
CUST009385,26,21,3853.8100000000004,3,3,3,333,Needs Attention
CUST009386,17,61,2072.86,4,5,2,452,Champions
CUST009387,66,11,232.78,2,2,1,221,Lost Customers
CUST009388,90,17,5177.709999999999,2,2,4,224,Lost Customers
CUST009389,12,49,5767.76,4,4,4,444,Champions
CUST009390,822,4,0.0,1,1,1,111,Lost Customers
CUST009391,890,3,1166.03,1,1,2,112,Lost Customers
CUST009392,46,17,3660.54,3,2,3,323,Needs Attention
CUST009393,9,59,8026.22,4,5,4,454,Champions
CUST009394,44,21,1704.5700000000002,3,3,2,332,Needs Attention
CUST009395,6,49,1952.62,5,4,2,542,Champions
CUST009396,31,47,4176.0199999999995,3,4,3,343,Loyal Customers
CUST009397,59,20,7523.2300000000005,2,3,4,234,Needs Attention
CUST009398,184,5,474.66999999999996,2,1,1,211,Lost Customers
CUST009399,9,43,6465.96,4,4,4,444,Champions
CUST009400,71,28,8733.6,2,3,5,235,Needs Attention
CUST009401,51,32,594.76,3,4,1,341,Loyal Customers
CUST009402,530,8,1152.68,1,1,2,112,Lost Customers
CUST009403,13,14,1174.22,4,2,2,422,Potential Loyalists
CUST009404,11,141,19573.100000000002,4,5,5,455,Champions
CUST009405,399,6,2348.18,1,1,3,113,Lost Customers
CUST009406,2,50,5231.96,5,4,4,544,Champions
CUST009407,14,14,135.42000000000002,4,2,1,421,Potential Loyalists
CUST009408,14,26,6407.51,4,3,4,434,Potential Loyalists
CUST009410,108,9,669.5300000000001,2,1,2,212,Lost Customers
CUST009411,6,42,1534.57,5,4,2,542,Champions
CUST009412,10,65,3215.04,4,5,3,453,Champions
CUST009414,63,37,9404.74,2,4,5,245,At Risk
CUST009415,77,8,0.0,2,1,1,211,Lost Customers
CUST009416,190,21,4892.96,2,3,4,234,Needs Attention
CUST009417,6,155,16356.41,5,5,5,555,Champions
CUST009418,36,14,0.0,3,2,1,321,Needs Attention
CUST009419,226,16,450.64,2,2,1,221,Lost Customers
CUST009420,48,17,3064.2799999999997,3,2,3,323,Needs Attention
CUST009422,279,2,3035.57,1,1,3,113,Lost Customers
CUST009423,47,41,3033.8,3,4,3,343,Loyal Customers
CUST009424,99,14,169.14,2,2,1,221,Lost Customers
CUST009425,22,9,1715.02,4,1,2,412,Needs Attention
CUST009426,21,41,3962.59,4,4,3,443,Champions
CUST009427,29,11,0.0,3,2,1,321,Needs Attention
CUST009428,112,21,1181.6,2,3,2,232,Needs Attention
CUST009429,5,83,23110.78,5,5,5,555,Champions
CUST009430,541,1,0.0,1,1,1,111,Lost Customers
CUST009431,384,3,386.19,1,1,1,111,Lost Customers
CUST009432,1055,1,0.0,1,1,1,111,Lost Customers
CUST009433,5,63,12495.119999999999,5,5,5,555,Champions
CUST009434,343,5,2656.0,1,1,3,113,Lost Customers
CUST009435,40,51,5339.94,3,4,4,344,Loyal Customers
CUST009436,12,62,14304.0,4,5,5,455,Champions
CUST009437,321,2,0.0,1,1,1,111,Lost Customers
CUST009438,7,63,20263.21,5,5,5,555,Champions
CUST009439,17,55,9446.619999999999,4,5,5,455,Champions
CUST009440,66,22,2996.59,2,3,3,233,Needs Attention
CUST009441,10,99,9438.47,4,5,5,455,Champions
CUST009442,1,64,4604.04,5,5,4,554,Champions
CUST009443,39,26,4585.7,3,3,4,334,Needs Attention
CUST009445,146,14,1331.4499999999998,2,2,2,222,Lost Customers
CUST009446,51,24,6253.4400000000005,3,3,4,334,Needs Attention
CUST009447,742,16,1084.23,1,2,2,122,Lost Customers
CUST009448,407,11,1505.06,1,2,2,122,Lost Customers
CUST009449,16,6,675.48,4,1,2,412,Needs Attention
CUST009450,545,44,10239.23,1,4,5,145,At Risk
CUST009451,13,37,5982.429999999999,4,4,4,444,Champions
CUST009452,19,19,3560.39,4,3,3,433,Potential Loyalists
CUST009453,7,89,11347.779999999999,5,5,5,555,Champions
CUST009454,18,106,17887.54,4,5,5,455,Champions
CUST009455,375,4,415.13,1,1,1,111,Lost Customers
CUST009456,64,49,4032.59,2,4,3,243,At Risk
CUST009457,548,3,198.45,1,1,1,111,Lost Customers
CUST009458,5,47,7096.3,5,4,4,544,Champions
CUST009459,59,37,2352.3599999999997,2,4,3,243,At Risk
CUST009460,707,10,1333.8,1,2,2,122,Lost Customers
CUST009462,367,8,70.80000000000001,1,1,1,111,Lost Customers
CUST009463,72,11,1534.65,2,2,2,222,Lost Customers
CUST009464,35,31,3485.61,3,4,3,343,Loyal Customers
CUST009465,30,79,9796.07,3,5,5,355,Loyal Customers
CUST009466,7,13,468.11,5,2,1,521,Potential Loyalists
CUST009467,513,18,3155.38,1,2,3,123,Lost Customers
CUST009468,341,12,2516.24,1,2,3,123,Lost Customers
CUST009469,445,16,6801.74,1,2,4,124,Lost Customers
CUST009470,27,22,2724.1,3,3,3,333,Needs Attention
CUST009471,24,31,5241.25,3,4,4,344,Loyal Customers
CUST009472,21,62,10035.67,4,5,5,455,Champions
CUST009473,275,17,1541.4,1,2,2,122,Lost Customers
CUST009474,5,17,1877.85,5,2,2,522,Potential Loyalists
CUST009475,15,29,1662.77,4,3,2,432,Potential Loyalists
CUST009476,10,202,32605.5,4,5,5,455,Champions
CUST009477,73,21,1175.81,2,3,2,232,Needs Attention
CUST009478,254,126,25133.28,2,5,5,255,At Risk
CUST009479,3,156,14884.17,5,5,5,555,Champions
CUST009480,1,29,13191.89,5,3,5,535,Potential Loyalists
CUST009481,559,6,0.0,1,1,1,111,Lost Customers
CUST009482,835,2,0.0,1,1,1,111,Lost Customers
CUST009484,59,9,247.71,2,1,1,211,Lost Customers
CUST009485,17,21,2034.74,4,3,2,432,Potential Loyalists
CUST009486,11,78,6978.29,4,5,4,454,Champions
CUST009487,544,17,1184.6,1,2,2,122,Lost Customers
CUST009488,5,18,66.69,5,2,1,521,Potential Loyalists
CUST009489,17,4,211.88,4,1,1,411,Needs Attention
CUST009490,19,47,1030.51,4,4,2,442,Champions
CUST009491,44,46,10395.4,3,4,5,345,Loyal Customers
CUST009493,8,30,2546.25,5,3,3,533,Potential Loyalists
CUST009494,15,24,1581.43,4,3,2,432,Potential Loyalists
CUST009495,27,37,3859.17,3,4,3,343,Loyal Customers
CUST009496,22,27,4230.28,4,3,3,433,Potential Loyalists
CUST009497,13,43,26831.600000000002,4,4,5,445,Champions
CUST009498,7,24,1782.7800000000002,5,3,2,532,Potential Loyalists
CUST009499,10,87,10313.75,4,5,5,455,Champions
CUST009500,20,44,5991.49,4,4,4,444,Champions
CUST009501,41,32,4588.530000000001,3,4,4,344,Loyal Customers
CUST009502,3,107,12338.35,5,5,5,555,Champions
CUST009504,3,77,9688.65,5,5,5,555,Champions
CUST009505,9,40,3918.92,4,4,3,443,Champions
CUST009506,417,4,426.82,1,1,1,111,Lost Customers
CUST009507,23,95,12364.04,3,5,5,355,Loyal Customers
CUST009508,60,30,2175.6400000000003,2,3,2,232,Needs Attention
CUST009509,984,1,64.75,1,1,1,111,Lost Customers
CUST009510,99,26,3833.24,2,3,3,233,Needs Attention
CUST009511,557,16,5086.36,1,2,4,124,Lost Customers
CUST009513,866,1,0.0,1,1,1,111,Lost Customers
CUST009514,33,66,2018.88,3,5,2,352,Loyal Customers
CUST009515,712,15,1138.6,1,2,2,122,Lost Customers
CUST009516,3,20,3837.5,5,3,3,533,Potential Loyalists
CUST009517,160,9,998.39,2,1,2,212,Lost Customers
CUST009518,10,52,5393.34,4,5,4,454,Champions
CUST009519,48,53,7103.48,3,5,4,354,Loyal Customers
CUST009520,24,42,5665.8,3,4,4,344,Loyal Customers
CUST009521,65,14,45.46,2,2,1,221,Lost Customers
CUST009522,765,2,66.48,1,1,1,111,Lost Customers
CUST009523,2,58,15511.48,5,5,5,555,Champions
CUST009524,666,35,3126.2799999999997,1,4,3,143,At Risk
CUST009525,14,25,3190.02,4,3,3,433,Potential Loyalists
CUST009527,2,23,0.0,5,3,1,531,Potential Loyalists
CUST009528,58,35,3839.2999999999997,2,4,3,243,At Risk
CUST009529,15,26,1472.04,4,3,2,432,Potential Loyalists
CUST009530,457,4,0.0,1,1,1,111,Lost Customers
CUST009531,13,46,7691.42,4,4,4,444,Champions
CUST009532,42,17,35.0,3,2,1,321,Needs Attention
CUST009533,18,18,1017.8199999999999,4,2,2,422,Potential Loyalists
CUST009534,35,68,5565.58,3,5,4,354,Loyal Customers
CUST009535,113,8,0.0,2,1,1,211,Lost Customers
CUST009536,118,6,749.5699999999999,2,1,2,212,Lost Customers
CUST009537,669,7,0.0,1,1,1,111,Lost Customers
CUST009538,11,45,7531.22,4,4,4,444,Champions
CUST009539,48,36,5115.2,3,4,4,344,Loyal Customers
CUST009540,60,27,2674.56,2,3,3,233,Needs Attention
CUST009541,1,249,33283.590000000004,5,5,5,555,Champions
CUST009542,21,24,2219.3,4,3,3,433,Potential Loyalists
CUST009543,606,7,673.6,1,1,2,112,Lost Customers
CUST009544,127,12,403.98,2,2,1,221,Lost Customers
CUST009545,198,40,6668.37,2,4,4,244,At Risk
CUST009546,13,39,2979.76,4,4,3,443,Champions
CUST009547,18,70,6359.88,4,5,4,454,Champions
CUST009548,244,10,10677.52,2,2,5,225,Lost Customers
CUST009549,10,36,4519.1900000000005,4,4,4,444,Champions
CUST009550,42,24,2545.91,3,3,3,333,Needs Attention
CUST009551,47,45,5493.95,3,4,4,344,Loyal Customers
CUST009552,352,19,8771.279999999999,1,3,5,135,Needs Attention
CUST009553,9,62,5739.51,4,5,4,454,Champions
CUST009554,19,19,5521.98,4,3,4,434,Potential Loyalists
CUST009555,360,49,5592.32,1,4,4,144,At Risk
CUST009556,10,56,16292.89,4,5,5,455,Champions
CUST009558,504,4,706.26,1,1,2,112,Lost Customers
CUST009559,79,13,551.35,2,2,1,221,Lost Customers
CUST009560,3,41,5147.23,5,4,4,544,Champions
CUST009561,87,13,7126.92,2,2,4,224,Lost Customers
CUST009563,2,28,2457.0,5,3,3,533,Potential Loyalists
CUST009564,56,32,5971.0,3,4,4,344,Loyal Customers
CUST009565,26,37,6509.46,3,4,4,344,Loyal Customers
CUST009566,15,11,0.0,4,2,1,421,Potential Loyalists
CUST009567,2,50,10452.470000000001,5,4,5,545,Champions
CUST009568,20,19,406.24,4,3,1,431,Potential Loyalists
CUST009569,738,9,989.4200000000001,1,1,2,112,Lost Customers
CUST009570,78,43,2356.1,2,4,3,243,At Risk
CUST009571,4,15,1260.6,5,2,2,522,Potential Loyalists
CUST009572,16,40,4607.59,4,4,4,444,Champions
CUST009573,11,17,0.0,4,2,1,421,Potential Loyalists
CUST009574,174,15,940.0,2,2,2,222,Lost Customers
CUST009575,6,27,5323.3,5,3,4,534,Potential Loyalists
CUST009576,12,8,2567.0,4,1,3,413,Needs Attention
CUST009577,19,23,7866.379999999999,4,3,4,434,Potential Loyalists
CUST009578,17,24,5627.59,4,3,4,434,Potential Loyalists
CUST009579,463,6,111.95,1,1,1,111,Lost Customers
CUST009580,9,95,23742.49,4,5,5,455,Champions
CUST009582,158,11,1631.4499999999998,2,2,2,222,Lost Customers
CUST009583,5,125,33108.64,5,5,5,555,Champions
CUST009584,42,22,6883.93,3,3,4,334,Needs Attention
CUST009585,547,15,7400.570000000001,1,2,4,124,Lost Customers
CUST009586,61,20,2446.96,2,3,3,233,Needs Attention
CUST009587,6,64,17615.010000000002,5,5,5,555,Champions
CUST009588,343,12,8516.23,1,2,5,125,Lost Customers
CUST009589,206,15,3936.7,2,2,3,223,Lost Customers
CUST009590,23,12,2739.2200000000003,3,2,3,323,Needs Attention
CUST009591,193,9,1275.4,2,1,2,212,Lost Customers
CUST009592,12,39,3212.33,4,4,3,443,Champions
CUST009593,236,38,3188.7599999999998,2,4,3,243,At Risk
CUST009594,31,56,5670.91,3,5,4,354,Loyal Customers
CUST009595,1,17,2121.61,5,2,2,522,Potential Loyalists
CUST009596,653,3,0.0,1,1,1,111,Lost Customers
CUST009597,16,13,2530.5699999999997,4,2,3,423,Potential Loyalists
CUST009598,22,63,17800.1,4,5,5,455,Champions
CUST009599,9,16,479.27,4,2,1,421,Potential Loyalists
CUST009600,202,24,4218.25,2,3,3,233,Needs Attention
CUST009601,15,10,127.9,4,2,1,421,Potential Loyalists
CUST009602,893,11,2753.9700000000003,1,2,3,123,Lost Customers
CUST009603,25,22,3608.05,3,3,3,333,Needs Attention
CUST009604,1,67,11324.47,5,5,5,555,Champions
CUST009605,2,62,7183.32,5,5,4,554,Champions
CUST009606,647,10,0.0,1,2,1,121,Lost Customers
CUST009607,25,36,10936.539999999999,3,4,5,345,Loyal Customers
CUST009608,6,21,251.28,5,3,1,531,Potential Loyalists
CUST009609,682,2,1758.78,1,1,2,112,Lost Customers
CUST009611,44,17,1262.03,3,2,2,322,Needs Attention
CUST009612,15,39,9131.39,4,4,5,445,Champions
CUST009613,21,46,9848.61,4,4,5,445,Champions
CUST009614,395,11,463.91999999999996,1,2,1,121,Lost Customers
CUST009615,36,47,8128.98,3,4,4,344,Loyal Customers
CUST009616,16,36,292.21,4,4,1,441,Champions
CUST009617,10,40,3378.45,4,4,3,443,Champions
CUST009618,199,9,271.28999999999996,2,1,1,211,Lost Customers
CUST009619,282,1,0.0,1,1,1,111,Lost Customers
CUST009620,365,18,1873.05,1,2,2,122,Lost Customers
CUST009621,536,6,445.78,1,1,1,111,Lost Customers
CUST009622,91,21,1251.1200000000001,2,3,2,232,Needs Attention
CUST009623,66,32,1459.27,2,4,2,242,At Risk
CUST009624,6,84,8722.2,5,5,5,555,Champions
CUST009625,13,34,11370.25,4,4,5,445,Champions
CUST009626,589,10,0.0,1,2,1,121,Lost Customers
CUST009627,547,30,4761.1,1,3,4,134,Needs Attention
CUST009628,716,1,0.0,1,1,1,111,Lost Customers
CUST009629,10,20,3503.33,4,3,3,433,Potential Loyalists
CUST009630,41,73,10581.65,3,5,5,355,Loyal Customers
CUST009631,37,10,0.0,3,2,1,321,Needs Attention
CUST009632,11,39,7737.39,4,4,4,444,Champions
CUST009633,43,8,903.12,3,1,2,312,Needs Attention
CUST009634,79,36,9925.3,2,4,5,245,At Risk
CUST009635,328,19,7415.7300000000005,1,3,4,134,Needs Attention
CUST009636,1,67,2137.23,5,5,2,552,Champions
CUST009638,45,14,2436.7,3,2,3,323,Needs Attention
CUST009639,1,62,12863.519999999999,5,5,5,555,Champions
CUST009640,597,6,255.26,1,1,1,111,Lost Customers
CUST009641,7,27,2861.88,5,3,3,533,Potential Loyalists
CUST009642,72,15,1280.77,2,2,2,222,Lost Customers
CUST009643,39,27,2178.95,3,3,2,332,Needs Attention
CUST009644,7,61,7126.4800000000005,5,5,4,554,Champions
CUST009645,17,25,4836.75,4,3,4,434,Potential Loyalists
CUST009646,17,39,1769.3600000000001,4,4,2,442,Champions
CUST009647,4,28,801.3800000000001,5,3,2,532,Potential Loyalists
CUST009648,117,15,240.51999999999998,2,2,1,221,Lost Customers
CUST009649,17,55,11031.76,4,5,5,455,Champions
CUST009650,2,48,3086.54,5,4,3,543,Champions
CUST009651,9,168,28960.29,4,5,5,455,Champions
CUST009652,15,18,2855.44,4,2,3,423,Potential Loyalists
CUST009653,28,56,11171.39,3,5,5,355,Loyal Customers
CUST009654,225,7,594.76,2,1,1,211,Lost Customers
CUST009655,17,38,3288.35,4,4,3,443,Champions
CUST009656,4,81,8055.29,5,5,4,554,Champions
CUST009657,89,5,1064.38,2,1,2,212,Lost Customers
CUST009658,999,1,0.0,1,1,1,111,Lost Customers
CUST009659,46,9,1282.0,3,1,2,312,Needs Attention
CUST009660,147,12,1850.2200000000003,2,2,2,222,Lost Customers
CUST009661,15,25,1243.46,4,3,2,432,Potential Loyalists
CUST009662,334,30,5354.63,1,3,4,134,Needs Attention
CUST009663,181,20,3109.73,2,3,3,233,Needs Attention
CUST009664,743,3,0.0,1,1,1,111,Lost Customers
CUST009665,171,29,3732.88,2,3,3,233,Needs Attention
CUST009666,57,57,6776.15,3,5,4,354,Loyal Customers
CUST009667,26,17,17034.44,3,2,5,325,Needs Attention
CUST009668,15,93,13651.8,4,5,5,455,Champions
CUST009669,43,51,11084.68,3,4,5,345,Loyal Customers
CUST009670,10,36,7561.69,4,4,4,444,Champions
CUST009671,1,13,939.53,5,2,2,522,Potential Loyalists
CUST009672,63,16,1063.32,2,2,2,222,Lost Customers
CUST009673,451,9,1457.8799999999999,1,1,2,112,Lost Customers
CUST009674,275,14,3604.11,1,2,3,123,Lost Customers
CUST009675,652,1,881.7,1,1,2,112,Lost Customers
CUST009676,11,15,1910.06,4,2,2,422,Potential Loyalists
CUST009677,63,30,2282.93,2,3,3,233,Needs Attention
CUST009678,748,3,0.0,1,1,1,111,Lost Customers
CUST009679,764,2,397.52,1,1,1,111,Lost Customers
CUST009680,500,7,0.0,1,1,1,111,Lost Customers
CUST009681,359,9,937.56,1,1,2,112,Lost Customers
CUST009682,24,26,2540.63,3,3,3,333,Needs Attention
CUST009683,4,136,21016.38,5,5,5,555,Champions
CUST009684,40,77,20159.21,3,5,5,355,Loyal Customers
CUST009685,6,60,12649.27,5,5,5,555,Champions
CUST009687,124,10,241.01999999999998,2,2,1,221,Lost Customers
CUST009688,32,14,240.16,3,2,1,321,Needs Attention
CUST009689,45,25,0.0,3,3,1,331,Needs Attention
CUST009690,3,78,6559.33,5,5,4,554,Champions
CUST009691,340,15,509.53,1,2,1,121,Lost Customers
CUST009692,44,18,4429.84,3,2,4,324,Needs Attention
CUST009693,41,15,177.04000000000002,3,2,1,321,Needs Attention
CUST009694,34,28,1773.9499999999998,3,3,2,332,Needs Attention
CUST009695,80,23,7408.74,2,3,4,234,Needs Attention
CUST009696,343,18,1652.31,1,2,2,122,Lost Customers
CUST009697,4,19,1502.32,5,3,2,532,Potential Loyalists
CUST009698,28,29,492.62,3,3,1,331,Needs Attention
CUST009699,5,14,1070.96,5,2,2,522,Potential Loyalists
CUST009700,11,25,4006.95,4,3,3,433,Potential Loyalists
CUST009701,7,73,13423.0,5,5,5,555,Champions
CUST009702,56,18,198.76,3,2,1,321,Needs Attention
CUST009703,34,18,2020.74,3,2,2,322,Needs Attention
CUST009705,41,22,275.43,3,3,1,331,Needs Attention
CUST009706,76,30,1951.92,2,3,2,232,Needs Attention
CUST009707,35,50,10856.050000000001,3,4,5,345,Loyal Customers
CUST009708,399,95,12973.9,1,5,5,155,At Risk
CUST009709,2,53,4275.75,5,5,3,553,Champions
CUST009710,211,38,9290.41,2,4,5,245,At Risk
CUST009711,753,6,502.14000000000004,1,1,1,111,Lost Customers
CUST009712,89,8,0.0,2,1,1,211,Lost Customers
CUST009713,67,31,117.56,2,4,1,241,At Risk
CUST009714,5,42,8095.13,5,4,4,544,Champions
CUST009715,44,33,3751.0,3,4,3,343,Loyal Customers
CUST009716,32,32,3357.13,3,4,3,343,Loyal Customers
CUST009717,579,12,246.88,1,2,1,121,Lost Customers
CUST009718,4,24,4278.94,5,3,3,533,Potential Loyalists
CUST009719,41,32,5969.570000000001,3,4,4,344,Loyal Customers
CUST009720,7,13,35.0,5,2,1,521,Potential Loyalists
CUST009721,3,27,3572.3500000000004,5,3,3,533,Potential Loyalists
CUST009722,33,100,23877.57,3,5,5,355,Loyal Customers
CUST009723,1,33,5682.74,5,4,4,544,Champions
CUST009724,29,32,6373.039999999999,3,4,4,344,Loyal Customers
CUST009725,303,68,3368.85,1,5,3,153,At Risk
CUST009726,311,8,1222.4,1,1,2,112,Lost Customers
CUST009727,67,16,5405.15,2,2,4,224,Lost Customers
CUST009728,7,115,22187.670000000002,5,5,5,555,Champions
CUST009729,2,23,2801.04,5,3,3,533,Potential Loyalists
CUST009730,239,13,1534.93,2,2,2,222,Lost Customers
CUST009731,17,10,641.89,4,2,2,422,Potential Loyalists
CUST009732,232,22,1611.51,2,3,2,232,Needs Attention
CUST009733,5,50,2467.4199999999996,5,4,3,543,Champions
CUST009734,25,9,0.0,3,1,1,311,Needs Attention
CUST009735,101,18,3708.91,2,2,3,223,Lost Customers
CUST009736,15,20,2011.65,4,3,2,432,Potential Loyalists
CUST009737,26,33,2741.02,3,4,3,343,Loyal Customers
CUST009738,182,11,2092.49,2,2,2,222,Lost Customers
CUST009739,29,60,6783.97,3,5,4,354,Loyal Customers
CUST009740,26,66,5679.4400000000005,3,5,4,354,Loyal Customers
CUST009741,156,15,1759.28,2,2,2,222,Lost Customers
CUST009742,21,24,1643.06,4,3,2,432,Potential Loyalists
CUST009743,5,29,2163.35,5,3,2,532,Potential Loyalists
CUST009744,21,19,3689.61,4,3,3,433,Potential Loyalists
CUST009745,54,21,382.17,3,3,1,331,Needs Attention
CUST009746,101,14,4975.97,2,2,4,224,Lost Customers
CUST009748,642,29,1215.24,1,3,2,132,Needs Attention
CUST009749,50,59,3528.83,3,5,3,353,Loyal Customers
CUST009750,30,34,6359.4,3,4,4,344,Loyal Customers
CUST009751,101,17,0.0,2,2,1,221,Lost Customers
CUST009752,33,29,2988.72,3,3,3,333,Needs Attention
CUST009753,15,73,11191.43,4,5,5,455,Champions
CUST009754,13,5,0.0,4,1,1,411,Needs Attention
CUST009755,211,24,5124.54,2,3,4,234,Needs Attention
CUST009756,4,205,28623.08,5,5,5,555,Champions
CUST009757,519,36,5209.91,1,4,4,144,At Risk
CUST009758,6,69,7692.16,5,5,4,554,Champions
CUST009759,665,5,206.25,1,1,1,111,Lost Customers
CUST009760,7,63,23494.780000000002,5,5,5,555,Champions
CUST009761,24,11,2263.13,3,2,3,323,Needs Attention
CUST009762,6,69,14154.91,5,5,5,555,Champions
CUST009763,678,20,1109.96,1,3,2,132,Needs Attention
CUST009765,2,75,6344.55,5,5,4,554,Champions
CUST009766,3,12,0.0,5,2,1,521,Potential Loyalists
CUST009767,1022,4,0.0,1,1,1,111,Lost Customers
CUST009768,11,34,1933.62,4,4,2,442,Champions
CUST009769,179,13,5363.09,2,2,4,224,Lost Customers
CUST009770,653,15,258.05,1,2,1,121,Lost Customers
CUST009771,18,5,189.51,4,1,1,411,Needs Attention
CUST009772,2,46,7973.92,5,4,4,544,Champions
CUST009773,21,38,8093.2300000000005,4,4,4,444,Champions
CUST009774,111,17,2655.77,2,2,3,223,Lost Customers
CUST009775,25,15,401.53,3,2,1,321,Needs Attention
CUST009776,629,7,1320.04,1,1,2,112,Lost Customers
CUST009777,5,38,1796.98,5,4,2,542,Champions
CUST009778,8,54,10817.630000000001,5,5,5,555,Champions
CUST009779,577,7,2189.79,1,1,3,113,Lost Customers
CUST009782,23,13,3905.48,3,2,3,323,Needs Attention
CUST009783,63,26,2270.4,2,3,3,233,Needs Attention
CUST009784,21,39,5336.26,4,4,4,444,Champions
CUST009785,573,19,5444.09,1,3,4,134,Needs Attention
CUST009786,20,46,12306.45,4,4,5,445,Champions
CUST009787,34,10,4978.33,3,2,4,324,Needs Attention
CUST009788,10,5,383.94,4,1,1,411,Needs Attention
CUST009789,15,16,2858.95,4,2,3,423,Potential Loyalists
CUST009790,2,160,23464.82,5,5,5,555,Champions
CUST009791,4,145,15331.880000000001,5,5,5,555,Champions
CUST009792,495,70,13906.449999999999,1,5,5,155,At Risk
CUST009793,43,28,1750.4299999999998,3,3,2,332,Needs Attention
CUST009794,103,9,0.0,2,1,1,211,Lost Customers
CUST009795,2,8,0.0,5,1,1,511,Needs Attention
CUST009796,39,17,3239.04,3,2,3,323,Needs Attention
CUST009797,847,2,0.0,1,1,1,111,Lost Customers
CUST009798,16,122,15201.96,4,5,5,455,Champions
CUST009799,8,69,19209.87,5,5,5,555,Champions
CUST009801,20,13,3355.46,4,2,3,423,Potential Loyalists
CUST009803,81,16,0.0,2,2,1,221,Lost Customers
CUST009804,24,45,7441.969999999999,3,4,4,344,Loyal Customers
CUST009805,16,40,2217.7,4,4,3,443,Champions
CUST009806,289,15,960.5899999999999,1,2,2,122,Lost Customers
CUST009807,21,56,21726.3,4,5,5,455,Champions
CUST009808,225,17,632.71,2,2,2,222,Lost Customers
CUST009810,41,12,1599.04,3,2,2,322,Needs Attention
CUST009811,16,51,9067.4,4,4,5,445,Champions
CUST009812,2,19,1902.9,5,3,2,532,Potential Loyalists
CUST009813,32,101,7804.96,3,5,4,354,Loyal Customers
CUST009814,3,30,10943.2,5,3,5,535,Potential Loyalists
CUST009815,9,27,2734.13,4,3,3,433,Potential Loyalists
CUST009817,713,5,0.0,1,1,1,111,Lost Customers
CUST009818,41,11,3383.32,3,2,3,323,Needs Attention
CUST009819,21,15,10181.17,4,2,5,425,Potential Loyalists
CUST009820,5,63,12133.32,5,5,5,555,Champions
CUST009821,168,51,7442.59,2,4,4,244,At Risk
CUST009822,45,63,9078.130000000001,3,5,5,355,Loyal Customers
CUST009823,3,109,22063.3,5,5,5,555,Champions
CUST009824,33,13,7796.26,3,2,4,324,Needs Attention
CUST009825,4,87,10874.95,5,5,5,555,Champions
CUST009826,30,17,1626.2,3,2,2,322,Needs Attention
CUST009827,61,9,181.16,2,1,1,211,Lost Customers
CUST009828,6,6,1052.74,5,1,2,512,Needs Attention
CUST009829,31,27,1483.1399999999999,3,3,2,332,Needs Attention
CUST009830,43,23,2806.84,3,3,3,333,Needs Attention
CUST009831,138,28,2095.4900000000002,2,3,2,232,Needs Attention
CUST009832,20,31,2323.61,4,4,3,443,Champions
CUST009833,233,10,0.0,2,2,1,221,Lost Customers
CUST009834,29,22,1080.98,3,3,2,332,Needs Attention
CUST009835,56,14,2194.5099999999998,3,2,3,323,Needs Attention
CUST009836,454,7,0.0,1,1,1,111,Lost Customers
CUST009837,122,8,1286.39,2,1,2,212,Lost Customers
CUST009838,4,12,4243.82,5,2,3,523,Potential Loyalists
CUST009839,145,76,9547.65,2,5,5,255,At Risk
CUST009840,16,34,14302.98,4,4,5,445,Champions
CUST009841,6,48,7494.22,5,4,4,544,Champions
CUST009842,12,7,0.0,4,1,1,411,Needs Attention
CUST009843,421,28,3168.87,1,3,3,133,Needs Attention
CUST009844,3,60,6164.83,5,5,4,554,Champions
CUST009845,30,14,7239.0599999999995,3,2,4,324,Needs Attention
CUST009846,18,9,639.76,4,1,2,412,Needs Attention
CUST009847,15,30,2900.18,4,3,3,433,Potential Loyalists
CUST009848,180,44,3892.0,2,4,3,243,At Risk
CUST009849,422,8,1293.92,1,1,2,112,Lost Customers
CUST009850,20,15,1063.6599999999999,4,2,2,422,Potential Loyalists
CUST009851,708,5,559.11,1,1,1,111,Lost Customers
CUST009852,45,39,5350.45,3,4,4,344,Loyal Customers
CUST009853,6,90,18661.52,5,5,5,555,Champions
CUST009854,85,13,0.0,2,2,1,221,Lost Customers
CUST009855,10,57,6735.5599999999995,4,5,4,454,Champions
CUST009856,2,17,374.8,5,2,1,521,Potential Loyalists
CUST009857,28,18,766.96,3,2,2,322,Needs Attention
CUST009858,63,57,4317.42,2,5,3,253,At Risk
CUST009859,13,66,25008.41,4,5,5,455,Champions
CUST009860,759,13,4757.77,1,2,4,124,Lost Customers
CUST009861,238,7,225.35,2,1,1,211,Lost Customers
CUST009862,4,24,9867.24,5,3,5,535,Potential Loyalists
CUST009863,16,65,9292.56,4,5,5,455,Champions
CUST009864,5,31,3914.7799999999997,5,4,3,543,Champions
CUST009865,93,9,89.59,2,1,1,211,Lost Customers
CUST009866,288,35,8191.07,1,4,4,144,At Risk
CUST009867,86,10,1663.4499999999998,2,2,2,222,Lost Customers
CUST009868,540,60,8422.029999999999,1,5,4,154,At Risk
CUST009869,463,40,11700.16,1,4,5,145,At Risk
CUST009870,713,17,2996.87,1,2,3,123,Lost Customers
CUST009871,3,63,8582.49,5,5,5,555,Champions
CUST009873,18,55,9370.01,4,5,5,455,Champions
CUST009874,21,134,38400.53,4,5,5,455,Champions
CUST009875,22,31,0.0,4,4,1,441,Champions
CUST009876,1,31,3814.83,5,4,3,543,Champions
CUST009877,13,9,873.69,4,1,2,412,Needs Attention
CUST009878,40,27,5477.610000000001,3,3,4,334,Needs Attention
CUST009879,50,62,10288.19,3,5,5,355,Loyal Customers
CUST009880,7,53,9492.17,5,5,5,555,Champions
CUST009881,263,39,5652.19,1,4,4,144,At Risk
CUST009882,89,19,2501.06,2,3,3,233,Needs Attention
CUST009884,21,28,5850.05,4,3,4,434,Potential Loyalists
CUST009885,11,30,5793.27,4,3,4,434,Potential Loyalists
CUST009886,12,16,1134.63,4,2,2,422,Potential Loyalists
CUST009887,18,44,2400.2200000000003,4,4,3,443,Champions
CUST009888,1,162,30376.829999999998,5,5,5,555,Champions
CUST009889,312,27,2904.13,1,3,3,133,Needs Attention
CUST009890,867,5,1457.19,1,1,2,112,Lost Customers
CUST009891,1,22,0.0,5,3,1,531,Potential Loyalists
CUST009892,339,29,702.76,1,3,2,132,Needs Attention
CUST009893,58,11,253.52,2,2,1,221,Lost Customers
CUST009894,8,32,8179.02,5,4,4,544,Champions
CUST009895,5,34,13352.91,5,4,5,545,Champions
CUST009896,14,35,5210.68,4,4,4,444,Champions
CUST009897,741,12,1412.26,1,2,2,122,Lost Customers
CUST009898,19,54,5111.84,4,5,4,454,Champions
CUST009899,184,11,4375.13,2,2,3,223,Lost Customers
CUST009900,3,41,8451.58,5,4,4,544,Champions
CUST009901,4,13,622.07,5,2,1,521,Potential Loyalists
CUST009902,29,10,0.0,3,2,1,321,Needs Attention
CUST009903,205,15,2398.38,2,2,3,223,Lost Customers
CUST009904,3,46,3405.29,5,4,3,543,Champions
CUST009905,606,7,1616.11,1,1,2,112,Lost Customers
CUST009906,216,5,35.04,2,1,1,211,Lost Customers
CUST009907,51,32,968.0799999999999,3,4,2,342,Loyal Customers
CUST009908,214,7,154.27,2,1,1,211,Lost Customers
CUST009909,411,28,2852.92,1,3,3,133,Needs Attention
CUST009910,55,37,11831.13,3,4,5,345,Loyal Customers
CUST009911,542,34,7493.08,1,4,4,144,At Risk
CUST009912,19,118,20525.03,4,5,5,455,Champions
CUST009913,30,10,2082.87,3,2,2,322,Needs Attention
CUST009914,3,35,5085.76,5,4,4,544,Champions
CUST009915,12,20,2953.8900000000003,4,3,3,433,Potential Loyalists
CUST009916,34,62,11702.5,3,5,5,355,Loyal Customers
CUST009917,40,27,1575.33,3,3,2,332,Needs Attention
CUST009918,187,20,502.15999999999997,2,3,1,231,Needs Attention
CUST009919,29,22,2333.83,3,3,3,333,Needs Attention
CUST009920,112,9,2158.02,2,1,2,212,Lost Customers
CUST009921,9,75,9506.52,4,5,5,455,Champions
CUST009922,8,62,8903.08,5,5,5,555,Champions
CUST009923,31,54,5867.74,3,5,4,354,Loyal Customers
CUST009924,5,26,2471.33,5,3,3,533,Potential Loyalists
CUST009925,134,11,996.0,2,2,2,222,Lost Customers
CUST009926,759,3,0.0,1,1,1,111,Lost Customers
CUST009927,37,43,758.73,3,4,2,342,Loyal Customers
CUST009929,17,151,25873.63,4,5,5,455,Champions
CUST009930,83,9,935.27,2,1,2,212,Lost Customers
CUST009931,19,29,1557.18,4,3,2,432,Potential Loyalists
CUST009932,730,50,4692.83,1,4,4,144,At Risk
CUST009933,10,58,2179.65,4,5,2,452,Champions
CUST009934,183,18,9812.17,2,2,5,225,Lost Customers
CUST009935,13,13,940.51,4,2,2,422,Potential Loyalists
CUST009936,133,8,814.1800000000001,2,1,2,212,Lost Customers
CUST009937,2,42,7317.41,5,4,4,544,Champions
CUST009938,2,84,8858.39,5,5,5,555,Champions
CUST009939,2,18,9115.460000000001,5,2,5,525,Potential Loyalists
CUST009940,465,7,231.81,1,1,1,111,Lost Customers
CUST009941,138,5,0.0,2,1,1,211,Lost Customers
CUST009942,13,20,1204.89,4,3,2,432,Potential Loyalists
CUST009943,4,24,16871.6,5,3,5,535,Potential Loyalists
CUST009944,11,115,15623.0,4,5,5,455,Champions
CUST009945,569,15,119.96,1,2,1,121,Lost Customers
CUST009947,18,27,3817.56,4,3,3,433,Potential Loyalists
CUST009948,24,26,3129.08,3,3,3,333,Needs Attention
CUST009949,155,66,5035.400000000001,2,5,4,254,At Risk
CUST009950,9,43,4483.98,4,4,4,444,Champions
CUST009951,373,3,232.7,1,1,1,111,Lost Customers
CUST009952,230,13,406.97,2,2,1,221,Lost Customers
CUST009953,86,6,1419.55,2,1,2,212,Lost Customers
CUST009954,47,13,135.26,3,2,1,321,Needs Attention
CUST009955,995,10,0.0,1,2,1,121,Lost Customers
CUST009956,29,29,14898.759999999998,3,3,5,335,Needs Attention
CUST009957,406,18,5480.4,1,2,4,124,Lost Customers
CUST009958,763,17,5011.18,1,2,4,124,Lost Customers
CUST009960,12,122,24382.06,4,5,5,455,Champions
CUST009961,108,17,6118.15,2,2,4,224,Lost Customers
CUST009962,900,7,2714.69,1,1,3,113,Lost Customers
CUST009963,5,22,6715.66,5,3,4,534,Potential Loyalists
CUST009964,11,31,4757.12,4,4,4,444,Champions
CUST009965,15,62,3193.8199999999997,4,5,3,453,Champions
CUST009966,27,49,9012.21,3,4,5,345,Loyal Customers
CUST009967,16,24,436.46,4,3,1,431,Potential Loyalists
CUST009968,107,13,4501.51,2,2,4,224,Lost Customers
CUST009969,18,161,19948.64,4,5,5,455,Champions
CUST009970,3,23,787.39,5,3,2,532,Potential Loyalists
CUST009971,8,43,3051.62,5,4,3,543,Champions
CUST009972,74,3,2627.12,2,1,3,213,Lost Customers
CUST009973,76,25,4853.68,2,3,4,234,Needs Attention
CUST009974,13,33,10051.39,4,4,5,445,Champions
CUST009975,350,34,8641.3,1,4,5,145,At Risk
CUST009977,72,37,2729.35,2,4,3,243,At Risk
CUST009978,30,16,3077.59,3,2,3,323,Needs Attention
CUST009979,4,25,7758.799999999999,5,3,4,534,Potential Loyalists
CUST009980,13,18,6821.58,4,2,4,424,Potential Loyalists
CUST009981,155,13,811.4599999999999,2,2,2,222,Lost Customers
CUST009982,6,29,8177.17,5,3,4,534,Potential Loyalists
CUST009983,145,12,7716.969999999999,2,2,4,224,Lost Customers
CUST009984,146,16,213.79,2,2,1,221,Lost Customers
CUST009985,175,10,2199.94,2,2,3,223,Lost Customers
CUST009986,39,5,877.9300000000001,3,1,2,312,Needs Attention
CUST009987,3,83,4041.3500000000004,5,5,3,553,Champions
CUST009988,117,19,6008.08,2,3,4,234,Needs Attention
CUST009989,12,26,8947.3,4,3,5,435,Potential Loyalists
CUST009990,31,51,7732.92,3,4,4,344,Loyal Customers
CUST009991,120,16,4106.94,2,2,3,223,Lost Customers
CUST009992,135,14,85.78,2,2,1,221,Lost Customers
CUST009993,11,35,45.32,4,4,1,441,Champions
CUST009994,3,86,14424.740000000002,5,5,5,555,Champions
CUST009995,27,12,569.46,3,2,1,321,Needs Attention
CUST009996,85,27,6690.050000000001,2,3,4,234,Needs Attention
CUST009997,345,9,160.62,1,1,1,111,Lost Customers
CUST009998,179,18,1661.15,2,2,2,222,Lost Customers
CUST009999,24,40,2762.6400000000003,3,4,3,343,Loyal Customers
CUST010000,38,14,1106.0,3,2,2,322,Needs Attention
